activation,k_label,alpha,num_seeds,complete_30_seeds,seeds,cosine_abs_mean,cosine_abs_std,cosine_abs_sem,probe_test_accuracy_mean,probe_test_accuracy_std,probe_test_accuracy_sem,probe_train_accuracy_mean,probe_train_accuracy_std,probe_train_accuracy_sem,probe_test_loss_mean,probe_test_loss_std,probe_test_loss_sem,probe_train_loss_mean,probe_train_loss_std,probe_train_loss_sem,overlap_mean,overlap_std,overlap_sem,R_mean,R_std,R_sem,S_gamma_mean,S_gamma_std,S_gamma_sem,pretrain_train_loss_mean,pretrain_train_loss_std,pretrain_train_loss_sem,pretrain_test_loss_mean,pretrain_test_loss_std,pretrain_test_loss_sem,train_loss_per_sample_mean,train_loss_per_sample_std,train_loss_per_sample_sem,test_loss_per_sample_mean,test_loss_per_sample_std,test_loss_per_sample_sem,train_centered_loss_per_sample_mean,train_centered_loss_per_sample_std,train_centered_loss_per_sample_sem,test_centered_loss_per_sample_mean,test_centered_loss_per_sample_std,test_centered_loss_per_sample_sem,train_gain_mean,train_gain_std,train_gain_sem,test_gain_mean,test_gain_std,test_gain_sem,train_relative_gain_mean,train_relative_gain_std,train_relative_gain_sem,test_relative_gain_mean,test_relative_gain_std,test_relative_gain_sem,k_views,masking_protocol
elu,1,0.1,30,True,"0,1,2,3,4,5,6,7,8,9,10,11,12,13,14,15,16,17,18,19,20,21,22,23,24,25,26,27,28,29",0.0252312929183401,0.0174631949806585,0.0031883286056725,0.5025133361419042,0.0098525927435762,0.0017988290985228,0.5413333306709925,0.0486885499805996,0.0088892723721973,0.704418029387792,0.0278798190623157,0.0050901352665309,0.6831946512063344,0.0202189829468774,0.003691464349939,0.0100516019078592,0.2405507540513113,0.0439183580729268,58.8949525197347,6.841856329104902,1.2491463488867482,80.41708844502767,9.723633790020092,1.7752845225711522,0.985719912034164,0.0115580812533319,0.0021102072746424,1.2892670569302118,0.0779716790788052,0.014235615826005,1478.8951879475912,17.24664558338151,3.148792275771633,1934.073177734375,117.35444073835404,21.42589147193324,-16.277062052408844,0.2771562809873918,0.0506015823503449,437.8718131510416,110.49112723999995,20.1728275978405,21.702749403211794,0.3695417079831893,0.0674687764671265,-583.8290842013888,147.32150298666662,26.897103463787335,21.773518758684265,0.3201044779063468,0.0584428144359067,-584.8226369036438,145.05134051713,26.48263039919839,1,finite_k_fixed
elu,1,0.1333521432163324,30,True,"0,1,2,3,4,5,6,7,8,9,10,11,12,13,14,15,16,17,18,19,20,21,22,23,24,25,26,27,28,29",0.0314158606872464,0.0247032167352956,0.0045101696829535,0.5069333384434382,0.010787682582466,0.0019695523645407,0.5303333302338918,0.0372765362051488,0.006805733248406,0.6978225151697794,0.0100016450974325,0.0018260422106749,0.6877010484536489,0.008303832340904,0.0015160654289513,-0.0264943456898132,0.2825176891549534,0.0515804370814668,53.6592160542806,8.861682557265107,1.6179144780213883,73.32172673543295,12.290790593057723,2.2439810857966713,0.9881668497502026,0.0116281099491124,0.0021229927067597,1.2652697817728793,0.0975468620924834,0.0178095389272995,1482.4997600045842,17.489476537729818,3.1931269395573247,1898.3091862710671,146.7974386149962,26.80142283780445,-12.827416961708014,0.2367900421067883,0.0432317491514953,402.4626584932896,144.14897666630634,26.31788205380727,17.103222615610687,0.3157200561423846,0.0576423322019938,-536.6168779910529,192.1986355550751,35.09050940507636,17.15750360788614,0.2985312163136552,0.0545040937648143,-537.9356491038257,192.44415498520308,35.135334915138664,1,finite_k_fixed
elu,1,0.1778279410038923,30,True,"0,1,2,3,4,5,6,7,8,9,10,11,12,13,14,15,16,17,18,19,20,21,22,23,24,25,26,27,28,29",0.0306052432623751,0.0259814136322753,0.0047435354407564,0.5009733299414317,0.0110366765957635,0.0020150122437963,0.5323333243529002,0.0443872711996797,0.0081039699007213,0.6965391437212626,0.0046087921540164,0.0008414464752025,0.6891088604927063,0.0051303583884645,0.0009366710058159,0.0435982010167208,0.2457054335844183,0.0448594694919244,41.531639862060544,7.628242985474705,1.3927202524250164,56.44241078694662,10.307153351910507,1.8818201315021228,0.9905339988278938,0.0112259158675751,0.0020495624497753,1.1517163261489791,0.0657774972614762,0.0120092730087816,1485.9629782687412,17.040893829117646,3.1112273167527733,1727.6688257110252,98.5567901858186,17.993925726692208,-10.133135963468517,0.1898581054718509,0.0346631890307092,231.9926114085908,97.7962885834078,17.8550777658058,13.510847951291357,0.2531441406291346,0.046217585374279,-309.32348187812113,130.39505144454372,23.806770354407732,13.546435079655785,0.2218278329073144,0.0405000359886076,-310.3368005604097,131.13917413753845,23.94262794924263,1,finite_k_fixed
elu,1,0.2371373705661655,30,True,"0,1,2,3,4,5,6,7,8,9,10,11,12,13,14,15,16,17,18,19,20,21,22,23,24,25,26,27,28,29",0.0309197879796264,0.0273383756949156,0.004991281684552,0.5023800025383631,0.0113805194918945,0.0020777890806126,0.532666661341985,0.0387683961289784,0.0070781083593791,0.6992490768432618,0.0100898537428298,0.0018421468322919,0.6868267238140107,0.0095003182535328,0.0017345128703126,-0.0292780274801771,0.2381214779516165,0.0434748349668564,34.958258310953774,7.747720210985436,1.4145337095984694,47.18838373819987,10.608268922126856,1.936796061576631,0.9915794424128428,0.011107388080648,0.0020279223355783,1.1119197439529858,0.0523913276674763,0.0095653039937071,1487.440389254928,16.645808357019718,3.039094908349236,1667.864433071818,78.49509926950405,14.331178841171551,-7.965522313285645,0.1177758151217552,0.0215028235569144,172.40697438686712,77.67679285685114,14.18177721411784,10.620696417714193,0.1570344201623403,0.0286704314092192,-229.87596584915616,103.56905714246818,18.909036285490455,10.653869374386971,0.1505936838435658,0.0274945192196407,-230.67129981399745,103.80287425547792,18.95172525453251,1,finite_k_fixed
elu,1,0.3162277660168379,30,True,"0,1,2,3,4,5,6,7,8,9,10,11,12,13,14,15,16,17,18,19,20,21,22,23,24,25,26,27,28,29",0.0316965707500148,0.0261705728613392,0.004778071032996,0.505496667822202,0.0109690648978708,0.0020026680931006,0.5389999955892563,0.0342757637754885,0.0062578696651845,0.6972622017065684,0.0062337980535416,0.0011381306042855,0.6871539096037547,0.0088613290957242,0.0016178499450683,-0.0475332797504961,0.2014136261540201,0.0367729288111564,25.721996434529625,3.0335733821127904,0.553852190410138,34.28508968353272,4.119992113487085,0.7522042057667536,0.9924423273627208,0.0108860818744426,0.0019875175351601,1.056425141113185,0.020262374024036,0.0036993864405237,1488.5849149036003,16.214377641310403,2.960326796684372,1584.4859324523668,30.40642571532796,5.551428419130093,-6.1728877071590045,0.1254550001701058,0.0229048445149937,89.07173150299973,19.99927308222273,3.651351000279753,8.230516942878673,0.167273333560141,0.0305397926866584,-118.7623086706663,26.66569744296364,4.868468000373005,8.259137547996083,0.1265488000693303,0.0231045441410611,-119.03001323207546,26.24591548234869,4.791826650685485,1,finite_k_fixed
elu,1,0.4216965034285823,30,True,"0,1,2,3,4,5,6,7,8,9,10,11,12,13,14,15,16,17,18,19,20,21,22,23,24,25,26,27,28,29",0.0279595046429584,0.0226568709365671,0.0041365597648136,0.5002966711918513,0.0120499426744708,0.0022000084731505,0.5259999990463257,0.0498687922971466,0.009104754152229,0.6986709793408712,0.0100901166594538,0.0018421948340805,0.6878045797348022,0.0083055441624349,0.0015163779633736,0.0136217185296118,0.153605704841224,0.0280444365010062,18.347185802459716,1.6706988905076778,0.3050264897099696,24.168282826741535,2.314818154737486,0.4226260399574018,0.9935969280957716,0.0109082920073256,0.0019915725320885,1.0277707419213848,0.0139693480791218,0.0025504423521921,1490.4218187578774,16.102405021205648,2.9398834867329287,1541.4887096400505,20.982615949580232,3.8308840236842583,-4.751219004083877,0.0662971437387146,0.0121041470412854,46.74806610505637,10.167216819498972,1.856271333028506,6.334958672111836,0.0883961916516195,0.0161388627217139,-62.33075480674182,13.5562890926653,2.4750284440380086,6.355478108956854,0.0635904628734279,0.0116099769859904,-62.53086362849157,13.419852516604047,2.450118647245503,1,finite_k_fixed
elu,1,0.5623413251903491,30,True,"0,1,2,3,4,5,6,7,8,9,10,11,12,13,14,15,16,17,18,19,20,21,22,23,24,25,26,27,28,29",0.0328931056332069,0.0254456379903158,0.0046457166391354,0.5064233352740606,0.0114881566966247,0.0020974408556318,0.5306666652361552,0.0342338150426847,0.006250210909446,0.6969845155874889,0.0059010426150329,0.0010773780510176,0.6874534567197164,0.0071506090107374,0.0013055166183601,-0.0412715706663827,0.1410097572400608,0.0257447416229029,12.48974962234497,1.450915986945874,0.2648998050317088,16.061333719889323,1.7763182073979873,0.3243098504996725,0.9943474905651564,0.0114562164149314,0.0020916093847063,1.0113507315084642,0.0124144091070605,0.0022665506353448,1491.515804369213,17.168997030070656,3.1346156543696337,1516.9621306712963,18.634487685594163,3.4021764176507197,-3.6071164641203426,0.06923130755557,0.0126398496112545,21.457667245370377,4.5968612908494615,0.839268207573522,4.809488618827124,0.0923084100740934,0.016853132815006,-28.61022299382717,6.129148387799282,1.119024276764696,4.824967464966819,0.0584116699294955,0.0106644630806436,-28.687548177645184,6.095408735376958,1.1128642871933327,1,finite_k_fixed
elu,1,0.7498942093324559,30,True,"0,1,2,3,4,5,6,7,8,9,10,11,12,13,14,15,16,17,18,19,20,21,22,23,24,25,26,27,28,29",0.0434813933093303,0.0284093707015936,0.0051868177259297,0.5066933353741964,0.0142919546831033,0.0026093419902591,0.5386666625738143,0.0345146927458511,0.0063014919274208,0.6985212703545888,0.0092649472903356,0.0016915402083377,0.6858796497186025,0.0079231610667531,0.0014465646810024,-0.0013987803676476,0.1460511632700444,0.0266651722242911,7.768382120132446,0.7316645293564041,0.1335830557516344,9.962146600087484,0.8246502154854546,0.1505598416909598,0.994722780795672,0.0111952353876827,0.0020439609861379,1.002589142570942,0.0112236219344544,0.0020491436368034,1492.105801540799,16.924863350424594,3.0900431465733376,1503.902769466146,16.903707226893374,3.0861805845441994,-2.6978470703124895,0.0365047349150492,0.0066648222562396,8.500044466145823,1.6086837752417107,0.2937041305308185,3.5971294270833196,0.0486729798867322,0.0088864296749861,-11.333392621527764,2.144911700322281,0.3916055073744247,3.609697979939893,0.0343305990620495,0.0062678811729834,-11.367336781232554,2.144854377978725,0.3915950417942198,1,finite_k_fixed
elu,1,1.0,30,True,"0,1,2,3,4,5,6,7,8,9,10,11,12,13,14,15,16,17,18,19,20,21,22,23,24,25,26,27,28,29",0.0515116158380967,0.0351810122161978,0.0064231446622254,0.5047600030899048,0.0192660428564697,0.0035174820887832,0.5326666553815206,0.0451001464823458,0.008234122525056,0.6983969648679097,0.008686327623233,0.0015858991937083,0.6858615597089132,0.0084628390657137,0.0015450959522757,-0.0331701545665661,0.1428107370994368,0.0260735540544338,5.346681022644043,0.2493363105140233,0.0455223738912143,6.825142463048299,0.3180430821081538,0.0580664567763678,0.99550999039585,0.0113747827802119,0.0020767417051478,0.9997322230640322,0.0113099148682748,0.002064898498939,1493.2671442260742,17.095429275407625,3.121184081458318,1499.5870670979818,17.151201087643372,3.131366574669805,-2.01795994059244,0.0313045687900342,0.0057154061597579,4.1704254313151425,0.4645829261188728,0.0848208494890209,2.6906132541232535,0.041739425053379,0.0076205415463439,-5.560567241753524,0.6194439014918304,0.1130944659853611,2.699082308069345,0.0267022024386505,0.0048751328702394,-5.575517841173605,0.5992273325405122,0.109403442368696,1,finite_k_fixed
elu,1,1.333521432163324,30,True,"0,1,2,3,4,5,6,7,8,9,10,11,12,13,14,15,16,17,18,19,20,21,22,23,24,25,26,27,28,29",0.0565032024210503,0.0365969894947593,0.0066816655610197,0.5048766682545344,0.0191738291757286,0.003500646251099,0.5463333318630854,0.0348873426856696,0.0063695281867847,0.6989474693934122,0.0066748625891069,0.001218657602767,0.6840627233187357,0.0106550469956197,0.0019453365302595,-0.004683709765474,0.1378556471862244,0.0251688825477895,4.095382086435953,0.1361999659615408,0.0248665978961905,5.211255693435669,0.1668611972439448,0.0304645472342758,0.9957203160093184,0.0112488453438396,0.0020537487802359,0.9984195581750474,0.0111698979229092,0.0020393350191358,1493.5193855071095,16.88265801841624,3.0823375424440145,1497.5176851733866,16.78939352923026,3.0653098542635617,-1.5101701734304522,0.0267016178429102,0.0048750261381481,2.495476230754353,0.187484984351679,0.0342299183743059,2.0135602312406027,0.0356021571238803,0.0065000348508641,-3.327301641005804,0.249979979135572,0.0456398911657412,2.0202009571860615,0.0231725892780537,0.0042307166211307,-3.3385292847257255,0.2501026790596976,0.0456622930044904,1,finite_k_fixed
elu,1,1.7782794100389228,30,True,"0,1,2,3,4,5,6,7,8,9,10,11,12,13,14,15,16,17,18,19,20,21,22,23,24,25,26,27,28,29",0.1047202235538364,0.0887765753165656,0.0162083109596464,0.5230466663837433,0.0327122243345245,0.0059724077247295,0.5449999978144964,0.0457692876395203,0.0083562904270358,0.6921225031216939,0.0095208916430181,0.0017382690401478,0.6847706695397695,0.0108759738086522,0.001985672063278,0.010515683707005,0.2520851087214543,0.0460242334859609,3.220708632469177,0.0750874323522859,0.0137090268281633,4.101928814252218,0.1177296992079423,0.021494403981496,0.9961131814871624,0.011322105419251,0.0020671241788584,0.9979569811204928,0.011306832867811,0.0020643358052136,1494.1004080335467,16.910749667300085,3.0874663523677466,1496.8474614865934,16.907443534467138,3.0868627378575084,-1.1324057842773696,0.0166822479644888,0.003045747840015,1.5854013469625534,0.1239046223295927,0.0226217855430254,1.5098743790364928,0.0222429972859851,0.00406099712002,-2.113868462616738,0.1652061631061237,0.0301623807240338,1.5146848338435086,0.0139457862959274,0.0025461405788086,-2.1199510669546395,0.1551840489328043,0.0283326013884941,1,finite_k_fixed
elu,1,2.3713737056616555,30,True,"0,1,2,3,4,5,6,7,8,9,10,11,12,13,14,15,16,17,18,19,20,21,22,23,24,25,26,27,28,29",0.1648687656115605,0.0902821412713964,0.0164831884380706,0.5327066640059154,0.0415438266077695,0.0075848303193862,0.5499999940395355,0.0419359111554545,0.0076564148364583,0.6901067078113556,0.0114131550297697,0.0020837474873694,0.6832062661647796,0.0105574416646961,0.0019275163164329,0.0206204382081826,0.3074214058384635,0.0561272128792256,2.631446115175883,0.0510357388609108,0.0093178084710212,3.3115950504938763,0.081342599799652,0.0148510589321282,0.9962462010602552,0.0113153243899217,0.0020658861379495,0.9975379999271304,0.0112890971653117,0.0020610977237696,1494.3788836049232,16.91354113891782,3.0879760030256365,1496.2450518774378,16.936499937839272,3.092167687046471,-0.8515551117820495,0.0142640845338728,0.0026042536204542,1.0604847082762183,0.076226386567603,0.0139169704667283,1.1354068157093993,0.0190187793784971,0.0034723381606056,-1.413979611034958,0.1016351820901373,0.0185559606223044,1.1390075940446387,0.0121552378839312,0.0022192326602901,-1.4187528932177933,0.1035515986983881,0.0189058488242765,1,finite_k_fixed
elu,1,3.1622776601683795,30,True,"0,1,2,3,4,5,6,7,8,9,10,11,12,13,14,15,16,17,18,19,20,21,22,23,24,25,26,27,28,29",0.2637944348706677,0.1550478149415951,0.028307728578466,0.5717933317025502,0.0470514013073874,0.0085903712860947,0.5880000025033951,0.0677927889337739,0.0123772132450715,0.6742037693659465,0.019779110071988,0.0036111549179351,0.6633249223232269,0.036208811038721,0.0066107941954498,0.0150439204104865,0.4599007372967851,0.0839660026769022,2.1695471525192263,0.0390568100540506,0.0071307652969327,2.6843146880467734,0.0893377703425739,0.0163107706846146,0.9963435418260216,0.0113825195221875,0.002078154234515,0.9972810757845344,0.011206457163611,0.0020460097927417,1494.5830337203556,17.035475936754203,3.110238149465576,1495.8529154533617,16.82945358944795,3.0726237871423097,-0.6407238554018445,0.0095253065550599,0.0017390750891193,0.693622633862411,0.0711411070171177,0.0129885296930548,0.854298473869126,0.0127004087400798,0.0023187667854925,-0.9248301784832148,0.0948548093561569,0.0173180395907397,0.8570472650320479,0.0100976639138054,0.001843572767899,-0.9274593133379158,0.0909553765699057,0.0166061038245714,1,finite_k_fixed
elu,1,4.216965034285822,30,True,"0,1,2,3,4,5,6,7,8,9,10,11,12,13,14,15,16,17,18,19,20,21,22,23,24,25,26,27,28,29",0.4816099178002996,0.1150446467332731,0.0210041827120089,0.6331066727638245,0.0337562164594114,0.0061630137369489,0.6436666677395503,0.0769452697706511,0.0140482199822353,0.6406807740529378,0.024858986071948,0.0045386091427709,0.6213075160980225,0.0513769542842803,0.0093801055991373,0.1457335293292999,0.6756515472087931,0.1233565311398408,1.8754606326421104,0.0337021102753934,0.0061531353444532,2.1490634242693583,0.0966002180791422,0.0176367061672881,0.9964523820071516,0.0113683138502954,0.002075560645535,0.9972491608529298,0.0112075920209244,0.0020462169883917,1494.6490643861991,17.043193798074288,3.111647231712478,1495.807567590345,16.80179085937467,3.0675732867212058,-0.4949190439645261,0.0111803544472524,0.0020412441105544,0.4018439815389617,0.0641543917857899,0.0117129358480337,0.6598920586193681,0.0149071392630032,0.0027216588140726,-0.5357919753852823,0.0855391890477198,0.0156172477973783,0.6620883890575469,0.0154636200463417,0.0028232578400234,-0.5370600739061112,0.0830826243352074,0.0151687424950402,1,finite_k_fixed
elu,1,5.62341325190349,30,True,"0,1,2,3,4,5,6,7,8,9,10,11,12,13,14,15,16,17,18,19,20,21,22,23,24,25,26,27,28,29",0.6734522801597834,0.0288393465791493,0.0052653202217031,0.6860966682434082,0.0106624886448426,0.0019466951833076,0.6953333377838135,0.0445462379053692,0.0081329931175874,0.5895881672700246,0.0134894886275394,0.0024628324035042,0.5660182485977808,0.0459438508020478,0.0083881611543111,-0.049595832824707,0.8864238484946844,0.1618381124436934,1.67196235259374,0.0305782417432661,0.0055827975905443,1.720212356249491,0.0438875061766541,0.0080127257085335,0.9965221788493316,0.0113413999253308,0.002070646857597,0.9968568279773758,0.0112843352144775,0.002060228314473,1494.7303993926737,17.020191075703565,3.107447528403654,1495.2802880174877,16.886728368344617,3.0830806832682516,-0.397092753380068,0.010095365593369,0.0018431531539165,0.185341216859218,0.0284863622437318,0.0052008743940518,0.5294570045067574,0.0134604874578254,0.0024575375385554,-0.2471216224789573,0.0379818163249757,0.006934499192069,0.5312666030502289,0.0154744021198908,0.0028252263683233,-0.2477162225778428,0.0364682854782382,0.0066581675299897,1,finite_k_fixed
elu,1,7.498942093324557,30,True,"0,1,2,3,4,5,6,7,8,9,10,11,12,13,14,15,16,17,18,19,20,21,22,23,24,25,26,27,28,29",0.7568521377838162,0.0227728053204105,0.0041577263905541,0.7091066698233287,0.0096717115869014,0.00176580486861,0.7173333326975505,0.0479894628194773,0.0087616371029277,0.5630582789580028,0.0130303400798614,0.0023790037312345,0.5429498891035716,0.055050858698458,0.0100508657063916,-0.05156711935997,0.9472470651311488,0.1729428617009651,1.5128967007001242,0.0347248488445134,0.0063398610060324,1.4557713905970255,0.030404109207054,0.005551005484518,0.9965351648638884,0.0112526012678033,0.0020544345149957,0.9968369356582856,0.0112782014345797,0.0020591084446021,1494.7931635285747,16.853624753770948,3.077036817789266,1495.2806454007507,16.9156312081411,3.088357595712415,-0.3286289604238898,0.0120992583500153,0.002209012242462,0.0706667091473741,0.0224036772012549,0.0040903331247305,0.4381719472318531,0.0161323444666871,0.002945349656616,-0.0942222788631655,0.0298715696016731,0.0054537774996406,0.4397347923227175,0.018938968111236,0.003457766683465,-0.0943334064293773,0.0291993938154871,0.0053310555527397,1,finite_k_fixed
elu,1,10.0,30,True,"0,1,2,3,4,5,6,7,8,9,10,11,12,13,14,15,16,17,18,19,20,21,22,23,24,25,26,27,28,29",0.8166154829490045,0.0143127451476225,0.0026131377923918,0.7261899987856547,0.0085992130817311,0.0015699943272192,0.7370000004768371,0.0542122197517872,0.0098977518834936,0.5417902986208598,0.0138578586610365,0.002530087262456,0.5177679012219111,0.0580539275032415,0.0105991485484316,0.049305784702301,0.98163794917825,0.1792217493560124,1.3966859539349874,0.0398441849821739,0.0072745196333817,1.2770607391993205,0.0211486610118901,0.0038611995657474,0.9966439095998588,0.0113697711930435,0.0020758267187007,0.996845189189,0.0113181290304238,0.0020663981929057,1494.945975547689,17.06870286558934,3.1163045289454505,1495.3130967449188,16.952254739080093,3.095044107056007,-0.2822044523111979,0.0105671423099171,0.0019292874038362,-0.0053216925811829,0.014586220378513,0.0026630673100177,0.3762726030815972,0.0140895230798895,0.002572383205115,0.0070955901082439,0.0194482938380173,0.0035507564133569,0.3776001846299337,0.0167764751309135,0.0030629512882085,0.0072149846686834,0.0195848036088756,0.0035756795736299,1,finite_k_fixed
elu,2,0.1,30,True,"0,1,2,3,4,5,6,7,8,9,10,11,12,13,14,15,16,17,18,19,20,21,22,23,24,25,26,27,28,29",0.0243136549154652,0.0190275342251099,0.003473936569598,0.5023699988921483,0.0102203714337732,0.001865975993453,0.5249999970197677,0.0443924535828886,0.0081049160701163,0.6982970555623372,0.0086458009800638,0.001578500074827,0.6875520745913187,0.0080532780953165,0.0014703206915556,-0.0125945564437036,0.1188074416993074,0.0216911719393968,13.758082056045533,5.406636383858617,0.9871122358891748,18.30709603627523,7.170525214306793,1.3091528030117987,0.9881478807261616,0.0110915000743846,0.0020250215957702,1.0176122702571209,0.0196784781512847,0.0035927821269437,1482.4414560546877,16.511865212560615,3.0146403478014276,1526.535739807129,29.477229887815348,5.381781247440648,-12.99697363281251,0.1840478673002279,0.0336023895270174,30.33437522379555,24.7259043437113,4.5143118545885494,17.329298177083345,0.245397156400304,0.0448031860360232,-40.4458336317274,32.96787245828173,6.019082472784732,17.383151111248292,0.2428947205859557,0.0443463058546141,-40.55726662378672,33.03793538649303,6.031874154860131,2,finite_k_fixed
elu,2,0.1333521432163324,30,True,"0,1,2,3,4,5,6,7,8,9,10,11,12,13,14,15,16,17,18,19,20,21,22,23,24,25,26,27,28,29",0.0290165965355502,0.0240463720761067,0.0043902468040819,0.5018400003512701,0.011593418542485,0.0021166589514392,0.537666666507721,0.0518408260338271,0.0094647966061427,0.6990384658177694,0.0107703535315215,0.0019663885271732,0.6874103685220082,0.0082994947301168,0.0015152734931934,-0.048629506547392,0.117174258889324,0.0213929949175443,12.118645604451498,2.557697683376727,0.4669695721547131,16.01262995402018,3.314340636409829,0.6051130432725638,0.9901320124594556,0.0113670478288711,0.0020753295027042,1.0108735503286237,0.0119449389196708,0.0021808374981083,1485.3782864193197,17.15185543114988,3.131486040902762,1516.6104165142692,17.96230154644908,3.2794525805666965,-10.106426049469398,0.1645026093646902,0.0300339299725004,20.763888736491474,8.793854969228322,1.6055309113584169,13.475234732625864,0.2193368124862538,0.0400452399633339,-27.68518498198863,11.725139958971097,2.140707881811222,13.51633871247912,0.1894781727391754,0.0345938231213689,-27.76548285801416,11.760308007935867,2.147128659718373,2,finite_k_fixed
elu,2,0.1778279410038923,30,True,"0,1,2,3,4,5,6,7,8,9,10,11,12,13,14,15,16,17,18,19,20,21,22,23,24,25,26,27,28,29",0.0288249764584415,0.0195749823188222,0.0035738864595945,0.5032633354266485,0.0114305005932526,0.0020869143395002,0.5366666694482167,0.0338692532815019,0.0061836513427115,0.7003040413061777,0.0095875239363485,0.0017504343768529,0.6856068690617879,0.0086876325447971,0.0015861374387004,-0.0118000113405287,0.1058949832378981,0.019333690348676,9.004211648305258,1.387485667679518,0.2533190661343962,11.8604789574941,1.8124441516543992,0.3309055153598095,0.9918370600117876,0.0112807317390219,0.0020595704128756,1.0048554655532225,0.0124593498915222,0.0022747556624787,1487.8740561953198,17.12264137559211,3.126152308494362,1507.369259449248,18.563588481049468,3.3892320531046187,-7.830846367882432,0.15501891338499,0.0283024519002995,11.693045146813551,3.5968589243806615,0.6566935896823523,10.441128490509907,0.2066918845133199,0.0377366025337326,-15.590726862418071,4.795811899174216,0.8755914529098031,10.470786355517422,0.1463628784411091,0.0267220833678606,-15.63190393449614,4.766939178626646,0.8703200394629874,2,finite_k_fixed
elu,2,0.2371373705661655,30,True,"0,1,2,3,4,5,6,7,8,9,10,11,12,13,14,15,16,17,18,19,20,21,22,23,24,25,26,27,28,29",0.0275998783817531,0.0167551915962523,0.0030590654641961,0.5029533306757609,0.0103677119613698,0.0018928765703194,0.5376666625340779,0.0447740171460632,0.0081745797270073,0.6987012366453806,0.0061886573983709,0.0011298890859196,0.6876268287499746,0.0057627425680526,0.0010521280325392,-0.0269734880537725,0.0864469866198469,0.0157829882000124,7.598364512125651,0.7959022306562669,0.1453112017663723,9.922736676534017,1.0101988031237588,0.1844362240118676,0.992930337847368,0.0113428055869066,0.0020709034951147,1.002534081916013,0.0113976575644415,0.0020809180502546,1489.5079806342574,17.076410577563628,3.117711758183807,1503.7893061427292,17.004246097770984,3.1045363870394547,-6.039591007796002,0.1096870188270631,0.0200260181590254,8.331847457778446,2.1033008844517487,0.3840084465449299,8.05278801039467,0.1462493584360843,0.0267013575453672,-11.109129943704591,2.8044011792689987,0.5120112620599065,8.076764564001268,0.1143463396487316,0.0208766898645858,-11.14459902158611,2.8308219289053085,0.5168350089139077,2,finite_k_fixed
elu,2,0.3162277660168379,30,True,"0,1,2,3,4,5,6,7,8,9,10,11,12,13,14,15,16,17,18,19,20,21,22,23,24,25,26,27,28,29",0.0409842380201974,0.0252163307598719,0.004603851058231,0.5086366683244705,0.0118465639845844,0.0021628767744283,0.5366666624943416,0.0395084798709803,0.0072132285460249,0.6975707709789276,0.0061224027548916,0.0011177926983286,0.6863249103228252,0.0072728082043428,0.0013278270366424,0.0257038779430634,0.119336847626543,0.0217878277955381,6.274029461542765,0.5367256103732778,0.0979922413307243,8.098653268814086,0.668888544876178,0.122121781495163,0.9934682843096736,0.0108899891778547,0.0019882309078993,1.0008795583589711,0.0109193504268794,0.0019935915140351,1490.2424310869303,16.301499363953234,2.9762329742644344,1501.1769676240688,16.535152643688058,3.0188920315797105,-4.584599503786755,0.0650469240791954,0.0118758892048337,5.762766674701693,1.034782910120119,0.1889246473312099,6.11279933838234,0.0867292321055939,0.0158345189397783,-7.683688899602258,1.3797105468268254,0.2518995297749467,6.134060126418499,0.0667092791784329,0.0121793923336458,-7.707348940678275,1.3844418472510944,0.2527633430978486,2,finite_k_fixed
elu,2,0.4216965034285823,30,True,"0,1,2,3,4,5,6,7,8,9,10,11,12,13,14,15,16,17,18,19,20,21,22,23,24,25,26,27,28,29",0.0312990411159669,0.0255774391357725,0.0046697801259593,0.5022900015115738,0.0118342136719843,0.0021606219261606,0.5329999983310699,0.0412017774261431,0.0075223809685352,0.697244668006897,0.0079652571327051,0.0014542503359705,0.6882660706837972,0.0068942010659114,0.0012587031465919,-0.0405943797086365,0.0832696038479644,0.0152028801273497,5.1719241778055824,0.2614902459827412,0.0477413687641073,6.715840609868367,0.3260239059163893,0.0595235491854494,0.9943368164079988,0.0110994292849119,0.0020264692649265,0.9992266402489398,0.0110017128744146,0.0020086287708372,1491.623369084634,16.53421612382188,3.018721047227625,1498.6770833526407,16.528208519158945,3.0176242136974705,-3.508572888478039,0.0541008026325099,0.0098774099936535,3.93643981764655,0.4959184368081017,0.0905419048408325,4.6780971846373856,0.0721344035100133,0.013169879991538,-5.248586423528733,0.6612245824108024,0.1207225397877767,4.693429626154548,0.0591918153084793,0.0108068974880445,-5.268432125986126,0.6723525361049912,0.1227542168735034,2,finite_k_fixed
elu,2,0.5623413251903491,30,True,"0,1,2,3,4,5,6,7,8,9,10,11,12,13,14,15,16,17,18,19,20,21,22,23,24,25,26,27,28,29",0.0483167855846226,0.0326152731578161,0.0059547069425762,0.5069966663916906,0.0153804275675866,0.0028080690409471,0.5383333255847295,0.04616935632004,0.0084293326406598,0.697847431898117,0.0070658711218531,0.0012900456672877,0.6859517395496368,0.0078014606500665,0.0014243453265101,-0.0021927485552926,0.1240728467669046,0.0226524989827052,4.387283976872762,0.1754104266257239,0.0320254158281712,5.616864188512166,0.2081920835692552,0.0380105001549605,0.9949608692961752,0.0114505718806738,0.0020905788384598,0.9989503431951156,0.0115126396694394,0.0021019108144602,1492.530609367766,17.204416244712007,3.1410822886456953,1498.3621628616895,17.26685793998559,3.152482530322431,-2.6401399377893657,0.0466886793289159,0.0085241476161908,2.857699435763875,0.2887803281423727,0.0527238332957738,3.520186583719154,0.0622515724385546,0.011365530154921,-3.8102659143518336,0.3850404375231635,0.070298444394365,3.5314487080025123,0.0382722383267128,0.0069875227525848,-3.8221482844840913,0.3890844743602276,0.071036781127379,2,finite_k_fixed
elu,2,0.7498942093324559,30,True,"0,1,2,3,4,5,6,7,8,9,10,11,12,13,14,15,16,17,18,19,20,21,22,23,24,25,26,27,28,29",0.0535810493488277,0.0425426465716211,0.0077671890610822,0.5028666625420253,0.0212172043726735,0.0038737138140368,0.5286666601896286,0.0321347742899319,0.0058669802529775,0.6983894288539887,0.0105069622236622,0.0019183000735848,0.6874125182628632,0.0091510971875826,0.0016707541185203,0.0130325493363973,0.13021501033656,0.0237738994957007,3.61457302570343,0.1070380804085771,0.0195423903839431,4.593907944361368,0.1321127585597912,0.0241203793324771,0.9952104534738452,0.0112049765467753,0.0020457394703283,0.998242922728716,0.01108186001787,0.0020232615703006,1492.9210283311631,16.862246241319948,3.078610878859212,1497.3833013346357,16.68610880220429,3.0464527293175996,-1.9949056966145833,0.0328676909136467,0.0060007919088373,1.9805763346354168,0.1688868969549785,0.030834387709764,2.659874262152778,0.0438235878848623,0.0080010558784497,-2.6407684461805556,0.2251825292733047,0.0411125169463521,2.668860699895729,0.0265373974480173,0.004845043733253,-2.6490721179053858,0.2264702923766401,0.041347629246492,2,finite_k_fixed
elu,2,1.0,30,True,"0,1,2,3,4,5,6,7,8,9,10,11,12,13,14,15,16,17,18,19,20,21,22,23,24,25,26,27,28,29",0.072103282304061,0.0478680038253641,0.0087394618259651,0.5118166655302048,0.0228213165221898,0.0041665832837229,0.5296666661898295,0.0380093762378416,0.0069395309207222,0.6976614514986674,0.0123452016136567,0.0022539151335829,0.6862989564736685,0.0080659432838665,0.0014726330280436,-0.0456758930037419,0.1461442968736259,0.0266821760161388,3.069657627741496,0.0541736148012349,0.0098907036160773,3.9042843262354534,0.0750381689950535,0.0137000326108251,0.9958281028399212,0.0113057051446833,0.0020641299120817,0.9979147870235516,0.0111956027623539,0.0020440280592694,1493.835443424479,16.98575424860978,3.101160252734263,1496.8609212768554,16.979839547720527,3.10008038103495,-1.4941607421875078,0.0230105800697424,0.0042011379218255,1.4442796101888098,0.1107016765873251,0.0202112684735065,1.992214322916677,0.0306807734263233,0.0056015172291007,-1.9257061469184131,0.1476022354497669,0.0269483579646753,1.9984593882045023,0.0231243680130635,0.0042219126629352,-1.9315126456777392,0.1456224397219382,0.0265868983715473,2,finite_k_fixed
elu,2,1.333521432163324,30,True,"0,1,2,3,4,5,6,7,8,9,10,11,12,13,14,15,16,17,18,19,20,21,22,23,24,25,26,27,28,29",0.0806851705940503,0.0575233523262424,0.0105022792174667,0.514979996283849,0.0243223914103776,0.0044406408093112,0.54766665995121,0.0414964319524336,0.0075761772787753,0.6962506870428721,0.0078075078252702,0.0014254493845995,0.6848296384016673,0.0099955486615136,0.0018249291588505,-0.0052725487621501,0.1625249102136927,0.0296728531601804,2.623069103558858,0.0405227394830578,0.0073984061689253,3.3172518968582154,0.0457588667646595,0.0083543878442924,0.9960242014850932,0.0113054483908542,0.0020640830354604,0.9974712458973456,0.0111695996794819,0.0020392805675849,1494.115475305577,16.940415287458357,3.092882528815435,1496.095315945004,16.788249759393498,3.065101031416832,-1.1189778096585523,0.015630296482435,0.0028536886546411,1.073107002371768,0.0665275795660846,0.0121462186748547,1.49197041287807,0.0208403953099133,0.0038049182061881,-1.4308093364956906,0.0887034394214461,0.0161949582331396,1.4967804571883514,0.0178135131978851,0.0032522876689658,-1.435486780358704,0.0858715553157121,0.015677929298156,2,finite_k_fixed
elu,2,1.7782794100389228,30,True,"0,1,2,3,4,5,6,7,8,9,10,11,12,13,14,15,16,17,18,19,20,21,22,23,24,25,26,27,28,29",0.1537885795552959,0.1148080383014758,0.0209609841202118,0.5365300019582112,0.0412528122076802,0.0075316986022236,0.5466666638851165,0.0404571648398782,0.0073864339318354,0.6876897156238556,0.0122780615796754,0.0022416570965419,0.6828773597876231,0.016441571589157,0.0030018065467391,0.0147623937266568,0.2939648762118018,0.0536703979384725,2.246198280652364,0.0331423264157357,0.0060509332620326,2.80563174088796,0.0623935307084685,0.0113914480704731,0.9963317334546962,0.0113382314558134,0.0020700683768545,0.9974128166177924,0.011278567016942,0.0020591751905043,1494.5382916804856,16.958724860109314,3.0962253841351712,1496.031269131327,16.865566480463844,3.0792170688176865,-0.8424344112584546,0.0104696510963899,0.0019114880249004,0.7692089916962358,0.049303096937038,0.0090014727824265,1.1232458816779396,0.0139595347951866,0.0025486506998673,-1.0256119889283144,0.0657374625827174,0.012001963709902,1.1267943889726146,0.0147505790541515,0.0026930749614073,-1.0287213690465995,0.0626307971402115,0.0114347667960746,2,finite_k_fixed
elu,2,2.3713737056616555,30,True,"0,1,2,3,4,5,6,7,8,9,10,11,12,13,14,15,16,17,18,19,20,21,22,23,24,25,26,27,28,29",0.2924629617224695,0.1515512640361368,0.0276693486436711,0.5753499994675318,0.0528288015369415,0.0096451754292488,0.5886666655540467,0.076911654593454,0.0140420827186268,0.6754002908865611,0.022565092281957,0.0041198033516712,0.656649669011434,0.0415601114507853,0.0075878035113412,0.011057421285659,0.4659870677343216,0.0850772095012585,1.9332581400871276,0.0375927949488584,0.006863473931052,2.349819850921631,0.0736031683132005,0.0134380385296631,0.9963253912560276,0.0112468317460193,0.0020533811492533,0.997185591689719,0.0113034435755754,0.0020637170079431,1494.5456579892682,16.838306622163625,3.074240122382545,1495.716461220675,16.957993267535315,3.0960918142166105,-0.6309487645444537,0.0140121155421378,0.0025582505869325,0.5318940515133949,0.049570513086362,0.0090502960681685,0.841265019392605,0.0186828207228504,0.0034110007825767,-0.7091920686845264,0.0660940174484827,0.0120670614242246,0.843956968880318,0.0149021439886806,0.0027207468059301,-0.7112880099081101,0.0638661738392737,0.0116603146911055,2,finite_k_fixed
elu,2,3.1622776601683795,30,True,"0,1,2,3,4,5,6,7,8,9,10,11,12,13,14,15,16,17,18,19,20,21,22,23,24,25,26,27,28,29",0.4982173291600973,0.1274805377256934,0.0232746553850835,0.6338566660881042,0.0529626199228618,0.0096696072121079,0.6400000005960464,0.0663844652822203,0.0121200897009968,0.6320491909980774,0.0278962038155771,0.0050931266995177,0.6280313829580942,0.042165296170068,0.0076982946187441,-0.0763415083289146,0.6844922902464113,0.1249706226021109,1.7098337729771933,0.0428347053382021,0.0078205114526067,1.9437986850738525,0.0705777386258836,0.0128856731677,0.996493622721764,0.0113881776188941,0.0020791872569145,0.9970305798438392,0.0112026761050753,0.0020453194690579,1494.8197642122652,17.07443147872794,3.1173504258251943,1495.4771871918488,16.823641600395916,3.071562667973053,-0.4850549576951483,0.0110451773647055,0.0020165642647648,0.3178943723494945,0.0536032258958984,0.0097865653260762,0.646739943593531,0.0147269031529406,0.0026887523530198,-0.4238591631326593,0.0714709678611979,0.0130487537681016,0.6488444780606173,0.0161767215660179,0.0029534517693961,-0.4248894503203833,0.0694042950400806,0.0126714326603986,2,finite_k_fixed
elu,2,4.216965034285822,30,True,"0,1,2,3,4,5,6,7,8,9,10,11,12,13,14,15,16,17,18,19,20,21,22,23,24,25,26,27,28,29",0.6646008452391962,0.0422237346924953,0.0077089639843977,0.6837399979432424,0.0143116387391013,0.0026129357907568,0.6916666706403096,0.0505202868274206,0.0092237002356698,0.5922073721885681,0.0154229307315689,0.0028158290215066,0.5747494151194891,0.0474550183975628,0.0086640613477226,0.0916176259517669,0.8394472434815177,0.1532613970301195,1.5473239103953045,0.0325339336153656,0.0059398564418371,1.5983042081197103,0.0498963251922107,0.009109780948129,0.9965391829490752,0.0113905888201963,0.0020796274800292,0.9970798824764096,0.0111996638582429,0.002044769510545,1494.81392457531,17.082623219928625,3.1188460263054805,1495.5536622343304,16.789984305409668,3.0654177147435275,-0.3856151102880404,0.0111774924144061,0.0020407215772377,0.1479386255247547,0.0314421786660002,0.0057405301708253,0.5141534803840538,0.0149033232192082,0.0027209621029836,-0.1972515006996729,0.0419229048880003,0.0076540402277671,0.5159151371152934,0.0175317753445853,0.0032008496097807,-0.1976082123178161,0.0408207075411444,0.0074528074445353,2,finite_k_fixed
elu,2,5.62341325190349,30,True,"0,1,2,3,4,5,6,7,8,9,10,11,12,13,14,15,16,17,18,19,20,21,22,23,24,25,26,27,28,29",0.7622406937606409,0.0183986431491696,0.0033591172934293,0.7100899994373322,0.0088125878039309,0.0016089510434026,0.7323333342870076,0.0471741618136182,0.0086127841855725,0.5607801834742229,0.0111311162345979,0.002032254483967,0.5270872602860133,0.0489497544341587,0.0089369615626424,-0.1802181005477905,0.9123174374580628,0.1665656133670298,1.4369136015574138,0.03288694104269,0.0060043064854746,1.3694838881492617,0.027183682104349,0.0049630386282004,0.9965865003760412,0.0113456787258354,0.0020714280561155,0.996763733803066,0.0112794511978943,0.0020593366191217,1494.8754630647454,17.025388390807823,3.1083964239773416,1495.1406482509196,16.879487051192257,3.0817586056847857,-0.3226477277621309,0.0109353249141737,0.001996508043047,0.0457014502912582,0.015946025567108,0.0029113326352197,0.430196970349508,0.0145804332188983,0.0026620107240627,-0.0609352670550109,0.0212613674228107,0.0038817768469596,0.4316891036014292,0.0169980162308053,0.0031033989741503,-0.0610022482894804,0.0209925967104784,0.0038327062529792,2,finite_k_fixed
elu,2,7.498942093324557,30,True,"0,1,2,3,4,5,6,7,8,9,10,11,12,13,14,15,16,17,18,19,20,21,22,23,24,25,26,27,28,29",0.8206999405450948,0.0148097500212951,0.0027038780525586,0.7269633313020071,0.0085514867459128,0.0015612807303142,0.7396666646003723,0.0431103914686351,0.0078708446234165,0.5391783773899078,0.0134705018802403,0.0024593659135744,0.5177907139062882,0.0554380454878066,0.010121556019223,0.0666889826456705,0.9669844941216984,0.1765464067293919,1.3447810808817546,0.039490310917796,0.0072099113641898,1.2147721727689107,0.0238173608602739,0.0043484352678042,0.9965917765522108,0.0112642206947508,0.0020565559224105,0.9967755491543372,0.0112762167834873,0.0020587460985447,1494.9007180758867,16.893627584100738,3.0843403019678255,1495.1885641032995,16.91265511806909,3.0878142384905463,-0.2766652279982817,0.0116578124865379,0.0021284156233474,-0.0214145883038853,0.0178984861973905,0.0032678015451685,0.3688869706643756,0.0155437499820506,0.0028378874977965,0.0285527844051805,0.0238646482631874,0.0043570687268914,0.3702135818477743,0.0182262608347738,0.0033276447327261,0.0288069866385039,0.0240643330639309,0.0043935260168108,2,finite_k_fixed
elu,2,10.0,30,True,"0,1,2,3,4,5,6,7,8,9,10,11,12,13,14,15,16,17,18,19,20,21,22,23,24,25,26,27,28,29",0.8609834341586494,0.0091467541140796,0.0016699611854115,0.7373066703478496,0.0073614069388957,0.0013440028784694,0.7460000018278757,0.0532786995131438,0.0097273151859627,0.5251252790292104,0.0156340026990949,0.0028543653141303,0.5018044650554657,0.0576795539022148,0.010530797593026,-0.0704690555731455,0.9869950562912968,0.1801998188256081,1.2744439880053202,0.0374908142653036,0.0068448548907811,1.1092907309532165,0.020148045675705,0.0036785130354093,0.9966635025590654,0.0113472061224947,0.002071706919317,0.9968070436950404,0.0113179376918142,0.0020663632594148,1494.992999654948,17.04155807785202,3.1113485914246435,1495.2558766597494,16.951959151326832,3.0949901403626128,-0.2457083658854166,0.0116619924198381,0.0021291787712665,-0.0625417777506448,0.013150917055449,0.0024010179743829,0.3276111545138889,0.0155493232264509,0.0028389050283553,0.0833890370008597,0.017534556073932,0.0032013572991772,0.328789288513942,0.0179735645992044,0.0032815089232535,0.0837523996482625,0.0180808860450911,0.0033011030488589,2,finite_k_fixed
elu,4,0.1,30,True,"0,1,2,3,4,5,6,7,8,9,10,11,12,13,14,15,16,17,18,19,20,21,22,23,24,25,26,27,28,29",0.0345748817999258,0.0226433837938706,0.0041340973607166,0.5025333315134048,0.0141968240526582,0.0025919735928576,0.5389999926090241,0.0466350465773463,0.0085143556602388,0.6997071325778961,0.0100413054776914,0.0018332831723105,0.6856966118017832,0.010884245264279,0.0019871822175548,0.0163763880729675,0.0940274747246806,0.0171669896439848,5.194350417455038,0.2626038663866223,0.0479446871026752,6.798485994338989,0.350379943275335,0.0639703328764271,0.989204245751297,0.0110240709414507,0.0020127107767232,1.0000978764698112,0.0108676423991053,0.0019841509629631,1483.998687906901,16.534562552851142,3.0187842962255917,1500.262811141968,16.30585008366501,2.9770273033736085,-11.339528238932273,0.1811969268235301,0.0330818813906201,4.06144655863443,0.8138450718346731,0.1485871013860876,15.11937098524303,0.2415959024313737,0.0441091751874935,-5.415262078179241,1.0851267624462309,0.1981161351814501,15.16687860478728,0.2051145279579303,0.0374486179448608,-5.4301819836622744,1.0911089709536197,0.1992083320291821,4,finite_k_fixed
elu,4,0.1333521432163324,30,True,"0,1,2,3,4,5,6,7,8,9,10,11,12,13,14,15,16,17,18,19,20,21,22,23,24,25,26,27,28,29",0.040730369493352,0.0284056111598142,0.0051861313306502,0.5042233347892762,0.0130305136681134,0.0023790354239683,0.5409999966621399,0.0483771110457484,0.0088324116622295,0.7020491838455201,0.0147492057563921,0.002692824232687,0.6838662187258403,0.0122769388690652,0.0022414521185663,-0.0238521698202627,0.1124246048230965,0.0205258306934046,5.098699331283569,0.2737362106878075,0.0499771657998996,6.657628091176351,0.36542101279102,0.0667164438973418,0.9910237647379728,0.0113275394244668,0.0020681162879365,0.9996315219934168,0.010573201021655,0.001930393568199,1486.7555872542134,17.063623444180482,3.115377157717215,1499.7430003953189,15.80745864723057,2.886033892639427,-8.660589790106089,0.1411491645415833,0.0257701937974778,3.896472617541069,0.6755390649229362,0.1233359947780797,11.547453053474785,0.1881988860554445,0.0343602583966371,-5.195296823388093,0.9007187532305816,0.1644479930374396,11.583040469753788,0.1498928127202076,0.0273665582449183,-5.209031659273548,0.8992425655302196,0.1641784792699062,4,finite_k_fixed
elu,4,0.1778279410038923,30,True,"0,1,2,3,4,5,6,7,8,9,10,11,12,13,14,15,16,17,18,19,20,21,22,23,24,25,26,27,28,29",0.0280332060612347,0.0254164499763767,0.0046403876612543,0.5050066659847895,0.0114881052327212,0.0020974314596515,0.528333330154419,0.0367736225188908,0.0067139141915921,0.6986854592959086,0.0109231879235462,0.0019942921418647,0.6874061445395152,0.0080754859506319,0.001474375272659,-0.0156476387851095,0.080324549728184,0.0146651892691906,4.610909875233968,0.190499247641418,0.0347802450403224,5.992571496963501,0.2471298579011912,0.0451195326018429,0.992744390275866,0.0112635753785092,0.002056438104323,0.999165369720229,0.0119645098922487,0.0021844106524927,1489.2828782899549,17.023679565645203,3.108084436614542,1498.8339224025997,17.84422615568583,3.257895062230941,-6.670300841599373,0.1481973911531694,0.0270570180326691,3.157708100165321,0.3826110855814334,0.0698549074414969,8.89373445546583,0.1975965215375591,0.0360760240435588,-4.210277466887094,0.5101481141085779,0.0931398765886625,8.917762887505706,0.1673275183929029,0.0305496854383845,-4.222864190799698,0.5126072433559647,0.0935888501088673,4,finite_k_fixed
elu,4,0.2371373705661655,30,True,"0,1,2,3,4,5,6,7,8,9,10,11,12,13,14,15,16,17,18,19,20,21,22,23,24,25,26,27,28,29",0.0478807038465436,0.0402495221022915,0.0073485237280759,0.5052533318599065,0.017747686406756,0.0032402693961693,0.5436666627724965,0.0378275002084052,0.0069063250527249,0.6995599607626597,0.009776276115805,0.0017848956523418,0.6847846607367197,0.0107630723196248,0.0019650591658393,0.010787300815961,0.1312803424616753,0.0239684016410876,4.323735411961874,0.1144772942650301,0.0209005987970379,5.552046076456706,0.135993614511807,0.0248289234482595,0.9935267994099698,0.0113676119520216,0.0020754324970292,0.9988168929718604,0.0113599610044783,0.0020740356315106,1490.441202627791,17.05441698537236,3.113696295995898,1498.213936274833,16.98163000453015,3.1004072722292397,-5.071911603924922,0.0806210220881395,0.014719317468932,2.7564775898822,0.3333682456411027,0.060864436031185,6.762548805233228,0.1074946961175193,0.0196257566252427,-3.6753034531762663,0.444490994188137,0.0811525813749134,6.7827828054868755,0.070019898334718,0.0127838259307145,-3.68588020852374,0.440711681753482,0.08046257648414,4,finite_k_fixed
elu,4,0.3162277660168379,30,True,"0,1,2,3,4,5,6,7,8,9,10,11,12,13,14,15,16,17,18,19,20,21,22,23,24,25,26,27,28,29",0.0425328602396738,0.0338052826580824,0.0061719719582233,0.4971333314975102,0.0166125505109385,0.0030330228841783,0.5389999916156133,0.0411347628694869,0.0075101458404146,0.7007811645666758,0.0103789241702279,0.0018949236302231,0.6867020646731059,0.0085173596526138,0.0015550500040403,0.0333089863066561,0.1039750244501428,0.0189831554361648,3.917488193511963,0.0878362232456023,0.016036626945892,5.041536553700765,0.1385226535040912,0.0252906606832209,0.9939862605766724,0.0109286681298664,0.0019952926860718,0.9986275424251954,0.0108838504546435,0.001987110135507,1491.092221236732,16.38475119236739,2.991432609056429,1497.7992300170383,16.47849089561023,3.00854705905641,-3.854123864797588,0.0793780905945885,0.0144923902634482,2.3850290676712547,0.1941081762566261,0.0354391422439809,5.138831819730117,0.1058374541261179,0.019323187017931,-3.1800387568950064,0.2588109016755015,0.0472521896586412,5.156008897749557,0.0772410791364331,0.0141022271363553,-3.1897569397462653,0.258023345589881,0.0471084022475096,4,finite_k_fixed
elu,4,0.4216965034285823,30,True,"0,1,2,3,4,5,6,7,8,9,10,11,12,13,14,15,16,17,18,19,20,21,22,23,24,25,26,27,28,29",0.0411463311279419,0.0320947099010127,0.0058596655297896,0.5041900038719177,0.014745176726504,0.0026920886358354,0.5299999962250391,0.0434701624236853,0.0079365295126219,0.6976902961730957,0.0076237781827995,0.0013919050947116,0.6875315686066945,0.0071722224708001,0.0013094626782342,-0.0016587989249577,0.0993683749901429,0.0181421001615778,3.5324804464975994,0.0921841202961816,0.0168304407099961,4.50585576693217,0.1038344359180247,0.0189574875993756,0.9948213945090376,0.0110998736973324,0.0020265504031624,0.9978790999164436,0.010999977347896,0.0020083119084961,1492.3907918439077,16.5628821914801,3.023954731191417,1496.6560683425776,16.532620711329702,3.018429766090794,-2.9206084131110277,0.0394225534860827,0.0071975406062604,1.9154248075835836,0.1801935884772085,0.0328986977089233,3.894144550814703,0.0525634046481103,0.0095967208083473,-2.553899743444778,0.2402581179696114,0.0438649302785644,3.9064481453799185,0.0407351691700843,0.0074371903460813,-2.56379800270398,0.2475457024808593,0.0451954550874097,4,finite_k_fixed
elu,4,0.5623413251903491,30,True,"0,1,2,3,4,5,6,7,8,9,10,11,12,13,14,15,16,17,18,19,20,21,22,23,24,25,26,27,28,29",0.0647951704802727,0.0416060930752162,0.0075961985689851,0.513740000128746,0.0185537946193021,0.0033874439467699,0.5426666617393494,0.0419304337436982,0.0076554148024664,0.6970424870649974,0.0089457882540882,0.0016332700071429,0.6844553629557292,0.0152187575166977,0.0027785522630322,-0.0092505586954454,0.1375217027476721,0.0251079129138067,3.1170827706654864,0.0672245499531174,0.0122734674758184,3.972507198651632,0.0933165576544123,0.0170371945386843,0.9953459106192706,0.0113759767137083,0.0020769596865838,0.998049049535372,0.0115052652121687,0.002100564428928,1493.128701837384,17.045765084694253,3.112116682273667,1497.010281958912,17.256017325547244,3.150503313967398,-2.1938114728009257,0.0372965187440047,0.0068093815441685,1.5058185329861318,0.1339620716538831,0.024458016164985,2.9250819637345677,0.049728691658673,0.0090791753922247,-2.007758043981509,0.1786160955385108,0.03261068821998,2.934151579376421,0.029994729323672,0.0054762632856122,-2.0141328807545524,0.1813065894472524,0.0331019029548627,4,finite_k_fixed
elu,4,0.7498942093324559,30,True,"0,1,2,3,4,5,6,7,8,9,10,11,12,13,14,15,16,17,18,19,20,21,22,23,24,25,26,27,28,29",0.0565250198091922,0.0512163394556097,0.0093507814775597,0.5095766713221868,0.0207409616385886,0.0037867641846014,0.5336666683355967,0.0399554365865506,0.0072948313044736,0.697532985607783,0.0075205127623669,0.0013730514946512,0.6871002336343129,0.0084278059565256,0.0015386998108885,-0.0365424691389004,0.1224266241037775,0.0223519412202815,2.740642253557841,0.0517454782020164,0.0094473885533787,3.4601515611012776,0.0793566387842426,0.0144884737166396,0.995384845337111,0.0111260102065944,0.0020313222550615,0.9976850612015532,0.0110853100023671,0.0020238914484113,1493.184393907335,16.708628389917347,3.050564224709652,1496.5464894585505,16.690349665271025,3.0472270014392464,-1.643125884331618,0.0251189501287661,0.0045860718687908,1.1437644585503473,0.0890844227605292,0.0162645159560895,2.1908345124421573,0.0334919335050215,0.0061147624917211,-1.5250192780671297,0.1187792303473723,0.021686021274786,2.1984328801726294,0.0246154671441071,0.0044941488727849,-1.52967234087568,0.1178809590001049,0.0215220201148997,4,finite_k_fixed
elu,4,1.0,30,True,"0,1,2,3,4,5,6,7,8,9,10,11,12,13,14,15,16,17,18,19,20,21,22,23,24,25,26,27,28,29",0.0943499715224848,0.065610407187151,0.0119787666745005,0.5127066661914189,0.0298785237613147,0.0054550471496753,0.5436666617790858,0.0472326112880398,0.0086234555507775,0.6953270435333252,0.0091561042389353,0.0016716682768445,0.6844918668270111,0.0101252360908791,0.0018486067356799,-0.0675976598635315,0.1670670865074323,0.0305021372989292,2.407410478591919,0.029081018592004,0.0053094432926892,3.0338289896647135,0.0473150421609075,0.008638505300279,0.99596347028919,0.0112711955166915,0.0020578293448476,0.9975603105128666,0.0111900817430855,0.0020430200636715,1494.0176373575846,16.93088760738616,3.091143020383357,1496.3292020100912,16.970745312403384,3.0984200084261304,-1.227941288248698,0.0150892182722428,0.0027549017409421,0.9125603434244792,0.0565056749027147,0.0103164775904234,1.637255050998264,0.0201189576963237,0.0036732023212562,-1.2167471245659722,0.0753408998702863,0.0137553034538979,1.64258425800962,0.0219281841407788,0.0040035203663438,-1.220425487592269,0.073636732945942,0.0134441665651587,4,finite_k_fixed
elu,4,1.333521432163324,30,True,"0,1,2,3,4,5,6,7,8,9,10,11,12,13,14,15,16,17,18,19,20,21,22,23,24,25,26,27,28,29",0.115741638598921,0.0735866463684395,0.0134350220490499,0.5187866628170014,0.0341124367063884,0.0062280503585187,0.543666660785675,0.0389945458175819,0.0071193974546527,0.6926377137502034,0.0081231820634161,0.0014830833516181,0.6849007487297059,0.0097674555561932,0.001783285245852,0.002580960219105,0.2031358614819818,0.0370873645239754,2.117633612950643,0.0215423153254387,0.003933070681544,2.6359471241633097,0.0421632483237932,0.0076979207348778,0.9961790753682364,0.0113169807473685,0.0020661885460618,0.9972255631744976,0.0111668502810538,0.0020387785984053,1494.2913137048054,16.986315260060124,3.101262678943054,1495.7268196227058,16.784149395160004,3.064352410755274,-0.9155649275530012,0.0166413685040171,0.003038284305802,0.7046106800736763,0.0429204444667325,0.0078361652041924,1.2207532367373348,0.0221884913386894,0.0040510457410694,-0.9394809067649018,0.0572272592889767,0.0104482202722565,1.224671829883676,0.0177580880222669,0.0032421684626526,-0.9425271508268552,0.0547805605934741,0.0100015162499414,4,finite_k_fixed
elu,4,1.7782794100389228,30,True,"0,1,2,3,4,5,6,7,8,9,10,11,12,13,14,15,16,17,18,19,20,21,22,23,24,25,26,27,28,29",0.2327746483094655,0.1332927318215159,0.0243358119900436,0.5624300022919972,0.0422620173741018,0.0077159534138236,0.5736666679382324,0.0463482583061375,0.0084619955251158,0.6796866377194722,0.018087834114562,0.0033023715869857,0.6692088345686594,0.0220163443838497,0.0040196161509455,0.0638480888369182,0.3679217648935882,0.0671730166764435,1.85168928305308,0.0333094253791806,0.0060814412192374,2.2677995204925536,0.0497174288229283,0.0090771190891584,0.99640060476486,0.0113311564489693,0.0020687766632402,0.9972337370951214,0.0112828011015323,0.0020599482250511,1494.6238475148584,16.978436332160925,3.0998241900966046,1495.7626675272331,16.872125185875408,3.0804145191183347,-0.6863537607951837,0.0104180009565643,0.0019020580426735,0.5006073876024242,0.0495396396733454,0.009044659379923,0.9151383477269116,0.0138906679420858,0.0025360773902314,-0.6674765168032323,0.0660528528977939,0.0120595458398974,0.9180768312199236,0.014726144577441,0.0026886138567156,-0.6693091942326479,0.0629501034897399,0.0114930638928717,4,finite_k_fixed
elu,4,2.3713737056616555,30,True,"0,1,2,3,4,5,6,7,8,9,10,11,12,13,14,15,16,17,18,19,20,21,22,23,24,25,26,27,28,29",0.4390747912526532,0.1237542310280501,0.0225943279735895,0.6135799984137217,0.0563638250407771,0.0102905794673693,0.6336666683355967,0.0661494374678736,0.0120771796891439,0.6505295077959696,0.0293659620468278,0.0053614666119627,0.6334806104501088,0.0435591892969535,0.0079527835215263,-0.0112916717926661,0.5996122525512289,0.1094737188262642,1.659833053747813,0.0388027818363052,0.0070843863018987,1.9236640771230065,0.0580291330775985,0.0105946217263566,0.9963912445438644,0.0112073848943657,0.0020461791724289,0.997053664688395,0.0112998071683468,0.002063053093854,1494.620720306982,16.815213139997482,3.070023848677965,1495.5185787112189,16.952520645878224,3.095092654773184,-0.5223297580261019,0.0145176094408706,0.0026505407239382,0.3340115420572733,0.0501139686935616,0.0091495170331904,0.696439677368136,0.0193568125878274,0.0035340542985843,-0.445348722743031,0.0668186249247488,0.0121993560442539,0.6987100160367558,0.0181494561727749,0.0033136221840934,-0.4466450629615555,0.0660213020794212,0.0120537854749205,4,finite_k_fixed
elu,4,3.1622776601683795,30,True,"0,1,2,3,4,5,6,7,8,9,10,11,12,13,14,15,16,17,18,19,20,21,22,23,24,25,26,27,28,29",0.6424714104960202,0.0433867997274884,0.0079213096362348,0.678603329261144,0.0152493870226504,0.002784144420144,0.6793333331743876,0.0504417272089837,0.0092093572772941,0.5961487491925558,0.0163048499310104,0.0029768447013169,0.5855576187372208,0.045582265857823,0.008322145077509,-0.1710793117682139,0.7896649828016576,0.1441724413174656,1.516655679543813,0.0287195810875297,0.0052434541345796,1.5911773403485616,0.0385255881858986,0.007033777896857,0.9965556878066648,0.0113577735046221,0.0020736362505053,0.9969208838409124,0.0111995028319894,0.0020447401113078,1494.8583342468503,17.04277604797155,3.111570961327588,1495.3126513466011,16.818933847486072,3.070703153818425,-0.4072704962327271,0.0099676494027729,0.0018198354744005,0.153358527101861,0.0352329056120169,0.0064326190567173,0.5430273283103029,0.0132901992036972,0.0024264472992007,-0.2044780361358146,0.0469772074826893,0.0085768254089564,0.5448384104214185,0.015600408589914,0.0028482318969977,-0.2048400002681768,0.0456270089831586,0.0083303140171889,4,finite_k_fixed
elu,4,4.216965034285822,30,True,"0,1,2,3,4,5,6,7,8,9,10,11,12,13,14,15,16,17,18,19,20,21,22,23,24,25,26,27,28,29",0.7350581957262001,0.0304963999570766,0.0055678553930634,0.7033599932988485,0.0115382319860427,0.0021065833108277,0.7066666682561239,0.049223856092661,0.0089870054497795,0.5684562246004741,0.01456909518805,0.0026599406923116,0.553645599881808,0.0515550550951973,0.009412622209687,-0.1388548294703165,0.8771173921716444,0.1601389937575049,1.4039734959602357,0.0371190018460392,0.0067769715410505,1.3638178825378418,0.0333552633519456,0.0060898100497953,0.99657516756506,0.0113753983774034,0.0020768540973038,0.9970180856718978,0.0111966141954587,0.002044212720845,1494.8582228476876,17.07574910381245,3.1175909901522343,1495.4609710690795,16.785402168636317,3.0645811348527485,-0.3328957830038139,0.0122109920654012,0.0022294119345789,0.0552474602740135,0.0233843798478029,0.0042693841119703,0.4438610440050852,0.0162813227538683,0.0029725492461052,-0.0736632803653514,0.0311791731304039,0.0056925121492937,0.4454155408832945,0.0189207924050115,0.003454448268699,-0.0736919834718315,0.0307871973636004,0.0056209474928025,4,finite_k_fixed
elu,4,5.62341325190349,30,True,"0,1,2,3,4,5,6,7,8,9,10,11,12,13,14,15,16,17,18,19,20,21,22,23,24,25,26,27,28,29",0.8084085704324909,0.0146029038169903,0.0026661132752146,0.7232100029786428,0.0085390476338953,0.0015590096695652,0.7373333275318146,0.0519902736510206,0.0094920818831768,0.5434784511725108,0.0122342916600476,0.0022336658391018,0.5141354004542033,0.0487166776359947,0.0088944077559806,-0.312610250711441,0.8958102434078088,0.1635518258528834,1.3332773963610332,0.0333363403013766,0.0060863551892441,1.2130320946375528,0.0196098943089695,0.0035802604877716,0.9966029133809878,0.011343505589081,0.0020710312974418,0.996725097867706,0.0112781000502076,0.0020590899344329,1494.8962072097988,17.025079163909492,3.1083399671281406,1495.082694726352,16.877475873004652,3.081391416464615,-0.2877838915319548,0.0109112164211053,0.0019921064545534,-0.0122520742763753,0.0151536347747437,0.0027666625314406,0.3837118553759397,0.0145482885614738,0.0026561419394045,0.016336099035167,0.020204846366325,0.0036888833752541,0.3850737651531618,0.0171999087326022,0.0031402593332921,0.0165027573430102,0.0203859409380198,0.0037219465692404,4,finite_k_fixed
elu,4,7.498942093324557,30,True,"0,1,2,3,4,5,6,7,8,9,10,11,12,13,14,15,16,17,18,19,20,21,22,23,24,25,26,27,28,29",0.8515310165544305,0.0102627673708928,0.0018737163971553,0.7355266670385997,0.0075794155720288,0.0013838056271687,0.7520000020662944,0.0500620318474712,0.0091400347058006,0.5270471632480621,0.0118696977077938,0.0021671003951086,0.5062372515598933,0.0540193262269101,0.0098625345052363,0.1330583651860555,0.9655906686740738,0.1762919301830957,1.264708153406779,0.0401066380251078,0.0073224367840153,1.101482081413269,0.0217638761292806,0.0039735219649184,0.9965877251210224,0.0112725499924395,0.0020580766371546,0.9967502716754644,0.0112753992586134,0.0020585968396065,1494.8837510029548,16.902488728096344,3.0859581181183904,1495.150647193294,16.911423838153986,3.087589438562511,-0.2514260137028852,0.012332815984623,0.0022516538374461,-0.0593314983094916,0.0163371046064133,0.002982733572418,0.3352346849371803,0.016443754646164,0.0030022051165948,0.0791086644126555,0.0217828061418844,0.0039769780965573,0.3364594583394516,0.0187889586716862,0.0034303788321716,0.0795134186342065,0.0223951047990419,0.0040887680253758,4,finite_k_fixed
elu,4,10.0,30,True,"0,1,2,3,4,5,6,7,8,9,10,11,12,13,14,15,16,17,18,19,20,21,22,23,24,25,26,27,28,29",0.8838406431979541,0.0070678505284401,0.0012904070558338,0.7438033362229665,0.0070390247093964,0.0012851442053908,0.7483333309491476,0.054840416010404,0.0100124443039552,0.5161886741717656,0.0163037212553494,0.0029766386342771,0.4953192740678787,0.0595199242161108,0.0108668017047206,0.000669527053833,0.9907887620020922,0.1808924515570544,1.212608957290649,0.03680464334409,0.0067195777934968,1.0225998024145762,0.0194273849241452,0.00354693898543,0.9966667042007914,0.0113435572699024,0.0020710407330257,0.99678961541154,0.011317173619645,0.0020662237595606,1495.001435480143,17.018345072122624,3.107110495802815,1495.2297334444172,16.9508123332574,3.094780760987285,-0.2263917594401476,0.0112668846017525,0.0020570422830624,-0.0886849930826885,0.0117574591944316,0.0021466085399122,0.3018556792535302,0.0150225128023367,0.0027427230440833,0.1182466574435846,0.0156766122592422,0.002862144719883,0.3029515352340454,0.0173360798710141,0.0031651206680218,0.1187066458834262,0.0163373074300347,0.0029827706027755,4,finite_k_fixed
elu,dynamic,0.1,30,True,"0,1,2,3,4,5,6,7,8,9,10,11,12,13,14,15,16,17,18,19,20,21,22,23,24,25,26,27,28,29",0.031148530645119,0.0237919551213666,0.0043437968357076,0.4988333324591318,0.0132241759808738,0.0024143931630475,0.5289999922116597,0.0364218580326967,0.0066496910769195,0.6970571180184683,0.0063049703877974,0.0011511248352662,0.6889269669850667,0.0075906551726663,0.0013858576881042,-0.0050974968393954,0.0735081987618126,0.0134206995411393,3.4269280751546223,0.0418570101818636,0.0076420095554433,4.399109554290772,0.090868267067067,0.0165901998780121,0.9902805233057752,0.0116208055337978,0.0021216591090806,0.9985858087684846,0.0108240929710442,0.0019761999615913,1485.737617207845,17.34508510370188,3.166764791048118,1497.9944876708985,16.23594992176146,2.9642653382243296,-9.434632792154956,0.3194262160078256,0.0583189813220012,1.7931230875650943,0.3166615982154142,0.0578142334794066,12.579510389539944,0.4259016213437674,0.0777586417626683,-2.390830783420126,0.4222154642872189,0.0770856446392089,12.62106555615207,0.4309705785332726,0.078684102494575,-2.3984546238585183,0.4334207891547433,0.0791314477039144,0,dynamic
elu,dynamic,0.1333521432163324,30,True,"0,1,2,3,4,5,6,7,8,9,10,11,12,13,14,15,16,17,18,19,20,21,22,23,24,25,26,27,28,29",0.0352743245035379,0.0236224884036181,0.0043128565876886,0.4993066688378652,0.0125535533990098,0.0022919547911611,0.5259999960660935,0.0435177340700486,0.0079452148672255,0.6962857127189637,0.0053965816059607,0.0009852764930007,0.6901853124300639,0.0038608879049298,0.0007048984658429,0.022512680501677,0.0747783596930809,0.0136525981390451,3.295694382985433,0.0407865206179439,0.0074465657948658,4.1961180686950685,0.0920013329610868,0.0167970684611102,0.9920320773637742,0.0116509341953122,0.0021271598249269,0.998199063435669,0.0105795340383847,0.0019315498135723,1488.29849890091,17.516983111315856,3.1981489298349075,1497.593792160739,15.807697517072544,2.886077504106346,-7.028678065382161,0.2684564430685041,0.049013216525407,1.7472643829612398,0.1976899188494461,0.0360930759817358,9.371570753842882,0.3579419240913388,0.0653509553672093,-2.3296858439483197,0.2635865584659282,0.048124101308981,9.401071375547655,0.3480431266054136,0.0635436904754704,-2.3350006077656063,0.2512295642192906,0.0458680331450327,0,dynamic
elu,dynamic,0.1778279410038923,30,True,"0,1,2,3,4,5,6,7,8,9,10,11,12,13,14,15,16,17,18,19,20,21,22,23,24,25,26,27,28,29",0.0347188243739509,0.0220416283974641,0.0040242323591458,0.5017666647831599,0.014083107618855,0.0025712119075399,0.5319999982913335,0.0348791057530579,0.0063680243355193,0.6978804707527161,0.0103596623090177,0.001891406911595,0.6880164881547292,0.0090375150604538,0.0016500169541344,0.0094679318116201,0.072978936565044,0.013324069926471,3.126124858856201,0.0408803859352143,0.0074637031787446,3.998702653249105,0.075432398552766,0.0137720087513566,0.9936966432049732,0.0112144525038752,0.0020474695354809,0.9980557041757292,0.0119409857655609,0.0021801157542152,1490.7074337848562,17.022568758548875,3.10788163191331,1497.1693800936923,17.81346000342283,3.2522779570302456,-5.388680447353406,0.2776947207235243,0.0506998875467905,1.4931657912579477,0.1858725264427306,0.0339355251843863,7.184907263137874,0.3702596276313658,0.0675998500623873,-1.9908877216772636,0.2478300352569742,0.0452473669125151,7.20287630845368,0.3441622283597401,0.0628351386379579,-1.997187822584312,0.2515534401779293,0.0459271645344927,0,dynamic
elu,dynamic,0.2371373705661655,30,True,"0,1,2,3,4,5,6,7,8,9,10,11,12,13,14,15,16,17,18,19,20,21,22,23,24,25,26,27,28,29",0.0438478458720551,0.0368605980034651,0.0067297936698759,0.5032333344221115,0.0171484851493641,0.0031308707144496,0.5300000021855037,0.0428308681621246,0.0078198108833084,0.6970952411492666,0.0059730394035367,0.0010905228060614,0.6881821751594543,0.0065488220794283,0.0011956458593302,-0.0019140747608616,0.0997133648768996,0.0182050864092737,2.949283782641093,0.0368354862646512,0.006725208914607,3.724886401494344,0.0698632622350389,0.0127552282223431,0.9942256586857154,0.0111189422091521,0.0020300318211829,0.9978531531702552,0.0113368353592106,0.0020698134856539,1491.4099067011966,16.663368712589072,3.0423009759702846,1496.768299771294,16.943487024028542,3.093443348618836,-3.9960048670172097,0.1716930356999723,0.0313467162064715,1.3108410863433628,0.1426896410523055,0.0260514450422209,5.32800648935628,0.2289240475999632,0.0417956216086287,-1.7477881151244836,0.1902528547364074,0.0347352600562946,5.344525124844009,0.2249865267584178,0.041076731946775,-1.752778855926529,0.1867674862494129,0.0340989217424464,0,dynamic
elu,dynamic,0.3162277660168379,30,True,"0,1,2,3,4,5,6,7,8,9,10,11,12,13,14,15,16,17,18,19,20,21,22,23,24,25,26,27,28,29",0.05158097385664,0.042856055316125,0.0078244094074436,0.5055066694815954,0.0192862431808052,0.0035211701465524,0.5486666679382324,0.0379412709462122,0.0069270966525519,0.6978843986988068,0.0060966390650173,0.0011130889136257,0.6867302318414052,0.0072529958079768,0.0013242098045064,0.0203713031408066,0.11138479896591,0.0203359889856023,2.7280420700709027,0.0248834984537496,0.0045430844709212,3.4557902892430623,0.0645480262965527,0.0117848033483528,0.994568208844268,0.010915372702361,0.0019928652842197,0.9978115171980788,0.0108599352590789,0.0019827438381477,1491.773560709893,16.2574144821631,2.9681842128639664,1496.5752711718596,16.439191196457692,3.001371948480073,-2.9842419008665386,0.1272656192966618,0.0232354168278821,1.1610702224924656,0.1247270522280906,0.02277194001215,3.9789892011553847,0.169687492395549,0.0309805557705095,-1.548093629989954,0.1663027363041208,0.0303625866828667,3.992814110871756,0.1613985449547161,0.0294672079400698,-1.5531678462064047,0.1692508745095284,0.0309008406154482,0,dynamic
elu,dynamic,0.4216965034285823,30,True,"0,1,2,3,4,5,6,7,8,9,10,11,12,13,14,15,16,17,18,19,20,21,22,23,24,25,26,27,28,29",0.0598199508231524,0.044523289699027,0.0081288033674981,0.5038899997870128,0.022252412890251,0.004062716166303,0.5273333271344502,0.0331072774901644,0.006044534232982,0.6964399139086406,0.0045153948297919,0.000824394534773,0.688895579179128,0.0039324314510221,0.0007179604705225,-0.020833035527418,0.1183150398495347,0.0216012720725709,2.526008701324463,0.0321763506801702,0.0058745710285753,3.164990838368734,0.0453881859541753,0.0082867110971136,0.9952830333977998,0.0109354261121074,0.0019965265191774,0.9972710281109604,0.0110482288539749,0.0020171213879338,1492.9510191929865,16.142633272561056,2.9472281269717104,1495.744048886433,16.603744950668847,3.0314152161812764,-2.2220185689749004,0.0812738290482203,0.0148385031681762,1.003405351438906,0.1018360094044357,0.0185926265057058,2.9626914252998673,0.108365105397627,0.0197846708909017,-1.337873801918541,0.1357813458725809,0.0247901686742745,2.97250108819358,0.1115145863450364,0.020359684810678,-1.342319501210909,0.1329891318996124,0.0242803824814825,0,dynamic
elu,dynamic,0.5623413251903491,30,True,"0,1,2,3,4,5,6,7,8,9,10,11,12,13,14,15,16,17,18,19,20,21,22,23,24,25,26,27,28,29",0.0704485987539263,0.0448639800022976,0.0081910046222396,0.5090599983930588,0.0237077834181542,0.0043284292555233,0.5296666612227757,0.0349860414296522,0.0063875480296102,0.6957826614379883,0.0055128445869275,0.0010065031120934,0.6866818010807038,0.00748668463704,0.0013668753522113,0.015666971138368,0.1266858312905868,0.023129562504716,2.288469696044922,0.0220680709485191,0.0040290600863761,2.872839633623759,0.0496171946935128,0.0090588189245875,0.9956398908764892,0.0114620394068513,0.0020926725127152,0.9975829715395744,0.0115185328986291,0.0021029867659815,1493.4543924479167,17.177222006115898,3.136117322674606,1496.311193310547,17.2758176716831,3.154118346042404,-1.6685283854166806,0.0787544474951373,0.0143785291323143,0.8067298846209284,0.0792961252220008,0.0144774255022814,2.224704513888907,0.1050059299935164,0.019171372176419,-1.0756398461612378,0.1057281669626677,0.0193032340030418,2.2315385482510144,0.091978610774167,0.0167929199763329,-1.0787839706329905,0.1044346937274554,0.0190670791802235,0,dynamic
elu,dynamic,0.7498942093324559,30,True,"0,1,2,3,4,5,6,7,8,9,10,11,12,13,14,15,16,17,18,19,20,21,22,23,24,25,26,27,28,29",0.0646617196289944,0.0463586868169471,0.0084638995019864,0.5130066643158595,0.0212724539306149,0.0038838009570957,0.5299999952316284,0.0358156217835326,0.0065390079873047,0.694363780816396,0.0054026976821386,0.0009863931306293,0.6890680611133575,0.0045137439675414,0.0008240931299417,-0.0090674020970861,0.1156494429766964,0.021114602893748,2.0802710612614947,0.0233119774521512,0.0042561653035316,2.5869598468144734,0.0466872717484228,0.0085238906283282,0.9956980667372992,0.0112052595897355,0.0020457911466664,0.9973694513102984,0.011080424357392,0.0020229994557577,1493.568756149631,16.940457369466223,3.0928902119037596,1496.073065113661,16.682691649024836,3.0458288453579865,-1.234892461480014,0.0661030492844234,0.0120687104043181,0.6703401136610243,0.058324014207653,0.0106484594085944,1.646523281973352,0.0881373990458978,0.0160916138724241,-0.8937868182146991,0.0777653522768706,0.0141979458781259,1.6522940959484849,0.0877331725003317,0.0160178125399745,-0.8965391190845237,0.0775887114739062,0.0141656958273394,0,dynamic
elu,dynamic,1.0,30,True,"0,1,2,3,4,5,6,7,8,9,10,11,12,13,14,15,16,17,18,19,20,21,22,23,24,25,26,27,28,29",0.1288931202825443,0.0802654890395905,0.0146544063120558,0.5237666676441829,0.0319875767099552,0.0058401057746564,0.5353333363930385,0.0419961727137538,0.0076674170414019,0.6930258234341939,0.0088017486301558,0.0016069720900755,0.6856764336427053,0.0117070834633797,0.0021374112318296,-0.0456307555393626,0.2053536628965685,0.0374922778115874,1.8636972427368164,0.019335575839974,0.0035301770166352,2.3043792565663654,0.049266036990929,0.0089947065929385,0.996245388200809,0.0113820811319591,0.0020780741957759,0.9973174432288276,0.0111784409853985,0.0020408947618143,1494.3702457743327,17.106697651986003,3.123241396137798,1495.9649019032795,16.95320464,3.095217534443083,-0.914858392333992,0.0514878344205763,0.0094003494497468,0.5482602366129635,0.0346874451627494,0.0063330320592871,1.219811189778656,0.0686504458941018,0.0125337992663291,-0.7310136488172846,0.0462499268836659,0.0084440427457161,1.223622066789809,0.0667280893824244,0.0121828265913249,-0.7333998054075567,0.0479776529122114,0.0087594809187238,0,dynamic
elu,dynamic,1.333521432163324,30,True,"0,1,2,3,4,5,6,7,8,9,10,11,12,13,14,15,16,17,18,19,20,21,22,23,24,25,26,27,28,29",0.2390608764942125,0.1156899780257919,0.0211220035473344,0.5609500000874201,0.0451775440359666,0.0082482533203939,0.5833333283662796,0.0567713762519064,0.0103649877979274,0.6819438139597574,0.0168849172996311,0.0030827500288723,0.6708319942156474,0.0222040879372278,0.0040538932773493,-0.1176951554603874,0.3290037097013435,0.0600675844354357,1.6732343912124634,0.0219454159328719,0.0040066664467557,2.024646846453349,0.0511654089520782,0.0093414828823433,0.9962800081861786,0.0112593022157616,0.0020556579351135,0.9970220155634474,0.0111676874408145,0.002038931442167,1494.3588945394276,16.898811021196714,3.0852866637754506,1495.421520436929,16.785338428842508,3.0645694976117883,-0.6706611411122263,0.0327164401171186,0.0059731774178042,0.3993114942968438,0.0332985862588929,0.0060794622756757,0.8942148548163018,0.0436219201561581,0.0079642365570723,-0.5324153257291251,0.0443981150118572,0.0081059497009009,0.8972317375034825,0.0433794277464334,0.0079199637027957,-0.5340387184471643,0.0421508463710858,0.0076956564584594,0,dynamic
elu,dynamic,1.7782794100389228,30,True,"0,1,2,3,4,5,6,7,8,9,10,11,12,13,14,15,16,17,18,19,20,21,22,23,24,25,26,27,28,29",0.4304266008038177,0.1637325566556871,0.0298933382261041,0.6190233359734217,0.0502351620052114,0.0091716438033935,0.6333333293596903,0.0729351801077684,0.0133160811269089,0.6478671093781789,0.0303067429252245,0.0055332289148851,0.6299395859241486,0.0466530484967781,0.0085176423460226,-0.0079298513631025,0.5829061468422546,0.1064236151779738,1.528625440597534,0.0393493728401115,0.0071841797094034,1.733797546227773,0.0493034857884667,0.0090015437766595,0.9965250635025013,0.0113379802252346,0.0020700225086361,0.9970715028852494,0.0112866228175201,0.0020606459717361,1494.7182014626198,16.934519673681173,3.091806141930068,1495.5193276273155,16.877631928438426,3.081419908158381,-0.5146123552040521,0.0311940386186859,0.0056952262037138,0.2572674876847429,0.0580503031314221,0.0105984868316975,0.6861498069387362,0.0415920514915813,0.0075936349382851,-0.3430233169129905,0.0774004041752295,0.0141313157755967,0.6885802482637112,0.0451273475336251,0.0082390887348472,-0.3437068364478879,0.0757851082635456,0.0138364044396383,0,dynamic
elu,dynamic,2.3713737056616555,30,True,"0,1,2,3,4,5,6,7,8,9,10,11,12,13,14,15,16,17,18,19,20,21,22,23,24,25,26,27,28,29",0.6307413583291719,0.0419619588252377,0.0076611704685618,0.6759766678015391,0.0133910064763436,0.0024448521049303,0.6813333392143249,0.0522417038662598,0.0095379865500184,0.6027983943621318,0.0175348813030571,0.00320141667762,0.5858855366706848,0.0492768717477943,0.0089966847398519,-0.0046205878257751,0.7696608078685214,0.1405201953657462,1.4274262269337972,0.0297449423459243,0.0054306586315178,1.4894475102424622,0.0359043609334303,0.006555209465349,0.9965439508128828,0.0113219375576603,0.0020670935316651,0.9969206396875078,0.0112996749788421,0.0020630289594628,1494.8255109100269,16.923442092651634,3.089783661592578,1495.319050676535,16.952430273580223,3.0950761551244543,-0.4049278066786405,0.019796563864654,0.0036143415299208,0.1344835073733934,0.0252252129717243,0.0046054727208284,0.5399037422381873,0.0263954184862053,0.0048191220398945,-0.1793113431645246,0.0336336172956325,0.0061406302944379,0.5416753815914666,0.026789220689323,0.0048910201565087,-0.1797187769467948,0.0326587055215346,0.005962636571021,0,dynamic
elu,dynamic,3.1622776601683795,30,True,"0,1,2,3,4,5,6,7,8,9,10,11,12,13,14,15,16,17,18,19,20,21,22,23,24,25,26,27,28,29",0.7380496576636485,0.0204435391540165,0.0037324625166316,0.7045500000317891,0.0098255728683702,0.0017938959668057,0.7060000002384186,0.0461332371298019,0.0084227382089091,0.5668066740036011,0.0126945126467987,0.002317690311062,0.5465411206086477,0.0483641429770037,0.0088300440276366,-0.1712231675783793,0.8518337470903219,0.1555228528418399,1.337075928846995,0.0294641229754029,0.0053793882635781,1.2898980379104614,0.0187082782191712,0.0034156486642408,0.99655427050247,0.0113910833690798,0.0020797177718889,0.996843842515161,0.0111914862385219,0.0020432764882823,1494.899140585757,17.04829169328497,3.1125779757800407,1495.197094552202,16.806909444230026,3.0685078081838,-0.3246169900002255,0.0156434850644392,0.0028560965492628,0.0378017327028458,0.0205327265301897,0.0037487458292232,0.432822653333634,0.020857980085919,0.0038081287323504,-0.050402310270461,0.0273769687069197,0.0049983277722976,0.4343614535680403,0.0235618434632676,0.0043017843870791,-0.050421518834239,0.0271863974763925,0.0049635343850405,0,dynamic
elu,dynamic,4.216965034285822,30,True,"0,1,2,3,4,5,6,7,8,9,10,11,12,13,14,15,16,17,18,19,20,21,22,23,24,25,26,27,28,29",0.7985488316991363,0.0162597469716543,0.0029686100652337,0.720823327700297,0.0086938681446369,0.0015872758982644,0.7293333331743876,0.0480612627967269,0.008774745925317,0.5448498964309693,0.0140104185725924,0.0025579407640994,0.5317655652761459,0.0496193954929681,0.0090592207337562,-0.2466447472572326,0.8822887272416549,0.1610831460475923,1.2717082182566324,0.0352785367016797,0.0064409501157613,1.158768371740977,0.0231323896128538,0.004223377199986,0.9965974882035968,0.0113737154692218,0.0020765468417127,0.9969688923179896,0.0111944946714011,0.0020438257504659,1494.8667190861734,17.051270825401218,3.11312188840066,1495.3871844878097,16.78223943606493,3.0640037015285135,-0.2772643439902305,0.0159318676613699,0.0029087477671064,-0.0185391209962609,0.01799753088295,0.0032858845479958,0.3696857919869739,0.0212424902151599,0.0038783303561419,0.0247188279950145,0.0239967078439333,0.0043811793973278,0.3710222867388794,0.0232508333476605,0.0042450019684356,0.0249579249811097,0.0242834267135164,0.0044335268615055,0,dynamic
elu,dynamic,5.62341325190349,30,True,"0,1,2,3,4,5,6,7,8,9,10,11,12,13,14,15,16,17,18,19,20,21,22,23,24,25,26,27,28,29",0.8469477517237962,0.009071331071877,0.0016561908848881,0.734359993537267,0.0074281204403465,0.0013561830416809,0.7493333379427592,0.0509856786647838,0.0093086687714706,0.5282558878262837,0.0119132411719247,0.0021750503076208,0.5001265237728755,0.0513044758125975,0.0093668729011792,-0.3718217571576436,0.8761002467946666,0.1599532892684273,1.224860660235087,0.0333236527324338,0.0060840387666742,1.0660842498143517,0.0230636349033126,0.0042108243648692,0.9966228345699646,0.0113442276465674,0.0020711631264995,0.9966950005879412,0.0112781091045728,0.0020590915875263,1494.881377623732,17.02443124148012,3.1082216732181136,1495.0375489185717,16.87748852913242,3.081393727146838,-0.2461145223216932,0.012662280438307,0.002311805541839,-0.0573978820567429,0.0133643053086722,0.0024399771609819,0.3281526964289242,0.0168830405844094,0.0030824073891187,0.0765305094089905,0.0178190737448962,0.0032533028813092,0.329343513004406,0.0188690215070122,0.0034449962391469,0.0769022544395925,0.018415526421316,0.0033621997430957,0,dynamic
elu,dynamic,7.498942093324557,30,True,"0,1,2,3,4,5,6,7,8,9,10,11,12,13,14,15,16,17,18,19,20,21,22,23,24,25,26,27,28,29",0.8776267414168373,0.0064919351321847,0.0011852597712526,0.743009998401006,0.0072521261087485,0.0013240510198779,0.7599999964237213,0.0420180575759376,0.0076714126522972,0.515535083413124,0.0112527934729177,0.0020544696066879,0.4927857448657354,0.0527168456733587,0.0096247351786057,-0.0587039271990458,0.9724998775116476,0.1775533733613801,1.1893853942553203,0.0405135550135909,0.00739672932189,0.996458520491918,0.0205500884355418,0.0037519156649574,0.99660567229504,0.0112542872087012,0.0020547423242825,0.9967300292862528,0.0112746873046956,0.0020584668551996,1494.898924033513,16.856157155940416,3.077499169053564,1495.120283034537,16.910349928377247,3.087393370359363,-0.2228684554858968,0.0146602640934907,0.0026765857809959,-0.0896956570663414,0.0146290016279222,0.0026708780617975,0.2971579406478624,0.0195470187913209,0.0035687810413279,0.1195942094217886,0.0195053355038962,0.0035611707490634,0.2982801146028446,0.0216212900776339,0.0039474894326275,0.1201182570110518,0.0204159017259274,0.0037274166356997,0,dynamic
elu,dynamic,10.0,30,True,"0,1,2,3,4,5,6,7,8,9,10,11,12,13,14,15,16,17,18,19,20,21,22,23,24,25,26,27,28,29",0.9024518552738762,0.0046829830802977,0.0008549918231646,0.7497800091902415,0.0064279772515837,0.0011735827132741,0.7563333352406819,0.0523570786062813,0.0095590509992438,0.5080362111330032,0.0166150666700782,0.0030334822698847,0.4867706626653671,0.0608129303029011,0.0111028712382961,-0.0679061392943064,0.9856118484960518,0.1799472807885506,1.1569677631060282,0.0352120072914828,0.0064288035628605,0.9483619153499604,0.0201267629020616,0.0036746273503391,0.9966946108554128,0.0113704958828619,0.0020759590283543,0.9967763126205051,0.011316596519946,0.0020661183960529,1495.0220263802082,17.069786970953903,3.1165024585997445,1495.2097786572265,16.949946468227104,3.094622676384336,-0.2061536197916791,0.0123965329590493,0.0022632869121758,-0.1086397802734375,0.0107329111622379,0.0019595525170855,0.2748714930555721,0.0165287106120657,0.0030177158829011,0.1448530403645833,0.0143105482163172,0.0026127366894474,0.2758787167044622,0.0184551564867853,0.0033694351700333,0.1453869689157357,0.0150760255344897,0.0027524930875879,0,dynamic
linear,1,0.1,30,True,"0,1,2,3,4,5,6,7,8,9,10,11,12,13,14,15,16,17,18,19,20,21,22,23,24,25,26,27,28,29",0.0297722685619165,0.0189803000052217,0.0034653128203584,0.4999033331871033,0.0115015638784243,0.0020998886609332,0.5346666663885117,0.0452375611597071,0.008259210897897,0.6986389418443044,0.0087806513530568,0.0016031202718858,0.6874722341696421,0.0088806915495958,0.0016213850293197,0.0481985215097665,0.2567791523422624,0.0468812446783042,54.201594543457034,15.273114334949714,2.788476414869157,73.99833844502767,21.224129054126973,3.874978082115376,0.9855691660896102,0.0115349298449645,0.0021059804251088,1.514582199956765,0.2739340173067496,0.0500132801823057,1478.6690678304035,17.215977852735758,3.143193139817576,2271.8810146484375,409.91918304261213,74.84066110217594,-16.503182169596354,0.3042909835725489,0.0555556785827063,775.6796500651042,412.9573899717509,75.39535925866187,22.00424289279514,0.4057213114300654,0.0740742381102751,-1034.239533420139,550.6098532956679,100.52714567821585,22.07554916553034,0.3312962758681371,0.060486147836811,-1038.2040982475748,555.6614349027967,101.44943407731672,1,finite_k_fixed
linear,1,0.1333521432163324,30,True,"0,1,2,3,4,5,6,7,8,9,10,11,12,13,14,15,16,17,18,19,20,21,22,23,24,25,26,27,28,29",0.0231723656150293,0.0192608989492232,0.0035165429441057,0.500163334608078,0.009327691708121,0.0017029957193306,0.5236666649580002,0.0512252196488875,0.0093524027716175,0.7002228180567424,0.0148960734129028,0.0027196384754999,0.6867724816004436,0.0124132494501236,0.0022663389119237,-0.0551476619710835,0.2134795087966803,0.0389758475110214,54.47299969991048,11.536988795005987,2.106356336236374,73.97814763387045,15.54075896907766,2.837341416038188,0.988058151241718,0.0116139517988894,0.0021204077940098,1.5165601930355082,0.2121738624354414,0.0387374701896297,1482.3366575167272,17.465855609114126,3.1888143677466467,2275.288716253121,318.2752985790815,58.10885350948496,-12.990519449564976,0.1782472693615559,0.0325433500810078,779.4421884753433,317.4227396836383,57.95319826327299,17.320692599419967,0.2376630258154079,0.0433911334413438,-1039.2562513004575,423.2303195781845,77.27093101769732,17.37533133985733,0.1836736777286841,0.0335340721706448,-1042.125414584759,423.2234388764696,77.26967477918376,1,finite_k_fixed
linear,1,0.1778279410038923,30,True,"0,1,2,3,4,5,6,7,8,9,10,11,12,13,14,15,16,17,18,19,20,21,22,23,24,25,26,27,28,29",0.0262198146824979,0.0218129175129778,0.0039824756556191,0.501200000445048,0.0114550703977396,0.0020914001515505,0.5346666614214579,0.0484044251306942,0.0088373985090503,0.6984301249186198,0.0072696218025761,0.0013272452819341,0.6875822464625041,0.0070135015739024,0.0012804843397081,0.0409489506234725,0.2384630715542183,0.0435372011407379,52.699931907653806,13.95451568590288,2.5477343400762273,71.40866165161133,19.055401809427316,3.479024471116033,0.9904470714863456,0.0112123208034623,0.0020470803420135,1.5032955387413536,0.2748852010911317,0.0501869417873188,1485.832565844818,17.02006058467713,3.1074237041107433,2255.0878695941597,412.50408836994075,75.31259808777367,-10.263548387391737,0.1743778179544772,0.0318368881407321,759.4116552917252,409.6532873760722,74.79211541734036,13.684731183188983,0.2325037572726363,0.0424491841876429,-1012.5488737223002,546.2043831680962,99.72282055645378,13.720481450938374,0.1754937958115716,0.0320406368894011,-1014.7330241205232,545.823849830836,99.6533449922204,1,finite_k_fixed
linear,1,0.2371373705661655,30,True,"0,1,2,3,4,5,6,7,8,9,10,11,12,13,14,15,16,17,18,19,20,21,22,23,24,25,26,27,28,29",0.0283817768581056,0.0222426332709817,0.0040609306602772,0.5004299988349279,0.0111458059308498,0.0020349364433004,0.5403333306312561,0.0353780957790143,0.0064591270332481,0.7024630864461263,0.0146666774823953,0.0026777567002536,0.6845687349637349,0.0137192303235305,0.0025047773066021,-0.0005835280155224,0.2505884588755155,0.0457509838588585,45.40699475606282,15.445923288518111,2.8200268688719152,60.59627488454183,20.829914134364873,3.8030046140957783,0.991546566305466,0.011092909889731,0.0020252789916592,1.382569893644637,0.2501368413201048,0.0456685301513705,1487.3910772782338,16.624504253751336,3.035205329040065,2073.912639410821,375.606732950081,68.5760934625261,-8.01483428998002,0.1075436916041564,0.0196347019363251,578.4551807258703,372.5948401828971,68.02619959273501,10.686445719973358,0.1433915888055419,0.0261796025817668,-771.2735743011604,496.79312024386286,90.70159945698002,10.719521201738957,0.1083695054337737,0.0197854742239188,-772.8593160302675,496.42867472598977,90.63506111327312,1,finite_k_fixed
linear,1,0.3162277660168379,30,True,"0,1,2,3,4,5,6,7,8,9,10,11,12,13,14,15,16,17,18,19,20,21,22,23,24,25,26,27,28,29",0.0278981138283136,0.0205165104109095,0.0037457851844482,0.5009566674629847,0.0096896560075688,0.0017690810566036,0.5269999970992406,0.031310460373348,0.0057164818107847,0.6965824782848358,0.0046016685261278,0.0008401458846405,0.6896576941013336,0.0039968743701335,0.0007297260840121,0.0146133176361521,0.2114484991689648,0.0386050375818181,42.08918972015381,15.700393736361164,2.8664866037059427,55.10326099395752,20.54129904177191,3.7503109485459096,0.9924269731909005,0.0109010706668653,0.0019902541017333,1.326987157588392,0.2311914003290004,0.0422095816871336,1488.5618815490466,16.236726640176265,2.9644071469565354,1990.318178690335,346.9422226625308,63.34269383441606,-6.195921061712999,0.0968151337453879,0.0176759442200762,494.90397774096783,347.18642636900626,63.387279127303714,8.261228082284,0.1290868449938508,0.0235679256267683,-659.8719703212904,462.915235158675,84.51637216973829,8.290279667148784,0.0997456373946502,0.0182109785379269,-662.1834346842368,466.5246557502758,85.1753591955861,1,finite_k_fixed
linear,1,0.4216965034285823,30,True,"0,1,2,3,4,5,6,7,8,9,10,11,12,13,14,15,16,17,18,19,20,21,22,23,24,25,26,27,28,29",0.0398611512748845,0.0327138959871611,0.0059727129253486,0.5034933318694432,0.0153711290476153,0.0028063713712339,0.5263333290815353,0.0456737592623045,0.0083388494113415,0.6977577726046245,0.0094598035793415,0.0017271159366578,0.6873117923736572,0.0102568681737863,0.0018726393560465,0.0116075040772557,0.2171403634225159,0.0396442250637938,16.935568396250407,7.961949736950832,1.4536464908834317,21.514219188690184,9.857730014326208,1.799767031547396,0.9936385685221296,0.0109058762192583,0.0019911314715489,1.0510688946354885,0.0593750571034715,0.0108403527095762,1490.4842859934138,16.09922624479631,2.939303124218042,1576.4327993710458,89.10698028326424,16.268634377437298,-4.68875176854736,0.0654489161195768,0.0119492825743185,81.6921558360518,88.4629665756365,16.15105409910055,6.2516690247298135,0.0872652214927691,0.015932376765758,-108.92287444806904,117.95062210084868,21.534738798800735,6.271862682193137,0.0567778341457094,0.0103661668426307,-109.38381616299058,118.51636867554362,21.63802951906463,1,finite_k_fixed
linear,1,0.5623413251903491,30,True,"0,1,2,3,4,5,6,7,8,9,10,11,12,13,14,15,16,17,18,19,20,21,22,23,24,25,26,27,28,29",0.0394227701167337,0.0236920390159222,0.0043255547341043,0.5075333307186762,0.0117669130793422,0.0021483345752527,0.5289999971787135,0.0395099264780062,0.0072134926591248,0.6964912553628285,0.0056535599046427,0.0010321940966598,0.6887331287066142,0.005130418452559,0.0009366819719691,-0.0094867987480635,0.1223451192927533,0.0223370605457671,7.101007763544718,1.0323234590905603,0.1884756150618871,9.028699286778767,1.1833090923265843,0.2160416941227445,0.9944019530307356,0.0114622730665829,0.0020927151729504,1.0051881694942295,0.0113745409063033,0.0020766975452158,1491.5974983434608,17.178140353039073,3.1362849891164193,1507.718409100116,17.051366929105395,3.113139434456206,-3.525422489872686,0.0608339451943041,0.0111067080149844,12.213945674189842,3.400176286168696,0.6207844171429119,4.7005633198302466,0.0811119269257389,0.0148089440199792,-16.28526089891979,4.533568381558261,0.8277125561905492,4.7158105322631165,0.0529383014932372,0.0096651672946184,-16.34437906335678,4.594145394208103,0.8387723549554139,1,finite_k_fixed
linear,1,0.7498942093324559,30,True,"0,1,2,3,4,5,6,7,8,9,10,11,12,13,14,15,16,17,18,19,20,21,22,23,24,25,26,27,28,29",0.0491075729571876,0.034865638913981,0.0063655656383391,0.5067666659752528,0.0183678200691106,0.0033534897946826,0.5313333332538605,0.0308202046277372,0.0056269737671789,0.6976971487204234,0.0074301704213658,0.0013565573152965,0.686846649646759,0.0060170019515589,0.0010985492324738,0.0213016031387572,0.1309536913999953,0.0239087635894492,4.785625839233399,0.2427229571842096,0.044314946291384,6.095615673065185,0.2784153495705075,0.0508314557718177,0.9947647399757312,0.0111924836975512,0.0020434585985525,1.000561582572045,0.0110968055684943,0.0020259902420377,1492.1687401041663,16.92068240646289,3.0892798141335076,1500.8613064887152,16.70605475116473,3.050094344709759,-2.6349085069444547,0.0387794916404638,0.007080134113355,5.458581488715288,0.6770460818464018,0.123611137165921,3.5132113425926064,0.0517059888539518,0.0094401788178067,-7.278108651620384,0.9027281091285356,0.1648148495545614,3.5254158718477,0.03226686682259,0.0058910969395825,-7.301114339893926,0.9056091312110668,0.1653408498156523,1,finite_k_fixed
linear,1,1.0,30,True,"0,1,2,3,4,5,6,7,8,9,10,11,12,13,14,15,16,17,18,19,20,21,22,23,24,25,26,27,28,29",0.054290490342682,0.035964397259771,0.0065661705487511,0.5001499970753988,0.0193824296861242,0.0035387313194493,0.5433333317438761,0.0422091222821967,0.0077062961354843,0.7027555922667186,0.0116049001578312,0.0021187551980131,0.6838610370953878,0.0121417694354792,0.0022167736692795,0.0002241830962399,0.1276046237963575,0.0232973102984085,3.708664385477702,0.1357113007729413,0.024777380247236,4.706949265797933,0.168448057632202,0.0307542669776957,0.9955363258213176,0.0113776561427861,0.0020772663069804,0.9991399326349798,0.0112767828502841,0.0020588494477293,1493.3066464029948,17.09964165506957,3.121953153245525,1498.6986442789714,17.10236442760394,3.1224502612242024,-1.9784577636718592,0.030343005130674,0.0055398494575217,3.2820026123046486,0.3060902963811741,0.0558841866538036,2.6379436848958124,0.0404573401742321,0.0073864659433623,-4.376003483072865,0.4081203951748988,0.0745122488717382,2.6463024046387154,0.0307804807035007,0.0056197212040532,-4.387862335833903,0.3877324049002077,0.0707899281465234,1,finite_k_fixed
linear,1,1.333521432163324,30,True,"0,1,2,3,4,5,6,7,8,9,10,11,12,13,14,15,16,17,18,19,20,21,22,23,24,25,26,27,28,29",0.0679377873220175,0.0432038176100186,0.0078879018251153,0.5031366695960363,0.0221729813938481,0.0040482140255176,0.5273333291212717,0.0424209899887566,0.0077449777095142,0.6962783932685852,0.0057999874284508,0.0010589279826029,0.6881299098332723,0.0056157028548858,0.0010252823766223,-0.0102955709483164,0.141145992808657,0.0257696147209211,2.990902241071065,0.0635677830924805,0.011605836243449,3.810810748736064,0.071599436617296,0.0130722088466514,0.99573856546864,0.0112503219908635,0.0020540183778641,0.9981818553709064,0.0111837137677647,0.0020418574357619,1493.5467594199652,16.884947909784387,3.0827556174962045,1497.1611563569202,16.809969162609978,3.069066433775904,-1.48279626057485,0.0239291133713373,0.0043688383915266,2.138947414288046,0.1161489853231041,0.0212058064309335,1.9770616807664667,0.0319054844951164,0.0058251178553688,-2.8519298857173947,0.1548653137641389,0.028274408574578,1.983610601564978,0.0205531658714765,0.0037524775253176,-2.861204070520381,0.146744693671382,0.0267917929726671,1,finite_k_fixed
linear,1,1.7782794100389228,30,True,"0,1,2,3,4,5,6,7,8,9,10,11,12,13,14,15,16,17,18,19,20,21,22,23,24,25,26,27,28,29",0.1256276379151635,0.0829738913909736,0.0151488906662733,0.5235033323367436,0.036384359916358,0.0066428448888586,0.5510000000397365,0.0422920912202994,0.007721444121808,0.6931672751903534,0.0120341530113664,0.0021971256882647,0.6824546456336975,0.0121430625655416,0.0022170097614479,0.0135890389792621,0.2400464232819212,0.0438262802933138,2.4506584723790485,0.0566432314639779,0.0103415918676023,3.09255158106486,0.0831111801521882,0.0151739560500763,0.9961262061854654,0.0113237714724228,0.0020674283571598,0.9978350151255524,0.0113046164983857,0.0020639311533703,1494.1199435916417,16.913205267126067,3.087914681506712,1496.664525760897,16.90434635698197,3.086297273199768,-1.112870226182536,0.0168192429854754,0.0030707595944351,1.4024656212661653,0.1091068653696178,0.0199200971138729,1.4838269682433816,0.0224256573139672,0.0040943461259135,-1.8699541616882205,0.1454758204928238,0.0265601294851639,1.488587062636319,0.017671007064774,0.0032262697277366,-1.8752778783606745,0.1356335875391629,0.0247631918168503,1,finite_k_fixed
linear,1,2.3713737056616555,30,True,"0,1,2,3,4,5,6,7,8,9,10,11,12,13,14,15,16,17,18,19,20,21,22,23,24,25,26,27,28,29",0.1737797694937061,0.1179886215081311,0.0215416765096475,0.5439833263556163,0.0388442444377562,0.0070919563026012,0.5493333319822947,0.047773416549763,0.0087221926311319,0.6877938250700633,0.0125708835558498,0.0022951188304365,0.6809480289618174,0.0145471919876125,0.0026559417333246,-0.0536793595490356,0.2982615121337645,0.0544548527437545,2.0519095778465273,0.0322433575111337,0.0058868047461838,2.5762337843577066,0.0470683413729588,0.0085934641047744,0.9962548095983714,0.0113156754342693,0.0020659502295854,0.9974739780248204,0.0112899182225247,0.0020612476276218,1494.3917963070714,16.914049781336708,3.088068868001146,1496.1490227117183,16.93770252299774,3.0923872480526753,-0.8386424096337982,0.0130155688252022,0.0023763068814414,0.964455542556678,0.0559896350564745,0.0102222620356377,1.1181898795117309,0.0173540917669363,0.0031684091752552,-1.2859407234089038,0.074652846741966,0.0136296827141836,1.1217407456680355,0.0102524607314563,0.0018718346708515,-1.2902655278067037,0.0764436178373352,0.0139566312889375,1,finite_k_fixed
linear,1,3.1622776601683795,30,True,"0,1,2,3,4,5,6,7,8,9,10,11,12,13,14,15,16,17,18,19,20,21,22,23,24,25,26,27,28,29",0.3600098823166697,0.1180554898120398,0.0215538849357918,0.5946399966875712,0.0471324325957591,0.0086051655075963,0.6210000038146972,0.0552330498606443,0.0100841291094941,0.6640656967957814,0.0206461688169417,0.0037694574623662,0.6471734325091044,0.0362794884105448,0.0066236980590675,-0.0081266490121682,0.5119618828551592,0.0934710239408626,1.749414869149526,0.0294370190042042,0.0053744397781036,2.1144327839215595,0.0689269944542495,0.0125842898945419,0.9963472150376268,0.0113831053640167,0.00207826119411,0.9972313545329948,0.0112034897094146,0.0020454680122077,1494.5885436339447,17.036342414558142,3.110396345945174,1495.7783357110509,16.824896622694904,3.071791802647495,-0.6352139418128392,0.0099965273657853,0.0018251078449861,0.6190428915513637,0.0535197938268881,0.0097713327840041,0.8469519224171189,0.0133287031543804,0.0024334771266481,-0.825390522068485,0.0713597251025175,0.0130284437120054,0.8496893041815742,0.0118756562930972,0.0021681882789691,-0.8277535006444866,0.0668892561840107,0.0122122514889081,1,finite_k_fixed
linear,1,4.216965034285822,30,True,"0,1,2,3,4,5,6,7,8,9,10,11,12,13,14,15,16,17,18,19,20,21,22,23,24,25,26,27,28,29",0.5473732103915352,0.079512470243166,0.0145169245183801,0.6508633335431416,0.0243744398785149,0.0044501435160053,0.6603333294391632,0.0594505529657316,0.0108541363051622,0.6247811098893483,0.0208006216910546,0.0037976565701073,0.6085172186295191,0.0523223936160139,0.009552718415385,0.1809883147478103,0.6759985882025347,0.1234198918667246,1.5390812516212464,0.0335771355838103,0.0061303181918874,1.718693164984385,0.0652915625117272,0.0119205538674772,0.996453510973315,0.0113691719519822,0.0020757173127519,0.9972141285850824,0.0112074406168273,0.0020461893459119,1494.6507577120726,17.044473581268175,3.1118808870871475,1495.7550211689856,16.801529887179665,3.067525639935177,-0.4932257180910773,0.0131690492591812,0.0024043284467167,0.3492975601800562,0.0551069817773163,0.0100611123318207,0.6576342907881031,0.017558732345575,0.003205771262289,-0.4657300802400749,0.0734759757030884,0.0134148164424276,0.6598418331981826,0.018746620501359,0.0034226489751943,-0.4667768433362103,0.0710088127809939,0.0129643761806038,1,finite_k_fixed
linear,1,5.62341325190349,30,True,"0,1,2,3,4,5,6,7,8,9,10,11,12,13,14,15,16,17,18,19,20,21,22,23,24,25,26,27,28,29",0.6986716113506519,0.0233625550281434,0.0042653994632899,0.6927900016307831,0.0096014522338017,0.0017529773244205,0.7049999992052715,0.0445475350457506,0.0081332299419365,0.5819939494132995,0.0133741635355275,0.0024417770187238,0.5544426570336024,0.0440126560828034,0.0080355748507561,0.1042533497015635,0.8364767153688947,0.1527190552784573,1.402841834227244,0.0219846872209916,0.0040138363702108,1.41667666832606,0.0330239833661966,0.0060293268761137,0.9965205935984444,0.0113414544206305,0.002070656807032,0.9968403056701692,0.0112834686237183,0.0020600700973707,1494.7280216333152,17.02027586416926,3.1074630085887462,1495.2555045534566,16.885417900906294,3.0828414257426364,-0.3994705127385821,0.0102818003032382,0.0018771913192823,0.1605577528284162,0.0252252626535156,0.004605481791441,0.5326273503181095,0.0137090670709842,0.0025029217590431,-0.2140770037712217,0.0336336835380208,0.006140642388588,0.5344488981467999,0.0157378723943957,0.0028733292391828,-0.2145779594363054,0.0322991550330684,0.0058969919333227,1,finite_k_fixed
linear,1,7.498942093324557,30,True,"0,1,2,3,4,5,6,7,8,9,10,11,12,13,14,15,16,17,18,19,20,21,22,23,24,25,26,27,28,29",0.7719303159658715,0.0212658349013472,0.0038825924932161,0.7130233367284139,0.0086540290511477,0.0015800023082062,0.7249999980131785,0.052833507891895,0.0096460346881727,0.5580497662226359,0.0134732266367779,0.0024598633837809,0.5389652152856191,0.0560732228582996,0.0102375230105016,-0.0488257507483164,0.890788172338392,0.1626349253161789,1.2864867250124614,0.0314617131160877,0.0057440966571458,1.2253138542175293,0.0274444663807817,0.0050106511051487,0.9965320618211752,0.0112533270948937,0.0020545670322858,0.9968251868988464,0.0112773957764603,0.0020589613522269,1494.7885089800168,16.854713887770846,3.077235665542563,1495.2630221090365,16.914435918146886,3.088139366614885,-0.3332835089817448,0.0130914213957533,0.0023901556027532,0.0530434174331591,0.0217826787545062,0.0039769548389105,0.4443780119756598,0.0174552285276711,0.0031868741370043,-0.0707245565775454,0.029043571672675,0.0053026064518807,0.4459777698978762,0.0204854969691239,0.0037401229305642,-0.0707749732105966,0.0285650245512784,0.005215236100808,1,finite_k_fixed
linear,1,10.0,30,True,"0,1,2,3,4,5,6,7,8,9,10,11,12,13,14,15,16,17,18,19,20,21,22,23,24,25,26,27,28,29",0.8268449467981027,0.0136084818822794,0.0024845575001082,0.7284466644128164,0.008239675981402,0.0015043521338491,0.7409999926884969,0.0501961685015568,0.0091645245962109,0.5375148395697276,0.0132903450136136,0.0024264739203274,0.5150282184282938,0.0567577600546855,0.0103625018318056,-0.009991830587387,0.9234151256399732,0.1685917647514934,1.2027541836102804,0.0331474391158344,0.0060518667090905,1.0900374889373778,0.0170117173962674,0.0031059004532795,0.9966402614133562,0.0113701476791128,0.0020758954553383,0.996836442963922,0.0113188985175077,0.0020665386813835,1494.940503407389,17.069273125971765,3.1164086437704857,1495.299976892166,16.9534005389429,3.095253300533089,-0.2876765926106957,0.0111503418169324,0.002035764579009,-0.018441545333856,0.0159356069871739,0.0029094304714707,0.3835687901475942,0.0148671224225766,0.002714352772012,0.0245887271118081,0.0212474759828986,0.0038792406286276,0.3849290112933816,0.0176830608726367,0.0032284704418933,0.0247822641527006,0.0215401150790377,0.0039326689733487,1,finite_k_fixed
linear,2,0.1,30,True,"0,1,2,3,4,5,6,7,8,9,10,11,12,13,14,15,16,17,18,19,20,21,22,23,24,25,26,27,28,29",0.0232556331101384,0.0158880767233508,0.0029007526722506,0.497923336426417,0.0112185420259266,0.0020482161766399,0.5403333296378453,0.050067769384857,0.0091410822320175,0.700486437479655,0.0112227770410733,0.0020489893810823,0.6865916887919108,0.0096935275654805,0.0017697879031372,-0.0048902183130849,0.0760248258403953,0.013880170681062,7.061365350087484,0.5661460126851261,0.1033636473297498,9.349058787027994,0.726482508972229,0.132636952599013,0.9879237759420842,0.0110483467834181,0.0020171429188059,1.0055190935206206,0.0103412478655117,0.0018880449095643,1482.105272257487,16.44881072498138,3.0031282260684025,1508.3947160644532,15.459678910608458,2.822538290375715,-13.333157430013012,0.1887419852779038,0.0344594142950053,12.193351481119802,2.1566237486514677,0.3937438250625868,17.777543240017348,0.2516559803705387,0.0459458857266737,-16.257801974826403,2.87549833153529,0.5249917667501157,17.83191332759689,0.1719024604301141,0.0313849517560709,-16.31481948871582,2.9670601537890273,0.5417085919016659,2,finite_k_fixed
linear,2,0.1333521432163324,30,True,"0,1,2,3,4,5,6,7,8,9,10,11,12,13,14,15,16,17,18,19,20,21,22,23,24,25,26,27,28,29",0.0249938668817917,0.0198762423027599,0.0036288887558866,0.5034933338562647,0.0091312263043223,0.0016671262081873,0.5380000025033951,0.0417215706207892,0.0076172817878503,0.7001156270503998,0.0125197457589658,0.002285782388805,0.6863045235474904,0.0104607689084842,0.0019098663666751,-0.0090179026306335,0.0826051025070592,0.0150815593360476,6.538066260019938,0.4410692222805177,0.0805278541547666,8.592853784561157,0.5485705222897318,0.1001548164801588,0.9900061001875944,0.0113599901672979,0.0020740409558886,1.004003163255922,0.010280048339301,0.0018768714558929,1485.189390733507,17.140922351322754,3.1294899427546548,1506.3016007517458,15.349748055268911,2.8024677539639464,-10.295321735282084,0.1533310220081007,0.0279942865063859,10.455072973968072,1.1807771855465394,0.2155794333037675,13.72709564704278,0.2044413626774677,0.0373257153418479,-13.940097298624096,1.5743695807287192,0.2874392444050234,13.768832606177206,0.1593511204511849,0.0290934010782789,-13.985660858388547,1.628300640420704,0.2972856637195092,2,finite_k_fixed
linear,2,0.1778279410038923,30,True,"0,1,2,3,4,5,6,7,8,9,10,11,12,13,14,15,16,17,18,19,20,21,22,23,24,25,26,27,28,29",0.0373963735938349,0.0254204851585219,0.0046411243813492,0.5023299952348074,0.0153934604256899,0.0028104485044044,0.5226666639248531,0.0360969335102427,0.0065903682467746,0.6979863981405894,0.0075193593008507,0.001372840902354,0.6879326065381368,0.006492066605391,0.0011852837748662,-0.0104150423508447,0.109305395210469,0.0199563435379303,5.737427600224813,0.3677406211532438,0.067139944505531,7.490713040033976,0.4668934882416615,0.0852426984874103,0.9917866750436066,0.0112948635218341,0.0020621505116169,1.002247426916567,0.0120591584864533,0.0022016910425201,1487.7984567249312,17.142150234942232,3.129714122606781,1503.4573700294063,17.99464081605051,3.285356896384678,-7.9064458382710034,0.1312155388931341,0.023956570182322,7.781155726972133,1.2522990723259195,0.2286374835518999,10.541927784361338,0.1749540518575122,0.0319420935764293,-10.374874302629513,1.6697320964345597,0.3048499780691999,10.57218167506145,0.1241211486103654,0.0226613176524493,-10.404443690998702,1.6634823622576336,0.303708937940162,2,finite_k_fixed
linear,2,0.2371373705661655,30,True,"0,1,2,3,4,5,6,7,8,9,10,11,12,13,14,15,16,17,18,19,20,21,22,23,24,25,26,27,28,29",0.0328917803479924,0.0224168618907362,0.004092740308678,0.5031533310810725,0.0130359639402387,0.0023800305029642,0.5366666575272878,0.0492938607904421,0.0089997865004815,0.699464205900828,0.0096485865560726,0.001761582834934,0.6868176241715749,0.0097145794493428,0.0017736314336937,-0.0169897367091228,0.0893016501732411,0.0163041760741064,4.979260524113973,0.2170063752880739,0.0396197622892365,6.472328297297159,0.2668255283304436,0.0487154535949392,0.9929244783717868,0.0113442785005427,0.0020711724111227,1.0010837564200332,0.0113103704037103,0.0020649816679503,1489.4991939582235,17.07890167271838,3.118166567853524,1501.6142017047953,16.90630788451647,3.0866553974923714,-6.048377683829977,0.0889999358394141,0.0162490908252531,6.156743019844425,0.7617068016765336,0.1390679991611171,8.064503578439968,0.1186665811192187,0.0216654544336709,-8.208990693125902,1.0156090689020447,0.1854239988814894,8.088550847294673,0.0792498340594849,0.0144689739309737,-8.235193115871908,1.025157743385203,0.187167340351056,2,finite_k_fixed
linear,2,0.3162277660168379,30,True,"0,1,2,3,4,5,6,7,8,9,10,11,12,13,14,15,16,17,18,19,20,21,22,23,24,25,26,27,28,29",0.0471602085257836,0.0342956754447627,0.0062615050219908,0.505023326476415,0.0174490099885137,0.0031857387922806,0.527999997138977,0.0346808162387353,0.0063318217888822,0.6956659456094106,0.0037484618394593,0.000684372368473,0.6892334938049316,0.0049368255796624,0.0009013369108165,-0.0119557004421949,0.1224236767800763,0.0223514031150564,4.361408106486002,0.1686237574489733,0.0307863452286941,5.638965717951456,0.1995589519701253,0.0364343131820425,0.9934709106187146,0.0108942245817389,0.0019890041833152,1.0000565650014184,0.0108984952695213,0.00198978390066,1490.2463700692865,16.307822062901465,2.977387335877188,1499.9424722920994,16.49241493784555,3.0110892297310565,-4.5806605214308025,0.0656983825741035,0.0119948287091469,4.528271342732226,0.5248331635215545,0.0958209875291842,6.107547361907736,0.087597843432138,0.0159931049455292,-6.037695123642968,0.6997775513620726,0.127761316705579,6.128879580875972,0.0755607882098097,0.013795449388461,-6.056388707386873,0.7033043298616098,0.1284052154187526,2,finite_k_fixed
linear,2,0.4216965034285823,30,True,"0,1,2,3,4,5,6,7,8,9,10,11,12,13,14,15,16,17,18,19,20,21,22,23,24,25,26,27,28,29",0.0512284599117078,0.0327921266429318,0.0059869958236333,0.5023066639900208,0.0161345570787786,0.0029457536224672,0.5353333304325739,0.0423233322755624,0.0077271479320373,0.6996115744113922,0.0106049007114468,0.001936181113254,0.6858691275119781,0.0084450685904848,0.0015418515222289,-0.0201100620557554,0.1170652313369079,0.0213730893009283,3.7184105714162192,0.1194360114315619,0.0218059325465037,4.807354227701823,0.1439079157083034,0.0262738705456632,0.9943533080339106,0.0111002546125762,0.0020266199484529,0.998845750959521,0.0110619586207438,0.0020196280889233,1491.6481080308267,16.535419441022317,3.0189407418857956,1498.1058334935838,16.620341929182157,3.034445396020666,-3.4838339422851177,0.0464284951084524,0.0084766446939725,3.3651899585897342,0.293003589822991,0.0534948918586811,4.645111923046824,0.0619046601446032,0.0113021929252967,-4.486919944786312,0.3906714530973213,0.0713265224782414,4.660349705582319,0.0477734700896878,0.0087222024061401,-4.502623103549297,0.386029394434595,0.0704790023972956,2,finite_k_fixed
linear,2,0.5623413251903491,30,True,"0,1,2,3,4,5,6,7,8,9,10,11,12,13,14,15,16,17,18,19,20,21,22,23,24,25,26,27,28,29",0.0568686039558899,0.0382897651117406,0.0069907226910915,0.5060499995946884,0.0195157924467172,0.0035630799168853,0.5316666622956594,0.0370538637560798,0.0067650790073093,0.697324804464976,0.0079512149728559,0.0014516866000686,0.6863626738389333,0.0105027489437951,0.0019175308374433,0.0188540515179435,0.1230608792581564,0.0224677398387039,3.210879095395406,0.0687504407002999,0.0125520557366585,4.113116002082824,0.0834460006881598,0.0152350856368322,0.9949737665247572,0.0114515778038257,0.0020907624940602,0.9987056545190864,0.011505698610391,0.0021006435562556,1492.5499590422453,17.206165994353707,3.141401747761944,1497.99516796875,17.258491687138857,3.150955068520448,-2.620790263310185,0.0452720911362265,0.0082655151802469,2.4907045428240533,0.1874014665380417,0.0342146701774783,3.494387017746914,0.0603627881816353,0.0110206869069959,-3.320939390432071,0.2498686220507222,0.0456195602366377,3.5055877799900457,0.0376594516919489,0.0068756437316521,-3.3314039940648557,0.2542477717270659,0.046419079923446,2,finite_k_fixed
linear,2,0.7498942093324559,30,True,"0,1,2,3,4,5,6,7,8,9,10,11,12,13,14,15,16,17,18,19,20,21,22,23,24,25,26,27,28,29",0.0523456077546092,0.0360300638658156,0.0065781595758863,0.506293331583341,0.0187646388203136,0.0034259386551076,0.5413333276907603,0.0345146990183963,0.0063014930726257,0.6962281286716461,0.0042008309490442,0.0007669632903524,0.6885923902193706,0.0053739953877252,0.0009811528325952,0.0003663706127554,0.1067788242268977,0.0194950568976503,2.794194046656291,0.0453187593667426,0.0082740355944378,3.5346693833669027,0.0666738749706752,0.0121729284392393,0.9952259837710716,0.0112040925365491,0.002045578072881,0.9981361709771652,0.0110834296194462,0.0020235481390305,1492.9443249403212,16.860882579805697,3.078361909468493,1497.2231657443576,16.687885316093134,3.0467770748944796,-1.9716090874565868,0.0340022604775483,0.0062079350232398,1.820440744357639,0.1207483391325998,0.0220455297080695,2.6288121166087826,0.0453363473033978,0.0082772466976531,-2.427254325810185,0.1609977855101332,0.0293940396107594,2.637668481922987,0.0271639939505387,0.0049594440795479,-2.4348366122305176,0.1615784641882081,0.0295000565476407,2,finite_k_fixed
linear,2,1.0,30,True,"0,1,2,3,4,5,6,7,8,9,10,11,12,13,14,15,16,17,18,19,20,21,22,23,24,25,26,27,28,29",0.0803396650850082,0.0536193849222787,0.0097895155471614,0.5042200018962224,0.0277376317358756,0.00506417553117,0.543000003695488,0.0437193233099555,0.0079820198585746,0.6990229547023773,0.0144372830165594,0.0026358751924186,0.6856948594252269,0.0107810737243336,0.0019683457576479,0.0099492191337048,0.151170532120931,0.027599836824231,2.3958481709162394,0.0350943252467061,0.006407317859348,3.0342671155929564,0.0488366784381244,0.0089163168047289,0.9958373413767584,0.0113057644522352,0.0020641407401097,0.9978450584301378,0.0111825997932173,0.0020416540527659,1493.8493012247725,16.985764630643917,3.101162148225693,1496.756319950358,16.959683439920983,3.096400396063845,-1.4803029418945235,0.021340779511848,0.003896275444461,1.3396782836914063,0.0753258572596363,0.0137525570615057,1.9737372558593649,0.028454372682464,0.0051950339259481,-1.7862377115885415,0.1004344763461818,0.0183367427486742,1.9799230366223624,0.0198434423544501,0.0036229003320285,-1.7918925908571322,0.1017248720834053,0.0185723356998028,2,finite_k_fixed
linear,2,1.333521432163324,30,True,"0,1,2,3,4,5,6,7,8,9,10,11,12,13,14,15,16,17,18,19,20,21,22,23,24,25,26,27,28,29",0.0937917878082942,0.0557397888403776,0.0101766465661498,0.5157433350880941,0.0264347574610768,0.0048263043212032,0.5529999951521556,0.0401849185079528,0.0073367287794375,0.6978036006291707,0.010026984638522,0.0018306685567587,0.6806854089101155,0.0140178611102389,0.0025592995793507,-0.0125462344149127,0.1594741179833469,0.0291158572525731,2.0728007555007935,0.0297262175719914,0.005427239971162,2.6278208017349245,0.0448682019651414,0.0081917754436685,0.9960319278139445,0.0113041912761733,0.002063853518771,0.9974301150614604,0.011170308636878,0.0020394100049042,1494.1270654675243,16.938531972908383,3.092538684194802,1496.0336239769345,16.789287805906156,3.0652905519137397,-1.107387647711034,0.0171285509215034,0.0031272312390277,1.0114150343023471,0.053324409927135,0.0097356607275814,1.476516863614712,0.0228380678953379,0.004169641652037,-1.348553379069796,0.07109921323618,0.0129808809701085,1.4812477205324193,0.017880084483841,0.0032644418672992,-1.3529327499962978,0.0674573774816442,0.0123159757722792,2,finite_k_fixed
linear,2,1.7782794100389228,30,True,"0,1,2,3,4,5,6,7,8,9,10,11,12,13,14,15,16,17,18,19,20,21,22,23,24,25,26,27,28,29",0.1994158102732691,0.1381148453213823,0.0252162054362859,0.5465033332506816,0.0515302047886539,0.0094080851852021,0.5536666621764501,0.0496528192836169,0.0090653230551214,0.681733759244283,0.0169510415248341,0.0030948226054528,0.6777527451515197,0.0193617343659265,0.0035349528882136,0.0019426875126858,0.3334943292103624,0.0608874556361898,1.8045252283414208,0.0259236149235253,0.0047329828885641,2.243464128176371,0.0567350687054056,0.0103583589771853,0.9963384147690542,0.0113387729178837,0.0020701672338511,0.9973881764889964,0.0112959305548816,0.0020623453243068,1494.5483137663923,16.95952468733346,3.0963714119394283,1495.9943082643397,16.891430002026688,3.0839390802098503,-0.8324123253517213,0.0115226232958388,0.0021037335669218,0.7322481247089456,0.0681595242585351,0.0124441696484067,1.1098831004689618,0.0153634977277851,0.002804978089229,-0.9763308329452608,0.0908793656780468,0.0165922261978756,1.1134005113566583,0.0168553568528628,0.0030773530543707,-0.9788987243828076,0.0847295801976513,0.0154694341207322,2,finite_k_fixed
linear,2,2.3713737056616555,30,True,"0,1,2,3,4,5,6,7,8,9,10,11,12,13,14,15,16,17,18,19,20,21,22,23,24,25,26,27,28,29",0.3722553205336538,0.1456705986979182,0.0265956909573775,0.6037266661723455,0.0428738234450462,0.0078276534091152,0.603999995191892,0.0630052024398106,0.0115031235388212,0.664474614461263,0.0402908904495663,0.0073560765203989,0.6497928619384765,0.0453951501343135,0.0082879825766324,-0.0382781222462654,0.5130471548501362,0.0936691665917552,1.5910432855288188,0.030863392108593,0.0056348586863344,1.8940719882647197,0.0635613183160844,0.0116046559421619,0.9963263445248032,0.0112473985852352,0.0020534846394616,0.9971565639719028,0.0113046257064746,0.0020639328345296,1494.5470878324938,16.83914795477683,3.074393727999418,1495.6729203453335,16.959661703459375,3.0963964275470635,-0.6295189213187945,0.0144073854901917,0.0026304166758835,0.4883531761719024,0.0597864423779626,0.0109154610411309,0.8393585617583926,0.0192098473202556,0.0035072222345113,-0.6511375682292032,0.0797152565039502,0.0145539480548413,0.8420561552627456,0.0162805003319401,0.0029723990930913,-0.6530174776469888,0.0776956662669983,0.0141852230116094,2,finite_k_fixed
linear,2,3.1622776601683795,30,True,"0,1,2,3,4,5,6,7,8,9,10,11,12,13,14,15,16,17,18,19,20,21,22,23,24,25,26,27,28,29",0.5502765571089401,0.1010040604386304,0.0184407341006176,0.6528666615486145,0.0318797325022082,0.00582041620623,0.6586666663487752,0.0557539718136856,0.0101792360109542,0.621522053082784,0.0255471221815333,0.0046642450327221,0.6114671329657236,0.0425429217214501,0.0077672392963382,-0.1362093657255172,0.6698773566222576,0.1223023129946477,1.430199881394704,0.0341065801784535,0.0062269811076991,1.5873176773389182,0.0516253184631577,0.0094254504868864,0.996492275402803,0.0113889513993678,0.0020793285292546,0.997008211610025,0.0111975614774047,0.0020443856700751,1494.8177432181014,17.075601185176925,3.117563984027784,1495.4436369271864,16.81602730318634,3.0701724938593076,-0.4870759518589427,0.0116961202939253,0.0021354096400922,0.2843441076869236,0.0492601494471643,0.0089936316794291,0.6494346024785903,0.0155948270585671,0.0028472128534563,-0.3791254769158981,0.0656801992628858,0.0119915089059055,0.6515651947745171,0.0176495183520241,0.0032223464435016,-0.3801170355104855,0.0643132755705064,0.0117419439256707,2,finite_k_fixed
linear,2,4.216965034285822,30,True,"0,1,2,3,4,5,6,7,8,9,10,11,12,13,14,15,16,17,18,19,20,21,22,23,24,25,26,27,28,29",0.6912252600866431,0.0350899667787208,0.0064065221156041,0.6899333337942759,0.013963106971581,0.0025493028870642,0.7023333390553792,0.0559361332757231,0.0102124939915763,0.5848674337069194,0.0160734210163475,0.0029345917556437,0.5658466597398122,0.0479083946467589,0.0087468361472965,0.0397861659526824,0.808015909721183,0.1475228468591166,1.315136476357778,0.0311471880781892,0.0056866725044267,1.337481327851613,0.0400857324403847,0.0073186199639051,0.996535671337028,0.0113907653021409,0.0020796597010765,0.9970667967153122,0.0111981330992079,0.0020444900334604,1494.808657168475,17.08289073410635,3.1188948674886783,1495.5340339222216,16.787637123050615,3.0649891798353175,-0.3908825171228509,0.0131435924495614,0.0023996806904264,0.1283103134158892,0.0307272261566715,0.0056099982985239,0.5211766894971346,0.0175247899327485,0.0031995742539019,-0.1710804178878522,0.040969634875562,0.0074799977313652,0.5229656133786268,0.0199513210686531,0.0036425962004431,-0.1713874180962064,0.0402459995921831,0.0073478806086608,2,finite_k_fixed
linear,2,5.62341325190349,30,True,"0,1,2,3,4,5,6,7,8,9,10,11,12,13,14,15,16,17,18,19,20,21,22,23,24,25,26,27,28,29",0.7768204187661703,0.0179459113940839,0.0032764601618429,0.7141166627407074,0.0082730194088359,0.0015104397829658,0.7363333344459534,0.0442939440438078,0.0080869307712217,0.5565129538377126,0.0122316296065173,0.0022331798168458,0.5197727799415588,0.0491685350890915,0.0089769052625932,-0.0611560940742492,0.8775230852065263,0.1602130628330474,1.2364708701769511,0.0269611845827192,0.0049224163243386,1.1672271966934205,0.0246758174837244,0.0045051672869054,0.9965818339246192,0.0113456463099216,0.0020714221378064,0.996756406114528,0.0112802549829203,0.0020594833695185,1494.86846340303,17.025339405655387,3.108387480553018,1495.1296566356948,16.88068514335583,3.0819773463861058,-0.3296473894774717,0.0120105697115478,0.002192819986501,0.0347098350666169,0.0168368044472192,0.003073965864015,0.439529852636629,0.0160140929487304,0.0029237599820013,-0.0462797800888226,0.0224490725962923,0.0040986211520201,0.4410523679000485,0.0182858814452451,0.0033385299171419,-0.0462796068889067,0.0221610901380604,0.0040460429891736,2,finite_k_fixed
linear,2,7.498942093324557,30,True,"0,1,2,3,4,5,6,7,8,9,10,11,12,13,14,15,16,17,18,19,20,21,22,23,24,25,26,27,28,29",0.8295114853897074,0.0134945641633803,0.002463759065328,0.7286700010299683,0.0077207369881934,0.001409607269666,0.7443333307902018,0.0468808685417587,0.0085592364052518,0.5364550809065501,0.0128256241240134,0.0023416278822682,0.5157056421041488,0.0560641358797133,0.0102358639627845,0.0635450402895609,0.9097437515749291,0.1660957247623215,1.165499198436737,0.0350867995538418,0.0064059438621004,1.04796884059906,0.0175722142145107,0.0032082327035334,0.9965870485996112,0.0112648880077716,0.0020566777565419,0.9967694406589152,0.01127612291472,0.002058728960531,1494.8936260973037,16.89462990648374,3.0845233001608463,1495.1794012896924,16.912522146475837,3.087789961310169,-0.283757206581529,0.0124264499725303,0.0022687489865547,-0.0305774019109666,0.0183006574179367,0.003341227628326,0.3783429421087053,0.0165685999633738,0.0030249986487397,0.0407698692146221,0.0244008765572489,0.0044549701711014,0.3797159224411779,0.0194918880101115,0.0035587155838341,0.0410627679288344,0.0246675628382163,0.0045036602017224,2,finite_k_fixed
linear,2,10.0,30,True,"0,1,2,3,4,5,6,7,8,9,10,11,12,13,14,15,16,17,18,19,20,21,22,23,24,25,26,27,28,29",0.8672978949489761,0.0085650730642679,0.0015637612413264,0.7388499995072683,0.0074285013656623,0.0013562525888103,0.7466666658719381,0.0524787831616205,0.0095812711093472,0.5228943308194478,0.0156810296371813,0.0028629512190637,0.4992522805929184,0.0564237490882201,0.0103015200515432,-0.0652284661928812,0.9288453202837864,0.1695831781175135,1.112298067410787,0.0330301373572585,0.0060304504360215,0.9652168413003286,0.0164033562887317,0.0029948294193775,0.9966589210258266,0.0113474119582161,0.0020717444996062,0.9968016408433812,0.0113179323364892,0.0020663622816707,1494.9861273999024,17.041869446618904,3.111405439323752,1495.247772090861,16.951947230631273,3.094987963951326,-0.2525806209309647,0.012053938495898,0.0022007380069944,-0.0706463466390098,0.0134780786512411,0.0024607492363711,0.3367741612412863,0.0160719179945307,0.0029343173426592,0.094195128852013,0.0179707715349881,0.0032809989818282,0.3379872138034405,0.0185927240243749,0.0033945514512061,0.0945935411374036,0.0185562365457334,0.0033878897794999,2,finite_k_fixed
linear,4,0.1,30,True,"0,1,2,3,4,5,6,7,8,9,10,11,12,13,14,15,16,17,18,19,20,21,22,23,24,25,26,27,28,29",0.0284038482152603,0.0235793954875101,0.0043049889336149,0.5031233310699463,0.0118121995797818,0.0021566027211998,0.5383333305517832,0.0410284482857655,0.0074907355418493,0.6998866816361745,0.0094620402773852,0.0017275242999821,0.6853876133759816,0.0088478169230544,0.0016153829711442,0.0128580310420754,0.07651082835569,0.0139689021946057,4.352073717117309,0.1157534713253713,0.0211335957848111,5.682329940795898,0.1349951510415163,0.0246466297930851,0.9890080105292178,0.0109874711390274,0.002006028597594,1.0005069157129227,0.0108710748978715,0.0019847776486308,1483.704283528646,16.478374364551787,3.0085257834932904,1500.8761279907226,16.283204771475784,2.97289285393768,-11.63393261718749,0.2100720246561011,0.0383537288683093,4.6747634073893325,0.6016778219011762,0.1098508384686167,15.511910156249987,0.2800960328748016,0.0511383051577458,-6.23301787651911,0.8022370958682349,0.1464677846248222,15.559887775201869,0.1905918579514797,0.0347971532922819,-6.250249065531517,0.8124078933077322,0.1483247096866317,4,finite_k_fixed
linear,4,0.1333521432163324,30,True,"0,1,2,3,4,5,6,7,8,9,10,11,12,13,14,15,16,17,18,19,20,21,22,23,24,25,26,27,28,29",0.0336621229822078,0.0210276704564942,0.0038391098136022,0.5034833321968715,0.0102138862870547,0.0018647919730708,0.5386666685342789,0.0450083020573629,0.0082173541039412,0.7005129834016164,0.0103825947997851,0.001895593792426,0.6853497664133708,0.0088402503915136,0.0016140015178086,0.007387184118852,0.0807366701123071,0.0147404318127879,4.098956402142843,0.1233625531481588,0.0225228177035588,5.324638112386068,0.1665944971148356,0.0304158546753415,0.9908746375702112,0.0113259727798581,0.0020678302590725,0.999731456309668,0.0105213317053928,0.0019209235700126,1486.531858858068,17.060863510602054,3.1148732650911746,1499.8928399513425,15.720520258446856,2.8701611870894292,-8.88431818625156,0.1456403290902852,0.0265901645084083,4.04631217356479,0.4590159605479104,0.0838044652823306,11.845757581668748,0.1941871054537135,0.0354535526778777,-5.395082898086386,0.6120212807305473,0.1117392870431075,11.882251737046698,0.154051567695351,0.0281258395485926,-5.41049259325496,0.6153702521753225,0.1123507227780222,4,finite_k_fixed
linear,4,0.1778279410038923,30,True,"0,1,2,3,4,5,6,7,8,9,10,11,12,13,14,15,16,17,18,19,20,21,22,23,24,25,26,27,28,29",0.0354393379348594,0.0252921229589343,0.0046176887572675,0.5040166676044464,0.011775342423013,0.0021498735558105,0.5416666636864345,0.0429982627626985,0.0078503728162214,0.6981761674086253,0.00742539642705,0.0013556857071711,0.6862299799919128,0.0079655190928959,0.001454298163139,0.0109743112775807,0.0847716400322219,0.0154771131607853,3.754074056943258,0.095501479267023,0.0174361048232201,4.8717420895894366,0.1573719193687218,0.0287320500520443,0.9926824772242338,0.0112465596032112,0.0020533314630017,0.9992703861063942,0.0120369562623552,0.0021976374895316,1489.1899893657098,16.997506684422174,3.1033059441342896,1498.9914575126734,17.95350294270362,3.277846182651384,-6.763189765844452,0.1477935066470061,0.0269832791477849,3.3152432102389104,0.3092711579028625,0.0564649298563799,9.01758635445927,0.1970580088626748,0.0359777055303799,-4.420324280318547,0.4123615438704834,0.0752865731418399,9.041579223297363,0.1441697027520418,0.0263216661020359,-4.431845270793715,0.3931520931171818,0.0717794233102173,4,finite_k_fixed
linear,4,0.2371373705661655,30,True,"0,1,2,3,4,5,6,7,8,9,10,11,12,13,14,15,16,17,18,19,20,21,22,23,24,25,26,27,28,29",0.0476226605263594,0.037099346560727,0.0067733829933372,0.5074633359909058,0.0166988045345038,0.0030487706423057,0.5366666624943416,0.0425346380247427,0.0077657269071562,0.7001911401748657,0.0121337914276995,0.0022153170910046,0.6841753164927165,0.0122028298782115,0.0022279217298981,-0.0209123675401012,0.112471015324513,0.020534304052915,3.4337677558263144,0.0578226947997043,0.0105569314258449,4.388628212610881,0.0887470718820247,0.0162029243941058,0.993493413258337,0.0113720301015572,0.0020762391370835,0.9988572366796602,0.0113189421636272,0.0020665466500383,1490.3911208698687,17.061274674806672,3.114948333061077,1498.274465131156,16.92117289855932,3.089369365328672,-5.121993361847294,0.0713232221493068,0.0130217792150424,2.817006446205303,0.2869172985513304,0.0523836921850026,6.829324482463059,0.0950976295324091,0.0173623722867233,-3.756008594940404,0.3825563980684405,0.0698449229133368,6.849870425226727,0.0612449453067768,0.0111817460258972,-3.767707470788858,0.3843827939805121,0.0701783756599958,4,finite_k_fixed
linear,4,0.3162277660168379,30,True,"0,1,2,3,4,5,6,7,8,9,10,11,12,13,14,15,16,17,18,19,20,21,22,23,24,25,26,27,28,29",0.0560148710836767,0.0352417729093053,0.0064342379963003,0.5034799993038177,0.0201514826127477,0.0036791405313916,0.5403333296378453,0.0496528153649784,0.0090653223396792,0.7002153734366099,0.0107863553865948,0.0019693100528351,0.6854857663313548,0.0096082759712818,0.0017542231627353,0.0114524849923327,0.1183056170046628,0.0215995517043402,3.124806873003642,0.0468228629604223,0.0085486460834654,3.9911766131718953,0.0938209666768837,0.0171292866052899,0.99397477319279,0.0109358745611565,0.0019966083943974,0.9985911133017792,0.0108776596118657,0.0019859798474272,1491.074993471556,16.39599349730622,2.993485163727545,1497.744555258449,16.465910183970557,3.0062501458715714,-3.871351629973433,0.0746606055408698,0.0136310992705765,2.3303543090820127,0.2213327198378193,0.0404096411230482,5.161802173297911,0.0995474740544931,0.0181747990274353,-3.107139078776017,0.2951102931170924,0.0538795214973977,5.179219164299457,0.0798631728748683,0.0145809537658333,-3.116796609129343,0.2977988149972644,0.0543703761907698,4,finite_k_fixed
linear,4,0.4216965034285823,30,True,"0,1,2,3,4,5,6,7,8,9,10,11,12,13,14,15,16,17,18,19,20,21,22,23,24,25,26,27,28,29",0.0433316050867521,0.0372916792459325,0.0068084979767481,0.5013833324114482,0.0174122250713744,0.0031790228159829,0.5383333295583725,0.0408600101139499,0.0074599830797665,0.6995535631974538,0.0092994786497482,0.0016978447431682,0.6855513413747152,0.008852242089493,0.001616190892304,-0.0256794752785936,0.0930780090749604,0.0169936417260088,2.7981679757436115,0.0417550663837557,0.0076233972495029,3.574171861012777,0.062170154369663,0.0113506653172809,0.9948216798577396,0.0110990407315571,0.0020263983251141,0.9978374403804088,0.0110060629672848,0.0020094229855013,1492.3912212475905,16.56175065405771,3.0237481416677823,1496.593579926949,16.54114204051338,3.019985540828737,-2.920179009428143,0.0435382195748598,0.0079489549915879,1.852936391954895,0.1430937439822158,0.0261252238056429,3.893572012570857,0.0580509594331465,0.0105986066554505,-2.47058185593986,0.1907916586429544,0.0348336317408572,3.905857487535136,0.0463025256482091,0.0084536459223285,-2.4800508021003123,0.1988215564928391,0.0362996838031385,4,finite_k_fixed
linear,4,0.5623413251903491,30,True,"0,1,2,3,4,5,6,7,8,9,10,11,12,13,14,15,16,17,18,19,20,21,22,23,24,25,26,27,28,29",0.065518082454885,0.0522538867835497,0.0095402108362237,0.50742666721344,0.0238762472346081,0.004359186399655,0.5413333286841711,0.0415005871960132,0.0075769359189888,0.6977086702982584,0.0095263057305193,0.0017392575127653,0.686673633257548,0.0092553285487356,0.0016897840744213,-0.0140970799994344,0.1335896383196759,0.0243900194522143,2.4939857562383017,0.0327347948114367,0.0059765285111756,3.162172317504883,0.0594469566974339,0.0108534797194057,0.995350319668012,0.0113747309604343,0.0020767322441941,0.9980355549637184,0.011514421105018,0.0021022360586106,1493.135315299479,17.04383926362286,3.1117650770594936,1496.9900336443866,17.269080067763024,3.152888233492217,-2.1871980107060116,0.0408486049193913,0.0074579007856557,1.485570218460648,0.1013206901815385,0.0184985425181402,2.9162640142746823,0.0544648065591884,0.0099438677142076,-1.980760291280864,0.1350942535753847,0.0246647233575203,2.9252759226251626,0.0348490850397498,0.0063625433282289,-1.9868458851251585,0.1349349026426556,0.0246356299907153,4,finite_k_fixed
linear,4,0.7498942093324559,30,True,"0,1,2,3,4,5,6,7,8,9,10,11,12,13,14,15,16,17,18,19,20,21,22,23,24,25,26,27,28,29",0.0669063487656137,0.0403456010637214,0.0073660652662348,0.5034800012906392,0.0222230456086893,0.0040573544587817,0.5289999971787135,0.0269546257443902,0.0049212188497706,0.6977673053741456,0.0085175125551052,0.0015550779200882,0.6874775211016337,0.0066631542062715,0.0012165199543034,-0.0315715356419483,0.1129509098711459,0.0206219204090531,2.2156346956888835,0.0295785874097156,0.0054002865144798,2.7992501974105837,0.0449966410877081,0.0082152251119005,0.9953897968615056,0.011126769995726,0.0020314609729435,0.9976826351684848,0.011088615914301,0.0020244950225911,1493.1918222276477,16.70981266382912,3.050780442554899,1496.5428513509114,16.695373508330217,3.0481442254955415,-1.6356975640190972,0.0267817439256569,0.0048896550924697,1.1401263509114583,0.0920489424786998,0.0168057607300264,2.1809300853587965,0.0357089919008759,0.006519540123293,-1.5201684678819445,0.1227319233049331,0.0224076809733686,2.18851013921549,0.028876010637238,0.0052720141322581,-1.5247373235686073,0.1205747475718879,0.0220138363702047,4,finite_k_fixed
linear,4,1.0,30,True,"0,1,2,3,4,5,6,7,8,9,10,11,12,13,14,15,16,17,18,19,20,21,22,23,24,25,26,27,28,29",0.0966205727888609,0.069690814531287,0.0127237437232315,0.5183299988508224,0.0286758742570363,0.0052354743955868,0.5486666649580002,0.0398906565172751,0.0072830041360673,0.6934824744860332,0.0087316447066542,0.0015941729233183,0.6859537343184153,0.0081597135921308,0.0014897530657305,0.0052095863347252,0.1697418340843049,0.030990477160091,1.9638391931851704,0.0202344125731218,0.0036942814013883,2.471284580230713,0.0419557073420616,0.0076600291091107,0.9959685206558816,0.0112680513136765,0.0020572552945421,0.9975611442793052,0.0111868314975423,0.0020424266527377,1494.0252129597982,16.926150238167605,3.0902780990552787,1496.330449025472,16.96558788955376,3.097478396148353,-1.2203656860351797,0.0174095222946441,0.0031785293587218,0.9138073588053464,0.0639813845588853,0.011681349194438,1.627154248046906,0.0232126963928588,0.0042380391449625,-1.2184098117404618,0.0853085127451804,0.0155751322592507,1.6323798624952406,0.0193604629131442,0.003534720753757,-1.2221670359202337,0.0847626069279731,0.0154754639491315,4,finite_k_fixed
linear,4,1.333521432163324,30,True,"0,1,2,3,4,5,6,7,8,9,10,11,12,13,14,15,16,17,18,19,20,21,22,23,24,25,26,27,28,29",0.1449649048681752,0.090431150675947,0.0165103937087882,0.5292300015687943,0.0409478160736812,0.0074760141813759,0.5533333351214726,0.0514167137093216,0.0093873646437935,0.6936897516250611,0.0147865640565748,0.002699644893927,0.6799772799015045,0.017220221403813,0.0031439679027005,-0.0733953730513652,0.2180935865621395,0.0398182590024298,1.737693154811859,0.0171693969323085,0.0031346886661951,2.1620773553848265,0.0382160925105528,0.0069772719759113,0.9961803381758374,0.0113185114290874,0.0020664680090304,0.997221510891223,0.0111763539065797,0.0020405137150982,1494.2932079260356,16.988608458898618,3.1016813578539497,1495.7207423534949,16.798435208973363,3.06696063158124,-0.9136707063228366,0.0131632994693016,0.0024032786835107,0.6985334108627105,0.0470236462582703,0.0085853039305993,1.2182276084304489,0.0175510659590689,0.0032043715780143,-0.9313778811502806,0.062698195011027,0.0114470719074658,1.2221713676467811,0.0146476039954802,0.0026742743739091,-0.9341869083833684,0.057403968377856,0.0104804827902883,4,finite_k_fixed
linear,4,1.7782794100389228,30,True,"0,1,2,3,4,5,6,7,8,9,10,11,12,13,14,15,16,17,18,19,20,21,22,23,24,25,26,27,28,29",0.2961783475456899,0.1536631844725718,0.0280549307979017,0.581986661752065,0.0439084700133845,0.0080165531639566,0.6019999990860622,0.0496470307835743,0.009064266224439,0.6704747319221497,0.0258422523656582,0.004718128185804,0.6610374331474305,0.025664246950893,0.004685628992129,0.012971127529939,0.4243456090919241,0.0774745540926387,1.5420611500740051,0.0276482395142872,0.0050478548190936,1.862729545434316,0.0585503566577092,0.0106897836971333,0.996400800437022,0.0113322480212281,0.0020689759561566,0.9972168595941104,0.0112969089684359,0.0020625239573649,1494.6241410166865,16.980074549311006,3.100123286259002,1495.7373518969437,16.89327482154942,3.0842758966322252,-0.6860602589670777,0.0123100484276662,0.0022474970692712,0.4752917573128425,0.0669780283091619,0.0122284589873825,0.9147470119561036,0.0164133979035549,0.0029966627590283,-0.63372234308379,0.0893040377455492,0.0163046119831767,0.917708420926755,0.0184700325357233,0.0033721511525566,-0.6351331852786283,0.0852351567833345,0.0155617393542405,4,finite_k_fixed
linear,4,2.3713737056616555,30,True,"0,1,2,3,4,5,6,7,8,9,10,11,12,13,14,15,16,17,18,19,20,21,22,23,24,25,26,27,28,29",0.5172674550462891,0.0870573787736137,0.0158944300505265,0.6403933316469193,0.0397255202407086,0.0072528545148213,0.6486666669448217,0.0631764575835367,0.0115343903072571,0.6340858956178029,0.0257465781726576,0.0047006605479115,0.618296163280805,0.0429236646081563,0.0078367531188911,0.1099319289127985,0.6238801044783034,0.1139044021338155,1.4047405521074932,0.0298179681857105,0.0054439912647616,1.5747956871986388,0.0437566266672613,0.0079888304886637,0.9963882798363456,0.0112071127183829,0.0020461294801204,0.9970288921824152,0.0113056413847565,0.002064118271165,1494.6162731917293,16.814809229706412,3.069950105085423,1495.4814220617473,16.96131681729319,3.096698608607737,-0.5267768732787068,0.0155239641843636,0.0028342751218927,0.2968548925856745,0.0431161210506066,0.0078718906971802,0.7023691643716091,0.0206986189124848,0.0037790334958569,-0.395806523447566,0.0574881614008088,0.0104958542629069,0.7046535352535596,0.0193359036834389,0.0035302368723889,-0.3968080937471659,0.0553485563521048,0.0101052176131312,4,finite_k_fixed
linear,4,3.1622776601683795,30,True,"0,1,2,3,4,5,6,7,8,9,10,11,12,13,14,15,16,17,18,19,20,21,22,23,24,25,26,27,28,29",0.6714305314901465,0.0289555498616586,0.0052865359413986,0.6853300054868062,0.0122322962843431,0.0022333015350071,0.689000004529953,0.0439709929137359,0.0080279682315843,0.5878077348073324,0.0133861342425765,0.0024439625608171,0.5789963205655416,0.0423137136134783,0.0077253918126385,-0.2587400277455647,0.7333912417889501,0.1338983088681778,1.2948174317677816,0.0244419982978808,0.0044624779394174,1.3365963459014891,0.0252708076885263,0.0046137971391269,0.9965506242439384,0.0113583833953564,0.0020737476008096,0.9969104390900484,0.0111967565295267,0.0020442387073716,1494.8507388435132,17.043696672087016,3.1117390435259296,1495.2969849163553,16.814816583236638,3.0699514476502165,-0.4148658995697366,0.0108508261556689,0.0019810807510089,0.1376920968559576,0.0289010040815755,0.0052765772900092,0.5531545327596488,0.0144677682075586,0.0026414410013453,-0.1835894624746102,0.0385346721087674,0.007035436386679,0.5550124092352929,0.0171247123748738,0.003126530419502,-0.1839412693230476,0.0374013562077645,0.0068285221587595,4,finite_k_fixed
linear,4,4.216965034285822,30,True,"0,1,2,3,4,5,6,7,8,9,10,11,12,13,14,15,16,17,18,19,20,21,22,23,24,25,26,27,28,29",0.7525958256770408,0.0250255837484628,0.0045690255779225,0.7077833314736685,0.010807666517279,0.001973200915169,0.7193333347638448,0.0515907837904324,0.0094191453471305,0.5638282577196757,0.0144513368374058,0.0026384410573175,0.5456792096296946,0.0540367568951639,0.0098657168953013,-0.0646789292494456,0.8421498368421598,0.153754820812582,1.2121442596117655,0.0343296291787415,0.006267704097328,1.1653246800104775,0.0273228923748638,0.0049884548299996,0.9965703169941932,0.0113759155175586,0.0020769485137466,0.9970099846167596,0.0111954304088244,0.0020439965919641,1494.850947038293,17.07652642020424,3.1177329080596015,1495.44882012187,16.78363499614892,3.0642584947746316,-0.3401715923982267,0.0136211759340923,0.0024868751062829,0.0430965130644201,0.0220791181335182,0.004031077017183,0.4535621231976356,0.0181615679121231,0.0033158334750439,-0.0574620174192269,0.0294388241780243,0.0053747693562441,0.4551604812906025,0.0208832945683516,0.0038127505033704,-0.0574643555111202,0.0292636298877925,0.0053427834013421,4,finite_k_fixed
linear,4,5.62341325190349,30,True,"0,1,2,3,4,5,6,7,8,9,10,11,12,13,14,15,16,17,18,19,20,21,22,23,24,25,26,27,28,29",0.8173410704353219,0.0143414968007304,0.0026183871020494,0.7252500037352244,0.0080766465155011,0.0014745871618451,0.7476666649182637,0.0496666978200219,0.0090678569176062,0.5411383370558421,0.0131052228221226,0.002392675386936,0.5082516878843307,0.050409853264865,0.0092035379178973,-0.2356735368569692,0.8637542394440366,0.1576992270280724,1.159870183467865,0.0293059218227278,0.0053505048169303,1.0501668532689412,0.0179825017793424,0.0032831406216408,0.9965976239787796,0.0113436599342986,0.0020710594768943,0.996720670467513,0.0112786473421424,0.0020591898558123,1494.8882731163203,17.025307394814657,3.1083816361998338,1495.0760534677738,16.878282556748143,3.081538696092309,-0.2957179850101286,0.0118904259654772,0.002170884839879,-0.0188933328546177,0.0155737097325118,0.0028433573748448,0.3942906466801714,0.0158539012873029,0.0028945131198386,0.0251911104728236,0.0207649463100157,0.0037911431664597,0.3956913426729954,0.0184837821109012,0.0033746614700503,0.0253996125185581,0.0209862415512591,0.0038315459649589,4,finite_k_fixed
linear,4,7.498942093324557,30,True,"0,1,2,3,4,5,6,7,8,9,10,11,12,13,14,15,16,17,18,19,20,21,22,23,24,25,26,27,28,29",0.8578706337743003,0.0097328265724913,0.0017769628873463,0.736569998661677,0.0074287983718045,0.0013563068144649,0.7509999910990397,0.0485904742595101,0.0088713662772692,0.5253156214952469,0.0116263376658253,0.0021226691335814,0.5057490746180217,0.0558265461344521,0.0101924862084807,0.125152305761973,0.9098964610135796,0.1661236055637525,1.1064894676208497,0.0345293727779752,0.0063041721223339,0.9619056403636932,0.0175082867143095,0.0031965611922317,0.9965825601774712,0.0112730375619504,0.0020581656547611,0.9967456941150216,0.011275244902348,0.002058568658137,1494.8760035778207,16.903220561679614,3.086091732039023,1495.143780859285,16.911203782455964,3.0875492620726064,-0.2591734388369921,0.0126744100401945,0.0023140200940281,-0.0661978323184142,0.0170131426072117,0.0031061606600073,0.3455645851159895,0.016899213386926,0.0030853601253708,0.0882637764245523,0.022684190142949,0.0041415475466765,0.3468350107479552,0.0194732829191817,0.0035553187745053,0.0886957015551193,0.0232985821220936,0.0042537196620524,4,finite_k_fixed
linear,4,10.0,30,True,"0,1,2,3,4,5,6,7,8,9,10,11,12,13,14,15,16,17,18,19,20,21,22,23,24,25,26,27,28,29",0.8884714135611479,0.0066168247595218,0.0012080613932829,0.7446899970372518,0.0069781560464943,0.0012740311588186,0.7529999991257985,0.0503196674584152,0.0091870723177108,0.5147295365730922,0.0159420932781474,0.0029106147007642,0.4927855958541234,0.0586533612924047,0.0107085896844501,0.0027182559172312,0.934104879394844,0.1705434378400662,1.0667280356089277,0.0322289008602764,0.0058841653349236,0.8992724080880483,0.0163191778087652,0.0029794606019328,0.9966616929933066,0.0113436424380405,0.0020710562825292,0.996784965923624,0.0113174243748509,0.0020662695409882,1494.993918659668,17.018472567672646,3.107133773199058,1495.222758969523,16.95118643179322,3.0948490617228845,-0.2339085799153521,0.0117997906367034,0.0021543371685202,-0.0956594679768756,0.0119378552891363,0.0021795442100307,0.3118781065538029,0.0157330541822712,0.0028724495580269,0.1275459573025008,0.0159171403855151,0.0029060589467077,0.3130091359849318,0.018077515134539,0.0033004876076093,0.1280417004073294,0.0166619775583641,0.0030420469871202,4,finite_k_fixed
linear,dynamic,0.1,30,True,"0,1,2,3,4,5,6,7,8,9,10,11,12,13,14,15,16,17,18,19,20,21,22,23,24,25,26,27,28,29",0.0349632168893478,0.0235861817943201,0.0043062279380556,0.504449995358785,0.013411181958996,0.0024485356272494,0.5316666613022486,0.0443406383408433,0.0080954559444861,0.698050061861674,0.0067388831895407,0.0012303461117679,0.6868549366792043,0.0076742749521268,0.0014011245012589,0.0056684602905685,0.0749155167778882,0.0136776394821353,3.086249073346456,0.028171984808358,0.0051434771897435,3.9617996056874594,0.0498464336744309,0.0091006720448903,0.9901487521324936,0.011597205715149,0.0021173503914049,0.9989862954807726,0.0108485664874181,0.0019806681939178,1485.5397983601888,17.298884477657793,3.1583297493630487,1498.5952078348796,16.26716514677933,2.9699644325176253,-9.632451639811178,0.3081260696056097,0.0562558662927997,2.393843251546185,0.330624402843311,0.0603634811663188,12.843268853081572,0.4108347594741464,0.075007821723733,-3.1917910020615805,0.4408325371244148,0.0804846415550918,12.8850121872275,0.3922324897586978,0.0716115274757509,-3.201090808391379,0.4488735421949353,0.0819527215091377,0,dynamic
linear,dynamic,0.1333521432163324,30,True,"0,1,2,3,4,5,6,7,8,9,10,11,12,13,14,15,16,17,18,19,20,21,22,23,24,25,26,27,28,29",0.04256611587505,0.0331431184964632,0.0060510778755265,0.5082299967606863,0.0128327455923785,0.0023429280785569,0.5369999925295512,0.0334406284069937,0.0061053955052195,0.6988791147867839,0.0093082056988052,0.0016994380770445,0.6849649687608083,0.0087010824532469,0.0015885930447852,-0.0109732428953672,0.0928230754366631,0.0169470974245547,2.907292731602986,0.0302012934386167,0.005513976560721,3.707228287061056,0.0807303819312091,0.0147392837532435,0.991911458570762,0.0117181124532419,0.0021394248406742,0.9983950484554114,0.0104615300278963,0.0019100053274321,1488.1175684477655,17.620022325618358,3.2169612304952704,1497.8878918175096,15.636362869448735,2.8547962203110933,-7.209608518526661,0.2544847302079178,0.0464623424251643,2.041364039731844,0.2591100313276006,0.0473068030113323,9.612811358035549,0.339312973610557,0.061949789900219,-2.7218187196424584,0.3454800417701342,0.0630757373484431,9.644668268341716,0.3730492693308381,0.06810916662444,-2.7306150473672317,0.355645363478045,0.0649316626830164,0,dynamic
linear,dynamic,0.1778279410038923,30,True,"0,1,2,3,4,5,6,7,8,9,10,11,12,13,14,15,16,17,18,19,20,21,22,23,24,25,26,27,28,29",0.0465900403708479,0.0320809553572648,0.0058571543051633,0.5050799975792567,0.0154408190776801,0.0028190949717338,0.5393333345651626,0.0413507571580257,0.0075495808217896,0.6981751720110575,0.0088740345923216,0.0016201696407652,0.686994856595993,0.0075502396369179,0.0013784788545698,0.0332345693993071,0.0881451004881947,0.0160930199569813,2.736570954322815,0.0300903604567199,0.0054937230618689,3.4743210236231485,0.0619707545769088,0.0113142600624631,0.9936548154391348,0.0112589851082106,0.0020556000394605,0.9982601627285363,0.0119012711310189,0.002172864887148,1490.6446965249736,17.089583164921397,3.1201167325959926,1497.4760801393888,17.75302729587801,3.241244504652442,-5.4514177072360726,0.2076452420950246,0.037910661018022,1.7998658369542957,0.2415459960400795,0.044100063568735,7.268556942981429,0.2768603227933661,0.0505475480240294,-2.3998211159390603,0.3220613280534393,0.0588000847583133,7.287765690368471,0.2706131471764607,0.0494069750220043,-2.408294958462509,0.3320644900374546,0.0606264039133211,0,dynamic
linear,dynamic,0.2371373705661655,30,True,"0,1,2,3,4,5,6,7,8,9,10,11,12,13,14,15,16,17,18,19,20,21,22,23,24,25,26,27,28,29",0.0488225289387809,0.0376138390228921,0.0068673160357353,0.5078833301862081,0.0175791424284362,0.0032094976165502,0.5473333269357681,0.0390343208225945,0.0071266593438095,0.6996155202388763,0.0093420775115968,0.0017056221956877,0.684792689482371,0.007665659035144,0.0013995514572305,-0.0196666618964324,0.0974338337181391,0.0177889028638774,2.549099349975586,0.0209155911501544,0.0038186470254983,3.2114269415537517,0.0597076886148714,0.0109010826369531,0.9941829219657434,0.0111076194702154,0.0020279645813401,0.997996004788481,0.0113086185937235,0.0020646618326682,1491.3457760152266,16.644253992970302,3.0388111215984224,1496.98258382419,16.90174114118237,3.0858216280462307,-4.0601355529870675,0.152443963603572,0.0278323325403909,1.525125139239141,0.1629496804464529,0.0297504052395935,5.413514070649423,0.203258618138096,0.0371097767205213,-2.033500185652188,0.2172662405952706,0.0396672069861247,5.430031599599583,0.1916816301551142,0.0349961175651061,-2.040009495573658,0.2197475309571066,0.0401202265537573,0,dynamic
linear,dynamic,0.3162277660168379,30,True,"0,1,2,3,4,5,6,7,8,9,10,11,12,13,14,15,16,17,18,19,20,21,22,23,24,25,26,27,28,29",0.0589516942314413,0.0448112580639624,0.0081813789572725,0.5080300003290177,0.0205688775663392,0.0037553460752153,0.548333328962326,0.0368672670400909,0.0067310112638081,0.6983428696791331,0.0093759989312156,0.001711815371257,0.685526313384374,0.0082629749864036,0.001508605930718,-0.0046555004296048,0.1150459105220631,0.0210044134472183,2.348674050966898,0.0239646950533104,0.0043753346881435,2.958452002207438,0.0390493601545941,0.0071294051376048,0.9945391551888534,0.0109228804778303,0.0019942360102134,0.9978963659563234,0.0108638483194679,0.0019834582619624,1491.7299888063585,16.269320863361102,2.970358010717433,1496.7025445640338,16.446202488273023,3.002652029374909,-3.027813804401118,0.1284831791613774,0.023457711828888,1.2883436146667675,0.1115182930670583,0.0203603615624332,4.037085072534824,0.1713109055485032,0.031276949105184,-1.717791486222357,0.1486910574227444,0.027147148749911,4.051285880111692,0.1667753015380385,0.0304488648957032,-1.7232958982493771,0.150789960634397,0.027530354294925,0,dynamic
linear,dynamic,0.4216965034285823,30,True,"0,1,2,3,4,5,6,7,8,9,10,11,12,13,14,15,16,17,18,19,20,21,22,23,24,25,26,27,28,29",0.059204240809795,0.0456954380390457,0.0083428073963549,0.5078933298587799,0.0204503075727771,0.0037336982551762,0.5333333313465118,0.0460384634068984,0.0084054349736114,0.6977893074353536,0.0074409172857992,0.0013585194153207,0.6865762948989869,0.0079391538923398,0.0014494845581131,-0.0242622926986465,0.1076431329219471,0.0196528573539591,2.146537439028422,0.017144528482139,0.0031301483291524,2.6980178038279217,0.0475638473859914,0.0086839307116802,0.9952555574388616,0.0109273129000874,0.0019950452560983,0.997334977031582,0.0110301425244627,0.0020138192910484,1492.909797539943,16.1296115544072,2.9448506973815967,1495.8399625115264,16.576738194083042,3.0264844795855774,-2.2632402220183465,0.1003585456092169,0.018322879756193,1.0993189765323714,0.1038103481806863,0.0189530898003424,3.0176536293577954,0.1338113941456225,0.0244305063415907,-1.465758635376495,0.1384137975742484,0.0252707864004565,3.0274635204767586,0.131978421344298,0.0240958528247311,-1.4710588322113842,0.1393769352023701,0.0254466304687579,0,dynamic
linear,dynamic,0.5623413251903491,30,True,"0,1,2,3,4,5,6,7,8,9,10,11,12,13,14,15,16,17,18,19,20,21,22,23,24,25,26,27,28,29",0.0817143022444913,0.0598825712119081,0.0109330116847238,0.5161666661500931,0.0248124893319864,0.0045301200383284,0.5343333303928375,0.0473929583374406,0.0086527307827729,0.6935237944126129,0.0060266642150435,0.0011003133123628,0.6877753992875417,0.0067930183771913,0.0012402297995782,0.0086993410562475,0.1426821889056745,0.026050084472617,1.9429225126902263,0.0148715805515486,0.0027151667112794,2.434339650472005,0.0439371286392801,0.0080217854892466,0.9956277650178912,0.0114713153318675,0.0020943660571729,0.9976193860578576,0.0115404370687098,0.0021069859020003,1493.436209939236,17.1917109973002,3.1387626384436516,1496.3658079264324,17.308240221806717,3.1600378667339193,-1.6867108940972428,0.0684560510781865,0.0124983077910828,0.8613445005063727,0.0898618251304375,0.0164064495608417,2.248947858796324,0.0912747347709154,0.0166644103881105,-1.1484593340084968,0.1198157668405833,0.0218752660811223,2.2560815267517187,0.0820884299425415,0.0149872282632375,-1.1513414606612926,0.1141172597985678,0.020834865797451,0,dynamic
linear,dynamic,0.7498942093324559,30,True,"0,1,2,3,4,5,6,7,8,9,10,11,12,13,14,15,16,17,18,19,20,21,22,23,24,25,26,27,28,29",0.0799297918353999,0.0546690302084923,0.0099811536807075,0.5072633316119511,0.0267951523258634,0.0048921031202208,0.5423333257436752,0.0425630029451668,0.0077709056094089,0.6977539738019307,0.0092187278292275,0.0016831017278561,0.6856653730074564,0.0130881922455308,0.0023895660432804,-0.0009426497543851,0.1298387786937974,0.0237052093098379,1.7542998552322389,0.0136699660347105,0.0024957829191801,2.1849347511927286,0.0315053732913666,0.0057520678781007,0.995686305137836,0.0112060576949619,0.0020459368600783,0.9974051876661524,0.0110824930501321,0.0020233771456505,1493.5511115207248,16.941464672415545,3.0930741194196214,1496.1266672254774,16.68549801611713,3.0463412155450165,-1.2525370903862951,0.0579557771192312,0.0105812288219815,0.7239422254774306,0.0626494973591958,0.0114381809733306,1.6700494538483934,0.0772743694923083,0.0141083050959754,-0.965256300636574,0.0835326631455944,0.0152509079644408,1.675919598141351,0.0768382165134474,0.0140286748209603,-0.968198549462566,0.08294926537171,0.0151443945908559,0,dynamic
linear,dynamic,1.0,30,True,"0,1,2,3,4,5,6,7,8,9,10,11,12,13,14,15,16,17,18,19,20,21,22,23,24,25,26,27,28,29",0.1659113340533968,0.1086345198563935,0.0198338590163632,0.539453332622846,0.0379919429841187,0.0069363480586173,0.5346666653951009,0.0383030889102013,0.0069931552727477,0.6880731324354807,0.0113052671145324,0.0020640499390835,0.6848914961020152,0.0078006591555715,0.0014241989943052,-0.0060393837901453,0.2539963191567039,0.046373171175136,1.5730958580970764,0.020075820080242,0.0036653265061212,1.9379353562990824,0.0428840461249717,0.0078295198065796,0.9962378640239336,0.0113843278307323,0.0020784843849753,0.9973291051850244,0.0111837093029426,0.0020418566206006,1494.358956604004,17.10979717742257,3.123807289470854,1495.9823940378824,16.96096760571598,3.0966348515883433,-0.9261475626627528,0.0471525736799201,0.0086088427496388,0.5657523712158281,0.0493175846327661,0.0090041178616787,1.2348634168836703,0.0628700982398935,0.0114784569995185,-0.7543364949544374,0.0657567795103548,0.0120054904822382,1.2387707475165932,0.0615820324201264,0.0112432894311725,-0.7566830620933255,0.0661328668745134,0.0120741543265524,0,dynamic
linear,dynamic,1.333521432163324,30,True,"0,1,2,3,4,5,6,7,8,9,10,11,12,13,14,15,16,17,18,19,20,21,22,23,24,25,26,27,28,29",0.2811106677417498,0.1206411456951845,0.0220259589535066,0.5797533343235651,0.0361055911611039,0.0065919489103319,0.5863333324591319,0.0569018159567101,0.0103888027208325,0.6741790652275086,0.0165349587873975,0.0030188566384253,0.663951047261556,0.0266035376551466,0.0048571192277206,-0.1069255758076906,0.3568648256823427,0.0651543050021226,1.4230632583300271,0.0237181618390323,0.0043303240872654,1.708380397160848,0.0374124196588935,0.0068305420593419,0.9962731714505444,0.011258622951753,0.0020555339190401,0.9970292499503708,0.0111705583621171,0.0020394555982865,1494.3486376748683,16.8975881862997,3.0850634056897177,1495.4323703929404,16.789565338949576,3.0653412222831844,-0.6809180056716369,0.0297809792904781,0.0054372380473296,0.4101614503082018,0.0446581042114772,0.0081534170173475,0.9078906742288492,0.0397079723873042,0.0072496507297729,-0.5468819337442691,0.0595441389486362,0.0108712226897966,0.910937223229206,0.0390561112710688,0.0071306377171987,-0.5484957264938473,0.0575449775754093,0.0105062274297268,0,dynamic
linear,dynamic,1.7782794100389228,30,True,"0,1,2,3,4,5,6,7,8,9,10,11,12,13,14,15,16,17,18,19,20,21,22,23,24,25,26,27,28,29",0.4785985375573118,0.1317659505421465,0.0240570611410145,0.6340533316135406,0.0363841171329995,0.0066428005628846,0.6323333323001862,0.0644169262267395,0.0117608678598437,0.6386677881081899,0.0268104504900397,0.00489489617009,0.6242210249106089,0.0446132115757012,0.0081452207809207,0.0720026882986227,0.5773567932209123,0.1054104464586464,1.311888043085734,0.0366084120813964,0.0066837510304751,1.4679762840270996,0.0371313922148707,0.0067792337025521,0.9965218192936168,0.0113390096637155,0.0020702104575286,0.9970658036091368,0.0112868955394856,0.0020606957637269,1494.7133357681048,16.936106097127148,3.0920957818991064,1495.5107794961043,16.87806460960341,3.081498904569804,-0.5194780497192686,0.0293796629732693,0.0053639680474529,0.248719356473582,0.0485195334518039,0.0088584143170598,0.6926373996256915,0.0391728839643591,0.0071519573966039,-0.3316258086314427,0.0646927112690719,0.0118112190894131,0.6951125078057766,0.0432092666225884,0.0078888966741489,-0.3322672049667741,0.0625472333694245,0.0114195102086578,0,dynamic
linear,dynamic,2.3713737056616555,30,True,"0,1,2,3,4,5,6,7,8,9,10,11,12,13,14,15,16,17,18,19,20,21,22,23,24,25,26,27,28,29",0.6573681784825339,0.0350668568183406,0.0064023028334029,0.6827199975649516,0.0112607123489172,0.0020559153890263,0.6850000043710073,0.0443147054494225,0.0080907212679486,0.5951321581999461,0.0163334496460623,0.0029820662710077,0.5818594465653102,0.0492468380204964,0.0089912013565429,-0.056024545431137,0.7442635765302116,0.1358833165316898,1.238891065120697,0.026915988454226,0.004914164677976,1.2737730820973714,0.0304560959470438,0.0055604969212458,0.9965372464040408,0.0113202232269123,0.0020667805391246,0.9969134792777394,0.0112990414082669,0.0020629132858309,1494.8154544550166,16.920883713837668,3.0893165676635603,1495.3083104669188,16.95147670527858,3.0949020581681435,-0.4149842616888199,0.023452218190843,0.0042817696422192,0.1237432977573244,0.0230773349610867,0.0042133256417632,0.5533123489184266,0.0312696242544573,0.0057090261896256,-0.1649910636764325,0.0307697799481157,0.005617767522351,0.5550905255612785,0.0309662343484918,0.0056536350245534,-0.1653643320661313,0.0298791779383321,0.0054551665855117,0,dynamic
linear,dynamic,3.1622776601683795,30,True,"0,1,2,3,4,5,6,7,8,9,10,11,12,13,14,15,16,17,18,19,20,21,22,23,24,25,26,27,28,29",0.7503140830722578,0.0170101359288909,0.0031056117181608,0.7075466712315878,0.0087741627532602,0.0016019356210607,0.7136666655540467,0.0501365900936131,0.0091536471168873,0.5624332547187805,0.012505780512449,0.0022832326952922,0.5479297578334809,0.0451554271725788,0.0082442153520677,-0.1625618278980255,0.8089978694705431,0.1477021273608788,1.1674585819244383,0.0251419118592827,0.0045902640880452,1.1207255721092224,0.0183386600926816,0.0033481659357271,0.9965470640707216,0.0113916391264564,0.0020798192388395,0.996839030250338,0.0111914283970976,0.0020432659279314,1494.8883308127986,17.049161604506494,3.1127367991130597,1495.1898763606057,16.806810699323172,3.068489779912826,-0.3354267629590842,0.015274038389991,0.0027886451234659,0.0305835411061823,0.020476963016402,0.0037385648510941,0.4472356839454456,0.020365384519988,0.0037181934979546,-0.0407780548082431,0.0273026173552026,0.0049847531347921,0.4488348413514161,0.0234248972260601,0.0042767815393177,-0.0407660573886673,0.0272525053135455,0.0049756039695861,0,dynamic
linear,dynamic,4.216965034285822,30,True,"0,1,2,3,4,5,6,7,8,9,10,11,12,13,14,15,16,17,18,19,20,21,22,23,24,25,26,27,28,29",0.8065567295259416,0.0161465917003536,0.0029479508337031,0.7226133326689402,0.0086643813150984,0.0015818923643685,0.7323333303133647,0.0508332864014673,0.009280845878068,0.5424530863761902,0.0141201256640931,0.0025779704470104,0.5287398805220922,0.0500224548621809,0.0091328089699334,-0.2885179122289021,0.8165823031973914,0.149086849173578,1.1156151254971822,0.0314425957225178,0.0057406063145794,1.0136913359165192,0.0198794232270166,0.003629469510543,0.9965917631966388,0.0113733065569814,0.0020764721848933,0.9969653300181476,0.0111955472710589,0.0020440179279914,1494.8581316997313,17.050653139950487,3.11300911498239,1495.381841516001,16.783841806277877,3.0642962529655486,-0.2858517304323298,0.0172813365938271,0.0031551259587595,-0.0238820928046377,0.0192297297749532,0.0035108522574902,0.3811356405764398,0.0230417821251028,0.0042068346116793,0.0318427904061836,0.0256396396999377,0.0046811363433202,0.3825015434122465,0.0248107964292677,0.0045298109579928,0.0321279524504225,0.0259886784419375,0.0047448618074658,0,dynamic
linear,dynamic,5.62341325190349,30,True,"0,1,2,3,4,5,6,7,8,9,10,11,12,13,14,15,16,17,18,19,20,21,22,23,24,25,26,27,28,29",0.8517762257410092,0.0089276927670106,0.0016299662383224,0.7351366639137268,0.0071559197841741,0.0013064862284965,0.7490000029404958,0.0483057762814346,0.0088193877757132,0.5270240147908528,0.0124198303730053,0.0022675404185609,0.4980320990085601,0.0522444746585065,0.009538492425157,-0.3516750991344451,0.8268042851392428,0.1509531192042322,1.0793209155400594,0.0294349536118894,0.0053740626907833,0.9388898531595866,0.0188610457926656,0.0034435400795936,0.9966168306936396,0.0113438399968792,0.0020710923516733,0.9966924898550562,0.0112784584234268,0.0020591553641316,1494.8723721044942,17.023847880488766,3.1081151665600695,1495.0337828265706,16.87801356468291,3.081489585085003,-0.2551200415596881,0.012677856440354,0.0023146493177313,-0.0611639740577067,0.0142599105394202,0.0026034915568153,0.3401600554129175,0.0169038085871386,0.0030861990903084,0.0815519654102756,0.0190132140525603,0.0034713220757538,0.3413828871462761,0.0188017017363913,0.0034327053868351,0.081948496984241,0.0196324928288719,0.0035843863941438,0,dynamic
linear,dynamic,7.498942093324557,30,True,"0,1,2,3,4,5,6,7,8,9,10,11,12,13,14,15,16,17,18,19,20,21,22,23,24,25,26,27,28,29",0.881334630030036,0.0065182210201559,0.0011900588958479,0.7434333364168803,0.0068839244793871,0.0012568269071741,0.7536666651566823,0.0477409160831498,0.0087162588849007,0.5147696048021316,0.0112362145020835,0.0020514427145859,0.4940295656522115,0.0530919995175131,0.0096932285862651,0.005436897277832,0.919487420535327,0.1678746671898124,1.0504146019617715,0.034646554562322,0.0063255664912057,0.8825518866380055,0.0170128710889411,0.0031061110877801,0.996600255621124,0.0112548394609587,0.0020548431512888,0.9967269561216352,0.0112749117232356,0.0020585078282318,1494.8907990922228,16.856988639816954,3.0776509765453577,1495.11567328077,16.910693263221415,3.0874560544390053,-0.2309933967758118,0.0151933409577504,0.0027739118554756,-0.0943054108332231,0.0152295928708758,0.0027805305189995,0.3079911957010824,0.0202577879436672,0.0036985491406342,0.1257405477776308,0.0203061238278344,0.0037073740253326,0.3091621943102899,0.0225168805784345,0.0041110011391528,0.1262900533703629,0.0212509117806026,0.0038798679165961,0,dynamic
linear,dynamic,10.0,30,True,"0,1,2,3,4,5,6,7,8,9,10,11,12,13,14,15,16,17,18,19,20,21,22,23,24,25,26,27,28,29",0.904870136035356,0.0044120163361912,0.000805520290471,0.7498766680558523,0.0065858111831712,0.0012023991148308,0.7563333312670389,0.052881344690788,0.0096547684527835,0.5074562460184098,0.0165474307388752,0.0030211336948121,0.4859446714321772,0.0600995313688973,0.0109726230087448,-0.0634720742702484,0.9299351729005696,0.1697821570717029,1.024423485994339,0.0307999403131105,0.0056232740264344,0.8421564559141795,0.0163744988590928,0.0029895607976559,0.9966896783556408,0.0113707366368957,0.002076002983826,0.9967726562965156,0.0113168349240733,0.0020661619224924,1495.0146277897136,17.070153208398928,3.1165693241030925,1495.2042939870198,16.95030321530006,3.09468780919073,-0.2135522102864583,0.0123986841376278,0.0022636796618534,-0.1141244504801183,0.0111121859343159,0.0020287982998054,0.2847362803819444,0.0165315788501704,0.0030182395491378,0.1521659339734911,0.0148162479124213,0.0027050643997406,0.2857816046961299,0.0186156334348007,0.0033987341181625,0.1527288596279152,0.0156419207311265,0.0028558109423818,0,dynamic
relu,1,0.1,30,True,"0,1,2,3,4,5,6,7,8,9,10,11,12,13,14,15,16,17,18,19,20,21,22,23,24,25,26,27,28,29",0.0233695246095831,0.017442950275202,0.0031846324450563,0.5034600009520849,0.0090920845484637,0.0016599799339792,0.5359999944766363,0.0397058142986055,0.0072492567184858,0.6979438563187917,0.0073960986448408,0.0013503366884375,0.6877046922842661,0.0075321585140361,0.0013751777082807,0.0446755953986818,0.1613568543436296,0.0294595963106937,30.906753222147625,5.7215872722963335,1.0446141379237184,41.18220895131429,7.484294516251003,1.3664389778542965,0.9871980705797112,0.011601213244467,0.0021180820628074,1.0800604673653122,0.0374968739785551,0.0068459612379943,1481.112962524414,17.317070282943657,3.16165000795687,1620.2071904296874,55.965956274057255,10.217938901216312,-14.059287475585949,0.256603036439431,0.0468490904607321,124.00582584635416,58.008872415129424,10.590922652401856,18.745716634114597,0.3421373819192411,0.0624654539476428,-165.34110112847222,77.34516322017257,14.121230203202476,18.80758937340766,0.3512953413124455,0.0641374609277676,-165.99360875217036,78.20598585220915,14.278394194394943,1,finite_k_fixed
relu,1,0.1333521432163324,30,True,"0,1,2,3,4,5,6,7,8,9,10,11,12,13,14,15,16,17,18,19,20,21,22,23,24,25,26,27,28,29",0.0269564618050415,0.0174404340032688,0.0031841730387568,0.5042566657066345,0.0105030635107625,0.0019175882692513,0.5309999992450078,0.0383585633650783,0.0070032834761815,0.6985255261262258,0.007449844701442,0.0013601493309633,0.687370224793752,0.0072383757943887,0.0013215405674286,-0.0310826625054081,0.1736566022237363,0.0317052127658807,29.79250087738037,5.552012637445299,1.0136541870275138,39.82705866495768,7.667945053158518,1.3999688251083569,0.9895194857956042,0.0116103792702703,0.0021197555425058,1.0738248986126666,0.0368048223306677,0.0067196104718255,1484.529002687071,17.458301965726903,3.187435267455136,1611.060371557038,55.36894668379407,10.108940361338291,-10.798174279221293,0.209659241594327,0.0382783653368794,115.21384377926027,52.43994581764552,9.574180412891048,14.397565705628391,0.279545655459103,0.0510378204491726,-153.61845837234705,69.91992775686069,12.76557388385473,14.442568036642797,0.2232663133728953,0.0407626653884507,-154.02913184118287,70.2146908829917,12.819390021622295,1,finite_k_fixed
relu,1,0.1778279410038923,30,True,"0,1,2,3,4,5,6,7,8,9,10,11,12,13,14,15,16,17,18,19,20,21,22,23,24,25,26,27,28,29",0.0249755809718403,0.0162046575001167,0.0029585521498197,0.5015266666809718,0.0086219031574209,0.0015741369493148,0.5379999975363413,0.0433430556503067,0.0079133230969582,0.7002226909001669,0.0125317365212918,0.0022879715924742,0.6866158545017242,0.0097679518278565,0.0017833758522469,-0.0386688333004713,0.1409073597476542,0.0257260464840952,23.51822420756022,4.871416828029911,0.889394961240749,31.55211750666301,6.457942059463119,1.1790535136764395,0.9916304522246788,0.0111871113254674,0.0020424777420933,1.0462419549833664,0.0242552026907257,0.0044283738835235,1487.6078465150983,16.984539418584788,3.1009384561315225,1569.45078710206,36.231560159576865,6.614947597668575,-8.488267717111418,0.2048649594386268,0.0374030531756389,73.77457279962549,31.021646661628917,5.663751882509663,11.31769028948189,0.2731532792515024,0.0498707375675185,-98.36609706616731,41.36219554883856,7.5516691766795505,11.346419768654004,0.1992814596001305,0.0363836502385153,-98.6513421980116,41.473248274000206,7.571944537560703,1,finite_k_fixed
relu,1,0.2371373705661655,30,True,"0,1,2,3,4,5,6,7,8,9,10,11,12,13,14,15,16,17,18,19,20,21,22,23,24,25,26,27,28,29",0.0221379651635419,0.0154858109778494,0.0028273093312764,0.501200000445048,0.0095979177147945,0.0017523320124904,0.5316666593154271,0.0417780077656243,0.0076275857536194,0.6990511794884999,0.0070742240096499,0.0012915706889766,0.6863690257072449,0.0076839058532799,0.0014028828551957,0.0272744700312614,0.126844609575277,0.0231585513207716,20.70767351786295,3.521978094742176,0.6430222831764523,27.670558230082193,4.70649958084605,0.859285329105997,0.992465722307526,0.0110822229231242,0.0020233278274319,1.0345561910415808,0.016985548465372,0.0031011226820271,1488.769855174133,16.606378452603963,3.031896025652975,1551.8258289793205,25.652907325611945,4.683558669275729,-6.636056394080756,0.154496148969578,0.0282070086127721,56.36837029436971,21.276758827204624,3.884586920085712,8.848075192107675,0.2059948652927709,0.0376093448170295,-75.15782705915962,28.369011769606164,5.179449226780949,8.875022517305423,0.1683064585425873,0.0307284146391943,-75.42946831520946,28.655538157539503,5.231761548778137,1,finite_k_fixed
relu,1,0.3162277660168379,30,True,"0,1,2,3,4,5,6,7,8,9,10,11,12,13,14,15,16,17,18,19,20,21,22,23,24,25,26,27,28,29",0.031950961792071,0.0240855045264625,0.0043973913793454,0.5038299997647603,0.0121442488177588,0.0022172263404806,0.5366666644811631,0.0325187863728178,0.0059370909463613,0.6964406033356985,0.0037213008536856,0.0006794134736089,0.6889659146467845,0.0044675158929026,0.0008156530768518,0.0135608737822622,0.157347141783342,0.0287275263045666,16.440431849161783,2.8857811573505634,0.5268691453014229,21.837929662068685,3.885843393952866,0.7094546939334728,0.993147887196142,0.0109238840874166,0.0019944192434166,1.01995428575238,0.0134170405090522,0.0024496052472561,1489.6431950436363,16.27102101993449,2.970668415419612,1529.78581728392,20.215656859622072,3.690857092266352,-5.114607567123232,0.1033430382514963,0.0188677710704879,34.37161633455301,13.690580249863356,2.4995465427282912,6.81947675616431,0.1377907176686617,0.0251570280939838,-45.82882177940402,18.254106999817807,3.332728723637721,6.843789801017808,0.1380961356492502,0.0252127895331292,-45.996092020407886,18.48264009385107,3.374452967217211,1,finite_k_fixed
relu,1,0.4216965034285823,30,True,"0,1,2,3,4,5,6,7,8,9,10,11,12,13,14,15,16,17,18,19,20,21,22,23,24,25,26,27,28,29",0.03117951355389,0.0214538334987712,0.0039169161840789,0.5028466681639353,0.011256409059981,0.0020551297195523,0.5389999965826671,0.041717433898341,0.0076165265291173,0.698670748869578,0.0077998776463035,0.0014240563108869,0.6867956697940827,0.0089550497320385,0.0016349609139393,-0.0364610854225854,0.1339503786467696,0.0244558813237313,12.933587487538656,1.7526312792594807,0.3199852288798512,17.097694301605223,2.325147576345651,0.4245119256976595,0.9941223042257268,0.0109144531201593,0.0019926973922479,1.010394188812376,0.0110487730812882,0.0020172207497924,1491.209899839595,16.11178348754554,2.941595752589316,1515.4266459074734,16.606467912373258,3.0319123586975194,-3.9631379223661862,0.0770881884951915,0.0140743132520088,20.68600237247923,6.104891108259917,1.1145955237022231,5.284183896488249,0.1027842513269219,0.0187657510026784,-27.581336496638976,8.139854811013223,1.4861273649362976,5.3013229097427965,0.0909844592670831,0.0166114135743304,-27.697154116226265,8.260088083307865,1.5080788567357766,1,finite_k_fixed
relu,1,0.5623413251903491,30,True,"0,1,2,3,4,5,6,7,8,9,10,11,12,13,14,15,16,17,18,19,20,21,22,23,24,25,26,27,28,29",0.0222445683060154,0.0181358718581055,0.0033111420389025,0.5010400027036667,0.0085231294634432,0.0015561034225549,0.5369999965031942,0.0331298357474837,0.0060486527884459,0.700600779056549,0.0102157666434932,0.0018651352776166,0.6858895719051361,0.0086028250376867,0.001570653777137,-0.0145281956065446,0.0897367788455343,0.0163836193371838,9.968940258026125,1.2615287090505964,0.230322576962461,13.008930651346844,1.6277651220883456,0.2971878918959792,0.9947211714376424,0.011461998562109,0.0020926650555196,1.005243316967071,0.0112219400514019,0.0020488365683745,1492.0763215277775,17.177480057373597,3.1361644361728844,1507.8013130208333,16.839439751745598,3.0744470025934194,-3.046599305555542,0.0720492397491613,0.0131543312872378,12.29684959490738,3.1110284597490336,0.5679934881483661,4.062132407407389,0.0960656529988817,0.0175391083829837,-16.395799459876507,4.148037946332045,0.7573246508644882,4.075197449482777,0.0745968149406282,0.0136194527536734,-16.45754857915624,4.203990282483693,0.7675401030829447,1,finite_k_fixed
relu,1,0.7498942093324559,30,True,"0,1,2,3,4,5,6,7,8,9,10,11,12,13,14,15,16,17,18,19,20,21,22,23,24,25,26,27,28,29",0.0383069764335058,0.0309916128772685,0.0056582684887825,0.5036200006802877,0.0140691517763688,0.0025686639309603,0.5303333302338918,0.0318924232006089,0.0058227332001582,0.6960068106651306,0.0048142431233631,0.00087895651866,0.688939372698466,0.0056670880217121,0.0010346639816196,0.0257527479125807,0.1341531296692016,0.024492898426579,7.543825292587281,0.742211278349528,0.1355086198622607,9.734140141805012,0.92068519223624,0.1680933493829229,0.9949636799102046,0.0111999404745599,0.0020448200135438,1.0016681491698427,0.0111094131757284,0.0020282920656638,1492.467156575521,16.93203925859373,3.0913532821649445,1502.5212978298612,16.73626317134423,3.0556096224293947,-2.3364920355902776,0.0454532023453643,0.0082985814118009,7.11857282986109,1.1686357655467052,0.2133627234324163,3.1153227141203703,0.0606042697938191,0.0110647752157345,-9.491430439814788,1.5581810207289404,0.2844836312432218,3.1262603986754143,0.0560811872889092,0.0102389771099358,-9.52146792676937,1.5649350297079996,0.2857167389336962,1,finite_k_fixed
relu,1,1.0,30,True,"0,1,2,3,4,5,6,7,8,9,10,11,12,13,14,15,16,17,18,19,20,21,22,23,24,25,26,27,28,29",0.0390193682919191,0.0272669577125075,0.0049782426045599,0.5029033333063125,0.0149274680080211,0.0027253703181432,0.5389999926090241,0.0376325254274896,0.0068707276908409,0.6976657311121622,0.0090260937034937,0.0016479317091862,0.6882006307442983,0.0074576529349261,0.0013615749128345,-0.0246765072690323,0.1125528442194407,0.0205492438967842,5.7865976651509605,0.2761391628219588,0.0504158828293929,7.365579446156819,0.328686763038251,0.0600097181564684,0.99567158922346,0.0113770360218009,0.0020771530888964,0.99959620707502,0.0112431507791295,0.0020527090997203,1493.509543770345,17.09889939083638,3.121817634957476,1499.3829733235675,17.045585286065908,3.112083855685482,-1.7755603963216224,0.0375701032810187,0.0068593310182709,3.9663316569010494,0.4358050753943237,0.0795667568229035,2.367413861762163,0.0500934710413583,0.0091457746910279,-5.288442209201399,0.5810734338590983,0.1060890090972047,2.374873034679418,0.0421077098863696,0.0076877808498826,-5.304080493242151,0.5711644217580815,0.1042798792804319,1,finite_k_fixed
relu,1,1.333521432163324,30,True,"0,1,2,3,4,5,6,7,8,9,10,11,12,13,14,15,16,17,18,19,20,21,22,23,24,25,26,27,28,29",0.0413302341641878,0.0305962494363543,0.0055860853304486,0.5029733310143153,0.0153092451927084,0.0027950729768079,0.5419999957084656,0.0438964326345034,0.0080143554493078,0.6980930447578431,0.0086354433609628,0.0015766090409525,0.6876519461472829,0.0080685344325426,0.0014731061049035,-0.0020582521644731,0.1116964707209378,0.0203928922025243,4.577813847859701,0.209770800722798,0.0382987331539324,5.8006081263224285,0.2600878103626969,0.0474853202225916,0.9958280627298626,0.0112540801863116,0.0020547045273382,0.998418380716139,0.0112071712108141,0.0020461401593284,1493.680998969367,16.890502814172507,3.083769799642257,1497.5159125800192,16.844600872492364,3.0753892900117568,-1.3485567111728165,0.0259226333492642,0.0047328036784425,2.4937036373870827,0.275745653115667,0.0503440381151485,1.7980756148970884,0.0345635111323523,0.0063104049045901,-3.324938183182777,0.3676608708208894,0.0671253841535313,1.8040880935121055,0.0301904555720459,0.0055119978460556,-3.3353624087572995,0.3613854853387037,0.0659796607583201,1,finite_k_fixed
relu,1,1.7782794100389228,30,True,"0,1,2,3,4,5,6,7,8,9,10,11,12,13,14,15,16,17,18,19,20,21,22,23,24,25,26,27,28,29",0.0457125014824452,0.0296733964837193,0.0054175962039758,0.4982366661230723,0.0161441005781888,0.002947496019102,0.5256666600704193,0.0374794956091558,0.0068427883963501,0.6971002221107483,0.005733562780643,0.00104680055661,0.6891443868478139,0.0053497093462501,0.0009767188283458,-0.0009499890419344,0.1052712790001956,0.0192198180552756,3.638622585932414,0.1432267016569179,0.0261494984448521,4.611794662475586,0.1616596991024739,0.0295148879459742,0.9961904659163912,0.0113196103640031,0.0020666686461779,0.997932005571754,0.0112849859863441,0.0020603471286167,1494.2163275855155,16.906822892642527,3.086749424681685,1496.810000870313,16.874656487322547,3.0808766694191494,-1.016486232308221,0.023976819654637,0.0043775483273593,1.5479407306821642,0.1293653653983395,0.0236187762628562,1.3553149764109618,0.0319690928728493,0.0058367311031457,-2.063920974242886,0.1724871538644527,0.0314917016838083,1.359554852183183,0.0237975065089992,0.0043448103757849,-2.070320590070699,0.1690342518499313,0.0308612909097389,1,finite_k_fixed
relu,1,2.3713737056616555,30,True,"0,1,2,3,4,5,6,7,8,9,10,11,12,13,14,15,16,17,18,19,20,21,22,23,24,25,26,27,28,29",0.0521974144012879,0.0428915253929261,0.007830885327837,0.5094066659609476,0.0184516511906818,0.0033687951934511,0.5329999993244807,0.0426007889842943,0.0077778043647385,0.69655335744222,0.0073454480033365,0.0013410891888029,0.6876981834570567,0.0062940524703868,0.0011491315053839,0.0259362335937718,0.1153049943845146,0.0210517154724684,3.0001943906148276,0.0770846623893869,0.0140736694761124,3.776895252863566,0.1039346085417345,0.0189757765345923,0.996301305667856,0.0113171084009851,0.0020662118523169,0.997532045535244,0.0113036847026372,0.0020637610315201,1494.4615415494434,16.91626465520075,3.0884732467936,1496.2361194430168,16.958255591977032,3.0961397078879815,-0.7688971672618682,0.0173628835224838,0.0031700143228663,1.0515522738553502,0.0691390821514798,0.0126230116331894,1.0251962230158242,0.0231505113633118,0.0042266857638218,-1.4020696984738004,0.0921854428686397,0.0168306821775859,1.028471364308096,0.0203415180614849,0.0037138360987246,-1.4064868787075469,0.0893976559312629,0.0163217042472127,1,finite_k_fixed
relu,1,3.1622776601683795,30,True,"0,1,2,3,4,5,6,7,8,9,10,11,12,13,14,15,16,17,18,19,20,21,22,23,24,25,26,27,28,29",0.0714919375035957,0.0599833798344708,0.0109514167369133,0.515200001001358,0.0241321506520316,0.0044059077577435,0.5443333357572555,0.0456133216488812,0.0083278150632769,0.6958030780156453,0.0065584458648981,0.001197402914127,0.6848732312520345,0.011179010616796,0.0020409987618029,0.0059844180165479,0.1501352203842951,0.0274108156268292,2.494677432378133,0.0459253669039661,0.0083847864716678,3.131170614560445,0.0520302843639398,0.0094993868065127,0.9963851911900932,0.0113832317965744,0.0020782842774312,0.9973054039155492,0.0111754956494793,0.0020403570195068,1494.6455105041584,17.03653556556542,3.110431610333071,1495.8894060106843,16.783076106753438,3.0641564559982797,-0.5782470715991632,0.0110220385760433,0.0020123397192636,0.7301131911849473,0.0533276094040147,0.0097362448694678,0.770996095465551,0.0146960514347244,0.0026831196256849,-0.9734842549132632,0.071103479205353,0.0129816598259571,0.7734837779130643,0.0134115491092678,0.0024486026594114,-0.9769540985467154,0.0750503832610646,0.0137022626204977,1,finite_k_fixed
relu,1,4.216965034285822,30,True,"0,1,2,3,4,5,6,7,8,9,10,11,12,13,14,15,16,17,18,19,20,21,22,23,24,25,26,27,28,29",0.1123328819876717,0.0861859548014672,0.0157353305282947,0.5252633363008499,0.0333051150174634,0.0060806542584562,0.5429999927679697,0.029959739161345,0.0054698749852131,0.6920600155989329,0.0094923653316293,0.0017330608720711,0.6847978929678599,0.0111246931603947,0.0020310817964238,0.0143063577474094,0.20889150522447,0.0381381964942168,2.102471403280894,0.0399175277852763,0.007287910135945,2.622091865539551,0.0621147830704712,0.0113405559474123,0.9964909478399628,0.0113667789084218,0.0020752804047721,0.9973225111885088,0.0111914919752236,0.002043277535656,1494.7069112194995,17.04081998389303,3.111213834521011,1495.9175882507282,16.777626252985982,3.0631614533837666,-0.4370722106639297,0.0109726134573946,0.0020033159684666,0.5118646419224444,0.0336095983948022,0.0061362450631742,0.5827629475519063,0.0146301512765262,0.0026710879579554,-0.6824861892299259,0.0448127978597363,0.0081816600842322,0.5846636414196175,0.0134431205405047,0.0024543667877651,-0.6845729864507858,0.0442892002525334,0.008086064677392,1,finite_k_fixed
relu,1,5.62341325190349,30,True,"0,1,2,3,4,5,6,7,8,9,10,11,12,13,14,15,16,17,18,19,20,21,22,23,24,25,26,27,28,29",0.1966179811294942,0.1365870144980542,0.0249372629676231,0.5481300055980682,0.0454706869309656,0.0083017736457817,0.5613333304723104,0.05184415653493,0.00946540466967,0.6839059869448344,0.0136478263943466,0.002491740792366,0.6757836620012919,0.0261238532872808,0.0047695412447997,-0.0455239776521921,0.3241351513745553,0.0591787113627318,1.8002939422925313,0.0404065061648312,0.0073771849654832,2.228670914967855,0.0582715369372448,0.0106388784136748,0.9965634607380272,0.0113377930052369,0.0020699883270975,0.996972574544468,0.0112843112923995,0.0020602239469191,1494.7923197806451,17.014760796861147,3.1064560996651416,1495.4539095581738,16.886891743279303,3.083110511313938,-0.3351723654085699,0.0093282180807699,0.0017030918213884,0.3589627575455417,0.0314171321279016,0.005735957319524,0.4468964872114266,0.0124376241076932,0.0022707890951845,-0.4786170100607222,0.0418895095038688,0.0076479430926986,0.4483462718369487,0.0111283767226599,0.0020317543198054,-0.4799975326721532,0.0393832180703284,0.0071903589747546,1,finite_k_fixed
relu,1,7.498942093324557,30,True,"0,1,2,3,4,5,6,7,8,9,10,11,12,13,14,15,16,17,18,19,20,21,22,23,24,25,26,27,28,29",0.3802042409012185,0.1593233711163973,0.0290883347660726,0.6053433348735173,0.0486200351748291,0.0088767633373161,0.6209999968608221,0.066661791961885,0.0121707223937469,0.6559147973855336,0.0303470501666738,0.005540587976676,0.6432278474171956,0.0397844536666282,0.0072636142370771,-0.1042116430898507,0.5208726284840216,0.0950978960692355,1.5737772941589356,0.0495804739046791,0.009052114656463,1.8544759154319763,0.0587603075571973,0.0107281153116727,0.9965809960923512,0.0112505311347294,0.0020540565621351,0.9969445920767256,0.0112802643559921,0.0020594850807994,1494.8619098111735,16.850502042603864,3.076466691340338,1495.4421322213625,16.918676984791396,3.0889136759045788,-0.2598826778249418,0.0104493959574382,0.0019077899593973,0.2321535297588372,0.0303743135698114,0.005545565570307,0.3465102370999224,0.0139325279432509,0.0025437199458631,-0.3095380396784497,0.0404990847597486,0.007394087427076,0.3477168683572544,0.0153211834697712,0.002797252598023,-0.3103202226536557,0.0387495739986622,0.0070746719242609,1,finite_k_fixed
relu,1,10.0,30,True,"0,1,2,3,4,5,6,7,8,9,10,11,12,13,14,15,16,17,18,19,20,21,22,23,24,25,26,27,28,29",0.6324826804207225,0.0574156722260655,0.0104826196108463,0.675766666730245,0.0166627063339167,0.0030421800427234,0.68100000222524,0.0525455448239249,0.0095934600654875,0.6000859558582305,0.0172427173904901,0.0031480750891526,0.5917625387509664,0.0441569070351227,0.0080619113509317,-0.0698172986507415,0.7714897717680844,0.1408541169606307,1.4284952998161315,0.038061594460164,0.0069490646201484,1.5253299276034038,0.0363540563515638,0.0066373122401884,0.9966899255566344,0.0113670641650594,0.0020753324852705,0.996925971653804,0.011318490350403,0.0020664641606067,1495.0149985762532,17.064648248678136,3.115564260564014,1495.4342742360434,16.952804258227356,3.0951444350669193,-0.2131814237467696,0.0072342141977571,0.0013207807673119,0.1158557985432818,0.0178256004422595,0.0032544944877665,0.2842418983290262,0.0096456189303428,0.0017610410230825,-0.1544743980577091,0.023767467256346,0.0043393259836887,0.2852038953439735,0.0107547716929479,0.0019635436856818,-0.1548729617632342,0.0231964673059855,0.0042350761326397,1,finite_k_fixed
relu,2,0.1,30,True,"0,1,2,3,4,5,6,7,8,9,10,11,12,13,14,15,16,17,18,19,20,21,22,23,24,25,26,27,28,29",0.0240089650555232,0.01942312963493,0.003546162079466,0.5011933316787084,0.0111313107395171,0.0020322899955443,0.5456666638453801,0.040401719247846,0.0073763109980119,0.7008335133393605,0.0089380929664066,0.0016318650462597,0.6856830338637034,0.0090622470280694,0.0016545323729859,0.0153711902365709,0.0827481145205874,0.0151076696379821,7.308910051981608,0.480472332369847,0.0877218448986949,9.5791228612264,0.6292215833661595,0.114879618292921,0.9888956264589132,0.011077877617248,0.0020225344867494,1.0015856038373316,0.0107938872029721,0.001970685168078,1483.5632698567708,16.49370969652807,3.011325619243371,1502.4947721862793,16.213756312246442,2.960213358036384,-11.875159830729157,0.2778956327491548,0.0507365688962944,6.293407602945983,1.5381211150403693,0.280821210294203,15.83354644097221,0.3705275103322061,0.0676487585283926,-8.39121013726131,2.050828153387159,0.3744282803922706,15.88237600103813,0.3538194756632176,0.0645983027017981,-8.416066136321184,2.069929291584605,0.3779156551471921,2,finite_k_fixed
relu,2,0.1333521432163324,30,True,"0,1,2,3,4,5,6,7,8,9,10,11,12,13,14,15,16,17,18,19,20,21,22,23,24,25,26,27,28,29",0.0290626099397193,0.0215904945103916,0.0039418669570109,0.5019599954287212,0.0095327593862057,0.001740435783698,0.5326666583617529,0.044016717155111,0.0080363162977263,0.6982388993104299,0.0078581345421461,0.0014346925162146,0.6880078971385956,0.0064287695470687,0.0011737273659772,-0.0048306035886829,0.0981204792399804,0.0179142666109848,7.11320735613505,0.3413681998753473,0.0623250211622199,9.338770039876302,0.4719096532997446,0.0861585207389041,0.990808956473475,0.0113430979997091,0.0020709568821441,1.0012031989025685,0.0104161740015546,0.0019017244878501,1486.393810075053,17.114792576433526,3.1247193203782007,1502.1010377576736,15.576203334351597,2.843812642170517,-9.090902393736352,0.2095002508349007,0.0382493377284218,6.254509979895729,1.2134959196457045,0.2215530295434762,12.12120319164847,0.2793336677798677,0.0509991169712291,-8.339346639860972,1.617994559527606,0.2954040393913016,12.157501011074393,0.2266510633729007,0.0413806333639568,-8.365768951291649,1.6400539118001056,0.299431507672502,2,finite_k_fixed
relu,2,0.1778279410038923,30,True,"0,1,2,3,4,5,6,7,8,9,10,11,12,13,14,15,16,17,18,19,20,21,22,23,24,25,26,27,28,29",0.0267747545655592,0.026356702705105,0.0048120535376811,0.5028866718212763,0.0120124553484323,0.0021931642551199,0.5346666644016902,0.0419139775825187,0.0076524103322371,0.6989091475804646,0.0117220744797861,0.0021401482044448,0.6872216602166493,0.0085496722673993,0.0015609494533769,-0.0015822977914164,0.0942584968166737,0.0172091683143403,6.401627540588379,0.4266061147910854,0.0778872640802385,8.395606390635173,0.5886667933363006,0.1074753605215078,0.9923371259631956,0.0113019363401495,0.0020634418256624,1.0005059089235198,0.0121355437179057,0.0022156370139623,1488.6242278938437,17.155467347120105,3.1321454835203304,1500.8449400712489,18.10992468030488,3.3064047540408392,-7.080674669358609,0.1616458436742646,0.0295123583024494,5.168725768814362,0.9086106422967404,0.1658888482583941,9.440899559144812,0.2155277915656861,0.0393498110699326,-6.891634358419149,1.2114808563956536,0.221185131011192,9.468034704518764,0.1878517303541242,0.0342968767271106,-6.9085085001880335,1.1920922097914068,0.2176452646429781,2,finite_k_fixed
relu,2,0.2371373705661655,30,True,"0,1,2,3,4,5,6,7,8,9,10,11,12,13,14,15,16,17,18,19,20,21,22,23,24,25,26,27,28,29",0.0241584416611648,0.0153632385012062,0.0028049307611475,0.5017400016387303,0.0099964030664813,0.0018250851511418,0.5336666613817215,0.0354754260901619,0.0064768970355629,0.7004354019959768,0.0102231314583802,0.0018664799026985,0.685889720916748,0.0091688235918862,0.0016739905023538,-0.0096990338681886,0.0699485156392252,0.0127707932932021,5.880990346272786,0.2424237585089179,0.0442603203368397,7.685282866160075,0.359683954312066,0.0656690051164587,0.9933320513818402,0.0113547923778786,0.0020730919737172,0.9997574041812588,0.0113916652639392,0.0020798240108691,1490.110592990451,17.09407166805772,3.120936217401725,1499.6247655855118,17.03594420070216,3.11032364237463,-5.4369786516020735,0.0982611478764235,0.017939949072756,4.167306900560915,0.5554315696455611,0.1014074666151251,7.249304868802764,0.1310148638352313,0.023919932097008,-5.556409200747887,0.7405754261940815,0.1352099554868335,7.271052204218635,0.1128505113205314,0.0206035902254157,-5.572184029058065,0.7320906721310891,0.133660858421772,2,finite_k_fixed
relu,2,0.3162277660168379,30,True,"0,1,2,3,4,5,6,7,8,9,10,11,12,13,14,15,16,17,18,19,20,21,22,23,24,25,26,27,28,29",0.0287042695492223,0.0180314668596516,0.0032920803813126,0.5035833319028219,0.0099002978957773,0.001807538827846,0.5316666642824809,0.046169357099092,0.0084293327828946,0.7000125547250112,0.0107733568858981,0.0019669368621533,0.6860371669133504,0.0091094086122313,0.0016631428608169,0.0010830915533006,0.0791732263814476,0.0144549873465273,5.413931433359782,0.2830333406539534,0.0516745817340714,6.993997224171957,0.3520710342177934,0.0642790824284195,0.9937813385876108,0.0109007319764258,0.001990192265602,0.9994946831101656,0.010878848963302,0.0019861969922973,1490.712012851892,16.31648528410294,2.978969016434756,1499.0997801446713,16.46782024132972,3.0065988730388185,-4.1150177388251645,0.0909460872238393,0.0166044078297764,3.685579195304259,0.5349038822000423,0.097659640792683,5.486690318433553,0.1212614496317859,0.0221392104397018,-4.914105593739012,0.713205176266723,0.1302128543902441,5.505923213515211,0.1184508325373555,0.0216260643119921,-4.9295830441798305,0.7195400133039419,0.1313694321047121,2,finite_k_fixed
relu,2,0.4216965034285823,30,True,"0,1,2,3,4,5,6,7,8,9,10,11,12,13,14,15,16,17,18,19,20,21,22,23,24,25,26,27,28,29",0.0326907576119505,0.0278682465566132,0.0050880224257242,0.5011533319950103,0.0137888186518606,0.0025174823389906,0.5263333320617676,0.0380999854195011,0.0069560738182928,0.6967143972714742,0.0052775300308928,0.0009635407486103,0.6888606409231822,0.0053071942865999,0.0009689566759444,-0.02173429930311,0.0936425465648199,0.0170967116985932,4.811187410354615,0.1756144808686029,0.032062670865431,6.207460578282674,0.2176982618221003,0.0397460829098766,0.9945680429248428,0.0110840044405748,0.00202365308653,0.9984434139618392,0.0110541906383905,0.0020182098558696,1491.9702427910458,16.51146509372842,3.014567296431403,1497.5024125370314,16.610525146288772,3.0326531048763865,-3.161699182066166,0.0807673663032123,0.0147460361448506,2.761769002037314,0.3413879477832682,0.0623286266204305,4.215598909421556,0.1076898217376164,0.0196613815264675,-3.682358669383085,0.455183930377691,0.0831048354939074,4.2290430935815415,0.0838584549153777,0.0153103891315607,-3.6952813609050374,0.4532820733072562,0.0827576054876981,2,finite_k_fixed
relu,2,0.5623413251903491,30,True,"0,1,2,3,4,5,6,7,8,9,10,11,12,13,14,15,16,17,18,19,20,21,22,23,24,25,26,27,28,29",0.0369924034364696,0.0237503883821451,0.0043362078221365,0.5039233326911926,0.0121682106005793,0.0022216011434702,0.535999995470047,0.0344012828093141,0.006280786200592,0.6978417138258616,0.0060658063786007,0.0011074596610061,0.6876297056674957,0.0071874864684915,0.0013122494901853,-0.0004706556872406,0.0909964532830332,0.0166136033720274,4.201235946019491,0.1307057197405573,0.0238634903656171,5.37658314704895,0.133759073660549,0.0244209539716259,0.9951349856047592,0.0114534894364801,0.0020911115088357,0.9984406324413864,0.011489329986415,0.00209765506806,1492.7918049406828,17.20929512969425,3.1419730470991114,1497.5976299768515,17.23199104076149,3.1461167345839973,-2.378944364872706,0.0524854739934948,0.0095824926825292,2.093166550925933,0.1696801045987549,0.0309792069495247,3.1719258198302747,0.0699806319913264,0.012776656910039,-2.7908887345679103,0.2262401394650065,0.0413056092660329,3.182089607488795,0.0552286240193943,0.0100833210651313,-2.800084004448452,0.2350604651283744,0.0429159730428223,2,finite_k_fixed
relu,2,0.7498942093324559,30,True,"0,1,2,3,4,5,6,7,8,9,10,11,12,13,14,15,16,17,18,19,20,21,22,23,24,25,26,27,28,29",0.0381397763268519,0.0291351188945286,0.005319320611376,0.5014699975649516,0.0151191854170662,0.0027603729680101,0.5326666673024495,0.0460084992182064,0.0083999642862568,0.6978942314783733,0.00745181083572,0.0013605082963284,0.6875558296839396,0.0092667580952795,0.001691870814576,0.0244838335020176,0.0901471174427648,0.0164585365724899,3.6668768882751466,0.0883792730591824,0.0161357738234742,4.66050271987915,0.1270078868302825,0.0231883615326696,0.9953349415883436,0.0112156528701467,0.0020476886913756,0.9980033877615736,0.0110928199817997,0.0020252625767919,1493.1077762261284,16.878458116562612,3.081570748782501,1497.0239849229602,16.701552919591144,3.049272426475445,-1.8081578016493056,0.0446979215176967,0.0081606866296126,1.6212599229600697,0.1380676098226587,0.025207581453564,2.410877068865741,0.0595972286902623,0.0108809155061502,-2.161679897280093,0.1840901464302116,0.033610108604752,2.419223486955735,0.0596773954075465,0.0108955518792894,-2.1682096533733355,0.1822303073511659,0.033270549999111,2,finite_k_fixed
relu,2,1.0,30,True,"0,1,2,3,4,5,6,7,8,9,10,11,12,13,14,15,16,17,18,19,20,21,22,23,24,25,26,27,28,29",0.0598596975356562,0.0410900921674822,0.0075019901233654,0.5054966658353806,0.0211784305185437,0.0038666347091874,0.5353333274523417,0.0328773429448881,0.0060025541205828,0.6972087502479554,0.0060102550059123,0.0010973174143655,0.6882005472977956,0.0048622634010657,0.0008877237817651,-0.0498300927070279,0.1215403692678485,0.0221901339651694,3.1913214763005575,0.0928286671257082,0.0169481183226295,4.048370250066122,0.1202440295310657,0.0219534557931606,0.9959180016393608,0.0113104263956294,0.0020649918906293,0.9977456276726604,0.0111910248663473,0.0020431922536332,1493.97029921875,16.992753271225325,3.1024380935899374,1496.6071741312662,16.972070485107032,3.0986619507535895,-1.3593049479166823,0.0303126748593553,0.0055343119329295,1.1905324645996405,0.0937398145221992,0.0171144703167196,1.812406597222243,0.0404168998124738,0.0073790825772394,-1.5873766194661871,0.1249864193629322,0.0228192937556261,1.818170902980006,0.0402378332044916,0.0073463896370768,-1.592216461625151,0.1237092831461586,0.0225861216506482,2,finite_k_fixed
relu,2,1.333521432163324,30,True,"0,1,2,3,4,5,6,7,8,9,10,11,12,13,14,15,16,17,18,19,20,21,22,23,24,25,26,27,28,29",0.0473549986926401,0.0356374703069591,0.006506482126514,0.5015933354695638,0.0177891897141115,0.0032478468287192,0.5439999918142955,0.0428791404420786,0.0078286241555195,0.7010279854138692,0.0116218462662894,0.0021218491199679,0.6851370354493459,0.0089478138264969,0.0016336398243763,-0.0186189305871569,0.0977234322609751,0.0178417760820547,2.774728004137675,0.0539905433571018,0.0098572794962151,3.511330421765645,0.0932944961491926,0.0170331666773305,0.996091313926776,0.011304872695457,0.002063977928342,0.9973635979853236,0.011164836729159,0.0020384109758075,1494.2161491074603,16.939528636172113,3.09272064917873,1495.93385681221,16.781190833257817,3.0638122537247403,-1.018304007775395,0.0225234987452203,0.0041122094455654,0.911647869577832,0.059207429224478,0.0108097481860457,1.3577386770338604,0.0300313316602937,0.0054829459274206,-1.215530492770443,0.0789432389659707,0.0144129975813943,1.3620918986717134,0.0271604762645863,0.0049588018408991,-1.219575862589058,0.0778583831402568,0.0142149309122661,2,finite_k_fixed
relu,2,1.7782794100389228,30,True,"0,1,2,3,4,5,6,7,8,9,10,11,12,13,14,15,16,17,18,19,20,21,22,23,24,25,26,27,28,29",0.0756049310295539,0.0542609799026492,0.0099066542283384,0.5062733302513759,0.0268471638762914,0.0049015990866942,0.5366666585206985,0.0461880210961129,0.0084327403469551,0.697009664773941,0.008108037294317,0.0014803183077302,0.6861667553583781,0.0081624740244568,0.0014902570494149,0.0162273959722369,0.1459284007352686,0.0266427589544533,2.4086567322413126,0.0452175343284839,0.0082555545154916,3.033231782913208,0.0723865259791853,0.0132159110460778,0.99638170115115,0.0113330140284748,0.002069115809306,0.9973526652226022,0.0112694495815717,0.0020575105821646,1494.613245641297,16.950905392446238,3.0947977511929214,1495.9410463376207,16.85177277373227,3.0766986940415224,-0.7674804504469063,0.0177979406470224,0.0032494445231707,0.6789861979898791,0.0399026976226579,0.0072852025310791,1.0233072672625416,0.0237305875293632,0.004332592697561,-0.905314930653172,0.0532035968302106,0.0097136033747722,1.0264190045539652,0.0181918460346394,0.0033213614786109,-0.9082297256067275,0.0531209306073925,0.0096985106564451,2,finite_k_fixed
relu,2,2.3713737056616555,30,True,"0,1,2,3,4,5,6,7,8,9,10,11,12,13,14,15,16,17,18,19,20,21,22,23,24,25,26,27,28,29",0.081159180453596,0.0674554496816468,0.0123156238057642,0.5136366675297419,0.0266501639599018,0.0048656319873498,0.5556666652361552,0.0430463555149486,0.007859153311308,0.6950721283753712,0.0077600307448507,0.0014167812952961,0.6863476216793061,0.0088036350637458,0.0016073165041523,0.0682650822564028,0.1405596920791186,0.0256625713425711,2.101844342549642,0.0340086263216492,0.0062090972620437,2.628860116004944,0.0435757106850469,0.0079557999005063,0.9963632852777105,0.0112492112780507,0.0020538155903766,0.997174471060254,0.0112941177899237,0.0020620143602205,1494.6025011382592,16.841873543501308,3.0748913501417103,1495.6997824096036,16.944138089913643,3.0935622164427334,-0.574105615553513,0.0146453729755995,0.0026738670472708,0.5152152404420746,0.0324070416890205,0.0059166892516956,0.7654741540713508,0.019527163967466,0.0035651560630277,-0.6869536539227661,0.043209388918694,0.0078889190022608,0.7679642687041133,0.018461708010329,0.0033706313091103,-0.6891814419193398,0.0427431353986651,0.0078037931454488,2,finite_k_fixed
relu,2,3.1622776601683795,30,True,"0,1,2,3,4,5,6,7,8,9,10,11,12,13,14,15,16,17,18,19,20,21,22,23,24,25,26,27,28,29",0.1300303018684771,0.0964108368235875,0.0176021300387428,0.525600000222524,0.0409865718865633,0.0074830899923592,0.5376666625340779,0.040572060484061,0.007407410910528,0.693605899810791,0.0092251272799736,0.0016842701023659,0.6820376833279927,0.021342298514341,0.0038965527751045,0.000524024789532,0.2227655861466087,0.0406712455227859,1.8259780804316204,0.0264933500288228,0.0048370018115554,2.276029364267985,0.0419586695832348,0.0076605699378811,0.9965296608228812,0.0113868425809776,0.0020789435134539,0.9970705319929004,0.0111843114637402,0.002041966559618,1494.873824288229,17.072432510966234,3.11698546591359,1495.5371129698822,16.796152024719568,3.066543781074992,-0.4309948817317292,0.0089114669366448,0.0016270038205539,0.3778201503829149,0.0249838380235228,0.0045614038861795,0.5746598423089723,0.0118819559155264,0.0021693384274052,-0.5037602005105533,0.0333117840313638,0.0060818718482394,0.5764996223093899,0.0118692249272284,0.0021670140775818,-0.5054587402924119,0.0340542915665115,0.0062174345569454,2,finite_k_fixed
relu,2,4.216965034285822,30,True,"0,1,2,3,4,5,6,7,8,9,10,11,12,13,14,15,16,17,18,19,20,21,22,23,24,25,26,27,28,29",0.1841257356573598,0.1202775586427893,0.0219595773434353,0.5431166619062424,0.0421407250265179,0.0076938085622154,0.5566666642824809,0.0447470627162925,0.0081696585439372,0.6857015450795492,0.0127828252986616,0.0023338139215749,0.6778017560640971,0.0156705647349279,0.002861040598055,-0.0338660903275013,0.2805969446535831,0.051229758717932,1.585738150278727,0.019917327275051,0.0036363898112527,1.9524026354153952,0.0448686021878615,0.0081918485140057,0.996580289363851,0.0113860381678208,0.0020787966483767,0.9971646608955562,0.0111946519167194,0.0020438544594019,1494.8755844920702,17.075802978960347,3.1176008263634984,1495.6808245201676,16.78248550017532,3.064048626483131,-0.3239551935278164,0.0069259219222691,0.0012644945561154,0.27510091136185,0.0242096597142845,0.0044200589116792,0.4319402580370886,0.0092345625630255,0.0016859927414872,-0.3668012151491334,0.0322795462857127,0.0058934118822389,0.4333261684462242,0.0077649726426423,0.0014176835582618,-0.367810219430457,0.0306339307631284,0.0055929649680056,2,finite_k_fixed
relu,2,5.62341325190349,30,True,"0,1,2,3,4,5,6,7,8,9,10,11,12,13,14,15,16,17,18,19,20,21,22,23,24,25,26,27,28,29",0.4461629577883518,0.1859861976324674,0.0339562786093054,0.6231699963410695,0.0527944400690291,0.0096389019122206,0.6316666682561238,0.0776856374428188,0.0141833920071999,0.6413170874118805,0.0304947758261233,0.005567558868677,0.6205840577681859,0.0590422545858586,0.0107795915608792,-0.2137334071565419,0.5539373763748119,0.1011346654952379,1.4443865378697711,0.0448224174848913,0.0081834163794629,1.6594441850980124,0.0586023070755499,0.0106992685023744,0.9966306121760062,0.0113432917821984,0.0020709922618243,0.996846315683941,0.0112805152790637,0.0020595308928749,1494.941630548094,17.021807187391598,3.107742588679314,1495.2645208333045,16.881094077821558,3.082052007263246,-0.2564802444135455,0.0080378327715862,0.0014675007741506,0.1695740326760692,0.0313052557794766,0.0057155315862961,0.3419736592180607,0.0107171103621149,0.0019566676988675,-0.2260987102347589,0.0417403410393021,0.0076207087817281,0.3431184312607064,0.0115760555721471,0.0021134889212661,-0.2267037826622964,0.0411316416333267,0.0075095759832639,2,finite_k_fixed
relu,2,7.498942093324557,30,True,"0,1,2,3,4,5,6,7,8,9,10,11,12,13,14,15,16,17,18,19,20,21,22,23,24,25,26,27,28,29",0.6466778721254283,0.1109197062114242,0.0202510750546143,0.6790099958578746,0.0327238072291726,0.0059745224622894,0.698333332935969,0.0600047903710945,0.0109553257482057,0.5936445335547129,0.0258752420362583,0.0047241512480548,0.574258612593015,0.0490450276866125,0.008954355999141,-0.1374389268457889,0.7638696992740462,0.1394628884290275,1.33887015581131,0.0474404574003928,0.0086614028855193,1.393721346060435,0.0415655795175638,0.0075888018391814,0.996637752072849,0.0112621646831611,0.0020561805477684,0.996845311523182,0.0112770099784305,0.0020588909154657,1494.9696819976386,16.89054618037983,3.0837777171922514,1495.2932092151405,16.91382586097177,3.088027985922825,-0.2077013062462147,0.0084662306479199,0.0015457151676357,0.0832305235370358,0.0233176193024959,0.0042571953597649,0.276935074994953,0.0112883075305599,0.0020609535568477,-0.1109740313827144,0.0310901590699946,0.0056762604796866,0.2779079242305989,0.0127526854905566,0.0023283111706489,-0.1111676426359971,0.0303114738929818,0.0055340926674716,2,finite_k_fixed
relu,2,10.0,30,True,"0,1,2,3,4,5,6,7,8,9,10,11,12,13,14,15,16,17,18,19,20,21,22,23,24,25,26,27,28,29",0.7597629222467044,0.0233700131801313,0.004266761129317,0.7092466711997986,0.0093479069075706,0.0017066864929116,0.7106666684150695,0.048914656325092,0.0089305535539552,0.5612920105457306,0.0137234061924337,0.0025055397124673,0.5488294909397761,0.0477084189114726,0.0087103257402398,-0.072625070810318,0.8628524441885461,0.1575345824935113,1.250348961353302,0.0332721577756897,0.006074637116872,1.2133628487586976,0.0252113206987027,0.0046029363503921,0.9967117921137342,0.0113444667359578,0.0020712067780503,0.9968674613036488,0.0113168122070715,0.0020661577749543,1495.06543386027,17.037454481135633,3.1105993805951537,1495.3465060482406,16.950286081146572,3.094684680936606,-0.173274160563151,0.0068832969371849,0.0012567123341674,0.0280876107406678,0.0121706560911802,0.0022220476269256,0.2310322140842013,0.0091777292495799,0.0016756164455566,-0.0374501476542237,0.0162275414549069,0.0029627301692342,0.2318296571382605,0.0103741128475338,0.0018940452068994,-0.0375044775807372,0.0162175283921586,0.0029609020424552,2,finite_k_fixed
relu,4,0.1,30,True,"0,1,2,3,4,5,6,7,8,9,10,11,12,13,14,15,16,17,18,19,20,21,22,23,24,25,26,27,28,29",0.0300583881458938,0.0179512466769325,0.0032774342467652,0.5033633311589559,0.0101911549112808,0.001860641810646,0.5316666712363561,0.0427570017340364,0.0078063247803397,0.6981429994106293,0.0062433706379066,0.0011398783110822,0.6870945533116658,0.0077545996537893,0.0014157897182673,0.0191670148206564,0.0752627325303774,0.0137410321154551,4.759024254480997,0.1522917660096125,0.0278045451885877,6.194032049179077,0.2166663321142846,0.0395576791836332,0.98962630170893,0.0110359542850821,0.0020148803685117,0.9991703283037656,0.0108472466434875,0.0019804272244867,1484.6318835042318,16.555114478397407,3.022536547299544,1498.871218231201,16.259498641910238,2.96856472663295,-10.706332641601572,0.2271257728032535,0.0414673030517117,2.669853647867819,0.5622426501692394,0.1026509940963927,14.275110188802095,0.3028343637376714,0.0552897374022823,-3.559804863823759,0.7496568668923191,0.1368679921285236,14.32017200256564,0.2889532377256381,0.0527554021221615,-3.5702968256237235,0.7583556231030755,0.1384561604614801,4,finite_k_fixed
relu,4,0.1333521432163324,30,True,"0,1,2,3,4,5,6,7,8,9,10,11,12,13,14,15,16,17,18,19,20,21,22,23,24,25,26,27,28,29",0.0284505239462644,0.0192812137621584,0.0035202519045377,0.5001966685056687,0.0108575608459869,0.0019823103316106,0.5286666631698609,0.0387506027422348,0.0070748597462811,0.6976185182730357,0.0063577367740634,0.0011607586152782,0.6892007291316986,0.0046691327924378,0.0008524631181351,-0.0158749211036289,0.0731090040917278,0.0133478168992589,4.593884372711182,0.1141794746816249,0.0208462246290719,5.971182362238566,0.1759641840682182,0.0321265176423847,0.9914042955404796,0.0113184389619746,0.0020664547784062,0.9987634921230236,0.0105420902618796,0.0019247135465623,1487.3264755725263,17.050718796984246,3.1130211022618735,1498.440624074186,15.753479283244166,2.8761786542077155,-8.089701471793035,0.1915456625258072,0.0349712933858855,2.5940962964080834,0.4782241460128626,0.087311384104963,10.78626862905738,0.2553942167010762,0.0466283911811806,-3.4587950618774443,0.6376321946838167,0.1164151788066173,10.819232175586729,0.2192578187186704,0.0400308177405314,-3.468170650842861,0.6388395025870097,0.116635602064095,4,finite_k_fixed
relu,4,0.1778279410038923,30,True,"0,1,2,3,4,5,6,7,8,9,10,11,12,13,14,15,16,17,18,19,20,21,22,23,24,25,26,27,28,29",0.0271380133196119,0.0210065177977017,0.0038352478841449,0.5024399985869725,0.0100698777140041,0.0018384997250928,0.5419999957084656,0.0441314680857728,0.0080572668554657,0.6998621066411336,0.0105239156990648,0.0019213953405535,0.6868289450804392,0.0078779562121789,0.0014383114414827,-0.0123931645958994,0.0703307947443072,0.0128405875895742,4.330716196695963,0.090733381550403,0.0165655732646262,5.600875806808472,0.1410798728908641,0.0257575429307626,0.9930351799376732,0.0112670019821423,0.0020570637136916,0.9986368449158896,0.0119547952205431,0.0021826370042154,1489.7191068384975,17.028443090598373,3.108954133304572,1498.0411117782307,17.83159756287139,3.2555894071796017,-6.234072293056525,0.1674610036192357,0.0305740563949032,2.3648974757962566,0.2533370310207455,0.0462528021804827,8.312096390742035,0.2232813381589811,0.0407654085265376,-3.153196634395009,0.3377827080276606,0.0616704029073103,8.334548575803455,0.2002931018786597,0.036568350003874,-3.162749977895274,0.3411270937855781,0.0622810014141805,4,finite_k_fixed
relu,4,0.2371373705661655,30,True,"0,1,2,3,4,5,6,7,8,9,10,11,12,13,14,15,16,17,18,19,20,21,22,23,24,25,26,27,28,29",0.0343508257224437,0.0280071379101154,0.0051133804015094,0.5024699995915095,0.0147727873974901,0.0026971296316111,0.5356666674216588,0.0414132543503049,0.0075609911957869,0.6990427792072296,0.0066460237751607,0.0012133923797903,0.6863751471042633,0.006467863400248,0.0011808648943926,-0.005424450438295,0.090612459749771,0.0165434960653261,4.03748586177826,0.1104433157633696,0.0201640984564211,5.191070556640625,0.1558752172886442,0.0284587908883365,0.9937623937810316,0.0113941522678513,0.0020802780735836,0.9982801411948375,0.0113081164858384,0.0020645701607299,1490.7946319279624,17.094411388333906,3.1209982415545614,1497.4088764517955,16.909310208790274,3.0872035444022745,-4.7184823037534995,0.0754025098825312,0.0137665518517228,1.9514177668446813,0.31073579373254,0.0567323345505281,6.291309738338,0.100536679843375,0.0183554024689638,-2.601890355792908,0.4143143916433867,0.0756431127340375,6.310668824764624,0.1064863098182351,0.0194416513176437,-2.6101135076021484,0.4174871410898527,0.0762223748810847,4,finite_k_fixed
relu,4,0.3162277660168379,30,True,"0,1,2,3,4,5,6,7,8,9,10,11,12,13,14,15,16,17,18,19,20,21,22,23,24,25,26,27,28,29",0.0371605404583891,0.0286064241744359,0.0052227946032998,0.5060199946165085,0.0129012499502582,0.0023554352059229,0.5279999951521556,0.0333632087343758,0.0060912606715236,0.6960146824518839,0.0039617002563194,0.00072330419882,0.6897206962108612,0.0036385016019849,0.0006642964676419,-0.0004246410448104,0.0914078494688682,0.0166887136957119,3.742912491162618,0.0893888400508088,0.0163200946950164,4.820728699366252,0.1189856008663547,0.0217236992042695,0.9941559505035976,0.010941128917565,0.0019975677042408,0.9981743351540684,0.0108730913367215,0.0019851457983121,1491.3467714720134,16.403094030635412,2.994781537819117,1497.1194572899412,16.45989631083754,3.005152167880595,-3.5995736295160867,0.0769135340293304,0.0140424258551018,1.7052563405740992,0.1749232893577339,0.031936477138078,4.799431506021449,0.1025513787057738,0.0187232344734691,-2.273675120765466,0.2332310524769786,0.0425819695174374,4.8156807324205575,0.0901130402226569,0.0164523149517731,-2.2807666487037803,0.2346769983467356,0.0428459619073698,4,finite_k_fixed
relu,4,0.4216965034285823,30,True,"0,1,2,3,4,5,6,7,8,9,10,11,12,13,14,15,16,17,18,19,20,21,22,23,24,25,26,27,28,29",0.0359740015939251,0.0287822168380723,0.005254889805739,0.5007099996010462,0.0138719854025785,0.0025326664407915,0.5416666636864345,0.0449584763892956,0.0082082572231602,0.6970661501089732,0.0047818744933763,0.0008730468423936,0.6883852442105611,0.0058316521120527,0.0010647091364313,0.0035420481658851,0.0866567678539187,0.0158212888380266,3.427657461166382,0.056048259734905,0.010232965388572,4.383628718058268,0.0999481462412334,0.0182479514257162,0.9949865813812052,0.0110952972017517,0.0020257148532078,0.9975240402334412,0.0110469587425656,0.0020168894983773,1492.638598459047,16.555945910927772,3.022688345416852,1496.1235307372951,16.602324518740286,3.031155881978385,-2.672801797971663,0.0584071936599271,0.0106636458293716,1.3828872023009835,0.1544893818166552,0.0282057731053368,3.563735730628884,0.0778762582132361,0.0142181944391621,-1.843849603067978,0.205985842422207,0.0376076974737824,3.574860692168458,0.0646737417323689,0.0118077557416939,-1.8501602866966227,0.2035362400509077,0.0371604633152228,4,finite_k_fixed
relu,4,0.5623413251903491,30,True,"0,1,2,3,4,5,6,7,8,9,10,11,12,13,14,15,16,17,18,19,20,21,22,23,24,25,26,27,28,29",0.0366979295524274,0.0240140908195534,0.004384353079949,0.5054733355840048,0.0116960947633485,0.002135404978868,0.5339999934037526,0.0337945131944754,0.0061700057321733,0.6965879837671916,0.0048563114175905,0.000886637103228,0.6880828221638997,0.0059803356462212,0.0010918549116292,-0.0077805690156916,0.0777673559133718,0.0141983116904288,3.1100748697916667,0.0613078685783196,0.0111932341909692,3.941505972544352,0.0783451397364598,0.0143038001015177,0.9954617912719615,0.0113799510735709,0.0020776853020999,0.9977847450943178,0.011476991313134,0.0020954023448314,1493.3025362413196,17.051789854825614,3.1132166497752434,1496.6138282353154,17.21236765901675,3.142534011638621,-2.019977068865741,0.036788046398999,0.0067165476197594,1.109364809389454,0.1145715736745945,0.0209178117834801,2.693302758487654,0.0490507285319987,0.0089553968263459,-1.4791530791859384,0.1527620982327927,0.0278904157113068,2.701706637182011,0.0369480266358775,0.0067457558812572,-1.4845179547004446,0.1620100036896462,0.0295788445207714,4,finite_k_fixed
relu,4,0.7498942093324559,30,True,"0,1,2,3,4,5,6,7,8,9,10,11,12,13,14,15,16,17,18,19,20,21,22,23,24,25,26,27,28,29",0.0453337545144353,0.0286764611708917,0.0052355815509061,0.5021366715431214,0.0156456345514027,0.0028564889900951,0.53066665828228,0.0426641473308559,0.0077893719632778,0.6985844373703003,0.0090371596362133,0.001649952062843,0.6873059153556824,0.0076217979624078,0.0013915435575859,-0.0025695309741422,0.0910384954320722,0.0166212791831589,2.7907745679219564,0.0455056595773577,0.0083081587482232,3.503619114557902,0.0668648046869191,0.0122077872767342,0.9954677428423496,0.0111273609806856,0.0020315688715414,0.997559343708898,0.0110809021095128,0.0020230866809622,1493.308751513672,16.710876998040654,3.0509747625070265,1496.3579091389977,16.68358577378178,3.0459920894575205,-1.518768277994781,0.0385837782805466,0.007044401906011,0.9551841389974164,0.0685272373714564,0.0125113045706192,2.0250243706597084,0.0514450377073955,0.0093925358746814,-1.2735788519965554,0.0913696498286086,0.0166817394274923,2.0320637330778193,0.047704590431636,0.0087096267586507,-1.2775313408965132,0.0912480265080993,0.0166595341487717,4,finite_k_fixed
relu,4,1.0,30,True,"0,1,2,3,4,5,6,7,8,9,10,11,12,13,14,15,16,17,18,19,20,21,22,23,24,25,26,27,28,29",0.0543127027095444,0.0341587284112807,0.0062365020288503,0.5043433308601379,0.0183412206597011,0.003348633429166,0.533666663368543,0.0332683300923373,0.0060739382807003,0.6975609521071117,0.0090986801221619,0.0016611841154773,0.6881820519765218,0.0060193936172702,0.0010989858888938,-0.0241263264169295,0.0989190151711191,0.0180600586584725,2.479893207550049,0.0438768105427986,0.0080107729618904,3.1222861687342327,0.0672507242505307,0.0122782462268584,0.9960261159485037,0.011267707436465,0.0020571925114402,0.997424652559524,0.0111889457423173,0.0020428126592561,1494.111609338379,16.925570253192646,3.0901722087706793,1496.1257207539877,16.969381487767354,3.0981710092535852,-1.1339693074544503,0.023683537510795,0.0043240025787274,0.709079087320948,0.0580133928886116,0.0105917479741674,1.511959076605934,0.0315780500143934,0.0057653367716365,-0.9454387830945972,0.0773511905181488,0.0141223306322232,1.5167942993893495,0.0283126170868403,0.0051691530134895,-0.9482712736953816,0.0760190905832985,0.013879123571167,4,finite_k_fixed
relu,4,1.333521432163324,30,True,"0,1,2,3,4,5,6,7,8,9,10,11,12,13,14,15,16,17,18,19,20,21,22,23,24,25,26,27,28,29",0.0580027405675839,0.0507216061851805,0.0092604559535056,0.5013766686121622,0.0224738237820012,0.0041031400795993,0.5339999934037526,0.0446132817405557,0.0081452335912119,0.6980572203795116,0.0105559501795222,0.0019272440097416,0.6876258631547292,0.0077958721315025,0.0014233250072832,-0.0123948157726166,0.1141750479015331,0.0208454164133008,2.2131264448165893,0.0318634541790537,0.0058174442046333,2.779988972345988,0.0549249207847867,0.0100278726943373,0.9962247076323244,0.0113129384926118,0.0020654505346906,0.9971416220057756,0.0111628564558549,0.0020380494290213,1494.3597626468566,16.98021163768091,3.1001483150565243,1495.6009170743916,16.778149302844884,3.0632569487859067,-0.8471159855018007,0.0240601457032981,0.0043927615128524,0.5787081317594148,0.0378366566037645,0.0069079967741528,1.1294879806690674,0.0320801942710642,0.0058570153504699,-0.7716108423458864,0.050448875471686,0.0092106623655371,1.1330131026436503,0.0253841400612296,0.004634488704802,-0.7741639666004533,0.0494544421321525,0.0090291045082046,4,finite_k_fixed
relu,4,1.7782794100389228,30,True,"0,1,2,3,4,5,6,7,8,9,10,11,12,13,14,15,16,17,18,19,20,21,22,23,24,25,26,27,28,29",0.0893970789936865,0.0779511191849183,0.0142318621201178,0.5175266613562902,0.0289634009905661,0.0052879693548668,0.5333333323399226,0.0422091174127916,0.0077062952464566,0.6932617386182149,0.0084431196666333,0.0015414956990435,0.6871148387591044,0.0075970033403261,0.0013870166996462,0.0098565690995504,0.1692392985048233,0.030898727135814,1.95708513657252,0.0341857044527061,0.0062414271576506,2.4414244492848716,0.0483236314119721,0.0088226476616341,0.9964359730943622,0.0113265920110368,0.0020679433147009,0.9971942727102796,0.0112641073077539,0.0020565352208718,1494.6769009542693,16.971592002233702,3.0985745921325556,1495.7034712079248,16.84371324632029,3.0752272323860645,-0.6333003213843302,0.015695814122282,0.002865650484394,0.4414110682940328,0.0317224303928502,0.0057916969016838,0.8444004285124402,0.0209277521630426,0.0038208673125253,-0.5885480910587105,0.0422965738571337,0.0077222625355784,0.8470078473975592,0.0165741778504206,0.0030260170269259,-0.5905381253928255,0.043636880872015,0.0079669679975894,4,finite_k_fixed
relu,4,2.3713737056616555,30,True,"0,1,2,3,4,5,6,7,8,9,10,11,12,13,14,15,16,17,18,19,20,21,22,23,24,25,26,27,28,29",0.1008040625576296,0.0757153816087475,0.0138236741524076,0.5119866659243901,0.0333843543726251,0.006095121319211,0.5346666663885117,0.04775897489141,0.008719555957116,0.6937517464160919,0.0069238668670024,0.0012641193560732,0.6866367340087891,0.0148301781127701,0.0027076076947278,-0.0182132396847009,0.1681395697487218,0.0306979450535294,1.7257795135180156,0.0177661607976573,0.0032436423430469,2.1513360738754272,0.0359689707900359,0.0065670055573157,0.9964267158474572,0.0112082080331723,0.0020463294563263,0.9970593715237552,0.0112936349091951,0.0020619261986646,1494.6739284424498,16.816446223185828,3.0702489778371445,1495.5271407164175,16.943455937235036,3.0934376729728217,-0.469121622558347,0.0104607424762827,0.0019098615408375,0.3425735472560309,0.0199148916980041,0.0036359451377564,0.6254954967444627,0.0139476566350437,0.00254648205445,-0.4567647296747079,0.0265531889306722,0.0048479268503418,0.6275449845201267,0.0129677174047364,0.0023675704473088,-0.4582323622807897,0.0261562188407866,0.0047754503593801,4,finite_k_fixed
relu,4,3.1622776601683795,30,True,"0,1,2,3,4,5,6,7,8,9,10,11,12,13,14,15,16,17,18,19,20,21,22,23,24,25,26,27,28,29",0.2117344429167164,0.104141788277502,0.0190136022061716,0.5506366610527038,0.0446260047086161,0.0081475564767469,0.5549999962250391,0.0609550380175453,0.0111288164385981,0.6846503893534343,0.0121856964120531,0.0022247936012637,0.6743394335110983,0.0353610237483178,0.0064560101211431,-0.0078709351519743,0.2985066809401048,0.0544996142389642,1.5279295921325684,0.0218004337590564,0.0039801964444107,1.8824084202448528,0.0413047790254479,0.007541186401668,0.9965922199938092,0.0113549717933583,0.0020731247303524,0.99698997975515,0.0111907823934601,0.0020431479843432,1494.9131334815547,17.03857946150628,3.110804772970406,1495.4162911931817,16.805940228733196,3.0683308544535675,-0.3524712615283366,0.007144546671524,0.001304409791714,0.2569983736824671,0.0237091245633262,0.0043286741140112,0.4699616820377821,0.0095260622286986,0.0017392130556187,-0.3426644982432895,0.0316121660844349,0.0057715654853482,0.4714699316790656,0.0090783525702536,0.0016574728292376,-0.3436782293116132,0.0305220643280633,0.0055725410447013,4,finite_k_fixed
relu,4,4.216965034285822,30,True,"0,1,2,3,4,5,6,7,8,9,10,11,12,13,14,15,16,17,18,19,20,21,22,23,24,25,26,27,28,29",0.3658271065293855,0.1999725322845219,0.0365098222712209,0.6020099987586339,0.0588690774414011,0.0107479738847246,0.6066666662693023,0.0731240538710088,0.0133505646004581,0.6543293178081513,0.0306737604139473,0.0056002368340759,0.6411647081375123,0.0465829604792673,0.0085048460832888,-0.1843235955884059,0.4687488208968665,0.0855814343363875,1.3829540769259134,0.0400877602516602,0.0073189901898977,1.6187130014101665,0.0553011163374587,0.0100965562910812,0.996617051972714,0.0113713335927598,0.0020761119725569,0.9970937214374704,0.0111968254730609,0.0020442512946813,1494.9210492369366,17.069654585417137,3.116478288418153,1495.574419636282,16.785711206682024,3.064637557222335,-0.2700693937546933,0.0071653928882557,0.0013082157727615,0.168696027476352,0.0344637038715802,0.0062921826752142,0.3600925250062577,0.0095538571843409,0.0017442876970154,-0.224928036635136,0.0459516051621069,0.0083895769002856,0.3612768882234274,0.0097404619995114,0.001778356919218,-0.2254353675956129,0.0451244547429171,0.0082385605859388,4,finite_k_fixed
relu,4,5.62341325190349,30,True,"0,1,2,3,4,5,6,7,8,9,10,11,12,13,14,15,16,17,18,19,20,21,22,23,24,25,26,27,28,29",0.6272358738002671,0.098945037251801,0.0180648096186667,0.6731199979782104,0.0292570929178557,0.005341589919378,0.6840000053246816,0.064090457813303,0.0117012631550597,0.6021887958049774,0.0242150560732032,0.0044210441475152,0.5789286563793818,0.0541901410848593,0.0098937208888549,-0.3005117153127988,0.6728076553488817,0.1228373098989146,1.2994836727778116,0.0356966322772245,0.0065172835750676,1.3686104853947958,0.0335024443963938,0.0061166815091558,0.9966501610233768,0.0113408574145223,0.0020705478091278,0.996789560408207,0.0112772467283752,0.0020589341398941,1494.9670783411166,17.021115097292114,3.107616230892877,1495.179388367497,16.876200811167926,3.081158623087885,-0.2169127602140718,0.0073442135626013,0.0013408638117907,0.0844415668686473,0.0183894111031361,0.0033574317601412,0.2892170136187625,0.0097922847501351,0.0017878184157209,-0.1125887558248631,0.0245192148041815,0.0044765756801882,0.2902039929900087,0.0109296541345513,0.0019954727050744,-0.1128793570293199,0.0242402024853099,0.0044256352332323,4,finite_k_fixed
relu,4,7.498942093324557,30,True,"0,1,2,3,4,5,6,7,8,9,10,11,12,13,14,15,16,17,18,19,20,21,22,23,24,25,26,27,28,29",0.7408711775064926,0.0275662814800111,0.0050328913977129,0.7054466684659322,0.010737012522356,0.0019603013195699,0.7143333355585734,0.046064670606379,0.0084102197317196,0.566653190056483,0.0157443387247401,0.0028745098241807,0.5442003160715103,0.0463134703976959,0.0084556441510552,-0.0004325568675994,0.8363259471569372,0.1526915288949093,1.2255302707354228,0.0362066932726168,0.0066104075460275,1.1904014825820923,0.0266114176636188,0.0048585579138518,0.9966360783248402,0.0112698303841079,0.0020575801068776,0.9968096007484812,0.0112752729839273,0.0020585737851085,1494.9562809470517,16.89841015506771,3.0852134759683194,1495.2396421153308,16.911216259153125,3.0875515399954327,-0.1788960696061475,0.0078926468626708,0.0014409935750357,0.0296634237273491,0.0142375173784998,0.002599403143692,0.2385280928081967,0.0105235291502278,0.0019213247667143,-0.0395512316364655,0.0189833565046665,0.003465870858256,0.2393660056203561,0.0116054465148172,0.002118854948695,-0.0395440950712163,0.0187837720439047,0.0034294318878271,4,finite_k_fixed
relu,4,10.0,30,True,"0,1,2,3,4,5,6,7,8,9,10,11,12,13,14,15,16,17,18,19,20,21,22,23,24,25,26,27,28,29",0.8100121682624299,0.0153087126803848,0.002794975753804,0.7228466709454854,0.0074585169875452,0.001361732666538,0.7216666678587595,0.0500402091873198,0.0091360504513907,0.5453887383143107,0.0142599143654163,0.0026034922553435,0.5315206994613012,0.057963244027682,0.0105825920867126,-0.1262843251228332,0.8784950765153369,0.1603905233548923,1.1580984751383463,0.030620853209963,0.0055905773443837,1.0695510466893514,0.0220403264598329,0.0040239946589428,0.9967162761743756,0.0113411690715499,0.0020706047096559,0.9968439505345652,0.0113157819470462,0.0020659696760689,1495.0757935705567,17.01476911634474,3.1064576185880854,1495.3112388329569,16.948740103705727,3.094402425364025,-0.1520336690266741,0.0066472130763459,0.0012136095154859,-0.0071796045430625,0.0096636431459834,0.0017643317795784,0.2027115587022321,0.0088629507684612,0.0016181460206479,0.0095728060574167,0.0128848575279779,0.0023524423727712,0.2034255614597654,0.0101130835316082,0.0018463879920652,0.0096487403727104,0.0129917438443227,0.0023719570549548,4,finite_k_fixed
relu,dynamic,0.1,30,True,"0,1,2,3,4,5,6,7,8,9,10,11,12,13,14,15,16,17,18,19,20,21,22,23,24,25,26,27,28,29",0.0337012009754582,0.0199189701963513,0.0036366897662715,0.501716669400533,0.0121588949134667,0.0022199003394801,0.5309999992450078,0.0410508544928852,0.0074948263368718,0.6966874678929647,0.0054043240725381,0.0009866900675324,0.6892059445381165,0.0055296405220628,0.0010095696162761,0.007508695560197,0.0723934563725331,0.0132171763570008,3.3503247022628786,0.0386582189618296,0.0070579928527893,4.28833270072937,0.0909032811633589,0.0165965925481353,0.9904826814012206,0.0116449056123798,0.0021260591613063,0.9982315049915722,0.0108426599573436,0.0019795898139983,1486.0409132283528,17.38086006517255,3.1732963755119052,1497.4630294647218,16.267464127070593,2.9700190186008832,-9.131336771647115,0.4107577488698629,0.0749937615753553,1.261664881388356,0.223915966729874,0.040881275321176,12.175115695529488,0.5476769984931504,0.0999916821004737,-1.6822198418511414,0.2985546223064987,0.0545083670949014,12.215819302293044,0.5622002161446994,0.1026432467389106,-1.6874983537473591,0.3051775190495304,0.0557175370756301,0,dynamic
relu,dynamic,0.1333521432163324,30,True,"0,1,2,3,4,5,6,7,8,9,10,11,12,13,14,15,16,17,18,19,20,21,22,23,24,25,26,27,28,29",0.0334883074409192,0.020773044559893,0.0037926216978377,0.4990266650915146,0.0108906112238948,0.0019883444774487,0.5303333312273025,0.0234128406918394,0.0042745803273984,0.6958299259344737,0.0038449788546696,0.0007019938839443,0.6906284312407176,0.0031644057214849,0.0005777387982519,-0.0090188513121878,0.070975216393696,0.0129582423475459,3.2110428333282472,0.036974775229281,0.0067506394839201,4.085524082183838,0.0825588988938323,0.01507312374898,0.9921938322875604,0.011648369129082,0.0021266915100483,0.997888243726653,0.0105266676212928,0.0019218977705137,1488.5411748497972,17.51337136546605,3.197489518276936,1497.1274598520497,15.727044656658318,2.8713523737809505,-6.786002116494991,0.232494110805716,0.0424474229917987,1.280932074271813,0.251455059673206,0.0459092027939408,9.048002821993322,0.3099921477409548,0.056596563989065,-1.7079094323624178,0.3352734128976081,0.0612122703919211,9.076404005896466,0.2971050630297623,0.0542437149901316,-1.7125449570129476,0.3345604497530685,0.0610821017262764,0,dynamic
relu,dynamic,0.1778279410038923,30,True,"0,1,2,3,4,5,6,7,8,9,10,11,12,13,14,15,16,17,18,19,20,21,22,23,24,25,26,27,28,29",0.0289942745461145,0.0222824449468469,0.004068199244585,0.501363335053126,0.0117001158836415,0.0021361391316316,0.542999999721845,0.0420303727454415,0.0076736610843428,0.7012279431025187,0.0104648194312825,0.0019106058875772,0.6855755885442097,0.0085126615746498,0.001554192256281,0.0094118348400418,0.0638586453577532,0.0116589401847213,3.061771519978841,0.0373758246535674,0.0068238607560388,3.903332765897115,0.074241962966662,0.0135546659434346,0.9938664680176283,0.0112296290921966,0.0020502403887374,0.9978417438811316,0.0119717463371944,0.002185731840537,1490.9622043223862,17.045636410191005,3.1120931896309987,1496.8484019990271,17.858227069779776,3.260451267722589,-5.133909909823409,0.2375106868627856,0.0433633202810978,1.172187696592638,0.1765694915251715,0.0322370311585179,6.845213213097878,0.3166809158170476,0.0578177603747971,-1.562916928790184,0.2354259887002286,0.0429827082113571,6.862599046783975,0.2951932321191818,0.0538946640181781,-1.567222210164957,0.2338833169537586,0.0427010561732346,0,dynamic
relu,dynamic,0.2371373705661655,30,True,"0,1,2,3,4,5,6,7,8,9,10,11,12,13,14,15,16,17,18,19,20,21,22,23,24,25,26,27,28,29",0.0362453395754698,0.0333819881086336,0.0060946893004892,0.501826669772466,0.0155911561856386,0.0028465426468201,0.544666662812233,0.033603503136901,0.0061351322264254,0.69860813220342,0.0074275350278185,0.0013560761604653,0.686825821797053,0.0067610757282482,0.001234397896454,0.0125622313392038,0.085025600627082,0.015523479809626,2.893784737586975,0.0301753785966753,0.0055092451795525,3.64926552772522,0.0527379777414294,0.0096285933487287,0.994331388632546,0.0111426247851212,0.002034355648209,0.997650545529114,0.0113161977559215,0.0020660455920358,1491.568508520542,16.69887841981004,3.048784131855394,1496.464402916931,16.913534451220006,3.0879747820246526,-3.8374030476716334,0.1432117321139801,0.0261467653927379,1.0069442319802848,0.1061317267764846,0.0193769136074852,5.116537396895511,0.1909489761519735,0.0348623538569839,-1.3425923093070464,0.1415089690353128,0.0258358848099802,5.132897406557675,0.200091628912207,0.0365315662410562,-1.3467302628375144,0.1412055017616206,0.0257804795195583,0,dynamic
relu,dynamic,0.3162277660168379,30,True,"0,1,2,3,4,5,6,7,8,9,10,11,12,13,14,15,16,17,18,19,20,21,22,23,24,25,26,27,28,29",0.0436041314650248,0.0290533149909443,0.005304385330281,0.5031833340724309,0.0159140194447197,0.0029054891434829,0.534333328406016,0.0328720980091523,0.0060015965307111,0.6977697094281514,0.0070860226682345,0.0012937248194616,0.6873454074064891,0.0077020465194049,0.001406194872544,0.0080163855765325,0.0870115729047858,0.0158860670813188,2.7018306732177733,0.0252943302561434,0.0046180917527584,3.4192169745763143,0.0781844458269211,0.0142744615418151,0.9946569285851552,0.010926678693499,0.0019949294663468,0.9976073263823418,0.0108936269651434,0.0019888950739518,1491.9066339742285,16.27451745031273,2.9713067733492475,1496.2690274298943,16.490490665084184,3.0107379071983256,-2.8511686365312725,0.1368362126013808,0.0249827601084496,0.8548264805274305,0.1124980457430695,0.0205392391095757,3.801558182041697,0.1824482834685077,0.0333103468112661,-1.1397686407032408,0.1499973943240927,0.0273856521461009,3.814972371414216,0.1801273577109281,0.0328866056806924,-1.1428066990372798,0.1467288548556638,0.0267889012137828,0,dynamic
relu,dynamic,0.4216965034285823,30,True,"0,1,2,3,4,5,6,7,8,9,10,11,12,13,14,15,16,17,18,19,20,21,22,23,24,25,26,27,28,29",0.0378531647132731,0.0267053906680408,0.0048757149586246,0.5042933344841003,0.014121637427394,0.0025782464559643,0.5436666568120321,0.0356692944545344,0.0065122923943474,0.6987071772416432,0.0066637831480279,0.0012166347828325,0.6862307369709015,0.0080333224134228,0.0014666772991811,-0.005028430186212,0.0743548974673721,0.0135752848679544,2.4950275977452594,0.0245438606615196,0.0044810753775259,3.134206024805705,0.0490143125293218,0.0089487482043058,0.9953833713264892,0.0109260719684651,0.0019948186940177,0.9970842619013548,0.0110401780664117,0.0020156515219491,1493.101540161471,16.129436380578934,2.944818715162521,1495.463930255955,16.591700444447238,3.029216200264081,-2.0714976004905687,0.108959979032356,0.0198932794604371,0.7232867209606841,0.0705109186565905,0.0128734735662088,2.761996800654092,0.1452799720431413,0.0265243726139161,-0.9643822946142456,0.0940145582087873,0.0171646314216117,2.770949680625745,0.1437813617892321,0.0262507650669245,-0.9676425483974368,0.0924123324181153,0.0168721063523559,0,dynamic
relu,dynamic,0.5623413251903491,30,True,"0,1,2,3,4,5,6,7,8,9,10,11,12,13,14,15,16,17,18,19,20,21,22,23,24,25,26,27,28,29",0.0558626480638189,0.0320142666893394,0.0058449786759124,0.5103366692860921,0.0164777106466557,0.0030084046057387,0.5203333268562953,0.0339861338495592,0.0062049907172644,0.6956349988778432,0.0042330439260412,0.000772844548401,0.6881721436977386,0.0050511008253894,0.0009222006207662,0.0213379389965363,0.0963674730034864,0.0175942129245932,2.2939250548680623,0.0227758092977151,0.0041582748392648,2.880630763371786,0.049356275713556,0.009011181854253,0.995695121007864,0.0114726383343133,0.0020946076032673,0.9974465726872224,0.0114934195963557,0.0020984017252653,1493.5372339445892,17.19282021868603,3.1389651536350804,1496.106607792607,17.23852348154978,3.147309389642435,-1.585686888744213,0.0701866923882579,0.0128142782192416,0.6021443666811067,0.0697839943539787,0.0127407559534957,2.114249184992284,0.0935822565176772,0.0170857042923222,-0.8028591555748089,0.0930453258053049,0.016987674604661,2.120945496766602,0.0851582022783291,0.0155476894481428,-0.8057086999568716,0.0965976446788197,0.0176362363308194,0,dynamic
relu,dynamic,0.7498942093324559,30,True,"0,1,2,3,4,5,6,7,8,9,10,11,12,13,14,15,16,17,18,19,20,21,22,23,24,25,26,27,28,29",0.0482537496059014,0.0375143719916214,0.0068491559234836,0.5029233346382777,0.0176528133876388,0.0032229480319463,0.5283333321412405,0.0405210356539227,0.0073980950937081,0.697814945379893,0.0095109305024558,0.0017364503930196,0.687138968706131,0.0106072971304892,0.0019366186375095,-0.0279849234929618,0.0852852163348375,0.0155708789360995,2.1021255970001222,0.0172341284230249,0.0031465069654105,2.6190361102422077,0.0441057588111082,0.0080525730055754,0.995746705287866,0.0112116588040903,0.0020469594780172,0.9972659325774716,0.0110746811782199,0.0020219508994963,1493.6417149875217,16.949978253297285,3.0946284795176457,1495.9177865722656,16.67422363815542,3.0442828051678608,-1.1619336235894098,0.0542616629979846,0.0099067789439131,0.515061572265625,0.0452988435559979,0.0082703994815058,1.5492448314525462,0.0723488839973128,0.0132090385918842,-0.6867487630208333,0.0603984580746639,0.0110271993086744,1.5548100209137994,0.0742163458594629,0.0135499889209443,-0.6889579762168493,0.0613759494684811,0.0112056640040614,0,dynamic
relu,dynamic,1.0,30,True,"0,1,2,3,4,5,6,7,8,9,10,11,12,13,14,15,16,17,18,19,20,21,22,23,24,25,26,27,28,29",0.0675399207402586,0.0445659566966298,0.0081365932598475,0.5101766725381215,0.0198781573016373,0.0036292383852475,0.5323333273331324,0.0509010765733587,0.0092932226135087,0.697824913263321,0.0112553024479018,0.0020549276807529,0.6865939180056254,0.0101676065642965,0.0018563424903676,-0.0322244545600066,0.1080846696618268,0.0197334705647589,1.9089772423108415,0.019182491749896,0.0035022278135249,2.380832282702128,0.0323708285953465,0.0059100776756015,0.9962828112632232,0.0113864765315002,0.0020788766822686,0.9972277116317886,0.0111778589716918,0.0020407885011357,1494.4263803873698,17.11327399199382,3.1244420660605,1495.830307530721,16.952493723562352,3.0950877394532825,-0.858723779296875,0.0569900310923824,0.0104049085274062,0.4136658640543619,0.059334546744535,0.0108329565637755,1.1449650390625,0.0759867081231766,0.0138732113698749,-0.551554485405816,0.0791127289927134,0.014443942085034,1.1486270190134966,0.075822962454743,0.0138433156377766,-0.5533819460727063,0.0803262798682688,0.0146655051481079,0,dynamic
relu,dynamic,1.333521432163324,30,True,"0,1,2,3,4,5,6,7,8,9,10,11,12,13,14,15,16,17,18,19,20,21,22,23,24,25,26,27,28,29",0.0841311406578377,0.0745705806859843,0.0136146630559909,0.5050333360830943,0.0331333838697798,0.0060493005839854,0.5383333285649617,0.0416953891927328,0.0076125017349389,0.6963930388291677,0.0084205330202403,0.0015373719604675,0.6863193889458974,0.0090399737401483,0.0016504658455778,-0.0441998969297856,0.1417877221275184,0.0258867779288387,1.71157728433609,0.012678747506833,0.0023148120034682,2.1368025382359823,0.0391192273401877,0.0071421610821312,0.9963076442092588,0.0112607038020856,0.0020559138285954,0.996982347561184,0.0111619169301266,0.0020378778958763,1494.40034425781,16.900670772801092,3.0856262064104754,1495.3620231080124,16.776716229667624,3.062995306617326,-0.6292114227298794,0.0344773004316771,0.006294665056104,0.339814165380218,0.0343577167775097,0.0062728321678052,0.8389485636398393,0.0459697339089029,0.008392886741472,-0.4530855538402907,0.0458102890366796,0.0083637762237403,0.841803289981972,0.0463620582663971,0.0084645150416248,-0.4545603676829213,0.0451312676145279,0.0082398044404264,0,dynamic
relu,dynamic,1.7782794100389228,30,True,"0,1,2,3,4,5,6,7,8,9,10,11,12,13,14,15,16,17,18,19,20,21,22,23,24,25,26,27,28,29",0.1825881178971882,0.1160958274550733,0.021196101176457,0.5373300035794576,0.0503715536028597,0.0091965453882889,0.5553333282470703,0.046143206892032,0.0084245584301312,0.6850412944952647,0.0141548734261715,0.0025843144913815,0.678127630551656,0.0198387536433452,0.0036220442944159,-0.0255644725014766,0.2734412259522355,0.0499233092019688,1.5466508348782857,0.0158668967912024,0.0028968857633826,1.8920795639355976,0.0449047843630157,0.0081984544451763,0.9965584715306676,0.0113284684046108,0.0020682858957299,0.9970752105184786,0.0112711952529667,0.0020578292966983,1494.768311699971,16.92023409753614,3.089197964496204,1495.524889038532,16.854444916360343,3.0771865583062774,-0.4645021178530186,0.0275416143965888,0.0050283878250402,0.2628288989013008,0.0322193169748765,0.0058824155648496,0.6193361571373581,0.0367221525287851,0.0067045171000536,-0.3504385318684011,0.0429590892998354,0.0078432207531328,0.6213348412471712,0.0365925347885692,0.0066808522466639,-0.3514857172168225,0.0425680238668231,0.0077718223000924,0,dynamic
relu,dynamic,2.3713737056616555,30,True,"0,1,2,3,4,5,6,7,8,9,10,11,12,13,14,15,16,17,18,19,20,21,22,23,24,25,26,27,28,29",0.3140043555779138,0.1536320559451545,0.0280492475323522,0.58321333527565,0.0522245955515849,0.0095348630133956,0.5893333276112874,0.0647506275308291,0.01182179310375,0.6674911260604859,0.023963925879782,0.0043751942569128,0.6555823942025503,0.034116006339586,0.0062287020813935,-0.0051993035905373,0.4225017058977239,0.0771379049681989,1.3958643396695456,0.0321817201701801,0.0058755513588422,1.6548571387926738,0.0433311129308272,0.0079111426646726,0.996582502878199,0.0113199503534712,0.0020667307194782,0.9969570612169582,0.0112963996791781,0.0020624309742933,1494.8833393317564,16.92044114298055,3.0892357656496476,1495.3736793817795,16.94739932401045,3.094157633602776,-0.3470993849488458,0.015224024859761,0.0027795139439035,0.1891122126178886,0.0232063367532406,0.004236878038937,0.4627991799317945,0.0202986998130147,0.0037060185918713,-0.2521496168238514,0.0309417823376542,0.0056491707185827,0.4642719431602475,0.0195971259506261,0.0035779293151426,-0.2528743146771391,0.030133798036935,0.0055016536427114,0,dynamic
relu,dynamic,3.1622776601683795,30,True,"0,1,2,3,4,5,6,7,8,9,10,11,12,13,14,15,16,17,18,19,20,21,22,23,24,25,26,27,28,29",0.4749635744881231,0.1431012274311069,0.0261265900902314,0.6334633370240529,0.0427958550945407,0.0078134184010007,0.6313333352406819,0.0609540992846031,0.0111286450501955,0.6364381690820058,0.026024838441727,0.0047514636899871,0.623463773727417,0.0465571703567431,0.0085001374726663,-0.041528224820892,0.5735613829634338,0.1047175025209773,1.2817533214886982,0.0308476149209351,0.005631978179143,1.4379639903704329,0.0482597612517748,0.0088109866191369,0.9965979338133488,0.0113842759884774,0.0020784749199178,0.9968988592690072,0.0111891535410113,0.0020428505979335,1494.9646387072578,17.038070978214495,3.110711937047397,1495.2796154228683,16.803376517246544,3.067862786916176,-0.2591188684998765,0.0132632760972272,0.0024215318349568,0.120322603368928,0.0252590521690556,0.0046116508847305,0.3454918246665019,0.0176843681296363,0.0032287091132757,-0.1604301378252373,0.0336787362254075,0.0061488678463073,0.3465893433367044,0.0171872641253547,0.0031379507544186,-0.1608709961210171,0.0333053502997799,0.0060806972149336,0,dynamic
relu,dynamic,4.216965034285822,30,True,"0,1,2,3,4,5,6,7,8,9,10,11,12,13,14,15,16,17,18,19,20,21,22,23,24,25,26,27,28,29",0.6555177034135309,0.041025654145102,0.0074902254038925,0.6825699985027314,0.0149417790487899,0.0027279831447601,0.6903333385785421,0.0553660711225787,0.0101084153580905,0.59348117907842,0.0169792384712742,0.0030999706399921,0.5762759745121002,0.047999370842749,0.0087634460522097,-0.1447398781776428,0.7226319645227696,0.1319339425811312,1.2126070698102316,0.030137957372783,0.0055024130300674,1.2446139216423036,0.0348555625815669,0.0063637259601524,0.9966445530837802,0.0113706000798859,0.0020759780520411,0.997020034421638,0.0111944082919675,0.0020438099798111,1494.9373149362536,17.04658791709261,3.1122669102288754,1495.463894102057,16.78209501591514,3.063977334137247,-0.206668493909959,0.0097968810393191,0.0017886575794765,0.0581704932515721,0.017877729251573,0.0032640118626855,0.2755579918799454,0.0130625080524255,0.0023848767726354,-0.0775606576687628,0.0238369723354307,0.004352015816914,0.2765076430888931,0.0139066166123539,0.0025389892057207,-0.0776496880166307,0.0233697608565754,0.0042667150615492,0,dynamic
relu,dynamic,5.62341325190349,30,True,"0,1,2,3,4,5,6,7,8,9,10,11,12,13,14,15,16,17,18,19,20,21,22,23,24,25,26,27,28,29",0.7491508909179195,0.0225442605234501,0.0041160000103222,0.7072599947452545,0.0094087106415149,0.0017177876851322,0.7270000040531158,0.0471351706379912,0.0086056654034276,0.564816927909851,0.0153220250097979,0.0027974062415082,0.5359281907478969,0.0503734277216059,0.0091968875539932,-0.3104740997155507,0.7574472611871494,0.1382903170242363,1.155040729045868,0.0308604134328388,0.0056343148570337,1.1095554947853088,0.0202221263288341,0.0036920382503405,0.99667232234194,0.011342718221075,0.0020708875443692,0.9967446459230184,0.0112758307534483,0.0020586756194247,1494.955606507728,17.02215545821143,3.1078061739406957,1495.1120165866523,16.874050472842132,3.0807660268187833,-0.1718856383258915,0.0087729123914581,0.0016017073372727,0.0170697860240667,0.0110442845234916,0.0020164012550071,0.2291808511011887,0.0116972165219442,0.0021356097830303,-0.0227597146987557,0.0147257126979888,0.0026885350066762,0.2300029634041559,0.0128892178678383,0.0023532384582712,-0.0227764274009241,0.0146722914503591,0.0026787816658839,0,dynamic
relu,dynamic,7.498942093324557,30,True,"0,1,2,3,4,5,6,7,8,9,10,11,12,13,14,15,16,17,18,19,20,21,22,23,24,25,26,27,28,29",0.8082033422171112,0.0145934362742713,0.0026643847463108,0.7242099940776825,0.0087170965033194,0.0015915167969391,0.7266666650772095,0.0413840926515453,0.0075556670223783,0.5415485779444377,0.0128347639697705,0.0023432965821659,0.5249304711818695,0.0446074663416727,0.0081441718494955,-0.2742787619431813,0.8234853706225551,0.1503471710884918,1.1154722849527994,0.0370958331475077,0.0067727415347792,1.00642183025678,0.0192748666012398,0.0035190930768006,0.9966566687283916,0.011251138289881,0.0020541674129926,0.9967811076718122,0.0112726541714805,0.0020580956575582,1494.9754182515676,16.85142958701441,3.0766360370059194,1495.196901626492,16.907273245159733,3.0868316474258526,-0.1463742374308762,0.0091736934420506,0.0016748796112827,-0.013077065111367,0.0108952480399942,0.0019891910403729,0.1951656499078349,0.0122315912560675,0.0022331728150437,0.017436086815156,0.014526997386659,0.0026522547204972,0.1958733551073269,0.0132066675893452,0.0024111965827189,0.0175751715455326,0.0147045464312271,0.002684670592755,0,dynamic
relu,dynamic,10.0,30,True,"0,1,2,3,4,5,6,7,8,9,10,11,12,13,14,15,16,17,18,19,20,21,22,23,24,25,26,27,28,29",0.852976373239867,0.0098449982798018,0.0017974425454823,0.7356033325195312,0.006837444970733,0.0012483409487235,0.7396666606267294,0.0473055578134554,0.0086367737032647,0.5282413601875305,0.0155664220883492,0.0028420268391451,0.5120524267355601,0.0585413136014054,0.0106881326684912,-0.0052811642487843,0.8987253293429659,0.164084045294134,1.0709962050120037,0.0282968562313175,0.0051662754881244,0.937560776869456,0.0224308728793639,0.0040952983535194,0.996745895751936,0.0113679428579331,0.0020754929119065,0.99682677981879,0.0113150968165653,0.0020658445889292,1495.098952767334,17.065968210398353,3.115805251500416,1495.285481965688,16.947710656828324,3.0942144749385228,-0.1292272326660156,0.007472437419181,0.0013642741780103,-0.0329364718119427,0.0085091651811889,0.0015535539050915,0.1723029768880208,0.0099632498922413,0.0018190322373471,0.043915295749257,0.0113455535749185,0.0020714052067887,0.172913128815925,0.010868343041292,0.0019842788821399,0.0440880070927981,0.0115453329979162,0.0021078797722891,0,dynamic
tanh,1,0.1,30,True,"0,1,2,3,4,5,6,7,8,9,10,11,12,13,14,15,16,17,18,19,20,21,22,23,24,25,26,27,28,29",0.0271899781514888,0.0223794952028783,0.004085918116065,0.5023266702890397,0.0105453727327207,0.0019253128410036,0.5409999946753185,0.0429394138003339,0.0078396285148305,0.700431748231252,0.0115879480972762,0.002115660189359,0.685579224427541,0.00944471165959,0.0017243605416964,0.0017797064346571,0.2393647818177134,0.0437018301579546,47.86140518188476,5.182326321350727,0.9461590088521864,65.05629119873046,7.321966482228714,1.3368020692044718,0.986179570585116,0.0114884050049202,0.0020974861903166,1.0165584202753648,0.0114910252858419,0.0020979645859726,1479.5848560791017,17.144344117612604,3.130114668949142,1524.955469889323,17.232065524670467,3.146130333423037,-15.587393920898435,0.4106378569270167,0.074971872401502,28.754105305989604,3.6652423598414634,0.6691786397362123,20.78319189453125,0.5475171425693556,0.099962496535336,-38.338807074652806,4.886989813121951,0.8922381863149496,20.84928784656894,0.4448671271387737,0.0812212535421416,-38.43337946287924,4.833125533216157,0.8824039592655578,1,finite_k_fixed
tanh,1,0.1333521432163324,30,True,"0,1,2,3,4,5,6,7,8,9,10,11,12,13,14,15,16,17,18,19,20,21,22,23,24,25,26,27,28,29",0.0348798457869825,0.0268303297392993,0.0048985256078386,0.505686667561531,0.011828160494759,0.0021595167722569,0.5386666675408681,0.0289748259946265,0.0052900552656813,0.6967042326927185,0.0065465028316988,0.0011952224245643,0.6886436601479848,0.0053314477246707,0.0009733847276539,-0.0714825140389924,0.2670588910847371,0.0487580596098086,39.58349208831787,4.647291311118471,0.8484754274657818,53.96272875467936,6.877790237941238,1.255706953036413,0.988544014022497,0.0115879452808989,0.0021156596751613,1.0127547786289397,0.0111822239967044,0.0020415854420235,1483.0656077181357,17.429969462506765,3.18226248374705,1519.4315923455056,16.70661270462702,3.05019621260887,-12.261569248156594,0.3387084753887069,0.061839424129526,23.585064567727866,3.291770691944198,0.6009923540374088,16.348758997542124,0.4516113005182758,0.0824525655060347,-31.446752756970483,4.389027589258931,0.8013231387165451,16.39965079003359,0.4007163910922739,0.0731604688544335,-31.527985140493545,4.327155651731002,0.7900269200963461,1,finite_k_fixed
tanh,1,0.1778279410038923,30,True,"0,1,2,3,4,5,6,7,8,9,10,11,12,13,14,15,16,17,18,19,20,21,22,23,24,25,26,27,28,29",0.0355320611345425,0.0337911075464008,0.0061693839487489,0.5013666659593582,0.0135862308083568,0.0024804950284029,0.5363333314657212,0.0387283508350416,0.0070707971224421,0.6994298974672953,0.0092693044207983,0.0016923357078845,0.6867592851320903,0.0090954656728709,0.0016605972400151,-0.0139986192186673,0.2839238448551825,0.0518371648135935,32.499656740824385,3.060241552001712,0.5587211098153188,44.31428108215332,4.270026153852107,0.7795965485339412,0.9908030955231352,0.0112523438878319,0.0020543875240569,1.009517132685324,0.0121974545405768,0.0022269403320059,1486.3666962698603,17.082789217003256,3.118876333086233,1514.3628398766675,18.226141842053753,3.3276230077272,-9.72941796234931,0.1789629357397434,0.0326740122873349,18.68662557423338,2.027694398581959,0.3702046539434034,12.972557283132412,0.2386172476529912,0.0435653497164466,-24.915500765644506,2.703592531442612,0.4936062052578712,13.007282867406422,0.2420120631659828,0.0441851553947913,-24.986653824892283,2.68909487920589,0.490959308204232,1,finite_k_fixed
tanh,1,0.2371373705661655,30,True,"0,1,2,3,4,5,6,7,8,9,10,11,12,13,14,15,16,17,18,19,20,21,22,23,24,25,26,27,28,29",0.02959716101603,0.0320082053890728,0.0058438720389512,0.5026433348655701,0.0136261049137914,0.0024877750107385,0.5416666636864345,0.0435560170038549,0.0079522043426966,0.7007992982864379,0.0122360799584223,0.0022339923362216,0.6856257200241089,0.009767679540218,0.001783326139553,-0.0534301426572104,0.2287088847282132,0.041756338422497,26.64541524251302,2.265049928170247,0.4135396465114335,36.06569862365723,3.1056360444306352,0.567008972311925,0.9917799198962356,0.0110957604597526,0.0020257994321601,1.006928530489147,0.0113100371130522,0.0020649208176797,1487.7411080962663,16.627216206866255,3.035700461672044,1510.3813658551996,16.911575495281465,3.0876171272390867,-7.664803471947529,0.1684910462853771,0.0307621155960493,14.923907170248786,1.4662748811816413,0.2677039426421307,10.219737962596705,0.2246547283805029,0.0410161541280658,-19.89854289366505,1.955033174908855,0.3569385901895076,10.251351073741567,0.2053486426173265,0.0374913612381921,-19.962253728008417,1.982793054739072,0.3620068276483884,1,finite_k_fixed
tanh,1,0.3162277660168379,30,True,"0,1,2,3,4,5,6,7,8,9,10,11,12,13,14,15,16,17,18,19,20,21,22,23,24,25,26,27,28,29",0.0377708535047324,0.0258658142630146,0.0047224299800306,0.4991666654745738,0.0111705051870507,0.002039445889892,0.5259999970595042,0.0401376997474428,0.0073281078526812,0.6972226123015086,0.0087122642370094,0.0015906345498518,0.689094622929891,0.0095861795342176,0.0017501889237284,0.0086121205861369,0.2219085925434659,0.0405147806134263,21.95353298187256,1.7308984410233212,0.3160173736329995,29.74666074117025,2.4245791376000274,0.4426655620399857,0.992537748120244,0.0108985329130342,0.0019897907733937,1.0048951249835836,0.0108171890525549,0.001974939484294,1488.7280319664549,16.232591996271434,2.9636522677118933,1507.1996084478835,16.371569551433385,2.989025981694933,-6.0297706443046275,0.1395805001320757,0.0254837961700635,11.785407498516632,1.190269201450232,0.2173124303793175,8.03969419240617,0.1861073335094343,0.033978394893418,-15.713876664688843,1.5870256019336422,0.2897499071724234,8.067878579499045,0.163774853221525,0.0299010604871756,-15.765627137207616,1.6241260738907215,0.2965234956340835,1,finite_k_fixed
tanh,1,0.4216965034285823,30,True,"0,1,2,3,4,5,6,7,8,9,10,11,12,13,14,15,16,17,18,19,20,21,22,23,24,25,26,27,28,29",0.0333388801580031,0.0275819662283182,0.0050357550278651,0.5030766675869623,0.0132102514827976,0.0024118509091481,0.5339999983708064,0.039004864076957,0.0071212813024574,0.7000284612178802,0.0076202791017895,0.0013912662528451,0.6864290058612823,0.0071317927753187,0.0013020812594981,-0.0126674221828579,0.1833514249320293,0.0334752371286625,17.36964963277181,0.8521167910974039,0.1555745293709884,23.36829643249512,1.1341981468824975,0.2070753032427005,0.9936269685555384,0.0109197899051613,0.0019936717514246,1.0025893762144915,0.0110879270949553,0.0020243692619599,1490.466876556167,16.119583352603545,2.9430198066019044,1503.720630896445,16.656680178439913,3.041079822293572,-4.70616120579403,0.101351034727528,0.0185040826489188,8.979987361450938,0.5374708158867418,0.0981282966206248,6.274881607725374,0.1351347129700375,0.0246721101985584,-11.973316481934583,0.7166277545156559,0.1308377288274998,6.295440393350911,0.1327389486812697,0.024234705484084,-12.015833695771653,0.7153144798945438,0.1305979587827724,1,finite_k_fixed
tanh,1,0.5623413251903491,30,True,"0,1,2,3,4,5,6,7,8,9,10,11,12,13,14,15,16,17,18,19,20,21,22,23,24,25,26,27,28,29",0.0363252634588883,0.0282132353738992,0.0051510084781624,0.5030733307202657,0.0140335028825261,0.0025621553631911,0.5399999936421712,0.0445668803969378,0.0081367619036792,0.6989136119683583,0.0077702113873155,0.0014186400178054,0.6866228342056274,0.0067772739669109,0.0012373552766898,0.0236636126763187,0.169212893481025,0.030893906260092,13.710739040374756,0.6793892979590034,0.1240389479399148,18.237405077616373,0.8658947549087183,0.158090029896304,0.9943203872624988,0.0114570580403854,0.0020917630437883,1.0015165873307164,0.011586551582135,0.0021154052217441,1491.4751577980323,17.171001940221572,3.1349816992081094,1502.211386082176,17.379568290352093,3.1730605307757784,-3.64776303530094,0.0811185158951438,0.0148101469957038,6.706922656250007,0.3758729103871907,0.068624690591394,4.8636840470679195,0.108158021193525,0.0197468626609385,-8.942563541666676,0.5011638805162542,0.091499587455192,4.879375190688455,0.0827311914307096,0.0151045799186259,-8.968840317791363,0.4806576012573185,0.0877556702149856,1,finite_k_fixed
tanh,1,0.7498942093324559,30,True,"0,1,2,3,4,5,6,7,8,9,10,11,12,13,14,15,16,17,18,19,20,21,22,23,24,25,26,27,28,29",0.0434648962542017,0.0315127964855151,0.0057534231617287,0.506389997402827,0.0149411549622277,0.0027278692026641,0.5403333266576131,0.0398690388541453,0.0072790573088217,0.6971965988477071,0.0089376321345215,0.0016317809102534,0.6882749557495117,0.0065498614148665,0.0011958356151517,-0.0302834424655884,0.1718037529277378,0.0313669303141887,10.445913632710775,0.4454022506162745,0.0813189532753676,13.73627322514852,0.5118959071612684,0.0934589784822656,0.9946667165394693,0.0111959373468796,0.0020440891457668,1.000114700663104,0.0111102942960894,0.0020284529354963,1492.0216991102432,16.925470947420543,3.090154078100189,1500.191014246962,16.72982190427955,3.0544336133393144,-2.781949500868035,0.065097529236463,0.0118851284002209,4.7882892469618055,0.339942435378995,0.0620647133701059,3.70926600115738,0.0867967056486174,0.0158468378669612,-6.384385662615741,0.4532565805053267,0.0827529511601412,3.722243730303476,0.0805900241687808,0.0147136580490426,-6.404031951115978,0.4484609384832525,0.0818773907224046,1,finite_k_fixed
tanh,1,1.0,30,True,"0,1,2,3,4,5,6,7,8,9,10,11,12,13,14,15,16,17,18,19,20,21,22,23,24,25,26,27,28,29",0.0419987298989093,0.0318427945637655,0.0058136722921924,0.501419997215271,0.0146884733199342,0.0026817360575469,0.5483333279689153,0.0445733331681262,0.0081379400131253,0.704734613498052,0.0123153729840854,0.0022484691958244,0.6815380434195201,0.0112164030599004,0.0020478256566591,-0.0124956508787969,0.1484226853353341,0.0270981509345512,7.858843024571737,0.2092938006756586,0.0382116452586827,10.322507508595784,0.3286427534416836,0.0600016831402062,0.9954369343240738,0.0113711120645974,0.002076071527233,0.99916580657,0.011222487477878,0.0020489365143176,1493.1575596883138,17.089906640004234,3.1201757907958796,1498.7374352457682,17.020065078366912,3.107424524542497,-2.1275444783528568,0.0434612440908512,0.0079349012552657,3.320793579101547,0.1781526085630093,0.0325260674627827,2.836725971137142,0.0579483254544684,0.0105798683403543,-4.427724772135396,0.2375368114173458,0.043368089950377,2.845590793060452,0.043002100750873,0.0078510735337876,-4.440936400468336,0.224863476453592,0.0410542661375547,1,finite_k_fixed
tanh,1,1.333521432163324,30,True,"0,1,2,3,4,5,6,7,8,9,10,11,12,13,14,15,16,17,18,19,20,21,22,23,24,25,26,27,28,29",0.0637106691981143,0.0443480676516883,0.0080968123448649,0.5027733316024144,0.0221591548527485,0.0040456896560334,0.5446666647990545,0.0392808951680341,0.007171677454176,0.6990257581075032,0.0085337658227878,0.0015580453472025,0.6867576618989308,0.0062364996470591,0.0011386238455224,0.0151581033443411,0.1914392108429978,0.0349518580565658,5.992730283737183,0.111840487566099,0.0204191859607761,7.791177034378052,0.1902117904914917,0.0347277627852122,0.99566054235873,0.011250804224771,0.0020541064213271,0.9982993562412628,0.0111740301778809,0.0020400894622229,1493.4297295601723,16.885671853976906,3.0828877910177437,1497.337385951756,16.7946755215271,3.0662742097067444,-1.5998261203677606,0.028434676543155,0.0051914379193496,2.315177009123842,0.0796160839918657,0.0145358417141902,2.133101493823681,0.03791290205754,0.0069219172257995,-3.0869026788317893,0.106154778655821,0.019381122285587,2.140199422780601,0.029743543310937,0.005430403203844,-3.0972085066720703,0.1015618750840922,0.0185425766553597,1,finite_k_fixed
tanh,1,1.7782794100389228,30,True,"0,1,2,3,4,5,6,7,8,9,10,11,12,13,14,15,16,17,18,19,20,21,22,23,24,25,26,27,28,29",0.091938024625753,0.0663943150059243,0.0121218880062828,0.5179766714572906,0.0290117222474815,0.0052967915690067,0.5279999961455663,0.042701852196224,0.0077962558983744,0.6940350929896036,0.0081307448652884,0.0014844641240125,0.6877468605836232,0.0068922172017521,0.0012583409442082,-0.012161578486363,0.2468259614803841,0.0450640489602358,4.6003192583719885,0.0745930908890722,0.0136187728379926,5.97964448928833,0.1715452087810229,0.0313197268270998,0.996069350390306,0.0113192923143825,0.0020666105785274,0.9979724132244102,0.011290779229376,0.0020614048252466,1494.0346645048862,16.906524622963925,3.086694968337955,1496.8706156315525,16.883958005046903,3.082574886444704,-1.198149312937793,0.0218386898417826,0.0039871810175677,1.6085554919217475,0.0690300557910324,0.0126031062341962,1.5975324172503906,0.0291182531223768,0.005316241356757,-2.144740655895663,0.0920400743880432,0.0168041416455949,1.6025713551530336,0.0184963319954681,0.0033769527550074,-2.1512690973197746,0.0818974388680403,0.0149523582233086,1,finite_k_fixed
tanh,1,2.3713737056616555,30,True,"0,1,2,3,4,5,6,7,8,9,10,11,12,13,14,15,16,17,18,19,20,21,22,23,24,25,26,27,28,29",0.1180923869192538,0.0973561150798732,0.0177747134467718,0.5294033308823903,0.031741657384734,0.005795207254073,0.552666665116946,0.039994251046367,0.0073019178228732,0.69238454302152,0.0124314640464812,0.002269664427024,0.6816239655017853,0.0104880875712468,0.0019148540492871,-0.0076657739002257,0.2918291997200962,0.0532804785417923,3.5693988879521688,0.0492584591276408,0.0089933230707183,4.596885633468628,0.1010301332830566,0.0184454943289611,0.9962189046970168,0.0113161822424419,0.0020660427596749,0.997569477108614,0.0113006064466436,0.0020631990214383,1494.337938670722,16.914822706484912,3.08820998418079,1496.2922648309295,16.95367946564995,3.0953042253495364,-0.8925000459833482,0.0137336827885832,0.0025074159536425,1.1076976617679937,0.046251077176092,0.0084442527594193,1.190000061311131,0.0183115770514443,0.0033432212715233,-1.4769302156906583,0.061668102901456,0.0112590036792257,1.1938004260711936,0.0128544836625957,0.0023468968890284,-1.4816597029820855,0.0588422958621925,0.0107430842597052,1,finite_k_fixed
tanh,1,3.1622776601683795,30,True,"0,1,2,3,4,5,6,7,8,9,10,11,12,13,14,15,16,17,18,19,20,21,22,23,24,25,26,27,28,29",0.2835216593083505,0.1366168403292762,0.0249427083944753,0.5784833292166393,0.0409754500380328,0.0074810594299188,0.5896666685740153,0.0607699638830838,0.0110950266791797,0.6743542472521464,0.0192317555425752,0.0035112221103644,0.659937032063802,0.0339905926145445,0.0062058047726515,-0.0160057817896207,0.5419672619220923,0.0989492315946802,2.84112069606781,0.0374914553971377,0.0068449719449037,3.5558162371317548,0.1198666836190392,0.0218845621704942,0.996323807744165,0.0113825149872405,0.0020781534065507,0.9973093044828624,0.0112047790241282,0.0020457034077919,1494.5534312237526,17.03546802207293,3.110236704449086,1495.8952545495715,16.826761671611703,3.0721323124350217,-0.6703263520051054,0.0097769996369124,0.0017850277486189,0.7359617300724932,0.0522853934800567,0.0095459631456868,0.8937684693401405,0.0130359995158832,0.0023800369981585,-0.9812823067633244,0.069713857973409,0.0127279508609158,0.8966482347106656,0.0105750049018742,0.0019307229101614,-0.9841383938948252,0.0644483661491972,0.0117666079780892,1,finite_k_fixed
tanh,1,4.216965034285822,30,True,"0,1,2,3,4,5,6,7,8,9,10,11,12,13,14,15,16,17,18,19,20,21,22,23,24,25,26,27,28,29",0.4746874561214855,0.1115169853145628,0.0203601228005861,0.6290499975283941,0.0371961294701037,0.0067910530542195,0.6426666676998138,0.0613038474295468,0.0111925000330059,0.6413536032040914,0.021813235573648,0.003982533725287,0.6231790582338969,0.0455771616451676,0.0083212131800391,0.2381206080317497,0.7185102948081925,0.1311814320887113,2.32254409790039,0.0388368499746984,0.0070906062645287,2.716554276148478,0.117774308837487,0.0215025485482905,0.996440300798123,0.0113685656543956,0.0020756066184636,0.9972732689923764,0.0112041868183736,0.0020455952863084,1494.630942760284,17.04355679365882,3.1117135053357856,1495.8437293374936,16.796782299767365,3.0666588530286956,-0.5130406698797132,0.0112158445270086,0.0020477236829711,0.4380057286880657,0.0549534994966818,0.0100330904293938,0.6840542265062842,0.0149544593693448,0.0027302982439615,-0.5840076382507543,0.0732713326622424,0.0133774539058584,0.6863372501102175,0.0158399071812656,0.0028919581573224,-0.5855032550868758,0.0704993110181174,0.0128713543110651,1,finite_k_fixed
tanh,1,5.62341325190349,30,True,"0,1,2,3,4,5,6,7,8,9,10,11,12,13,14,15,16,17,18,19,20,21,22,23,24,25,26,27,28,29",0.6699424998784768,0.0303707939747296,0.0055449229831004,0.6854399998982748,0.011216168853295,0.0020477828965788,0.6910000006357829,0.0371715554715239,0.006786566476436,0.5903843541940054,0.0142224657181207,0.0025966550990528,0.5675557961066564,0.0433918609646259,0.0079222336874845,-0.0098958631356557,0.961890998794649,0.1756164659670012,1.9828452070554097,0.0306676875302071,0.0055991280822714,2.0564711650212604,0.0577237463272494,0.0105388659890468,0.9965152029003445,0.0113411626477153,0.0020706035368295,0.9968686350353176,0.0112862130542057,0.0020605711595325,1494.7199358775763,17.01983901773377,3.1073832517064512,1495.2979984423075,16.889540713146125,3.0835941448306743,-0.4075562684771495,0.0104330705843946,0.0019048093677055,0.203051641679106,0.0282201415553674,0.0051522693686212,0.5434083579695326,0.0139107607791928,0.0025397458236073,-0.2707355222388081,0.0376268554071565,0.0068696924914949,0.5452599200659028,0.0157444228025866,0.0028745251746251,-0.2713689363582035,0.0356900244008025,0.0065160771474097,1,finite_k_fixed
tanh,1,7.498942093324557,30,True,"0,1,2,3,4,5,6,7,8,9,10,11,12,13,14,15,16,17,18,19,20,21,22,23,24,25,26,27,28,29",0.7550607555631185,0.02115456512509,0.0038622775044079,0.7082866728305817,0.0089203629013994,0.0016286279940762,0.7193333347638448,0.041517200760696,0.0075799691270346,0.5631237328052521,0.0124937856916523,0.002281042750651,0.5449247499306996,0.0508026808427305,0.0092752580930996,-0.1198110183080037,1.010174113380858,0.184431716302159,1.7487690726915994,0.0413666153926654,0.0075524761260677,1.6936214844385782,0.0467614919825313,0.0085374413271431,0.9965293737099922,0.0112525729392013,0.0020544293429242,0.9968428738166016,0.0112767398864522,0.0020588416036427,1494.78447683758,16.85358097315765,3.0770288245794384,1495.2895527221556,16.913432438341662,3.0879561571064444,-0.337315651418453,0.0124948588246437,0.0022812386770332,0.0795740305521804,0.0207739652320214,0.003792789788802,0.4497542018912707,0.0166598117661917,0.0030416515693777,-0.1060987074029072,0.0276986203093619,0.005057053051736,0.4513555886619835,0.0194440719621131,0.003549985607801,-0.1062815698375629,0.0270269330556482,0.0049344202982535,1,finite_k_fixed
tanh,1,10.0,30,True,"0,1,2,3,4,5,6,7,8,9,10,11,12,13,14,15,16,17,18,19,20,21,22,23,24,25,26,27,28,29",0.8154852996043909,0.0149815288770147,0.0027352404372853,0.7250833292802175,0.0085394103429458,0.0015590758908747,0.739000004529953,0.0525455493221785,0.0095934608867524,0.5429908732573191,0.0137589248078887,0.002512024494766,0.5173041274150213,0.0595148076280914,0.0108658675478287,-0.0826233446598053,1.0381112956229774,0.1895323246045396,1.5723531047503154,0.0436474940311153,0.0079689056864713,1.444433403015137,0.0271799745689041,0.0049623617279351,0.9966403126756004,0.0113699329215108,0.002075856246144,0.9968458047086364,0.011319657637262,0.0020666772770546,1494.9405802490237,17.068946611694763,3.116349030692198,1495.314019968071,16.954543587673374,3.095461991724425,-0.2875997509765811,0.010671269645869,0.0019482983674208,-0.004398469428985,0.0165914834859307,0.0030291765892395,0.3834663346354415,0.0142283595278253,0.0025977311565611,0.0058646259053134,0.022121977981241,0.004038902118986,0.3848213944005992,0.0170379381973481,0.0031106876946888,0.0060140287060879,0.0223258885000039,0.0040761309159324,1,finite_k_fixed
tanh,2,0.1,30,True,"0,1,2,3,4,5,6,7,8,9,10,11,12,13,14,15,16,17,18,19,20,21,22,23,24,25,26,27,28,29",0.0249123666809161,0.0206967439202899,0.0037786911706835,0.5018366684516271,0.0096801816122646,0.0017673512765946,0.5413333316644032,0.0391930111925882,0.007155632108911,0.702205648024877,0.0150590701465646,0.002749397471442,0.6842882970968882,0.0123040220380906,0.0022463968061009,-0.0149285271608581,0.1613727790378548,0.0294625037487766,24.904935518900555,1.6286468962388014,0.2973488810935891,33.143086687723795,2.309020136703492,0.4215674715353883,0.9883738447160288,0.0110931327139424,0.0020253196736082,1.0066694828378535,0.011075756406867,0.0020221472084911,1482.7804643961588,16.51538856664101,3.015283621304065,1510.1205889078776,16.580171033323904,3.02711122741508,-12.657965291341156,0.3362443695424105,0.061389542010827,13.9192243245443,1.3665435336202325,0.2494955730588735,16.877287055121542,0.4483258260565473,0.0818527226811027,-18.558965766059067,1.822058044826976,0.332660764078498,16.92973223384459,0.4455048681516125,0.0813376885883343,-18.605366284107298,1.8077607571426968,0.330050448419891,2,finite_k_fixed
tanh,2,0.1333521432163324,30,True,"0,1,2,3,4,5,6,7,8,9,10,11,12,13,14,15,16,17,18,19,20,21,22,23,24,25,26,27,28,29",0.0396347633794243,0.030016704159189,0.0054802753233156,0.5049733281135559,0.0142341711763912,0.0025987922135664,0.5153333296378454,0.0342136643136821,0.0062465319065044,0.6950875103473664,0.0040453193420806,0.0007385708853231,0.6902886052926381,0.0034849025549124,0.0006362532466776,-0.0554048120354612,0.2246715121139764,0.04101921840454,20.884823163350426,0.9581391346667614,0.1749314724284884,27.813006083170578,1.2941321123009526,0.2362751167663468,0.9901902843176128,0.0113391454652475,0.0020702352513828,1.0043457020733648,0.0106758951248588,0.0019491428604815,1485.465663769897,17.106574530447016,3.1232189173230585,1506.8154329488043,15.938972491293192,2.910044925645199,-10.019048698892018,0.2670014671402455,0.0487475754798956,10.968905171026464,0.7817334641378457,0.1427243507549846,13.35873159852269,0.3560019561869941,0.0649967673065275,-14.625206894701954,1.0423112855171277,0.1902991343399795,13.398788970800972,0.3104263976446197,0.0566758468116756,-14.664402420372754,1.0143794630103775,0.1851995045869204,2,finite_k_fixed
tanh,2,0.1778279410038923,30,True,"0,1,2,3,4,5,6,7,8,9,10,11,12,13,14,15,16,17,18,19,20,21,22,23,24,25,26,27,28,29",0.0368120126817795,0.0313453865149554,0.0057228584226531,0.5062999963760376,0.012989595247939,0.0023715647767193,0.540666663646698,0.0489851004272646,0.0089434148285562,0.6998160044352214,0.0129206603353434,0.0023589790411766,0.6856766521930695,0.0115609637070958,0.0021107335362916,-0.0147743857776125,0.2068451253003448,0.0377645803456604,17.7746374130249,0.8128405952772739,0.14840370989643,23.805082448323567,1.2167417519187416,0.2221456347280831,0.991788801522353,0.0113225834430816,0.0020672114536701,1.0032813537417262,0.0119431947710321,0.0021805190615906,1487.801634004857,17.182067809042007,3.137002041198558,1505.0082668804498,17.81249066546372,3.252100980941562,-7.903268558345037,0.1901102897623722,0.0347092313722315,9.332052578015263,0.6602432957335244,0.1205433821716018,10.537691411126715,0.2534803863498296,0.0462789751629754,-12.442736770687016,0.8803243943113659,0.1607245095621358,10.56851760058232,0.2479487335271911,0.04526903815256,-12.480900341582965,0.9003347478935229,0.1643778835756697,2,finite_k_fixed
tanh,2,0.2371373705661655,30,True,"0,1,2,3,4,5,6,7,8,9,10,11,12,13,14,15,16,17,18,19,20,21,22,23,24,25,26,27,28,29",0.0327984923096021,0.0224477780723447,0.0040983848053643,0.4993599981069564,0.0140360764377348,0.002562625227938,0.5369999994834264,0.0429233482434324,0.0078366953588592,0.6991357306639353,0.0081986468567223,0.0014968612748152,0.6873922566572825,0.0071809006809205,0.0013110470953814,-0.042020829891165,0.1486068245566149,0.0271317700029568,14.78594347635905,0.4291117484506204,0.0783447281056291,19.654045613606772,0.6620674632493132,0.1208764280706238,0.992831829955748,0.0113395672085348,0.0020703122508201,1.0019141929579725,0.0112903871300067,0.0020613332380235,1489.3602121860167,17.07197144688505,3.1169012875143505,1502.8599398885262,16.884761429702237,3.0827215710470317,-6.187359456036823,0.1346481466770894,0.0245832757537687,7.402481203575493,0.5040498591523607,0.0920264926550165,8.249812608049098,0.1795308622361191,0.0327777010050249,-9.869974938100658,0.6720664788698143,0.1227019902066887,8.274328554845814,0.1504740407445761,0.0274726754782519,-9.901579565767626,0.6895035707382964,0.1258855530579079,2,finite_k_fixed
tanh,2,0.3162277660168379,30,True,"0,1,2,3,4,5,6,7,8,9,10,11,12,13,14,15,16,17,18,19,20,21,22,23,24,25,26,27,28,29",0.0297794600441862,0.0263314437587833,0.0048074419061214,0.5017133325338363,0.011111994347687,0.0020287633210327,0.527666661143303,0.0321294107892601,0.0058660010162092,0.6975542525450389,0.0055024077888861,0.0010045976221883,0.6886835773785909,0.0050066083961052,0.0009140774517138,0.0303058469823251,0.1365380270407089,0.0249283191224822,12.307500807444256,0.3817142595428999,0.0696911701576759,16.276627349853516,0.6152306451763785,0.1123252341438531,0.9933018255580632,0.0108828031667772,0.0019869189277775,1.000995734964863,0.0108793597008251,0.0019862902397848,1489.9927403574754,16.2911130965852,2.97433670995585,1501.351192735117,16.473581412035394,3.0076507140898636,-4.834290233241877,0.117679052910453,0.0214851572749663,5.936991785749599,0.3068437268592199,0.0560217436099161,6.445720310989168,0.1569054038806041,0.0286468763666218,-7.915989047666131,0.4091249691456267,0.0746956581465549,6.468018851479414,0.1402146774935295,0.025599580585506,-7.940902622978951,0.4152291522673666,0.0758101244101946,2,finite_k_fixed
tanh,2,0.4216965034285823,30,True,"0,1,2,3,4,5,6,7,8,9,10,11,12,13,14,15,16,17,18,19,20,21,22,23,24,25,26,27,28,29",0.04878515053688,0.0344935507208782,0.0062976319394245,0.5073899944623311,0.015375916394981,0.0028072454172815,0.5356666644414266,0.0414132572536504,0.0075609917258629,0.6996977388858795,0.0093752792471522,0.0017116839755251,0.6848235050837199,0.0100276543973975,0.0018307908374401,-0.017459205041329,0.1900344802130217,0.0346953905054803,9.984448115030924,0.2331477684672295,0.0425667640071644,13.152451610565183,0.4563661370548059,0.0833206759154704,0.9941972399865596,0.0110867648814647,0.0020241570717781,0.9996096927693556,0.0111042456498154,0.0020273486088275,1491.413987645654,16.515090368372626,3.015229177997997,1499.2516421522062,16.685646954341614,3.0463684078200917,-3.71795432745774,0.0825646801905841,0.0150741792645276,4.510998617212195,0.2728321813986267,0.0498121133884564,4.95727243661032,0.1100862402541121,0.0200989056860368,-6.014664822949594,0.3637762418648355,0.0664161511846085,4.973270410472501,0.087447756378021,0.0159657029238194,-6.034970095636198,0.3426229131462595,0.0625540994161132,2,finite_k_fixed
tanh,2,0.5623413251903491,30,True,"0,1,2,3,4,5,6,7,8,9,10,11,12,13,14,15,16,17,18,19,20,21,22,23,24,25,26,27,28,29",0.0390804837727848,0.0275545865916725,0.0050307562129961,0.5025566647450129,0.0127366604688491,0.0023253854153576,0.5480000019073487,0.0361414862417749,0.0065985024254609,0.7003049115339915,0.0110288568485134,0.0020135845598087,0.6858218272527059,0.0081826965966294,0.0014939491690649,-0.014362943979601,0.1351554024562434,0.0246758875646578,7.946129830678304,0.1737524192133598,0.0317227064747503,10.397164154052737,0.3056531710226357,0.0558043788473606,0.9948408774026573,0.0114492927864993,0.0020903453088822,0.9992756772501326,0.0115415053023821,0.0021071809338933,1492.3506140046295,17.20278783183762,3.1407849824909513,1498.8501456163194,17.31036381308744,3.1604255796830443,-2.820135300925926,0.0554481503574918,0.0101234009075788,3.3456821903935117,0.1635982295838301,0.0298688135703242,3.760180401234568,0.0739308671433223,0.0134978678767717,-4.460909587191349,0.21813097277844,0.0398250847604323,3.7722252366085174,0.0532076292721946,0.0097143395945843,-4.474165008218438,0.2088779122075994,0.0381357147602286,2,finite_k_fixed
tanh,2,0.7498942093324559,30,True,"0,1,2,3,4,5,6,7,8,9,10,11,12,13,14,15,16,17,18,19,20,21,22,23,24,25,26,27,28,29",0.0515186269172376,0.0332929225690968,0.0060784282321223,0.5075566629568736,0.017745276585593,0.0032398294250325,0.5366666615009308,0.0307754200634349,0.0056187972618134,0.6982541998227437,0.0106970757151243,0.0019530098895047,0.6864965240160624,0.0092214057893751,0.0016835906542498,0.002507085725665,0.1566809701713198,0.0286059005648753,6.353813091913859,0.1350193248000335,0.024651043297365,8.265663019816081,0.241517110459149,0.0440947898073142,0.9951131539741432,0.0112031294200244,0.0020454022326657,0.9985913585365626,0.0111146536771572,0.0020292488459455,1492.7750690429689,16.859496148269507,3.078108782859557,1497.9059485405817,16.733935322705225,3.055184617359381,-2.140864984809028,0.0492769175758273,0.0089966931068678,2.503223540581597,0.1257231846288049,0.0229538080741944,2.854486646412037,0.0657025567677698,0.011995590809157,-3.3376313874421295,0.1676309128384066,0.0306050774322592,2.8641182719106504,0.0535349692204805,0.0097741034191339,-3.347447160982172,0.1544034879544852,0.0281900911033829,2,finite_k_fixed
tanh,2,1.0,30,True,"0,1,2,3,4,5,6,7,8,9,10,11,12,13,14,15,16,17,18,19,20,21,22,23,24,25,26,27,28,29",0.0777620356467304,0.0509552604555984,0.009303115191694,0.5086600025494893,0.0243803172824045,0.0044512165782353,0.541333332657814,0.0303693749872823,0.0055446639126225,0.6958477675914765,0.0056164129663097,0.0010254120246374,0.6869946857293446,0.0055249423329056,0.0010087118482158,-0.0508114205983777,0.2046085143680461,0.0373562329256662,5.0615348021189375,0.0755764971642066,0.0137983174380204,6.522348769505819,0.1479988375101687,0.0270207672629537,0.9957557226525856,0.0113072926688996,0.002064419753023,0.998167354180712,0.0111861399255448,0.0020423003895433,1493.7268650187175,16.988004918365927,3.1015711669325756,1497.239752311198,16.964361164115907,3.097254427750294,-1.602739147949211,0.0215785119183152,0.0039396792450184,1.8231106445312577,0.0843370609810573,0.0153977702443379,2.136985530598948,0.0287713492244203,0.0052529056600245,-2.430814192708344,0.1124494146414098,0.0205303603257839,2.14373593187153,0.023926285181793,0.0043683220371232,-2.4384618848179476,0.1137873253981619,0.0207746282929179,2,finite_k_fixed
tanh,2,1.333521432163324,30,True,"0,1,2,3,4,5,6,7,8,9,10,11,12,13,14,15,16,17,18,19,20,21,22,23,24,25,26,27,28,29",0.0608612685721689,0.0461606058082789,0.0084277350230994,0.5106899966796239,0.020137306455561,0.003676552331035,0.54466665883859,0.0433695719223544,0.0079181642837387,0.6975893298784892,0.0071425607346318,0.0013040472109028,0.6848311364650727,0.0094730418504237,0.0017295329032225,-0.0269444593170192,0.1511857524842296,0.0276026156696684,3.981928277015686,0.0582602588746751,0.0106368193305833,5.118368975321451,0.1315394478335235,0.0240157075933982,0.9959786430398644,0.0113018932815025,0.002063433964265,0.9976249011896656,0.0111734272873311,0.0020399793899716,1494.0471341839109,16.935093904297375,3.0919109816173025,1496.3257810333523,16.793937902959726,3.066139539597349,-1.1873189313249672,0.024279282516562,0.0044327702381206,1.303572090720082,0.051154397906569,0.0093394725496743,1.5830919084332895,0.0323723766887494,0.0059103603174941,-1.7380961209601091,0.0682058638754253,0.0124526300662324,1.5881248391685476,0.0262695616958988,0.0047961438388724,-1.743753479785326,0.0622068099908047,0.0113573576874671,2,finite_k_fixed
tanh,2,1.7782794100389228,30,True,"0,1,2,3,4,5,6,7,8,9,10,11,12,13,14,15,16,17,18,19,20,21,22,23,24,25,26,27,28,29",0.1584722771524686,0.1175238783239822,0.0214568264011791,0.5400300006071727,0.0390301166103069,0.007125891763174,0.5506666620572408,0.0448701868382603,0.0081921378302622,0.6871383885542551,0.0135352909763319,0.0024711947300443,0.681907057762146,0.0123072493679022,0.0022469860332137,-0.0357570534572005,0.357855226245282,0.0653351265785519,3.1729183197021484,0.0381581583307594,0.0069666946902035,4.013142371177674,0.0899183012193767,0.0164167606367989,0.9963067242311092,0.0113383279775376,0.0020700859992297,0.9974991120518908,0.0112819862850917,0.0020597994606028,1494.500776758874,16.958866942565134,3.096251324723864,1496.1607041467712,16.870649764833942,3.080145145322925,-0.8799493328698724,0.0147485099270417,0.0026926971922098,0.898644007140401,0.0589199166609062,0.0107572558138342,1.1732657771598298,0.0196646799027223,0.0035902629229465,-1.1981920095205347,0.0785598888812083,0.014343007751779,1.1769772269028866,0.0205817495052581,0.0037576961589835,-1.2017948853847955,0.0746898999410674,0.0136364476718421,2,finite_k_fixed
tanh,2,2.3713737056616555,30,True,"0,1,2,3,4,5,6,7,8,9,10,11,12,13,14,15,16,17,18,19,20,21,22,23,24,25,26,27,28,29",0.3075379685294926,0.1099749462056496,0.0200785862657504,0.581143335501353,0.042233519839538,0.0077107504996523,0.5863333304723104,0.0534650040006402,0.0097613295760848,0.6746921102205913,0.0251861853891057,0.0045983472917067,0.6647392769654592,0.0299919884806361,0.0054757628784264,0.0732008596261342,0.5275295722399539,0.0963132821556246,2.571415821711222,0.0357517243740011,0.0065273419697825,3.1641560157140094,0.0897359175498622,0.0163834620868277,0.9963079522282678,0.0112472010154093,0.0020534485683115,0.997246518868428,0.0113016982339285,0.0020633983536129,1494.5194983633364,16.83885558852565,3.074340349469143,1495.807849446237,16.955488417263414,3.095634493217579,-0.6571083904762193,0.0123721579277369,0.0022588366606792,0.6232822770755367,0.0469271749721068,0.0085676907640716,0.876144520634959,0.0164962105703159,0.003011782214239,-0.8310430361007157,0.0625695666294758,0.0114235876854288,0.8789613520670055,0.01262428259817,0.0023048681171125,-0.8335832111910543,0.0601872992463738,0.0109886471575175,2,finite_k_fixed
tanh,2,3.1622776601683795,30,True,"0,1,2,3,4,5,6,7,8,9,10,11,12,13,14,15,16,17,18,19,20,21,22,23,24,25,26,27,28,29",0.4872922334161263,0.1230720606294484,0.0224697812684641,0.6331166674693426,0.0448059966277033,0.0081804183548311,0.637333333492279,0.0536870469415245,0.0098018688852372,0.6358296771844228,0.0280207108645001,0.0051158584726056,0.6273367484410604,0.0411935522680962,0.0075208792670014,-0.1319901059071223,0.7397663793241723,0.1350622444132575,2.1385287364323933,0.0439199910355921,0.0080186566052061,2.4594244956970215,0.0975678403005412,0.017813369006556,0.9964834558834844,0.0113877117305582,0.0020791021977309,0.9970631846608028,0.0112003380301389,0.00204489259693,1494.8045131507845,17.07373308646292,3.1172229174260147,1495.5260936695847,16.8202773304277,3.070948439122676,-0.5003060191761266,0.0110214492608161,0.0020122321255158,0.3668008500854527,0.0598426914660104,0.0109257306725852,0.6670746922348354,0.0146952656810881,0.0026829761673544,-0.489067800113937,0.0797902552880139,0.0145676408967803,0.6692352827123141,0.0158282229179249,0.0028898249124559,-0.490366464683456,0.078297506078115,0.0142951034251271,2,finite_k_fixed
tanh,2,4.216965034285822,30,True,"0,1,2,3,4,5,6,7,8,9,10,11,12,13,14,15,16,17,18,19,20,21,22,23,24,25,26,27,28,29",0.6621315560957796,0.0409699491586556,0.0074800551113451,0.6820199986298879,0.0142167526010647,0.0025956120313578,0.6906666696071625,0.0571104935580729,0.0104269018640033,0.5932617922623952,0.0145392813056736,0.0026544974470102,0.582590851187706,0.0481814355050767,0.0087966863597036,0.1104321042696634,0.9118095039355878,0.1664728778177056,1.8449413061141968,0.0382079138914424,0.006975778771186,1.920335785547892,0.0621709065467134,0.0113508026453935,0.9965326788252388,0.0113907032516271,0.0020796483722545,0.9970951524908248,0.0111997067877472,0.0020447773483642,1494.8041684334105,17.08280207117142,3.11887867992552,1495.5765660059874,16.7900259959201,3.065425326354527,-0.3953712521876285,0.0116049534502819,0.0021187649278389,0.1708423971818718,0.031573056252872,0.0057644250396925,0.5271616695835046,0.0154732712670425,0.0028250199037852,-0.2277898629091624,0.0420974083371627,0.0076859000529233,0.5289693636883438,0.0181823234537525,0.0033196229011585,-0.2282438741673627,0.0407611433079241,0.0074419325531502,2,finite_k_fixed
tanh,2,5.62341325190349,30,True,"0,1,2,3,4,5,6,7,8,9,10,11,12,13,14,15,16,17,18,19,20,21,22,23,24,25,26,27,28,29",0.7628207425931943,0.0196658316403046,0.0035904732004978,0.7099800010522207,0.0084375343124026,0.0015404759575422,0.7293333331743876,0.0474111289459181,0.0086560482668218,0.5612698952356975,0.0112971108979292,0.0020625608244777,0.5262491484483083,0.0499673820857325,0.0091227541026117,-0.1336484332879384,0.9920785958333788,0.1811279419186641,1.6610409418741865,0.0380810338502795,0.0069526137509719,1.5881989081700645,0.036679180311671,0.0066966714825005,0.9965814968343162,0.0113451170681318,0.0020713255119175,0.99676914051209,0.0112801785669071,0.0020594694179271,1494.867957787152,17.024547488117825,3.108242896853349,1495.148758235667,16.880575524310217,3.0819573327781007,-0.3301530053558263,0.0116307582192411,0.0021234762125223,0.0538114350386376,0.0159413130684662,0.0029104722546169,0.4402040071411018,0.0155076776256548,0.0028313016166964,-0.0717485800515168,0.0212550840912882,0.0038806296728225,0.441717130249349,0.0175377967591279,0.0032019489646384,-0.0718368083526913,0.0207807325784931,0.0037940253315744,2,finite_k_fixed
tanh,2,7.498942093324557,30,True,"0,1,2,3,4,5,6,7,8,9,10,11,12,13,14,15,16,17,18,19,20,21,22,23,24,25,26,27,28,29",0.8212863906342411,0.0148737917187264,0.0027155704133266,0.7264000038305919,0.0086680101025607,0.001582554887285,0.7383333305517833,0.0465412909352356,0.008497238300213,0.538652648528417,0.012323023596159,0.0022498660000949,0.5184107889731725,0.055224221786452,0.010082517331036,0.0071336766084035,1.0304694357992474,0.1881371182689564,1.5176376581192017,0.0444125313744062,0.008108581756556,1.373793896039327,0.0320590328006137,0.0058531518122313,0.996587949804641,0.011264186701122,0.0020565497160514,0.9967777459964964,0.0112763037365998,0.0020587619739385,1494.894977897552,16.893575930001273,3.084330871262671,1495.1918594496003,16.912788067597965,3.0878385116425378,-0.2824054063328235,0.0116993187415991,0.0021359935940722,-0.0181192420030332,0.0183702183124236,0.0033539276520029,0.376540541777098,0.0155990916554655,0.002847991458763,0.0241589893373777,0.0244936244165649,0.0044719035360039,0.3778920152019009,0.0183207090930685,0.0033448885465878,0.024400568548392,0.0246728468115849,0.0045046249188581,2,finite_k_fixed
tanh,2,10.0,30,True,"0,1,2,3,4,5,6,7,8,9,10,11,12,13,14,15,16,17,18,19,20,21,22,23,24,25,26,27,28,29",0.8611466492396452,0.0090652735089162,0.0016550849302624,0.7372799972693126,0.0077090737853722,0.0014074778699067,0.7443333327770233,0.0496667026893624,0.0090678578066221,0.5259530921777089,0.0172402836454251,0.0031476307501289,0.4992128193378448,0.0592490987972999,0.0108173559743777,-0.1382586439450581,1.0339937000672774,0.1887805579483596,1.416438897450765,0.0457564333262642,0.0083539435612586,1.233363437652588,0.0253247169420871,0.0046236395772047,0.9966605526921628,0.0113473320284168,0.0020717299064882,0.9968069086322336,0.0113181414948069,0.0020664004685803,1494.9885748885092,17.04174909847687,3.1113834668597034,1495.2556740426637,16.952263796273343,3.0950457606656907,-0.2501331323242125,0.0118137173450691,0.0021568798259614,-0.0627443948364257,0.0136426603914702,0.0024907976135968,0.33351084309895,0.0157516231267588,0.0028758397679486,0.0836591931152343,0.0181902138552936,0.0033210634847957,0.334711343399241,0.0182564262172144,0.0033331521528656,0.0840279016265007,0.0187232157976286,0.0034183758804661,2,finite_k_fixed
tanh,4,0.1,30,True,"0,1,2,3,4,5,6,7,8,9,10,11,12,13,14,15,16,17,18,19,20,21,22,23,24,25,26,27,28,29",0.0301511263479062,0.0207136677669584,0.0037817810282102,0.5040733277797699,0.0110813577841635,0.0020231698753906,0.5349999924500783,0.0411682839210659,0.007516265919115,0.6985415915648142,0.0070609236946723,0.0012891423947982,0.6865790029366811,0.0085454680199098,0.0015601818663145,0.0001676852970073,0.1608008168561946,0.0293580782191315,18.748332850138347,0.5115332909424368,0.0933927741213419,24.52609062194824,0.6978813896456089,0.127415126523984,0.989346055716936,0.0110816071405883,0.0020232154014368,1.0040246459980453,0.0109200469784566,0.0019937186863722,1484.2114204508464,16.620028258269418,3.0343881278091525,1506.153333618164,16.375759222177155,2.9897909074198936,-11.126795694986969,0.2971364521748235,0.0542494458377352,9.9519690348307,0.5774343137111366,0.1054245996990347,14.83572759331596,0.3961819362330981,0.0723325944503137,-13.269292046440931,0.7699124182815158,0.1405661329320463,14.883508401183317,0.4184746905565247,0.0764026759209342,-13.303902541768617,0.7750397522353109,0.1415022517541649,4,finite_k_fixed
tanh,4,0.1333521432163324,30,True,"0,1,2,3,4,5,6,7,8,9,10,11,12,13,14,15,16,17,18,19,20,21,22,23,24,25,26,27,28,29",0.0395678030266282,0.0303833760067052,0.0055472201373445,0.5022133320569993,0.014803886780684,0.0027028075761777,0.5223333309094111,0.0392765066460975,0.0071708762233564,0.6965444286664327,0.0051344856674484,0.0009374245404161,0.6885608951250712,0.0066096700018493,0.001206755119226,-0.0372625732949624,0.2004531331165562,0.0365975675768412,15.936615562438964,0.4809107072899528,0.0878018808428237,20.919267018636067,0.689229237880213,0.1258354669596955,0.9908827492498952,0.0113289272700632,0.0020683696727163,1.0023098115124875,0.0106798079079308,0.0019498572336652,1486.544040804707,17.066444436865734,3.115892198159971,1503.7611550625195,15.96085072545813,2.914039326435371,-8.872136239612601,0.2307226823971598,0.0421240058923415,7.914627284741722,0.6325687483808807,0.1154907242203393,11.829514986150134,0.3076302431962132,0.0561653411897887,-10.552836379655629,0.8434249978411745,0.1539876322937857,11.866018690050328,0.2869298027541994,0.0523859751296609,-10.579911305322284,0.8086741016835461,0.1476430157207682,4,finite_k_fixed
tanh,4,0.1778279410038923,30,True,"0,1,2,3,4,5,6,7,8,9,10,11,12,13,14,15,16,17,18,19,20,21,22,23,24,25,26,27,28,29",0.0317596326524475,0.0237976995136977,0.0043448456134606,0.503096666932106,0.0118147904964256,0.0021570757556966,0.5156666606664657,0.0329768282639768,0.006020717571718,0.6959415515263875,0.0040181063167333,0.0007336024893762,0.6895054658253987,0.0039831353661592,0.0007272176965473,0.004647351661697,0.1471604008819582,0.0268676903781838,13.2313946723938,0.3654327135221152,0.0667185801487952,17.3394016901652,0.6107275763406185,0.111503090017405,0.9925715024737108,0.0112636507828661,0.0020564518712121,1.0013308911312,0.0120076820464772,0.0021922927734017,1489.0235023755706,17.022394927462592,3.107849894844259,1502.0823321853238,17.903868357811493,3.2687841887254434,-6.929676755983721,0.1681027084238844,0.0306912151271583,6.406117882889308,0.4805428645296284,0.0877347222503422,9.239569007978291,0.2241369445651792,0.0409216201695445,-8.541490510519077,0.640723819372838,0.1169796296671229,9.26454997987353,0.1981391926141903,0.036175101773551,-8.566307610801141,0.6321058692640158,0.1154062144424376,4,finite_k_fixed
tanh,4,0.2371373705661655,30,True,"0,1,2,3,4,5,6,7,8,9,10,11,12,13,14,15,16,17,18,19,20,21,22,23,24,25,26,27,28,29",0.0379438315463597,0.0278558048043974,0.005085750882943,0.5027433355649312,0.0138683884620871,0.0025320097323098,0.5369999965031942,0.0526635358979342,0.0096150021897605,0.7001688102881114,0.0130992463652536,0.002391584240189,0.686070567369461,0.0102456430077742,0.001870589930501,-0.0505118401100238,0.1504860859177762,0.0274748746159421,11.234341557820638,0.2822227984938696,0.0515265976591091,14.64599453608195,0.5491724356383227,0.1002647103197211,0.9932810033578292,0.0113642920219562,0.0020748263635004,1.0004675886542267,0.0113195607252805,0.0020666595834285,1490.0724690755208,17.049226241235566,3.1127486001112445,1500.6900107854528,16.925178672477447,3.0901007162404133,-5.440645156195076,0.1328113325374507,0.0242479209076938,5.232552100502145,0.2669461560879577,0.0487374771095565,7.254193541593435,0.1770817767166008,0.0323305612102584,-6.97673613400286,0.3559282081172769,0.0649833028127419,7.275888336345877,0.1531247782688437,0.0279566317236075,-6.9985460038168705,0.3602493935234144,0.0657722397201098,4,finite_k_fixed
tanh,4,0.3162277660168379,30,True,"0,1,2,3,4,5,6,7,8,9,10,11,12,13,14,15,16,17,18,19,20,21,22,23,24,25,26,27,28,29",0.0361329744358188,0.0235602288427799,0.0043014895990581,0.5047799974679947,0.0132565717793201,0.0024203077995733,0.5403333336114884,0.0495137309110102,0.0090399291087337,0.6998786290486654,0.0106097781553488,0.0019370716086033,0.6857226610183715,0.0092573037435497,0.0016901446940063,-0.0355508011765778,0.1280439390842228,0.0233775179294154,9.270075066884358,0.2089253499222744,0.0381443756623633,11.971191469828288,0.3982382321341406,0.0727080210002825,0.9937839468201772,0.0109438136575797,0.0019980578684631,0.9997864789120744,0.0109066722957271,0.0019912768145621,1490.788722608864,16.407008289650285,2.995496180471905,1499.5374586789417,16.511694199270167,3.014609125189158,-4.1576224926654985,0.0918906177713268,0.0167768547254802,4.123257729574585,0.2146686031653913,0.0391929454472699,5.543496656887331,0.1225208236951024,0.0223691396339736,-5.497676972766114,0.2862248042205218,0.0522572605963598,5.562407612804614,0.1155786187586145,0.0211016722197943,-5.514309383437525,0.2759508662053733,0.0503815047279243,4,finite_k_fixed
tanh,4,0.4216965034285823,30,True,"0,1,2,3,4,5,6,7,8,9,10,11,12,13,14,15,16,17,18,19,20,21,22,23,24,25,26,27,28,29",0.0503140136165036,0.0361220422201626,0.0065949524490456,0.5056433310111363,0.0158275988578674,0.002889710975199,0.5413333286841711,0.0434490104142833,0.0079326677017266,0.6993236084779103,0.0117111944935179,0.00213816179981,0.6846890111764272,0.0131160513677176,0.0023946523998318,-0.0322610712843015,0.1695904995071987,0.0309628473728871,7.600989882151286,0.1395897696318759,0.0254854885414426,9.771009890238444,0.2766140063487895,0.050502576999703,0.9946633356725894,0.0110919217049417,0.0020250985746259,0.9986710895070872,0.0110652428268275,0.0020202277001752,1492.153677835159,16.55086622276322,3.021760925485913,1497.8439145559942,16.629473403622022,3.036112567531998,-3.1577224218595634,0.0643055039281749,0.0117405250243994,3.10327102100013,0.1672728965843771,0.030539712906164,4.210296562479418,0.0857406719042331,0.0156540333658659,-4.13769469466684,0.2230305287791694,0.0407196172082187,4.223455620187999,0.0694964949927827,0.0126882659916973,-4.151959266246126,0.2129064482855524,0.038871221454768,4,finite_k_fixed
tanh,4,0.5623413251903491,30,True,"0,1,2,3,4,5,6,7,8,9,10,11,12,13,14,15,16,17,18,19,20,21,22,23,24,25,26,27,28,29",0.0495959078623295,0.0367048414633016,0.006701356546367,0.4988466670115788,0.0166385246715863,0.0030377650954113,0.5379999945561091,0.0367094842024475,0.0067022041906866,0.6986180226008097,0.0074591868454921,0.0013618549653072,0.6874702970186869,0.0081800042332627,0.0014934576130152,-0.0049104246310889,0.1533349607242111,0.027995005614273,6.100632492701212,0.0964281540091725,0.017605291709802,7.80202841758728,0.2489866094687346,0.0454585275075851,0.9952290960534912,0.0113698349944821,0.0020758383671964,0.9986105016760476,0.011529557641699,0.0021049995994715,1492.953465617766,17.036412471621322,3.1104091365564464,1497.8524112702546,17.291277717858407,3.156940951385833,-2.3690476924189747,0.0515713871317672,0.0094156040179668,2.3479478443287243,0.1172155939450898,0.0214005416316972,3.158730256558633,0.0687618495090229,0.0125541386906224,-3.1305971257716325,0.1562874585934531,0.0285340555089296,3.168420747245563,0.0472728115354478,0.0086307950782184,-3.139954426440905,0.1506472814361869,0.0275043047564762,4,finite_k_fixed
tanh,4,0.7498942093324559,30,True,"0,1,2,3,4,5,6,7,8,9,10,11,12,13,14,15,16,17,18,19,20,21,22,23,24,25,26,27,28,29",0.0634657144933304,0.039161345210011,0.0071498507179233,0.5085566649834316,0.0197051491279687,0.0035976515587972,0.5253333290417989,0.0465894290118551,0.0085060270703595,0.6953966597716014,0.0051130885600752,0.0009335179809582,0.6884241461753845,0.0093744138800933,0.0017115259818388,-0.0143749757980306,0.166136134565018,0.0303321695059913,4.860641352335612,0.0617727481417709,0.0112781091987777,6.188627910614014,0.1443955211845145,0.0263628947184912,0.9953125504367956,0.0111211495932226,0.0020304348325324,0.9980621487659176,0.011097517824543,0.0020261202816059,1493.0759445855035,16.701416414980322,3.0492475042572615,1497.1121204752603,16.707944110638522,3.0504392929774364,-1.7515752061631944,0.0326213549775985,0.0059558173258713,1.709395475260427,0.0956239999696838,0.0174584739407563,2.335433608217593,0.0434951399701314,0.0079410897678285,-2.2791939670139025,0.1274986666262451,0.0232779652543418,2.3434449046515926,0.0297799426714687,0.005437048787458,-2.2860082890926816,0.1211854157727371,0.0221253286197901,4,finite_k_fixed
tanh,4,1.0,30,True,"0,1,2,3,4,5,6,7,8,9,10,11,12,13,14,15,16,17,18,19,20,21,22,23,24,25,26,27,28,29",0.0864712013582208,0.0602428414821131,0.0109987877359871,0.5103599995374679,0.0290898355642476,0.0053110530442181,0.53666666050752,0.0351679047540503,0.0064207515779955,0.6960496167341869,0.0070044002054716,0.0012788226647768,0.687655794620514,0.0063125378759377,0.0011525064632522,-0.0590375184081494,0.2014889666284014,0.036786684036927,3.870727602640788,0.0470980042207134,0.0085988797750527,4.913244422276815,0.1334178044748112,0.0243586470278892,0.9959218913981902,0.0112637821648538,0.0020564758581716,0.9977911124082662,0.011184766683625,0.0020420496710178,1493.9552648763022,16.919679595007672,3.089096726648525,1496.6753967814127,16.96243545074046,3.09690284219862,-1.29031376953125,0.0232015970442342,0.004236012690424,1.2587551147460785,0.0661057696881468,0.012069207079813,1.720418359375,0.0309354627256456,0.0056480169205654,-1.678340152994771,0.0881410262508624,0.0160922761064174,1.725856418076573,0.0216614631883934,0.0039548240056169,-1.683610833977885,0.0889500979331525,0.0162399917100937,4,finite_k_fixed
tanh,4,1.333521432163324,30,True,"0,1,2,3,4,5,6,7,8,9,10,11,12,13,14,15,16,17,18,19,20,21,22,23,24,25,26,27,28,29",0.1170262746960407,0.084381234641023,0.0154058352143415,0.5149266650279363,0.0383298186203627,0.006998035427818,0.5436666667461395,0.0526198744214841,0.0096070307312453,0.6951866984367371,0.0105711734629937,0.0019300233883272,0.6822915196418762,0.0174060726974607,0.0031778995513246,-0.0466089299491917,0.2537945610112873,0.046336335346001,3.113018353780111,0.0273934836037531,0.0050013429661411,3.901476240158081,0.0846746832272229,0.0154594113510514,0.9961524428893516,0.0113175739985622,0.0020662968584154,0.9973518903674462,0.011171802037592,0.0020396826613237,1494.2513642459733,16.987192102409157,3.101422767721034,1495.9162982587382,16.791748323693042,3.065739778945413,-0.9555143863852896,0.0134877937290948,0.0024625229588006,0.8940893161060062,0.0464356593676167,0.0084779527027565,1.274019181847053,0.0179837249721264,0.0032833639450675,-1.1921190881413417,0.0619142124901556,0.0113039369370087,1.2781282181261178,0.0134045922046275,0.0024473325082108,-1.1959284076114831,0.0574928236212537,0.0104967054640088,4,finite_k_fixed
tanh,4,1.7782794100389228,30,True,"0,1,2,3,4,5,6,7,8,9,10,11,12,13,14,15,16,17,18,19,20,21,22,23,24,25,26,27,28,29",0.2278325653184724,0.1332776956059817,0.0243330667652344,0.5570566644271214,0.0473372087551323,0.0086425523481723,0.5643333276112874,0.0573965847393466,0.0104791347284989,0.6809509932994843,0.0190488749028685,0.003477832826465,0.673319806655248,0.0221050470666511,0.0040358109710394,0.0408434742130339,0.428570380246106,0.0782458882464529,2.531661383310954,0.032063641731532,0.0058539932840413,3.1140706380208334,0.0847345686586997,0.0154703448849467,0.9963857610601372,0.0113313898259709,0.0020688192718562,0.9973123240734958,0.0112890765099268,0.0020610939526295,1494.601581674797,16.978792622482324,3.099889239511955,1495.880540827652,16.881537551528627,3.082132974114254,-0.7086196008567408,0.0127897319606121,0.0023350748997573,0.6184806880212727,0.0573047754755919,0.0104623727269168,0.9448261344756544,0.0170529759474828,0.0031134331996764,-0.8246409173616968,0.0764063673007892,0.0139498303025557,0.9478667002011276,0.018197846434103,0.0033224569966577,-0.8268531503434021,0.0718375669696771,0.01311568530186,4,finite_k_fixed
tanh,4,2.3713737056616555,30,True,"0,1,2,3,4,5,6,7,8,9,10,11,12,13,14,15,16,17,18,19,20,21,22,23,24,25,26,27,28,29",0.4615615061019855,0.0923697194922356,0.0168643263321073,0.6202466656764348,0.0523798360062909,0.0095632059130222,0.6343333274126053,0.0532841022327383,0.009728301583094,0.6478368441263834,0.0240623945506266,0.0043931720943225,0.6288282831509908,0.03816412568246,0.0069677841745818,0.063836787144343,0.6955196169137001,0.1269839277903284,2.1196282227834065,0.0366132297990272,0.0066846306213491,2.4434438308080035,0.0809899466965307,0.0147866735789436,0.9963820790245144,0.0112069574779085,0.0020461011372172,0.9970854831243472,0.011302696366815,0.002063580586912,1494.606971777076,16.814577813849404,3.06990785452374,1495.566305825313,16.956980461950433,3.0959069020615413,-0.5360782879319897,0.0134661626616712,0.002458573684277,0.3817386561514512,0.0446993736554832,0.0081609517524867,0.7147710505759863,0.017954883548895,0.0032780982457027,-0.5089848748686017,0.0595991648739776,0.0108812690033156,0.7170939574658494,0.0162135852932293,0.0029601821343785,-0.5104285548098867,0.0575797320456697,0.0105125726988387,4,finite_k_fixed
tanh,4,3.1622776601683795,30,True,"0,1,2,3,4,5,6,7,8,9,10,11,12,13,14,15,16,17,18,19,20,21,22,23,24,25,26,27,28,29",0.6432686111658866,0.0397042598528184,0.0072489729168118,0.678659999370575,0.0136811355453061,0.0024978221834832,0.6853333294391633,0.0503596237507192,0.0091943673052472,0.5961229383945466,0.0152735756857048,0.0027885606456076,0.5878468741973241,0.0437144109744228,0.0079811229929142,-0.1821513791879018,0.8691720260932936,0.1586883750145885,1.8296985069910685,0.0375201412254378,0.0068502092366506,1.9222871780395507,0.0509167047039116,0.0092960759067205,0.996549742829302,0.0113580755426665,0.0020736913948553,0.99693804912995,0.0112014708490797,0.0020450994204258,1494.8494166756732,17.0432328299993,3.111654357934409,1495.3383980084045,16.82187493860668,3.0712401211352365,-0.4161880674098516,0.0107106813262084,0.0019554939228712,0.1791051889050148,0.0372244712077246,0.0067962275238907,0.5549174232131355,0.0142809084349446,0.0026073252304949,-0.2388069185400197,0.0496326282769662,0.009061636698521,0.5567742428297976,0.0167844302822791,0.0030644036934923,-0.2392418532039494,0.0479080595508232,0.0087467749674289,4,finite_k_fixed
tanh,4,4.216965034285822,30,True,"0,1,2,3,4,5,6,7,8,9,10,11,12,13,14,15,16,17,18,19,20,21,22,23,24,25,26,27,28,29",0.7388074814522932,0.0273667922356446,0.0049964698113399,0.7040566682815552,0.0109592876593446,0.002000883021737,0.7066666662693024,0.0512151200116275,0.0093505588385675,0.5680709679921468,0.0145353544071338,0.0026537804967064,0.5560648332039515,0.0543230628471441,0.0099179889713838,0.1160502711931864,0.9555526369163664,0.1744592447075459,1.633166217803955,0.0446065467864025,0.0081440039624407,1.5867604772249857,0.037401015816021,0.006828460012014,0.9965712817041266,0.0113756834647993,0.002076906146903,0.9970239864192328,0.0111960021659096,0.0020441009800484,1494.852394123905,17.076180908086638,3.1176698264660345,1495.4698218939889,16.78449267807596,3.0644150853541663,-0.3387245067861409,0.0126154712815678,0.0023032593981577,0.0640982851832554,0.0222581368208694,0.0040637612082754,0.4516326757148546,0.0168206283754237,0.003071012530877,-0.0854643802443406,0.0296775157611592,0.0054183482777006,0.453219470183656,0.0195809044090389,0.0035749676803943,-0.0855439580700038,0.0292375185571127,0.0053380161464021,4,finite_k_fixed
tanh,4,5.62341325190349,30,True,"0,1,2,3,4,5,6,7,8,9,10,11,12,13,14,15,16,17,18,19,20,21,22,23,24,25,26,27,28,29",0.810065670761524,0.0153247098004959,0.002797896414984,0.723333332935969,0.0076290463176042,0.0013928669201345,0.7450000047683716,0.0456938822490403,0.0083425233492614,0.5429613610108693,0.0129830250071981,0.0023703652203653,0.5121849844853084,0.0488689397064266,0.0089222068795232,-0.2679486791292826,0.9788807479989348,0.1787183555955155,1.5170091311136882,0.0408233706276347,0.0074532936553831,1.378479746977488,0.0267516006356939,0.0048841517058463,0.996599278482726,0.0113433602609836,0.0020710047642828,0.9967275876612826,0.0112784148971289,0.0020591474173532,1494.8907548783843,17.02486000218944,3.1082999538555356,1495.0864292149186,16.87793169580228,3.0814746379407763,-0.2932362229464894,0.0113394191740991,0.0020702852235535,-0.0085175857098551,0.0156979512225031,0.0028660406637269,0.3909816305953192,0.0151192255654655,0.0027603802980714,0.0113567809464734,0.0209306016300042,0.0038213875516359,0.3923646182077374,0.0176628130574711,0.0032247737135245,0.0115129222704698,0.0210446365619711,0.0038422073864965,4,finite_k_fixed
tanh,4,7.498942093324557,30,True,"0,1,2,3,4,5,6,7,8,9,10,11,12,13,14,15,16,17,18,19,20,21,22,23,24,25,26,27,28,29",0.8530873286337552,0.0102952189605458,0.0018796412197152,0.7357299983501434,0.0075421207844353,0.0013769965616879,0.75300000111262,0.0470619502359758,0.0085922972481431,0.5264644702275594,0.0115782566603265,0.0021138907831484,0.5058878809213638,0.0542782808595279,0.0099098129364547,0.0735046883424123,1.0295580620803562,0.1879707249542384,1.412262773513794,0.046249506134182,0.0084439659277216,1.2294267018636067,0.0275417085025371,0.0050284050063571,0.99658462650335,0.0112726222633493,0.0020580898319571,0.996750848219333,0.0112753750872388,0.0020585924265374,1494.8791030709476,16.902597326556076,3.085977945393759,1495.1515120570764,16.911390833959803,3.087583412848629,-0.2560739457100976,0.0121569856063791,0.0022195517492931,-0.0584666345269564,0.0169339947025082,0.0030917102957455,0.3414319276134634,0.0162093141418388,0.0029594023323908,0.0779555127026085,0.0225786596033442,0.0041222803943274,0.3426792520786185,0.0186648205667744,0.0034077144187362,0.0783558585378522,0.0231468853242824,0.0042260237426982,4,finite_k_fixed
tanh,4,10.0,30,True,"0,1,2,3,4,5,6,7,8,9,10,11,12,13,14,15,16,17,18,19,20,21,22,23,24,25,26,27,28,29",0.8843355078710713,0.0070401844993262,0.001285355953093,0.7437233328819275,0.007121054475773,0.0013001207232013,0.7520000060399373,0.0500620283987912,0.0091400340761607,0.5161702652772268,0.0164095666320649,0.0029959632677553,0.4929929137229919,0.0598730934113428,0.0109312812830021,0.0013520121574401,1.041214798021694,0.1900989440282224,1.3375200748443603,0.0454192646263803,0.0082923852603883,1.126944156487783,0.0247178634218694,0.0045128437898299,0.9966639729093432,0.0113435642863535,0.0020710420140486,0.9967885422082297,0.0113173288464839,0.0020662520999743,1494.997338536784,17.01835536404665,3.107112374842464,1495.2281235902913,16.951045535100956,3.0948233376240077,-0.2304887027994667,0.0115772735106795,0.002113711285402,-0.0902948472086899,0.0119379821810201,0.0021795673772131,0.307318270399289,0.015436364680906,0.0028182817138694,0.1203931296115865,0.0159173095746934,0.0029060898362841,0.3084324507426572,0.0177477940657434,0.0032402890519213,0.120863463494499,0.0166017139320979,0.0030310444046192,4,finite_k_fixed
tanh,dynamic,0.1,30,True,"0,1,2,3,4,5,6,7,8,9,10,11,12,13,14,15,16,17,18,19,20,21,22,23,24,25,26,27,28,29",0.0314761858548176,0.0231036533549561,0.0042181307010964,0.5007966687281926,0.0134015064847415,0.0024467691354149,0.5496666620175044,0.0396087191558454,0.0072315296518478,0.7019186218579611,0.0090284773796402,0.001648366906918,0.6842979570229848,0.0077420226548091,0.0014134934829183,4.66681706408655e-05,0.1466570816284406,0.0267757972752578,13.87464911142985,0.3556437642817981,0.0649313707110636,17.032872867584228,0.6958116572338233,0.1270372468140059,0.9905314439610716,0.0116277016767577,0.0021229181667669,1.0019066937188814,0.0108980507745995,0.0019897027473616,1486.1140881347656,17.356349540584468,3.1688213864408463,1502.9762016601562,16.34710258330167,2.9845589449084327,-9.058161865234366,0.4483469981977596,0.081856588167547,6.774837076822917,0.6113201047881867,0.1116112704163039,12.07754915364582,0.5977959975970126,0.1091421175567293,-9.033116102430556,0.8150934730509156,0.1488150272217385,12.11753553612489,0.601202653652362,0.1097640850124547,-9.05690379516376,0.8219147021634514,0.1500604075733541,0,dynamic
tanh,dynamic,0.1333521432163324,30,True,"0,1,2,3,4,5,6,7,8,9,10,11,12,13,14,15,16,17,18,19,20,21,22,23,24,25,26,27,28,29",0.0377799563749519,0.0249597097120678,0.0045569986793601,0.504420002301534,0.0138702208064759,0.0025323442710947,0.5306666652361552,0.0412672790808956,0.0075343398798225,0.6965228100617726,0.0051167985277253,0.0009341953252814,0.6883619884649913,0.0057764432038742,0.0010546294149697,-0.0423909582269213,0.1484866712178771,0.0271098331049614,11.351304499308268,0.2210271844509451,0.0403538582485459,13.990821488698325,0.4020024799336125,0.0733952754775525,0.991965837232396,0.0117146899147221,0.0021387999734905,1.0005378119701016,0.010528178625823,0.0019221736409356,1488.1991065702784,17.611030863248526,3.215319621573632,1501.1026800758086,15.737335304381828,2.8732311804107855,-7.128070396013793,0.2766463088225434,0.0505084745975491,5.256152298030767,0.3925635297189781,0.0716719668269779,9.504093861351723,0.3688617450967246,0.0673446327967322,-7.008203064041023,0.5234180396253042,0.0955626224359706,9.5354498504854,0.3958188497136697,0.0722663042246413,-7.028024090393907,0.5220481190646132,0.0953125103049438,0,dynamic
tanh,dynamic,0.1778279410038923,30,True,"0,1,2,3,4,5,6,7,8,9,10,11,12,13,14,15,16,17,18,19,20,21,22,23,24,25,26,27,28,29",0.0357619661421759,0.0281573318860877,0.0051408019443899,0.5026133328676223,0.0147642360796525,0.0026955683817191,0.5246666620175043,0.0403205534324186,0.0073614922153426,0.698326301574707,0.0102010807337984,0.0018624540096109,0.6880581200122833,0.0076399776087358,0.001394862691713,-0.0075746247001613,0.1395232925648548,0.0254733515450546,9.190951124827068,0.1817301906234328,0.0331792415947226,11.379223155975344,0.3836009270707529,0.0700356269455151,0.9937357916704916,0.0113049029207315,0.0020639834466968,0.9997327343067364,0.0120529491062487,0.0022005573699847,1490.7662275907253,17.162609237250777,3.1334494082962614,1499.6850079139967,17.976793040752636,3.282098353340702,-5.329886641484527,0.2822752311619451,0.0515361705107941,4.0087936115622185,0.3151054433069976,0.0575301197639692,7.106515521979369,0.3763669748825934,0.0687148940143922,-5.345058148749624,0.4201405910759969,0.076706826351959,7.126323352000401,0.3928317125803938,0.0717209300945558,-5.359014850713351,0.395673301329462,0.072239730846895,0,dynamic
tanh,dynamic,0.2371373705661655,30,True,"0,1,2,3,4,5,6,7,8,9,10,11,12,13,14,15,16,17,18,19,20,21,22,23,24,25,26,27,28,29",0.0393479721532648,0.0279794372902169,0.0051083229833843,0.504583328962326,0.0151811576897204,0.0027716875052342,0.5313333253065745,0.0362684715917653,0.0066216866723483,0.6981090784072876,0.0080850376389478,0.0014761191643766,0.6875209589799245,0.0062216561700511,0.0011359138097927,-0.0178321533525983,0.1318149166952591,0.0240660010965525,7.429901742935181,0.131101397209593,0.0239357308573796,9.188570245107014,0.2333059381605501,0.0425956417101462,0.9941612848399572,0.0111063013897239,0.0020277239338675,0.9989984592459702,0.0113280151711909,0.0020682031470073,1491.3133031316615,16.640789128000833,3.038178526697593,1498.4862791423557,16.93312299983976,3.0915511453405946,-4.092608436552298,0.2195259998370473,0.0400797806898754,3.028820457404852,0.2070475199114937,0.0378015323770083,5.456811248736397,0.2927013331160631,0.0534397075865005,-4.038427276539802,0.2760633598819917,0.0504020431693445,5.473395606077706,0.2837500866158489,0.051805441044515,-4.050820637213241,0.2748342614634421,0.0501776415262666,0,dynamic
tanh,dynamic,0.3162277660168379,30,True,"0,1,2,3,4,5,6,7,8,9,10,11,12,13,14,15,16,17,18,19,20,21,22,23,24,25,26,27,28,29",0.0487153411387152,0.0362400427122072,0.0066164962928088,0.506510000427564,0.017537748152106,0.003201940090251,0.5480000019073487,0.0392516212501414,0.0071663327924505,0.6991865853468577,0.0098754212591101,0.0018029969961602,0.6855618019898733,0.0097417033077445,0.0017785835500581,0.0201621919482325,0.1497379883293583,0.0273382913078116,5.998762083053589,0.0926961493538067,0.0169239239983159,7.387500731150309,0.1846709005949238,0.0337161393235446,0.9945042075467035,0.0109143334854278,0.0019926755500342,0.998559043900993,0.0108617758156602,0.001983079876267,1491.6775682087186,16.25622683918408,2.967967379914009,1497.6964771190271,16.444274776507037,3.0023000789687093,-3.080234402040886,0.1350656523899547,0.0246595015193765,2.2822761696602347,0.1256082245520999,0.0229328193317864,4.106979202721181,0.1800875365199396,0.0328793353591687,-3.043034892880313,0.1674776327361332,0.0305770924423819,4.121249579858481,0.172151071773689,0.0314303417697134,-3.0527950409260227,0.1724631707271713,0.0314873229820454,0,dynamic
tanh,dynamic,0.4216965034285823,30,True,"0,1,2,3,4,5,6,7,8,9,10,11,12,13,14,15,16,17,18,19,20,21,22,23,24,25,26,27,28,29",0.0574996961646636,0.0505612514403213,0.0092311793165181,0.5058766653140386,0.021364984699969,0.0039006946869752,0.5369999925295512,0.0430837177491106,0.0078659746907912,0.6986903190612793,0.0086035171334631,0.0015707801359599,0.6863327999909719,0.0059456841783666,0.0010855284480976,-0.0633332281373441,0.1582125128783902,0.0288855207276903,4.8524214108785,0.0696803535486894,0.0127218338178507,5.98119756380717,0.159966584844431,0.0292057689887863,0.9952581615625098,0.01091730902594,0.0019932188069206,0.997755617398776,0.0110395562676527,0.0020155379975469,1492.9137028052714,16.11425738954767,2.942047423233191,1496.4708592099228,16.59127364092167,3.0291382769578887,-2.259334956689897,0.1356328132961191,0.024763050460057,1.730215674928631,0.0990340443608422,0.0180810600191335,3.0124466089198627,0.1808437510614921,0.0330174006134093,-2.3069542332381747,0.132045392481123,0.0241080800255113,3.0220224983025012,0.1759919889752508,0.0321315941006484,-2.3151093446024027,0.1315750697625068,0.0240222112380803,0,dynamic
tanh,dynamic,0.5623413251903491,30,True,"0,1,2,3,4,5,6,7,8,9,10,11,12,13,14,15,16,17,18,19,20,21,22,23,24,25,26,27,28,29",0.0722534079751941,0.0484950255070838,0.008853939799006,0.5099533319473266,0.0246242738933287,0.0044957567578539,0.5306666612625122,0.0324763373857697,0.0059293408571114,0.6970544954140981,0.0060823444851761,0.0011104790923493,0.6860929747422536,0.0070204121666324,0.0012817460355494,0.0100559417158365,0.1741317525145597,0.0317919629433771,3.9508348306020102,0.0508365740258811,0.0092814461134187,4.853875668843587,0.1155973410203165,0.0211050904214815,0.9956310178099844,0.0114705327594964,0.0020942231796593,0.9978863867213532,0.0115314717446081,0.0021053490652517,1493.4410942889178,17.19100672162231,3.138634055885157,1496.7662923466437,17.294833014507184,3.1575900567768853,-1.6818265444154883,0.0825183027254717,0.0150657119365936,1.2618289207175857,0.0985464030631571,0.0179920293062291,2.242435392553985,0.1100244036339622,0.0200876159154581,-1.682438560956781,0.1313952040842095,0.0239893724083054,2.2495361439154316,0.1024024244527609,0.0186960392719985,-1.6871965594129623,0.1267199369316101,0.0231357893143582,0,dynamic
tanh,dynamic,0.7498942093324559,30,True,"0,1,2,3,4,5,6,7,8,9,10,11,12,13,14,15,16,17,18,19,20,21,22,23,24,25,26,27,28,29",0.0831082027329017,0.0502498477814232,0.0091743250470288,0.5153733313083648,0.0238012287904081,0.0043454899682826,0.5306666592756907,0.0468992562674018,0.0085625935292905,0.6957084496816,0.006452015071822,0.0011779713987334,0.68719708720843,0.0075491059565751,0.0013782718738042,-0.0051535798857609,0.1771726236582312,0.0323471475166622,3.2364086071650187,0.0347895983780753,0.0063516825994056,3.969935345649719,0.0897764782083311,0.0163908674160246,0.9957039907627228,0.0112108626123813,0.0020468141139641,0.9975491593354764,0.0110835390432232,0.0020235681169875,1493.5776444688586,16.948981019792058,3.0944464104223415,1496.342632313368,16.687534468190215,3.046713019124252,-1.2260041422526249,0.085670851891485,0.0156412860338834,0.939907313368066,0.068045573466515,0.0124233651753284,1.6346721896701666,0.11422780252198,0.0208550480451779,-1.2532097511574212,0.0907274312886867,0.0165644869004379,1.6405269766299524,0.1158123584813778,0.0211443470593751,-1.2570421467280528,0.0895704605781759,0.0163532539149314,0,dynamic
tanh,dynamic,1.0,30,True,"0,1,2,3,4,5,6,7,8,9,10,11,12,13,14,15,16,17,18,19,20,21,22,23,24,25,26,27,28,29",0.147162546139823,0.0979858751821454,0.0178896913847155,0.5308366616566976,0.0390498200052188,0.0071294890944582,0.5476666649182638,0.0481150487031736,0.0087845658433959,0.6913587470849355,0.0118038169547931,0.0021550722702673,0.6822381873925527,0.0134947996310704,0.0024638020556498,-0.061707109833757,0.2878204736342343,0.0525485886404303,2.6761505603790283,0.0327784741725012,0.0059845032349598,3.2630808273951213,0.0790459488059362,0.0144317497468032,0.996239803484142,0.0113830832400449,0.0020782571548438,0.9974345777279344,0.0111793397087826,0.0020410588455045,1494.361864967855,17.107862749009787,3.123454112778334,1496.1406016825358,16.954523320618016,3.0954582914832938,-0.9232391988118412,0.0371643930789032,0.0067852588084347,0.7239600158691173,0.0470943494975236,0.0085982125169419,1.2309855984157885,0.0495525241052043,0.0090470117445796,-0.9652800211588232,0.0627924659966981,0.0114642833559225,1.234850839506792,0.0472680569054325,0.0086299270055144,-0.9683936951331814,0.0645221660839376,0.0117800819410891,0,dynamic
tanh,dynamic,1.333521432163324,30,True,"0,1,2,3,4,5,6,7,8,9,10,11,12,13,14,15,16,17,18,19,20,21,22,23,24,25,26,27,28,29",0.2502901413994777,0.1367915426122187,0.0249746045215471,0.5720433324575425,0.0412487223126773,0.0075309518929733,0.5759999980529149,0.0589915289011832,0.0107703303602986,0.676881198088328,0.0172899119404255,0.0031566915956829,0.6674359897772472,0.026185023638942,0.0047807093719515,-0.133869119392087,0.4133541322533365,0.0754677941577087,2.237164783477783,0.0305559576808357,0.0055787290959889,2.6699710210164387,0.0608960800958271,0.0111180522440419,0.9962769020232806,0.0112602534194971,0.002055831600361,0.9970879704364608,0.0111695336679055,0.002039268515575,1494.3542337359197,16.900074794933815,3.0855173962365816,1495.5204444293097,16.7880183944224,3.0650587901456032,-0.6753219446201921,0.0314438853414986,0.0057408417657149,0.4982354866774524,0.0485278725174415,0.0088599368151792,0.9004292594935894,0.0419251804553315,0.0076544556876199,-0.6643139822366032,0.0647038300232553,0.0118132490869056,0.9034860397074166,0.0421689306488047,0.0076989581807404,-0.6663557836797137,0.0629444859118063,0.0114920382681541,0,dynamic
tanh,dynamic,1.7782794100389228,30,True,"0,1,2,3,4,5,6,7,8,9,10,11,12,13,14,15,16,17,18,19,20,21,22,23,24,25,26,27,28,29",0.4523872045126493,0.136139300102059,0.0248555218762876,0.6259066671133041,0.0430784162332727,0.0078650067708534,0.6300000011920929,0.0637884435102707,0.0116461231395731,0.6445780118306478,0.0276713319432871,0.0050520709005172,0.63158504764239,0.0480529369447478,0.0087732258396705,0.0731935252745946,0.666056594169177,0.1216047404005073,1.9245726585388183,0.0458466535359642,0.0083704154425905,2.159654895464579,0.0680959875211908,0.0124325694803155,0.9965245020371998,0.0113421771514928,0.0020707887590307,0.9971016056045116,0.0112874481590074,0.0020607966577861,1494.7173596224582,16.94086928159825,3.0929654164259,1495.5644795095068,16.878908959188426,3.0816530610078487,-0.5154541953659538,0.0300905508803224,0.0054937578283031,0.3024193698759916,0.0571283675065577,0.0104301651855956,0.6872722604879384,0.0401207345070965,0.0073250104377375,-0.4032258265013222,0.0761711566754102,0.0139068869141274,0.689799264994632,0.0451432084773117,0.0082419845337273,-0.4040902291239471,0.0740757376010201,0.0135243174826374,0,dynamic
tanh,dynamic,2.3713737056616555,30,True,"0,1,2,3,4,5,6,7,8,9,10,11,12,13,14,15,16,17,18,19,20,21,22,23,24,25,26,27,28,29",0.6447526747792686,0.0352539374124318,0.0064364589205547,0.6790500024954478,0.0118306108568342,0.0021599641451178,0.6763333360354106,0.0418110140470652,0.007633611848581,0.5975876808166504,0.0158907576106809,0.0029012421330722,0.5856012821197509,0.0441072410168858,0.0080528436180884,-0.0083518942197163,0.8625799083960176,0.1574848244930795,1.7195175488789876,0.038267980469079,0.0069867453776939,1.7748993078867594,0.0565912316255743,0.0103320980394422,0.9965415042921888,0.0113207033963401,0.0020668682056669,0.9969312467468526,0.0113002642528634,0.0020631365456875,1494.821841459618,16.92161748149533,3.0894505346962498,1495.334961029295,16.953352560591927,3.0952445409247225,-0.4085972570872118,0.0207141951255676,0.0037818773102789,0.1503938601335125,0.0252755423600688,0.004614661567929,0.544796342782949,0.0276189268340901,0.0050425030803719,-0.2005251468446834,0.0337007231467584,0.006152882090572,0.5465570378228405,0.0274730732537621,0.0050158739816924,-0.2009896716358058,0.0325887492742861,0.0059498643661355,0,dynamic
tanh,dynamic,3.1622776601683795,30,True,"0,1,2,3,4,5,6,7,8,9,10,11,12,13,14,15,16,17,18,19,20,21,22,23,24,25,26,27,28,29",0.7439000053112995,0.0177134371506742,0.0032340163661247,0.7067999998728435,0.0087311150852631,0.001594076228124,0.7173333366711935,0.0452527985134134,0.0082619928453442,0.5645159502824147,0.012659498689593,0.0023112976663324,0.5483871002991995,0.0469964790810624,0.0085803439053391,-0.1860925594965617,0.9254168315933148,0.168957224586206,1.55390944480896,0.0348147676735942,0.006356277863043,1.4919668833414714,0.0292171308572095,0.0053342938786913,0.996551396302518,0.011391640747333,0.0020798195347697,0.9968479035145325,0.0111932593025775,0.0020436002040087,1494.8948289973443,17.049122069486348,3.1127295810389444,1495.2031857913776,16.80956693722216,3.0689929978032016,-0.3289285784132081,0.0164027611828493,0.0029947207684055,0.0438929718781522,0.0226584465439377,0.0041368474300465,0.4385714378842775,0.0218703482437991,0.0039929610245407,-0.058523962504203,0.0302112620585836,0.0055157965733954,0.4401411197789325,0.0246969434643496,0.004509024345618,-0.0585314321410364,0.0300058643719287,0.0054782962579819,0,dynamic
tanh,dynamic,4.216965034285822,30,True,"0,1,2,3,4,5,6,7,8,9,10,11,12,13,14,15,16,17,18,19,20,21,22,23,24,25,26,27,28,29",0.8028397890806781,0.0162534683175023,0.0029674637450638,0.7219533284505208,0.0088115063167561,0.0016087535917621,0.7293333331743876,0.0431463708422734,0.0078774135282654,0.5432215412457784,0.013401235030816,0.0024467195749354,0.5302398413419723,0.0506889931780132,0.0092545016602744,-0.2026831706364949,0.9609923528855224,0.1754523964217884,1.4446163455645242,0.0396878129659313,0.0072459701398288,1.310102379322052,0.0253455736607526,0.0046274474756343,0.9965951748694516,0.0113736614160661,0.0020765369730018,0.9969697866856314,0.0111946858524023,0.0020438606551815,1494.8632491253702,17.05118705706745,3.113106594465324,1495.3885261868086,16.782545583264117,3.0640595961041504,-0.2807343047934008,0.0164207287558573,0.0029980011834189,-0.017197421997133,0.0186504023049143,0.0034050820163159,0.374312406391201,0.0218943050078098,0.0039973349112252,0.0229298959961773,0.024867203073219,0.0045401093550879,0.3756631184926491,0.0238360026601583,0.0043518387792406,0.0231677586720676,0.025153232484057,0.0045923309418965,0,dynamic
tanh,dynamic,5.62341325190349,30,True,"0,1,2,3,4,5,6,7,8,9,10,11,12,13,14,15,16,17,18,19,20,21,22,23,24,25,26,27,28,29",0.8500619274174721,0.0089752032814994,0.0016386404318238,0.7352566679318746,0.0066156400056957,0.0012078450878177,0.7476666669050852,0.050356204139145,0.0091937429724482,0.5270622531572978,0.0126740189686975,0.0023139486944679,0.4988181173801422,0.0522843475137665,0.009545772179243,-0.3950629532337188,0.9304387925358684,0.1698741050165881,1.3715606252352397,0.0407662501439994,0.0074428649295889,1.1882494688034058,0.0290781761847457,0.0053089243424982,0.9966198335368572,0.0113438100872938,0.0020710868909551,0.9966946248624168,0.0112780396315453,0.0020590789035448,1494.8768761991046,17.02380210607916,3.1081068093345037,1495.0369852750664,16.87737906552941,3.0813737419186396,-0.2506159469492846,0.0129311756555236,0.0023608988671973,-0.0579615255619091,0.0135365803656214,0.0024714301392441,0.3341545959323794,0.0172415675406982,0.0031478651562631,0.0772820340825454,0.0180487738208285,0.0032952401856588,0.3353564217585036,0.0190530822118681,0.0034786009724802,0.077654722110676,0.0186276812409668,0.0034009337365644,0,dynamic
tanh,dynamic,7.498942093324557,30,True,"0,1,2,3,4,5,6,7,8,9,10,11,12,13,14,15,16,17,18,19,20,21,22,23,24,25,26,27,28,29",0.8799956925709048,0.0064481370290822,0.0011772633682375,0.7438033282756805,0.0074429103359599,0.0013588832948312,0.7559999962647755,0.0454555524343242,0.0082990104773794,0.5145006010929744,0.0109105197244728,0.0019919792557329,0.4935339301824569,0.0525228175575867,0.0095893106533395,-0.0603892485300699,1.0250955862930615,0.1871559920705644,1.3139857172966003,0.0482374818939387,0.008806918983519,1.0998358527819316,0.0258931041024858,0.0047274124002536,0.9966030546820676,0.0112544321755686,0.0020547687914902,0.9967289551776012,0.0112744008719147,0.0020584145599678,1494.8949976419383,16.856375245785173,3.0775389866294094,1495.1186719344423,16.90992867999051,3.08731646127812,-0.2267948470603537,0.0147411371541551,0.0026913511142027,-0.0913067571607369,0.0148707058322408,0.0027150070101139,0.302393129413805,0.0196548495388735,0.0035884681522703,0.1217423428809826,0.0198276077763211,0.0036200093468186,0.3035361840286447,0.0217963859691404,0.0039794574224624,0.122267284355441,0.0206948676640856,0.0037783486147346,0,dynamic
tanh,dynamic,10.0,30,True,"0,1,2,3,4,5,6,7,8,9,10,11,12,13,14,15,16,17,18,19,20,21,22,23,24,25,26,27,28,29",0.9035949150011566,0.0045203422403664,0.0008252978042307,0.7501566668351491,0.0069892420756418,0.0012760551815644,0.7556666632493337,0.053863385318643,0.0098340637208711,0.5072143544753392,0.0158481915772734,0.0028934706741786,0.4858388463656107,0.0599719975637079,0.0109493386280959,-0.071019035577774,1.032257974896049,0.1884636593383891,1.2657509962717692,0.0435806936066009,0.0079567096533521,1.0359621942043304,0.0240990469052775,0.0043998638681318,0.99669255945699,0.011370561086108,0.0020759709327839,0.9967744346153936,0.0113168670163291,0.0020661677817098,1495.0189493693033,17.069888813145194,3.1165210523549036,1495.2069615515136,16.950351799464254,3.0946966794049517,-0.209230630696627,0.0121904974562881,0.0022256701480061,-0.1114568859863343,0.010918629921665,0.0019934599683822,0.2789741742621693,0.0162539966083842,0.0029675601973414,0.1486091813151124,0.0145581732288867,0.0026579466245097,0.2799964564128195,0.0182582668269247,0.0033334882006849,0.1491612013239181,0.0153761842003341,0.0028072943116258,0,dynamic
