pretraining_epoch,n_independent_pretraining_seeds,train_loss_mean,train_loss_std,validation_loss_mean,validation_loss_std,train_loss_sem,validation_loss_sem,pretraining_images,pretraining_validation_images,error_bar_definition
1,5,0.4718471365356445,0.03612250352449073,0.2555780954933166,0.014328224003654778,0.0161544746796474,0.006407776573803255,40000,10000,sample SD across five independent encoder/split seeds
2,5,0.22422937455177303,0.009741226483694252,0.19915794044494622,0.009671346593111368,0.004356408920352319,0.004325157683231604,40000,10000,sample SD across five independent encoder/split seeds
3,5,0.18011100267410277,0.014902231951247862,0.16196508427619927,0.02743192505761625,0.00666448073189191,0.012267929836501955,40000,10000,sample SD across five independent encoder/split seeds
4,5,0.12902942683696744,0.016905006971545265,0.10519831281661984,0.009908282869117173,0.007560148949696612,0.00443111880712853,40000,10000,sample SD across five independent encoder/split seeds
5,5,0.0993436248350143,0.00882373786154319,0.09744849750041959,0.01986715394754918,0.003946095534809841,0.00888486134923465,40000,10000,sample SD across five independent encoder/split seeds
6,5,0.08712647788047788,0.006482631498450638,0.08003002967834469,0.006540252829035742,0.00289912094072339,0.0029248899831518455,40000,10000,sample SD across five independent encoder/split seeds
7,5,0.07786338691473,0.0062836752010847164,0.07578369553565975,0.010113954139035295,0.002810144979631017,0.004523097795239656,40000,10000,sample SD across five independent encoder/split seeds
8,5,0.07492497712373729,0.004343987437599917,0.06978360175371165,0.004343981168475112,0.001942690240775708,0.0019426874371378632,40000,10000,sample SD across five independent encoder/split seeds
9,5,0.06543186704277988,0.005067155356088896,0.05966432680964469,0.004533868232257236,0.002266100765753385,0.0020276075136707967,40000,10000,sample SD across five independent encoder/split seeds
10,5,0.063949994777441,0.005244768073086167,0.05809502286791798,0.007665933068692195,0.0023455315875282505,0.0034283094905118625,40000,10000,sample SD across five independent encoder/split seeds
11,5,0.05534472541213031,0.005037313706257733,0.05089014240026468,0.0030644783450649205,0.0022527551742367396,0.0013704763790282437,40000,10000,sample SD across five independent encoder/split seeds
12,5,0.051603601181507086,0.0037082710553110964,0.04941401269555088,0.004496271805819644,0.0016583892317340988,0.0020107938806256916,40000,10000,sample SD across five independent encoder/split seeds
13,5,0.04922023499250408,0.001496840984051822,0.04864401618957516,0.003932622648598415,0.0006694076383695105,0.0017587223144242645,40000,10000,sample SD across five independent encoder/split seeds
14,5,0.0476568685805797,0.002613632582261305,0.046257791882753294,0.00314163482171635,0.0011688520244289178,0.001404981804367638,40000,10000,sample SD across five independent encoder/split seeds
15,5,0.044369294756650864,0.001415701689726017,0.04365617953777308,0.00208668984413156,0.0006331210428177379,0.0009331960678873217,40000,10000,sample SD across five independent encoder/split seeds
16,5,0.04276336080431934,0.0031077849519097677,0.0395516514587402,0.0018009550393544703,0.0013898436823842311,0.0008054115784834809,40000,10000,sample SD across five independent encoder/split seeds
17,5,0.040693683040141995,0.0019743884325948767,0.03918256209611888,0.00316920232343329,0.0008829733498542811,0.0014173103659294221,40000,10000,sample SD across five independent encoder/split seeds
18,5,0.03880355025887486,0.002157956805707719,0.04006894497156138,0.00592963844871324,0.0009650676220141531,0.002651814930663841,40000,10000,sample SD across five independent encoder/split seeds
19,5,0.03776067072510714,0.0019392413293997644,0.038605867341756785,0.005168064487756105,0.0008672550874629869,0.0023112287013450556,40000,10000,sample SD across five independent encoder/split seeds
20,5,0.03796666376173492,0.0031990518991410017,0.03439472136735912,0.0021924134544153463,0.0014306595020058162,0.0009804771037715701,40000,10000,sample SD across five independent encoder/split seeds
21,5,0.03578472849905486,0.0015441468193119823,0.0339598127686977,0.004389381281373292,0.0006905634510443355,0.0019629909848631623,40000,10000,sample SD across five independent encoder/split seeds
22,5,0.03423298820078367,0.0025873531808287414,0.03140151363968844,0.0017886589941053844,0.0011570995188266743,0.000799912619877207,40000,10000,sample SD across five independent encoder/split seeds
23,5,0.03197566690742964,0.001760915752885944,0.031170061092972722,0.0024644131017451136,0.0007875054652206384,0.001102119044028636,40000,10000,sample SD across five independent encoder/split seeds
24,5,0.03380415474236008,0.0025336229775072905,0.033202398139238344,0.005259991897802656,0.0011330706414123444,0.002352339888916973,40000,10000,sample SD across five independent encoder/split seeds
25,5,0.03061533619403834,0.002361143785723551,0.0322033470642566,0.010542762794735264,0.0010559356019058115,0.004714866855936742,40000,10000,sample SD across five independent encoder/split seeds
26,5,0.02993880638778204,0.0041615972928416714,0.02905120311141008,0.0024258343535089946,0.0018611228883546151,0.0010848661033200735,40000,10000,sample SD across five independent encoder/split seeds
27,5,0.02938704809486862,0.0028326265165032503,0.03499115013837808,0.0168607863127762,0.0012667890891539394,0.007540372869893122,40000,10000,sample SD across five independent encoder/split seeds
28,5,0.028456588540077137,0.0018991710753917975,0.02625635213315482,0.0030352410268658816,0.0008493351250954874,0.0013574010528336752,40000,10000,sample SD across five independent encoder/split seeds
29,5,0.027348667787909443,0.002420376017456385,0.025184117917418418,0.0024298489134916257,0.0010824250612285389,0.0010866614691242562,40000,10000,sample SD across five independent encoder/split seeds
30,5,0.025504595829248376,0.0013299337257282543,0.02600343996286386,0.002541133869789992,0.0005947644432595875,0.0011364296145555041,40000,10000,sample SD across five independent encoder/split seeds
31,5,0.028163606600761382,0.004022702602608168,0.02500926017463202,0.00212503618928297,0.0017990072945394371,0.0009503450747767661,40000,10000,sample SD across five independent encoder/split seeds
32,5,0.02392425379037852,0.0008397831375249996,0.02423391384780402,0.001684570078960881,0.00037556243637279073,0.0007533626418837437,40000,10000,sample SD across five independent encoder/split seeds
33,5,0.02534695166110986,0.0013788968026511505,0.02769036454319948,0.007744487967493782,0.0006166613969370169,0.0034634403092490555,40000,10000,sample SD across five independent encoder/split seeds
34,5,0.02354573614835736,0.0014621643545737876,0.02146540237665172,0.0014349148678402112,0.0006538997782208189,0.0006417134372831678,40000,10000,sample SD across five independent encoder/split seeds
35,5,0.02346235738217824,0.001215377635690662,0.02168042021453374,0.0010292845572388047,0.0005435334023474589,0.0004603100476353481,40000,10000,sample SD across five independent encoder/split seeds
36,5,0.0226973804557323,0.002212760992731103,0.02177341656565662,0.002163565938436723,0.0009895767995413327,0.0009675761024295275,40000,10000,sample SD across five independent encoder/split seeds
37,5,0.024548840939998578,0.0033874188820706497,0.02312608565270896,0.004222747807436004,0.0015148997777152632,0.0018884702298530194,40000,10000,sample SD across five independent encoder/split seeds
38,5,0.02180808658897872,0.001671185956784915,0.02060136817276474,0.003079997355378057,0.0007473770804828191,0.0013774166914289824,40000,10000,sample SD across five independent encoder/split seeds
39,5,0.02374454104304308,0.004195775905053735,0.02215426365554328,0.0012795590976640925,0.0018764080284111708,0.0005722362247210407,40000,10000,sample SD across five independent encoder/split seeds
40,5,0.02106629256725308,0.0006908215016701877,0.01914793578803534,0.0010153741150311065,0.0003089447676106048,0.000454089108760649,40000,10000,sample SD across five independent encoder/split seeds
41,5,0.019704981203079182,0.0008058290767278397,0.02196894317328926,0.006235282318798656,0.00036037771876186865,0.002788503024747262,40000,10000,sample SD across five independent encoder/split seeds
42,5,0.02258175868868824,0.004132077740123768,0.018767161574959702,0.0011848585061036865,0.001847921343046091,0.0005298848326733385,40000,10000,sample SD across five independent encoder/split seeds
43,5,0.019335120310187297,0.002214199955927748,0.01776881033062932,0.0016715665765722895,0.0009902203234462966,0.0007475472988264493,40000,10000,sample SD across five independent encoder/split seeds
44,5,0.0187688877061009,0.0018408127245292114,0.021506225984990558,0.010452248663729853,0.0008232364771787822,0.004674387705966258,40000,10000,sample SD across five independent encoder/split seeds
45,5,0.01915065821230408,0.002984778718038652,0.01764214922577138,0.0016233648318167483,0.0013348336222658206,0.0007259908232449525,40000,10000,sample SD across five independent encoder/split seeds
46,5,0.0185005421108007,0.0024505599155670793,0.01805454606413836,0.001984099596527104,0.001095923710828827,0.0008873163143929021,40000,10000,sample SD across five independent encoder/split seeds
47,5,0.018397579000294158,0.0025260181328894526,0.01619886023312802,0.0009704848238927627,0.0011296696515075825,0.0004340140074712259,40000,10000,sample SD across five independent encoder/split seeds
48,5,0.01896071490555998,0.003017239474517223,0.017541741310358,0.002655790889917734,0.0013493505138832509,0.0011877057927761427,40000,10000,sample SD across five independent encoder/split seeds
49,5,0.0165725405210256,0.0012003969970174177,0.017025979240536622,0.0015608187838017206,0.0005368338570635116,0.0006980193802278389,40000,10000,sample SD across five independent encoder/split seeds
50,5,0.01748898351699108,0.001941716777105191,0.017521196490228118,0.003768368999783977,0.0008683621413318028,0.0016852658495639726,40000,10000,sample SD across five independent encoder/split seeds
51,5,0.01692100403279062,0.001956635676967662,0.01858882652729742,0.0057137621441696596,0.0008750340761802023,0.002555272112325662,40000,10000,sample SD across five independent encoder/split seeds
52,5,0.017978478494584522,0.002844848610789482,0.02069848698884242,0.012758888871906803,0.0012722549758842246,0.005705948566989844,40000,10000,sample SD across five independent encoder/split seeds
53,5,0.01647700363874428,0.0017319981499791539,0.01650796379357572,0.002885142835038066,0.0007745731200514528,0.0012902751007883154,40000,10000,sample SD across five independent encoder/split seeds
54,5,0.01560358385503286,0.0011022622457102838,0.015469151933193159,0.0015168804726051633,0.0004929466620879541,0.0006783695700974305,40000,10000,sample SD across five independent encoder/split seeds
55,5,0.01635076193928714,0.0017611428873780819,0.014055706884860941,0.0006053849114929665,0.0007876070428535295,0.0002707363629301934,40000,10000,sample SD across five independent encoder/split seeds
56,5,0.01557382814109318,0.000848678702956566,0.01822229664951558,0.007115072666234301,0.00037954065417344663,0.003181957229310114,40000,10000,sample SD across five independent encoder/split seeds
57,5,0.01584269336491818,0.0018065136410384752,0.01456543641418214,0.0015265891030392033,0.0008078974607285368,0.0006827114016212179,40000,10000,sample SD across five independent encoder/split seeds
58,5,0.01597562134653326,0.001990430040047053,0.01851575145125384,0.0017799311515169028,0.0008901473748005677,0.0007960094100122545,40000,10000,sample SD across five independent encoder/split seeds
59,5,0.01663002057194704,0.003122100122413099,0.013987990567684119,0.0012416878670462996,0.0013962456212552206,0.0005552996955104493,40000,10000,sample SD across five independent encoder/split seeds
60,5,0.01546172659069292,0.002970308972758247,0.013982638029158079,0.001435751920055214,0.0013283625554530022,0.0006420877784138603,40000,10000,sample SD across five independent encoder/split seeds
61,5,0.0144386685144901,0.0021447148863411704,0.0130649789732694,0.0007006149667739277,0.0009591456556429184,0.00031332453835205176,40000,10000,sample SD across five independent encoder/split seeds
62,5,0.014107045291364159,0.0011172821195314909,0.015188103198111019,0.005211443169414948,0.0004996637538634918,0.002330628237537755,40000,10000,sample SD across five independent encoder/split seeds
63,5,0.01442566456884142,0.0019302702503914688,0.01310425420314068,0.0009345179075982866,0.0008632430989641729,0.0004179291135161272,40000,10000,sample SD across five independent encoder/split seeds
64,5,0.01510438160508864,0.0017586780623179042,0.0169936894834041,0.006367806718919022,0.000786504739576089,0.0028477697382165656,40000,10000,sample SD across five independent encoder/split seeds
65,5,0.01576138435989612,0.0029863856428634307,0.01460041123658414,0.0032838727223531696,0.0013355522608944081,0.0014685925273277961,40000,10000,sample SD across five independent encoder/split seeds
66,5,0.013090855933129761,0.0008188245411946633,0.01292529371976848,0.0017603344798189828,0.0003661894671512688,0.0007872455120023955,40000,10000,sample SD across five independent encoder/split seeds
67,5,0.01457801654636856,0.001959029101725698,0.01265268636584278,0.0007864278259048597,0.0008761044482718022,0.0003517012156241273,40000,10000,sample SD across five independent encoder/split seeds
68,5,0.01360733060568568,0.001718272484586514,0.01233805544495578,0.0007427867764261144,0.000768434815880581,0.000332184344975346,40000,10000,sample SD across five independent encoder/split seeds
69,5,0.01313142658859486,0.002095601353406254,0.013075198188126039,0.004203008989926208,0.0009371814159913887,0.001879642762303546,40000,10000,sample SD across five independent encoder/split seeds
70,5,0.01197060819059606,0.001249733076790299,0.0111948200550675,0.000735942150967946,0.0005588976226866147,0.00032912333541434795,40000,10000,sample SD across five independent encoder/split seeds
71,5,0.01281570511400694,0.00220938143210541,0.01219927611678834,0.0018450519718823056,0.0009880654140827065,0.0008251323262297731,40000,10000,sample SD across five independent encoder/split seeds
72,5,0.01208434058815236,0.00224993947407468,0.0135714259409904,0.004470615766522776,0.001006203521858222,0.001999320151045451,40000,10000,sample SD across five independent encoder/split seeds
73,5,0.0120228760555386,0.0014893338436812382,0.01569699388206,0.009093489295089,0.0006660503431324588,0.00406673204329713,40000,10000,sample SD across five independent encoder/split seeds
74,5,0.012422703111171659,0.0020102973698098115,0.01092860767036672,0.0009016750974668488,0.0008990323147767544,0.00040324136231092446,40000,10000,sample SD across five independent encoder/split seeds
75,5,0.01100741347104306,0.0007470920663243587,0.01092505081236358,0.0012624251094953596,0.0003341097291504095,0.0005645736722668478,40000,10000,sample SD across five independent encoder/split seeds
76,5,0.01263361135900016,0.002315709197038692,0.011863713375925958,0.0021917049246987365,0.001035616636139994,0.0009801602396494866,40000,10000,sample SD across five independent encoder/split seeds
77,5,0.012315833908021401,0.0018987889351303967,0.010516998545825421,0.0004839209374665925,0.0008491642267752011,0.00021641602238214514,40000,10000,sample SD across five independent encoder/split seeds
78,5,0.0109998175990581,0.000887163010361532,0.0106642587020993,0.0014030313400320545,0.00039675135965834714,0.0006274546901748592,40000,10000,sample SD across five independent encoder/split seeds
79,5,0.01091274309903378,0.0009601005072941781,0.01074063790827986,0.0021344975783707623,0.00042936999990836295,0.0009545763366091418,40000,10000,sample SD across five independent encoder/split seeds
80,5,0.01114788866668936,0.001256974371063212,0.018222814367413458,0.011913654868427612,0.0005621360279344773,0.0053279484292550906,40000,10000,sample SD across five independent encoder/split seeds
81,5,0.01134827610403294,0.0012304065988456572,0.010879747163951339,0.0010399659591497014,0.0005502545589966407,0.0004650869157889003,40000,10000,sample SD across five independent encoder/split seeds
82,5,0.01175677794903512,0.002242610973837734,0.01120525687366718,0.00205098966431958,0.001002926116917635,0.000917230462113611,40000,10000,sample SD across five independent encoder/split seeds
83,5,0.0114485704761743,0.002827798700368804,0.00991130822658534,0.000714899522669832,0.001264630024142041,0.0003197127859543792,40000,10000,sample SD across five independent encoder/split seeds
84,5,0.010809824165403801,0.0011530688313852228,0.01035156293392178,0.001012093749523405,0.0005156680579427202,0.0004526220847073958,40000,10000,sample SD across five independent encoder/split seeds
85,5,0.010940073297917779,0.0012203281642723634,0.011512159924209061,0.0031959382809660917,0.0005457473460341069,0.0014292670496268006,40000,10000,sample SD across five independent encoder/split seeds
86,5,0.01067027293950316,0.0011785609481961797,0.00979944851189846,0.0008082242129326563,0.0005270684791586532,0.0003614488562357368,40000,10000,sample SD across five independent encoder/split seeds
87,5,0.01179269789069886,0.0024339150967798186,0.01002464775323864,0.0010262233543751095,0.0010884799215725308,0.00045894103609612016,40000,10000,sample SD across five independent encoder/split seeds
88,5,0.01037172716915602,0.0009558437316283234,0.00919692014634604,0.000504456379849859,0.00042746631195759934,0.00022559975140554794,40000,10000,sample SD across five independent encoder/split seeds
89,5,0.010393947542309701,0.0011095336015703916,0.01167480331987138,0.0038484137408679392,0.0004961985112863125,0.0017210629460249944,40000,10000,sample SD across five independent encoder/split seeds
90,5,0.010170595947503979,0.0008201980038415347,0.0106100975272059,0.0020394530423196023,0.00036680369831986105,0.0009120711279090772,40000,10000,sample SD across five independent encoder/split seeds
91,5,0.01011027911514038,0.0007702630034658239,0.0097399946251511,0.0013594688690733504,0.00034447208726054766,0.0006079729609085546,40000,10000,sample SD across five independent encoder/split seeds
92,5,0.00969313862174744,0.0008318031558455837,0.00893618724852796,0.0006310542815605009,0.00037199368007391536,0.0002822160542123144,40000,10000,sample SD across five independent encoder/split seeds
93,5,0.01083808116167782,0.002258375462392707,0.01029026676863426,0.0030439873797668366,0.0010099762105255225,0.0013613125407620228,40000,10000,sample SD across five independent encoder/split seeds
94,5,0.01016667064875358,0.0006948334900016831,0.01086301578938956,0.003424819444108923,0.0003107389833374367,0.0015316258175381188,40000,10000,sample SD across five independent encoder/split seeds
95,5,0.00981516809135672,0.0012617437005379454,0.01094764981985088,0.0030600273192896146,0.0005642689369169967,0.0013684858197876063,40000,10000,sample SD across five independent encoder/split seeds
96,5,0.00969269116103642,0.001020655448307933,0.0086827995730936,0.0007663232764556517,0.00045645099280441215,0.0003427101877790403,40000,10000,sample SD across five independent encoder/split seeds
97,5,0.01054214846059676,0.0020364757244263807,0.0115874853688478,0.003584006158632089,0.0009107396308691032,0.0016028162804958492,40000,10000,sample SD across five independent encoder/split seeds
98,5,0.00951915835201734,0.0013200278092383912,0.00848129088997836,0.000922870564090666,0.0005903343827294335,0.0004127202631480611,40000,10000,sample SD across five independent encoder/split seeds
99,5,0.0087867589835822,0.0010553366947528577,0.00807245696082704,0.000386946091762096,0.00047196091772346705,0.0001730475529615836,40000,10000,sample SD across five independent encoder/split seeds
100,5,0.008839690741598561,0.0009292845511797802,0.00857072983950374,0.0013554640443439391,0.0004155886853756741,0.0006061819488419675,40000,10000,sample SD across five independent encoder/split seeds
101,5,0.00906185508012768,0.0012364692915744634,0.00892118173837656,0.0014546403319021242,0.0005529658776103016,0.0006505349329892011,40000,10000,sample SD across five independent encoder/split seeds
102,5,0.008959792646318621,0.0009866304119169609,0.00830731081098314,0.0009205300388540475,0.0004412345339429886,0.00041167354844163454,40000,10000,sample SD across five independent encoder/split seeds
103,5,0.00887059279397126,0.0015835038735920693,0.008898608054071621,0.0021972784298642887,0.0007081644607972202,0.0009826527869341106,40000,10000,sample SD across five independent encoder/split seeds
104,5,0.00866332200795406,0.0010359565320739556,0.00891086314260954,0.0014815732792153914,0.00046329384549046116,0.0006625797131945782,40000,10000,sample SD across five independent encoder/split seeds
105,5,0.008439757193326899,0.0014198105416964796,0.007658856380581799,0.0007297773212382893,0.0006349585772808256,0.00032636633974530315,40000,10000,sample SD across five independent encoder/split seeds
106,5,0.00756983249410984,0.0006418463543018522,0.007291824775636139,0.00039201181051734025,0.00028704241586587125,0.00017531301125990796,40000,10000,sample SD across five independent encoder/split seeds
107,5,0.00738144721105688,0.0006154077730254089,0.00724140730485316,0.0004272626072972984,0.0002752187228733151,0.0001910776468321114,40000,10000,sample SD across five independent encoder/split seeds
108,5,0.0074832608570158,0.000781010495927568,0.00712306847646828,0.00041469639065076113,0.0003492785120069729,0.00018545786390378202,40000,10000,sample SD across five independent encoder/split seeds
109,5,0.00746747538983816,0.0009710927192215505,0.0072270827609300205,0.0006192714158067499,0.0004342858665269007,0.0002769465964532861,40000,10000,sample SD across five independent encoder/split seeds
110,5,0.0076015871787070794,0.0010934116873086489,0.00842945602804418,0.002024979915675686,0.0004889885720429766,0.0009055985489045251,40000,10000,sample SD across five independent encoder/split seeds
111,5,0.007302542566508,0.0006966720567944106,0.0079096608421206,0.0021084345686700067,0.00031156121540337924,0.0009429206043313166,40000,10000,sample SD across five independent encoder/split seeds
112,5,0.007382471126913979,0.0008611215465590769,0.00745042571082708,0.0010728286887243055,0.0003851052629991692,0.00047978357523990184,40000,10000,sample SD across five independent encoder/split seeds
113,5,0.00732535127356642,0.0008802323730517408,0.00765742855280632,0.0014457120680427787,0.00039365188442792924,0.0006465420920070909,40000,10000,sample SD across five independent encoder/split seeds
114,5,0.00735435182064766,0.0008507377132912234,0.00688643723145122,0.000658553436861657,0.00038046147158838034,0.00029451405032775613,40000,10000,sample SD across five independent encoder/split seeds
115,5,0.007004245782345481,0.0005817264028759691,0.01078703576952212,0.009050959302271282,0.0002601559562274192,0.004047712052292531,40000,10000,sample SD across five independent encoder/split seeds
116,5,0.0074148133040964,0.001068275637433505,0.006672200876921381,0.00031978758205257485,0.0004777473888016472,0.0001430133543659698,40000,10000,sample SD across five independent encoder/split seeds
117,5,0.00700629497855898,0.00043501979869994465,0.00774832537263626,0.0019100660139932581,0.00019454676829027017,0.000854207489760198,40000,10000,sample SD across five independent encoder/split seeds
118,5,0.00737771841749546,0.0007002865544664018,0.007133569374829479,0.0010102460536994267,0.00031317766790319666,0.00045179577001456416,40000,10000,sample SD across five independent encoder/split seeds
119,5,0.00708175126403566,0.0005412709842516,0.00858236054643984,0.0037975223422737716,0.00024206374300695912,0.0016983036206796752,40000,10000,sample SD across five independent encoder/split seeds
120,5,0.00707511128157372,0.0006338816457291068,0.00648852567285294,0.00038909000961604996,0.00028348048990794436,0.0001740063421735069,40000,10000,sample SD across five independent encoder/split seeds
121,5,0.00701680706962936,0.00046850424132697507,0.006568120133727739,0.00044846215721503597,0.0002095214662708165,0.00020055837377380364,40000,10000,sample SD across five independent encoder/split seeds
122,5,0.0069563010516762195,0.0005412538577626076,0.00693436404347416,0.0007938363841401739,0.00024205608380823855,0.00035501442359001296,40000,10000,sample SD across five independent encoder/split seeds
123,5,0.006949616636633819,0.0006342867679997214,0.00760483214735978,0.0017147949838040432,0.0002836616660952031,0.0007668796302522982,40000,10000,sample SD across five independent encoder/split seeds
124,5,0.007183517267852981,0.0006823947724879793,0.00659540547981854,0.0006434848241067828,0.000305176219754725,0.0002877751618384523,40000,10000,sample SD across five independent encoder/split seeds
125,5,0.00691612837597722,0.0008430312187695558,0.0063478670233487605,0.0005957115855004004,0.00037701502246464464,0.0002664103200326147,40000,10000,sample SD across five independent encoder/split seeds
126,5,0.0067584969733654994,0.00022505615776425853,0.00636731446355578,0.0003276496116695327,0.00010064817350315983,0.00014652936089889668,40000,10000,sample SD across five independent encoder/split seeds
127,5,0.00662685845747588,0.0005469642382645062,0.006814828283339699,0.0007939889618495052,0.00024460984360416543,0.00035508265841599615,40000,10000,sample SD across five independent encoder/split seeds
128,5,0.00700800037682052,0.0006976336562652862,0.00733238836407656,0.0017701704480647456,0.00031199125576018036,0.0007916442907268064,40000,10000,sample SD across five independent encoder/split seeds
129,5,0.00654949784904712,0.00045013888472831816,0.006895396789014299,0.001002670677354134,0.00020130822911369227,0.0004484079587219205,40000,10000,sample SD across five independent encoder/split seeds
130,5,0.0066281224042176595,0.0005397591689203542,0.0061753163348138,0.00046433717386194144,0.00024138763863694072,0.0002076578970470879,40000,10000,sample SD across five independent encoder/split seeds
131,5,0.00706002901434892,0.0006400323033666436,0.006649914076924279,0.0005481864873622249,0.0002862311476247165,0.00024515645001775283,40000,10000,sample SD across five independent encoder/split seeds
132,5,0.006610106468051599,0.0006092277142180004,0.00694534847527738,0.0015406805066251058,0.0002724549165536528,0.0006890132688845103,40000,10000,sample SD across five independent encoder/split seeds
133,5,0.00664742903113362,0.0006627530029182517,0.00620964001476758,0.0004066907162687173,0.0002963921533634654,0.0001818776174789863,40000,10000,sample SD across five independent encoder/split seeds
134,5,0.0066382184335589,0.0002938762579852439,0.00646886379629368,0.0007719799505463213,0.00013142545796565415,0.00034523992933770006,40000,10000,sample SD across five independent encoder/split seeds
135,5,0.006305025270283179,0.000528584392474062,0.00704177916675802,0.0012850423068890811,0.00023639012668348613,0.0005746883904334263,40000,10000,sample SD across five independent encoder/split seeds
136,5,0.00631219984322782,0.0005906058357726154,0.00587742118880148,0.000419213449929085,0.000264126959339129,0.00018747795422472768,40000,10000,sample SD across five independent encoder/split seeds
137,5,0.00600943501248952,0.00020539576792373383,0.0062775895424186795,0.0011359158449822779,9.185577987364794e-05,0.0005079970092198974,40000,10000,sample SD across five independent encoder/split seeds
138,5,0.00590261329278346,0.00016285545038568434,0.00569774006023998,0.00016849602669514815,7.28311715137469e-05,7.53537139257941e-05,40000,10000,sample SD across five independent encoder/split seeds
139,5,0.0058621479348838,0.0002190611467059337,0.0056555376914143194,0.00013509457525463683,9.796712305270437e-05,6.041613073216578e-05,40000,10000,sample SD across five independent encoder/split seeds
140,5,0.005928143238276199,0.00032218061035055887,0.006273731809258401,0.0012712529513137162,0.0001440835491552444,0.0005685216031469399,40000,10000,sample SD across five independent encoder/split seeds
141,5,0.00598519242674108,0.00047085216485459526,0.006368606123328161,0.0010682397873380577,0.00021057148959356247,0.0004777313561515632,40000,10000,sample SD across five independent encoder/split seeds
142,5,0.00574173624038692,0.00013538153919208907,0.005512222406119061,0.00022154885992763305,6.0544464906412624e-05,9.907966222715333e-05,40000,10000,sample SD across five independent encoder/split seeds
143,5,0.00591951207339758,0.0003416445593219273,0.00559258401527998,0.00026579091962004506,0.0001527880917573578,0.00011886531281452066,40000,10000,sample SD across five independent encoder/split seeds
144,5,0.0058512354314327,0.00037377899044624294,0.00579886517971748,0.0005058533852908334,0.00016715904623980872,0.00022622451123173915,40000,10000,sample SD across five independent encoder/split seeds
145,5,0.0056858540700375606,0.0002692036259145763,0.00548267222732304,0.00022877618021768413,0.0001203915214668833,0.00010231181811989686,40000,10000,sample SD across five independent encoder/split seeds
146,5,0.00579745442077512,0.00022477269655086664,0.00568047255501144,0.0007389111831118168,0.00010052140579473406,0.0003304511269545634,40000,10000,sample SD across five independent encoder/split seeds
147,5,0.00572035597458476,0.0002465850660958708,0.00557338309526436,0.00023615123334332593,0.00011027619400532916,0.00010561004214521833,40000,10000,sample SD across five independent encoder/split seeds
148,5,0.00577954814940686,0.00035077126803041616,0.00556680436819786,0.00019288488973267276,0.00015686967997396184,8.62607450549615e-05,40000,10000,sample SD across five independent encoder/split seeds
149,5,0.005752141093313659,0.00019153703789465078,0.00555358311966058,0.00020806801389485602,8.565796738827846e-05,9.305084460245377e-05,40000,10000,sample SD across five independent encoder/split seeds
150,5,0.0055615715031325395,0.00017241765205274983,0.00577293511286372,0.0006148748610279432,7.710751810217095e-05,0.00027498039738284345,40000,10000,sample SD across five independent encoder/split seeds
151,5,0.005662273716181459,0.00019586060441488315,0.00528429326370354,0.0003463650110071499,8.759152511717482e-05,0.00015489914192789,40000,10000,sample SD across five independent encoder/split seeds
152,5,0.00569267440080638,0.00030095091999655807,0.005423917227834441,0.00044086266501704884,0.00013458934300068093,0.00019715977754396793,40000,10000,sample SD across five independent encoder/split seeds
153,5,0.0056570431019365205,0.0002891022353696458,0.0063802522091567,0.002271214218100381,0.00012929045014673443,0.001015717876627297,40000,10000,sample SD across five independent encoder/split seeds
154,5,0.00548601745113724,0.00026908248915588173,0.00534728143900626,0.0004040262469836278,0.0001203373474614803,0.00018068603058990222,40000,10000,sample SD across five independent encoder/split seeds
155,5,0.0056478035576641205,0.00022706478679551426,0.006874817761033719,0.0013842442842113614,0.0001015464597142533,0.0006190528633924286,40000,10000,sample SD across five independent encoder/split seeds
156,5,0.0055806413370370605,0.00032035089832359434,0.00514029422149054,0.0002230258941209199,0.00014326527706093607,9.974021199940951e-05,40000,10000,sample SD across five independent encoder/split seeds
157,5,0.00551080201610918,0.0002655907229281815,0.00513033865466708,0.00030550404078256093,0.00011877578213214517,0.00013662556051813486,40000,10000,sample SD across five independent encoder/split seeds
158,5,0.00534826914757484,0.00032887804361498386,0.00509110496729608,0.0003777692601973967,0.0001470787323660489,0.00016894354912223692,40000,10000,sample SD across five independent encoder/split seeds
159,5,0.00540547980278726,0.000198836959133789,0.00507501947283738,0.000308723521033663,8.892259141249997e-05,0.0001380653558568713,40000,10000,sample SD across five independent encoder/split seeds
160,5,0.0054427907685935,0.0002143464067251297,0.00527028668627136,0.0006866970844593627,9.585862723404162e-05,0.00030710027216040986,40000,10000,sample SD across five independent encoder/split seeds
161,5,0.00545187546029682,0.0003556257736660588,0.0050442206625640005,0.00027474123059750854,0.00015904068089365238,0.00012286801356759485,40000,10000,sample SD across five independent encoder/split seeds
162,5,0.0053847926832735,0.0003377004730208873,0.0051681763999163795,0.0003761822989969076,0.00015102424274170755,0.00016823383849784727,40000,10000,sample SD across five independent encoder/split seeds
163,5,0.0054297713278233396,0.0002239990877895435,0.0051507137158512805,0.00022168815899534702,0.00010017543743907247,9.914195866407548e-05,40000,10000,sample SD across five independent encoder/split seeds
164,5,0.0053872732943295995,0.000462811526193565,0.00531588850051158,0.0007451327942071236,0.00020697560666784715,0.00033323351602229797,40000,10000,sample SD across five independent encoder/split seeds
165,5,0.00525453343704338,0.00015829202929919543,0.00547539220184084,0.0007258397310445795,7.079034756187787e-05,0.00032460539587716883,40000,10000,sample SD across five independent encoder/split seeds
166,5,0.00541786792829628,0.00028298282258923467,0.00533498009428378,0.0006972964974179182,0.00012655376555485834,0.0003118404737397943,40000,10000,sample SD across five independent encoder/split seeds
167,5,0.00503382000431412,0.00027395054842931343,0.0049872967359423205,0.00029480660537000764,0.0001225144097522586,0.00013184152196465832,40000,10000,sample SD across five independent encoder/split seeds
168,5,0.00499564602166408,0.0004021240104156871,0.00506752965614194,0.0005839910728765269,0.00017983532453486194,0.00026116874744098957,40000,10000,sample SD across five independent encoder/split seeds
169,5,0.00494451317280528,0.00035248097504227144,0.00484851492062206,0.0003605877893596761,0.00015763428419398513,0.00016125976177292222,40000,10000,sample SD across five independent encoder/split seeds
170,5,0.00500698419556016,0.0003924403058352597,0.0051472486208378795,0.0009313025889990871,0.0001755046401916896,0.0004164911793247013,40000,10000,sample SD across five independent encoder/split seeds
171,5,0.0048373751096427,0.0005472085386625002,0.00470217333957546,0.00048260679152291043,0.00024471909806353446,0.00021582831844965938,40000,10000,sample SD across five independent encoder/split seeds
172,5,0.0047458952064811395,0.0005276683199989767,0.0047732010389864,0.0005016524487314227,0.0002359804466181647,0.00022434579528853783,40000,10000,sample SD across five independent encoder/split seeds
173,5,0.00482390481755134,0.0006281253529256509,0.0053031482730805605,0.0012640565991932024,0.00028090619750656035,0.0005653032966406413,40000,10000,sample SD across five independent encoder/split seeds
174,5,0.00478478611223392,0.0005795242446220367,0.00459192367456848,0.0003888907319329908,0.00025917112111681817,0.00017391722248436312,40000,10000,sample SD across five independent encoder/split seeds
175,5,0.0048507474185525605,0.0007046721148919823,0.00461053985171016,0.0004166243030715442,0.0003151389501494028,0.00018632005254928943,40000,10000,sample SD across five independent encoder/split seeds
176,5,0.00468505158782,0.000517369826000215,0.004742844624593801,0.0006345219400652283,0.00023137482008874375,0.00028376683824017955,40000,10000,sample SD across five independent encoder/split seeds
177,5,0.00472143154524262,0.0005689287374734142,0.00450220129072662,0.0003820358197736243,0.0002544326662687372,0.00017085161257073643,40000,10000,sample SD across five independent encoder/split seeds
178,5,0.00466095814004536,0.000512744927776675,0.00454370215378698,0.00040748558822518825,0.00022930650272537308,0.00018223309502460175,40000,10000,sample SD across five independent encoder/split seeds
179,5,0.00480164650231592,0.0006922602209425664,0.00518328059263524,0.0011053394825158145,0.0003095881824293204,0.0004943228442239603,40000,10000,sample SD across five independent encoder/split seeds
180,5,0.0046868533186614,0.0005169865532337519,0.00455639946825796,0.0003971045984966989,0.00023120341529679657,0.0001775905752832759,40000,10000,sample SD across five independent encoder/split seeds
181,5,0.00468046327367422,0.0005478931757415752,0.00452361338898534,0.00041515221872430853,0.0002450252770732802,0.00018566171641548298,40000,10000,sample SD across five independent encoder/split seeds
182,5,0.0046226966209709395,0.0004697798726003837,0.00516848828300828,0.000893666305853906,0.00021009194591912976,0.0003996597218180904,40000,10000,sample SD across five independent encoder/split seeds
183,5,0.00478806326463814,0.0006430084280091105,0.00450522197544568,0.00023868608763910783,0.0002875621110267302,0.00010674366344890347,40000,10000,sample SD across five independent encoder/split seeds
184,5,0.00463422883868214,0.0005199799913278588,0.00474145167693492,0.0005075305598049695,0.0002325421215097687,0.00022697456647648682,40000,10000,sample SD across five independent encoder/split seeds
185,5,0.0045787930501252,0.0004537452454738866,0.00446628596283492,0.0005684227850465925,0.00020292104266938783,0.00025420639746478633,40000,10000,sample SD across five independent encoder/split seeds
186,5,0.00481771085381502,0.0008671227058170153,0.00461324992835516,0.0005728560826550004,0.0003877890630080797,0.00025618902842816383,40000,10000,sample SD across five independent encoder/split seeds
187,5,0.00454597585663196,0.0004924888220260861,0.00442559510275718,0.00036604178607018215,0.00022024769684182485,0.00016369886325167258,40000,10000,sample SD across five independent encoder/split seeds
188,5,0.0045350978945940205,0.00044346230611716996,0.00435721948742862,0.0003213072471108868,0.00019832237238736255,0.00014369296924065316,40000,10000,sample SD across five independent encoder/split seeds
189,5,0.0044905055327713,0.0004295187816064755,0.00495134933739896,0.001331501699676441,0.0001920866386569931,0.0005954656625266064,40000,10000,sample SD across five independent encoder/split seeds
190,5,0.00464796631842846,0.0005727440253903571,0.004434045386090819,0.00040275192589490965,0.0002561389148959408,0.00018011613687399515,40000,10000,sample SD across five independent encoder/split seeds
191,5,0.00442660085186358,0.0005175729683879231,0.00438016126550728,0.00032854260613207923,0.00023146566812634915,0.00014692872016325368,40000,10000,sample SD across five independent encoder/split seeds
192,5,0.00442013912521296,0.0004471835559817463,0.0042490847431867805,0.0004146459818780955,0.0001999865659190535,0.00018543532041531347,40000,10000,sample SD across five independent encoder/split seeds
193,5,0.0042960517779737,0.0003705087423744861,0.00421703649722036,0.00036474488642860295,0.00016569654684146152,0.00016311887209995932,40000,10000,sample SD across five independent encoder/split seeds
194,5,0.0043008202834427,0.0004817499762995596,0.00446738742172712,0.0004287165041197444,0.00021544513903294557,0.00019172784925756343,40000,10000,sample SD across five independent encoder/split seeds
195,5,0.00433395254857832,0.0003983734837288497,0.0042160662876814,0.0003492304034561886,0.00017815803801022286,0.00015618058438754303,40000,10000,sample SD across five independent encoder/split seeds
196,5,0.0042211782857775205,0.000405656112635288,0.00421970445349808,0.00045070453366096445,0.00018141492866816306,0.00020156119500665173,40000,10000,sample SD across five independent encoder/split seeds
197,5,0.0042732857247441604,0.00039500566909016774,0.00429436356276268,0.00045661602331828266,0.00017665190551668052,0.00020420489355106182,40000,10000,sample SD across five independent encoder/split seeds
198,5,0.0042266930215805,0.0004610846507518345,0.004678624086454459,0.0014372518403311212,0.00020620332449257028,0.0006427585631534121,40000,10000,sample SD across five independent encoder/split seeds
199,5,0.00417644121989602,0.0003657917290392698,0.0041058225410430995,0.00032369518577596935,0.0001635870343477982,0.00014476088787689808,40000,10000,sample SD across five independent encoder/split seeds
200,5,0.0041622546346485,0.0003573250828806028,0.00414212551847096,0.00036845360350990555,0.00015980063507735484,0.00016477746080058078,40000,10000,sample SD across five independent encoder/split seeds
201,5,0.00415087492614978,0.00044152943935753963,0.00409972812920806,0.000346840513814868,0.00019745796809416592,0.00015511179324819994,40000,10000,sample SD across five independent encoder/split seeds
202,5,0.0041036408554017,0.0003811712830834772,0.00404635934539136,0.0002905548153594321,0.00017046498000909414,0.00012994006366671802,40000,10000,sample SD across five independent encoder/split seeds
203,5,0.00411358328379686,0.0004377313279911799,0.00418371179215604,0.00035443061585421613,0.00019575940105390693,0.0001585061900714284,40000,10000,sample SD across five independent encoder/split seeds
204,5,0.00410021583542224,0.0003541009052971535,0.00407667808212334,0.00035752037208895487,0.0001583587390277301,0.0001598879710663843,40000,10000,sample SD across five independent encoder/split seeds
205,5,0.0040649019116908,0.00044848459975012616,0.003970912022069019,0.0003423621349765255,0.00020056841038061345,0.00015310900134589387,40000,10000,sample SD across five independent encoder/split seeds
206,5,0.004110068295747,0.0005212753246760394,0.0041398887342214,0.0007587718566996142,0.00023312141219377952,0.0003393330901988133,40000,10000,sample SD across five independent encoder/split seeds
207,5,0.00402453943811352,0.0004922255681392331,0.00392905446015292,0.00035060190042558297,0.000220129966124556,0.00015679393647844317,40000,10000,sample SD across five independent encoder/split seeds
208,5,0.00399913362883028,0.0003902025535335348,0.00394068781144912,0.00039227713575469043,0.00017450388693899692,0.0001754316683132802,40000,10000,sample SD across five independent encoder/split seeds
209,5,0.00396571114405986,0.00040423397136048845,0.00391202955037352,0.00034580018788835294,0.00018077892775535107,0.00015464654535011132,40000,10000,sample SD across five independent encoder/split seeds
210,5,0.00404371256850654,0.0004412662702894734,0.00403601812764998,0.0004645432149564838,0.00019734027530901168,0.00020775004142579894,40000,10000,sample SD across five independent encoder/split seeds
211,5,0.00396223775573068,0.00042042533148933456,0.0039023277548699995,0.0003880089450494669,0.000188019924134607,0.0001735228754017177,40000,10000,sample SD across five independent encoder/split seeds
212,5,0.0039530282916128,0.0003768361484202753,0.0039031874493508805,0.0003183510624812391,0.0001685262488493871,0.0001423709232834667,40000,10000,sample SD across five independent encoder/split seeds
213,5,0.00398402654774482,0.0004466744120654017,0.00392651639506216,0.0003173309838027139,0.00019975886983759808,0.00014191473022995057,40000,10000,sample SD across five independent encoder/split seeds
214,5,0.0039430911660939,0.0004216119750014806,0.0038497156124561805,0.00036535702626780826,0.00018855060724625052,0.0001633926293583991,40000,10000,sample SD across five independent encoder/split seeds
215,5,0.003945552785173,0.0004132021476305225,0.00395104821577664,0.0005541510323588342,0.0001847896181101504,0.0002478238756312078,40000,10000,sample SD across five independent encoder/split seeds
216,5,0.00400735274337226,0.0004806549078018743,0.00396644853517406,0.0003098451718608179,0.00021495540951277698,0.00013856697335617877,40000,10000,sample SD across five independent encoder/split seeds
217,5,0.00391374971419566,0.0004356073143824737,0.0039003655049949597,0.000316381411263422,0.00019480951329106658,0.00014149006848046582,40000,10000,sample SD across five independent encoder/split seeds
218,5,0.00389543014526362,0.00037356764230456305,0.00383396475717422,0.0003350442524469068,0.00016706452847746583,0.00014983634478837676,40000,10000,sample SD across five independent encoder/split seeds
219,5,0.00389445255666968,0.00037008098015994817,0.00390578879810866,0.0003549162226755313,0.00016550524576347902,0.00015872336004398805,40000,10000,sample SD across five independent encoder/split seeds
220,5,0.00392013840153808,0.0005341395022147153,0.0038993825273215196,0.0005086850468188221,0.00023887444728400059,0.00022749086876490984,40000,10000,sample SD across five independent encoder/split seeds
221,5,0.0038321855924278005,0.00035081174348307364,0.00393034550458188,0.00038164960887268157,0.00015688778114667429,0.00017067889380510456,40000,10000,sample SD across five independent encoder/split seeds
222,5,0.00386710479535156,0.0004186765882314669,0.00382462302789088,0.0003097636411966454,0.00018723786237464967,0.00013853051173471067,40000,10000,sample SD across five independent encoder/split seeds
223,5,0.0038766193115710597,0.00042864714328036364,0.0038190351082384,0.0004043741696430679,0.00019169683014719704,0.00018084162633338633,40000,10000,sample SD across five independent encoder/split seeds
224,5,0.0037922122198342603,0.00037854547837671394,0.00375362930364904,0.0003509178244248512,0.0001692906844451018,0.00015693522198606066,40000,10000,sample SD across five independent encoder/split seeds
225,5,0.0038515674176066396,0.00040565092590821796,0.00371319517031306,0.00030545114676443566,0.00018141260909330118,0.0001366019055941086,40000,10000,sample SD across five independent encoder/split seeds
226,5,0.0038391219037025603,0.0004550321974393316,0.0037378529036044598,0.0004308573983795435,0.00020349658508509024,0.0001926852862770734,40000,10000,sample SD across five independent encoder/split seeds
227,5,0.00381844756022088,0.0004424596774882295,0.00407515026688572,0.0007785262482046542,0.0001978739832332629,0.0003481675226506961,40000,10000,sample SD across five independent encoder/split seeds
228,5,0.00376385779559608,0.00033376612508780425,0.00384060910768802,0.0003295240445227418,0.00014926474885660566,0.0001473676327547036,40000,10000,sample SD across five independent encoder/split seeds
229,5,0.00378635282561176,0.0003784381612294323,0.00369095783337944,0.0003585062867218917,0.00016924269075780719,0.00016032888549423601,40000,10000,sample SD across five independent encoder/split seeds
230,5,0.00381135697133832,0.00043915804123803993,0.0038234742110222,0.00032805530656975445,0.00019639744661478263,0.00014671079317390086,40000,10000,sample SD across five independent encoder/split seeds
231,5,0.00372604746177786,0.0003597132716736963,0.00369714610390358,0.0003399597230753164,0.00016086866557424689,0.00015203461008168225,40000,10000,sample SD across five independent encoder/split seeds
232,5,0.0037385971463471204,0.00042074747612517874,0.0037273127861320804,0.0003512744284407991,0.0001881639915954739,0.00015709470015020245,40000,10000,sample SD across five independent encoder/split seeds
233,5,0.0037035533202439,0.0003611995188372158,0.0036387808213382395,0.0002820962056859649,0.00016153333551204604,0.00012615725842171605,40000,10000,sample SD across five independent encoder/split seeds
234,5,0.0037582204867154002,0.000354244545254955,0.0037162954690307,0.00027805410333002007,0.00015842297676971597,0.0001243495752937351,40000,10000,sample SD across five independent encoder/split seeds
235,5,0.0036999277183412996,0.00039056483900980974,0.00363019406780594,0.0003539186552855965,0.00017466590592943925,0.0001582772343447818,40000,10000,sample SD across five independent encoder/split seeds
236,5,0.0036971941047161403,0.0003953408100931787,0.00361851824395354,0.00026619015624204206,0.0001768017851296365,0.0001190438568596992,40000,10000,sample SD across five independent encoder/split seeds
237,5,0.00369104055881492,0.0003489949911320926,0.00366804514266544,0.0002607772736779313,0.00015607530479565907,0.00011662314218618418,40000,10000,sample SD across five independent encoder/split seeds
238,5,0.0036686796441673802,0.0004150014349457484,0.00393634961239988,0.00041415763742461506,0.00018559428385973002,0.00018521692613643003,40000,10000,sample SD across five independent encoder/split seeds
239,5,0.00365330456167454,0.0003064142517112182,0.0037129225721209804,0.000596182185283112,0.000137032619220203,0.0002666207786534826,40000,10000,sample SD across five independent encoder/split seeds
240,5,0.0036348962900042197,0.000316530544218398,0.0037827174054085805,0.0003411711421705995,0.00014155676276546818,0.0001525763731709411,40000,10000,sample SD across five independent encoder/split seeds
241,5,0.00366484808869654,0.0004206753584849728,0.00360070953592654,0.00023553468632344239,0.00018813173960629842,0.00010533431393566143,40000,10000,sample SD across five independent encoder/split seeds
242,5,0.00358039438746866,0.000404595808760705,0.00356987205363804,0.0003399715120361111,0.00018094074636008825,0.00015203988226522648,40000,10000,sample SD across five independent encoder/split seeds
243,5,0.00353470065064724,0.00038208042190453917,0.00367732337087388,0.0005912676165710728,0.00017087155925006985,0.00026442291670943996,40000,10000,sample SD across five independent encoder/split seeds
244,5,0.0035856862292438204,0.0004451094645973013,0.00349390985772008,0.00032746270146309815,0.00019905900405362033,0.00014644577211344145,40000,10000,sample SD across five independent encoder/split seeds
245,5,0.00353894605495026,0.0004028187273913462,0.0038469433394819202,0.0009103279541284999,0.00018014601141140132,0.0004071110374499272,40000,10000,sample SD across five independent encoder/split seeds
246,5,0.00357461887829002,0.00043857999782224045,0.0035062395364045804,0.00034539022451896207,0.00019613893774044787,0.00015446320415766276,40000,10000,sample SD across five independent encoder/split seeds
247,5,0.00351916556797916,0.0004134543664615923,0.0034870866802334402,0.00038931200780382606,0.0001849024138004459,0.00017410562278125671,40000,10000,sample SD across five independent encoder/split seeds
248,5,0.00349888090528542,0.00036775627175769475,0.0034830560825019397,0.00035373285663066874,0.0001644656045604183,0.0001581941426602725,40000,10000,sample SD across five independent encoder/split seeds
249,5,0.0035298893591015996,0.00046298289428579295,0.0034384220294653802,0.00031175131945430565,0.0002070522448085264,0.00013941942847501602,40000,10000,sample SD across five independent encoder/split seeds
250,5,0.00348804663486774,0.00037072543240703837,0.0034320636045932196,0.0003048425986351869,0.00016579345357002826,0.0001363297545971925,40000,10000,sample SD across five independent encoder/split seeds
251,5,0.00348402280218894,0.00039551894581653943,0.0036508322282135,0.00042427789773746133,0.00017688144984696764,0.00018974284413833355,40000,10000,sample SD across five independent encoder/split seeds
252,5,0.00347148040272292,0.0003601525421727037,0.0034103530725836397,0.0003000794443390459,0.00016106511331350504,0.0001341996072384942,40000,10000,sample SD across five independent encoder/split seeds
253,5,0.00352549095533784,0.00046472340116310756,0.0034803347691893,0.00029177371645571344,0.00020783062314712266,0.00013048517280854485,40000,10000,sample SD across five independent encoder/split seeds
254,5,0.0034392705270647403,0.00035134572281678394,0.0034114451374858005,0.0003086847068030904,0.00015712658396442556,0.00013804799760526036,40000,10000,sample SD across five independent encoder/split seeds
255,5,0.00351317966632538,0.0004565717874400388,0.00337852874130004,0.00024510827678385697,0.00020418511066490227,0.00010961575374730753,40000,10000,sample SD across five independent encoder/split seeds
256,5,0.0034788033666461396,0.0004455436527579479,0.00343221294909712,0.0003921696329772332,0.00019925317890206662,0.00017538359160964732,40000,10000,sample SD across five independent encoder/split seeds
257,5,0.00345511719755824,0.0003426854756380406,0.0033812113031744598,0.00025386016094661445,0.00015325360368570137,0.00011352971533113344,40000,10000,sample SD across five independent encoder/split seeds
258,5,0.0034318188874423,0.00037128154704184644,0.0033730025447159797,0.00032350209683723705,0.0001660421555953709,0.00014467453587835636,40000,10000,sample SD across five independent encoder/split seeds
259,5,0.0034012619388848002,0.00032359945196248154,0.00338423175290222,0.00026862627108445756,0.0001447180744139573,0.00012013332053742665,40000,10000,sample SD across five independent encoder/split seeds
260,5,0.00341029317103324,0.00036685083297999666,0.0034019737049936797,0.00025479570209153225,0.00016406068002913885,0.00011394810205029028,40000,10000,sample SD across five independent encoder/split seeds
261,5,0.00337597933553154,0.0003200024375357011,0.0033668235564231403,0.00022441648638737521,0.0001431094406590916,0.00010036210376676543,40000,10000,sample SD across five independent encoder/split seeds
262,5,0.0034451932646333795,0.000390637893496769,0.0033310011851787,0.00028228170954909293,0.0001746985768892197,0.00012624021827132466,40000,10000,sample SD across five independent encoder/split seeds
263,5,0.0034202766857295798,0.0004345481087633455,0.0033847972311079,0.00035660877425269143,0.0001943358221377625,0.00015948029212037895,40000,10000,sample SD across five independent encoder/split seeds
264,5,0.00339076825328168,0.0003288997333847306,0.00337539465993638,0.0002475838870488863,0.00014708843232596292,0.0001107228803149879,40000,10000,sample SD across five independent encoder/split seeds
265,5,0.0033668756537884002,0.000393383254824598,0.0033076417868584,0.0003239789604360982,0.00017592633979958465,0.00014488779576296608,40000,10000,sample SD across five independent encoder/split seeds
266,5,0.00329832031898196,0.00032315039374950915,0.0038568219543248005,0.0015473731210152834,0.00014451724947594512,0.0006920062970292364,40000,10000,sample SD across five independent encoder/split seeds
267,5,0.00335258046649392,0.0004288096236984376,0.0032974203524738,0.0003102144914505336,0.00019176949359916225,0.00013873213809778408,40000,10000,sample SD across five independent encoder/split seeds
268,5,0.00332036677069956,0.0003609157345543086,0.0032699441556632,0.00029038097780022975,0.00016140642332254076,0.0001298623211468342,40000,10000,sample SD across five independent encoder/split seeds
269,5,0.00329481787666674,0.0003630423442910263,0.00339999222114674,0.00027902569393774095,0.0001623574721091235,0.00012478408382276794,40000,10000,sample SD across five independent encoder/split seeds
270,5,0.0033017920193820598,0.0003325272782904034,0.0033829378943144597,0.0005481980944795201,0.0001487107197260664,0.0002451616408784118,40000,10000,sample SD across five independent encoder/split seeds
271,5,0.00323040952473872,0.0002550094199911069,0.0032374510318785403,0.0001769353813887737,0.00011404367960058176,7.912790808202982e-05,40000,10000,sample SD across five independent encoder/split seeds
272,5,0.00320651763878756,0.00023656202155050569,0.0031927207852899403,0.00020400220871966007,0.00010579375221634018,9.123256125145205e-05,40000,10000,sample SD across five independent encoder/split seeds
273,5,0.0032005104795843004,0.00022660696470744792,0.0032339621473848404,0.00017969834933931588,0.00010134171545214985,8.036354491344294e-05,40000,10000,sample SD across five independent encoder/split seeds
274,5,0.0031920392803847205,0.00022955556536890362,0.0031888710211962004,0.0001932332748688408,0.00010266036975565301,8.641654762432595e-05,40000,10000,sample SD across five independent encoder/split seeds
275,5,0.00318810395441946,0.0002209464205809437,0.00320710759639738,0.00019050319199590714,9.881024316084974e-05,8.519561744670844e-05,40000,10000,sample SD across five independent encoder/split seeds
276,5,0.0031824037215113198,0.00022522012897687423,0.00324988178603348,0.00024472492304349817,0.00010072150365871218,0.00010944431274273333,40000,10000,sample SD across five independent encoder/split seeds
277,5,0.00318750909045332,0.0002713050193264962,0.0031624920332431403,0.00022213877648506728,0.00012133129317018794,9.934348093184844e-05,40000,10000,sample SD across five independent encoder/split seeds
278,5,0.0031463895117491,0.00023530318644521278,0.0031780452459305,0.00020947301909101672,0.00010523078404276057,9.367918202792491e-05,40000,10000,sample SD across five independent encoder/split seeds
279,5,0.0031477650669216603,0.0002409215059684217,0.0031521701329201,0.00022734145606858217,0.00010774337291740244,0.00010167018997462636,40000,10000,sample SD across five independent encoder/split seeds
280,5,0.00314620145380492,0.0002423981788474009,0.0031486605493724,0.00022443780610565683,0.000108403761104988,0.0001003716382346332,40000,10000,sample SD across five independent encoder/split seeds
281,5,0.00313502821266646,0.000247186445758382,0.0031874884455650398,0.00021909422951347875,0.00011054513916646135,9.798191813401583e-05,40000,10000,sample SD across five independent encoder/split seeds
282,5,0.0031381323120742597,0.0002496074529401551,0.0031273515616356802,0.00021471410474272338,0.00011162784649295331,9.602306678654789e-05,40000,10000,sample SD across five independent encoder/split seeds
283,5,0.0031225267951189802,0.0002526630965243961,0.00311499934233722,0.00022394674958653844,0.00011299437184682809,0.00010015203108312457,40000,10000,sample SD across five independent encoder/split seeds
284,5,0.00312257665805512,0.000259980602478112,0.00315434498198324,0.00026701338645835585,0.00011626685999448173,0.00011941201660466109,40000,10000,sample SD across five independent encoder/split seeds
285,5,0.0031190300979465,0.00025361266302460013,0.0031508508613705202,0.0002711312044811987,0.00011341903089555065,0.00012125356080827117,40000,10000,sample SD across five independent encoder/split seeds
286,5,0.00311008878879242,0.00025590811188189004,0.00309466178901488,0.00020777020059768755,0.00011444558683230555,9.291765844703936e-05,40000,10000,sample SD across five independent encoder/split seeds
287,5,0.0031091075236349603,0.0002552910049517399,0.0031141503748297198,0.00023233863932297657,0.00011416960822326517,0.00010390499826519625,40000,10000,sample SD across five independent encoder/split seeds
288,5,0.0031070584172755,0.00025077920126067216,0.0031008457927405196,0.0002365425351018944,0.00011215186827239278,0.00010578503761159319,40000,10000,sample SD across five independent encoder/split seeds
289,5,0.00309681604459878,0.00025583762502241265,0.00310454789608712,0.00020587335933645122,0.00011441406415044316,9.206936524650917e-05,40000,10000,sample SD across five independent encoder/split seeds
290,5,0.00308959265246982,0.0002535367550302118,0.0031813508457690003,0.00035920037961509565,0.00011338508380845307,0.0001606392932726167,40000,10000,sample SD across five independent encoder/split seeds
291,5,0.00309454988673324,0.0002573929746983836,0.0030863778030126602,0.00020400301080246048,0.00011510963767129382,9.12329199537851e-05,40000,10000,sample SD across five independent encoder/split seeds
292,5,0.00308711408331986,0.00025005425623287296,0.0030724681756645,0.00021022602659736975,0.00011182766299997088,9.401593722227951e-05,40000,10000,sample SD across five independent encoder/split seeds
293,5,0.0030740068454295,0.00024682312188657865,0.0030788751585781,0.00019642407316071216,0.0001103826557914212,8.784351600094887e-05,40000,10000,sample SD across five independent encoder/split seeds
294,5,0.00307720097519452,0.0002480811073739902,0.0030852507925033202,0.00022330623945670066,0.00011094524400433329,9.986558624500567e-05,40000,10000,sample SD across five independent encoder/split seeds
295,5,0.00307648833155626,0.00024944172846911775,0.0031194512041658002,0.00024749400178018896,0.00011155373225639836,0.00011068268240079129,40000,10000,sample SD across five independent encoder/split seeds
296,5,0.00305260710917408,0.0002440146174342529,0.00303437225498254,0.00020072259418068737,0.00010912665441731896,8.976587304162412e-05,40000,10000,sample SD across five independent encoder/split seeds
297,5,0.0030588360959291,0.00023903834359270356,0.00308974289812144,0.00022655050504019936,0.00010690119710044729,0.0001013164659213589,40000,10000,sample SD across five independent encoder/split seeds
298,5,0.00304720754913982,0.0002435243598735765,0.0030244064605235597,0.00019484700112692866,0.00010890740457088782,8.713822794635811e-05,40000,10000,sample SD across five independent encoder/split seeds
299,5,0.0030531174923479005,0.0002541925940441041,0.0030459893111884203,0.00021604000211337376,0.00011367838393192498,9.661602611694038e-05,40000,10000,sample SD across five independent encoder/split seeds
300,5,0.00303209114544088,0.00022829157034332944,0.00302475291341538,0.00019039051171625872,0.00010209509399557192,8.514522529370493e-05,40000,10000,sample SD across five independent encoder/split seeds
301,5,0.0030450310620665,0.0002634991936789638,0.00303678176954382,0.0001868008447880631,0.0001178404218165092,8.353987744009928e-05,40000,10000,sample SD across five independent encoder/split seeds
302,5,0.0030312663816660203,0.00022678405035627395,0.0030286525883525,0.00020999968295123072,0.00010142091056187278,9.391471326647111e-05,40000,10000,sample SD across five independent encoder/split seeds
303,5,0.0030208788609504,0.00024227202363308694,0.00300785282783204,0.0002062680204832509,0.00010834734277800358,9.22458630769736e-05,40000,10000,sample SD across five independent encoder/split seeds
304,5,0.0030020745498686397,0.00022923179998865078,0.00300526802875098,0.0001923057329827134,0.00010251557747585173,8.600173828245411e-05,40000,10000,sample SD across five independent encoder/split seeds
305,5,0.00301169781520958,0.0002444468524196109,0.0029999278328567197,0.00019727841999450587,0.00010931995577922179,8.822559152029376e-05,40000,10000,sample SD across five independent encoder/split seeds
306,5,0.00301243534944946,0.00024110352699216713,0.00301791680127374,0.00024190906338748984,0.00010782477519388822,0.00010818502202154656,40000,10000,sample SD across five independent encoder/split seeds
307,5,0.00299272631086406,0.00023089830539034525,0.00300746729135508,0.0001764130515827693,0.00010326086134846362,7.88943150914498e-05,40000,10000,sample SD across five independent encoder/split seeds
308,5,0.00299388781450682,0.00023921859855181133,0.00301231106005602,0.0002450123425433462,0.00010698180956881658,0.00010957285065067715,40000,10000,sample SD across five independent encoder/split seeds
309,5,0.00298366430282586,0.0002252209074587435,0.00300426942691204,0.00022339771136666562,0.00010072185180638797,9.990649372674836e-05,40000,10000,sample SD across five independent encoder/split seeds
310,5,0.00297758188389236,0.00023118240220139697,0.0029714176110922598,0.000196322739706287,0.00010338791330480413,8.779819830245096e-05,40000,10000,sample SD across five independent encoder/split seeds
311,5,0.00297467678643758,0.0002313775251344147,0.00296383046045894,0.0002058037152510227,0.00010347517493324348,9.203821946465938e-05,40000,10000,sample SD across five independent encoder/split seeds
312,5,0.0029702249200641803,0.00023293158151981038,0.00296423410005862,0.00017714365434585159,0.00010417017007696595,7.922105058001004e-05,40000,10000,sample SD across five independent encoder/split seeds
313,5,0.0029620721601694403,0.00022716790238257788,0.00300641220822926,0.00027881245877634105,0.00010159257440669612,0.00012468872215955128,40000,10000,sample SD across five independent encoder/split seeds
314,5,0.00295598664171988,0.00022977325809227591,0.00298206266045566,0.0002351764194935107,0.00010275772490118651,0.00010517409213849931,40000,10000,sample SD across five independent encoder/split seeds
315,5,0.00295569845132522,0.0002256595767383668,0.0029535520906745797,0.00017927209632011542,0.00010091803067216369,8.017291876813359e-05,40000,10000,sample SD across five independent encoder/split seeds
316,5,0.00294727320782836,0.0002344304290124437,0.0029497328298538203,0.00021777779721794078,0.0001048404750532526,9.739319171389603e-05,40000,10000,sample SD across five independent encoder/split seeds
317,5,0.00293822067335242,0.00022383560238444224,0.00308790081739422,0.00043758029195835167,0.00010010232454324537,0.00019569185568661578,40000,10000,sample SD across five independent encoder/split seeds
318,5,0.00293634910792108,0.00022522822490677626,0.0029423434029519,0.00024157642242472011,0.00010072512426863258,0.00010803626046057575,40000,10000,sample SD across five independent encoder/split seeds
319,5,0.00290822672292586,0.00020299461778717573,0.00292827950246628,0.0001741336114266248,9.078195288774257e-05,7.787491846349343e-05,40000,10000,sample SD across five independent encoder/split seeds
320,5,0.00290139653436836,0.00020667346564583948,0.00289912125416094,0.00018338487261310399,9.242718366591291e-05,8.2012208241608e-05,40000,10000,sample SD across five independent encoder/split seeds
321,5,0.002900191046223,0.00020888439123022216,0.00292759508728974,0.00022690633096941954,9.341593964588753e-05,0.00010147559611453756,40000,10000,sample SD across five independent encoder/split seeds
322,5,0.0028907603951543203,0.00020521159571149715,0.00291187109969552,0.0001917035799566034,9.177341555642238e-05,8.573244726260628e-05,40000,10000,sample SD across five independent encoder/split seeds
323,5,0.00289112465195352,0.00020765758610390617,0.0028896166542917,0.00019765345852525607,9.286729571436997e-05,8.839331385008158e-05,40000,10000,sample SD across five independent encoder/split seeds
324,5,0.00288531651042398,0.0002069864460314101,0.0029390332924574,0.00016664538755094404,9.25671527494649e-05,7.452608294014161e-05,40000,10000,sample SD across five independent encoder/split seeds
325,5,0.00288110875904556,0.0002102271177738898,0.00288263880632812,0.00018058316708236845,9.401642521125437e-05,8.075924743767565e-05,40000,10000,sample SD across five independent encoder/split seeds
326,5,0.00287364897310728,0.00019733499795200225,0.00286139393627638,0.00016649164914477418,8.825089395209176e-05,7.445732903475195e-05,40000,10000,sample SD across five independent encoder/split seeds
327,5,0.002879799279049,0.00022015602624688913,0.00287632574751966,0.00018143711172371324,9.845676806885439e-05,8.114114309108937e-05,40000,10000,sample SD across five independent encoder/split seeds
328,5,0.00286158262051638,0.00020009793320460058,0.0028711657551675597,0.00018138466627652057,8.948651616053984e-05,8.111768877408272e-05,40000,10000,sample SD across five independent encoder/split seeds
329,5,0.0028602352263778002,0.00020222705270432162,0.0028640545084327,0.0001560736681397179,9.043868734725916e-05,6.979826629163047e-05,40000,10000,sample SD across five independent encoder/split seeds
330,5,0.00285739025205368,0.00020787761717087512,0.0028575976853072,0.00018728998450007786,9.296569659895085e-05,8.37586273694112e-05,40000,10000,sample SD across five independent encoder/split seeds
331,5,0.0028556995852291,0.00020850198692554727,0.00288457463145252,0.0001605566300116476,9.324492324185921e-05,7.180310778886537e-05,40000,10000,sample SD across five independent encoder/split seeds
332,5,0.00284736307293172,0.00020323136588112914,0.0028609524542092804,0.00019905414269023736,9.088782985406723e-05,8.901971885166272e-05,40000,10000,sample SD across five independent encoder/split seeds
333,5,0.00284571201942856,0.00020355106995475686,0.00290107127763324,0.00018656975359275746,9.103080586233028e-05,8.343653031575826e-05,40000,10000,sample SD across five independent encoder/split seeds
334,5,0.0028468063711374397,0.00020857094082125905,0.00283504301726812,0.00017738930557056664,9.32757603614842e-05,7.933090914745383e-05,40000,10000,sample SD across five independent encoder/split seeds
335,5,0.0028357376145571,0.00020186757734150243,0.00285559811174864,0.0001679965219163707,9.027792507775914e-05,7.513032859770762e-05,40000,10000,sample SD across five independent encoder/split seeds
336,5,0.00283391799151892,0.00019838558762656273,0.00285308088630432,0.00019098603561168944,8.872073193784709e-05,8.541155167618664e-05,40000,10000,sample SD across five independent encoder/split seeds
337,5,0.00282283578865224,0.00020940208922793298,0.00282697240054604,0.00018071695554727974,9.364746122882692e-05,8.081907945810504e-05,40000,10000,sample SD across five independent encoder/split seeds
338,5,0.00282673276782032,0.000215722869797605,0.00286345126464956,0.00016590288875858967,9.647420023375622e-05,7.419402738555844e-05,40000,10000,sample SD across five independent encoder/split seeds
339,5,0.0028183954579383,0.00018948925280869028,0.0028020087911187997,0.00018293238332060753,8.474217005717488e-05,8.180984887818543e-05,40000,10000,sample SD across five independent encoder/split seeds
340,5,0.0028069393930583797,0.00020261800504832214,0.00279878013133996,0.00017794152716875492,9.061352655068877e-05,7.957787015389234e-05,40000,10000,sample SD across five independent encoder/split seeds
341,5,0.00281537456005806,0.00021715809090802645,0.00280488997817034,0.00017553415249708476,9.711605062688524e-05,7.850125947125919e-05,40000,10000,sample SD across five independent encoder/split seeds
342,5,0.00279947987005112,0.00019368979054013992,0.00283461754217736,0.00021723825882765852,8.662070763908971e-05,9.715190281046764e-05,40000,10000,sample SD across five independent encoder/split seeds
343,5,0.00279352064423258,0.00020061823095771807,0.0028462672786414,0.00019592202760305448,8.971920038944207e-05,8.7618994402004e-05,40000,10000,sample SD across five independent encoder/split seeds
344,5,0.0028012063386290602,0.00020732125222818346,0.00277541821554298,0.00016774415902226237,9.271688263251959e-05,7.501746848046267e-05,40000,10000,sample SD across five independent encoder/split seeds
345,5,0.00278389093026514,0.00019545380656523864,0.00278686529822642,0.00016913307846174767,8.740959958819366e-05,7.563861213685467e-05,40000,10000,sample SD across five independent encoder/split seeds
346,5,0.00277974494643504,0.0002023342226774179,0.00279928827665742,0.000212341946897385,9.048661521625718e-05,9.496220554744068e-05,40000,10000,sample SD across five independent encoder/split seeds
347,5,0.00278351447552436,0.00020331972931057722,0.0027958467956631797,0.00016043637293791535,9.092734718106141e-05,7.174932719053727e-05,40000,10000,sample SD across five independent encoder/split seeds
348,5,0.00277440886348482,0.00020026239062058022,0.00278154908068474,0.00018831619299729973,8.956006375284673e-05,8.421756176118641e-05,40000,10000,sample SD across five independent encoder/split seeds
349,5,0.0027745699974149,0.00019961792668296533,0.00280345396287732,0.00017455980072116046,8.927185071813592e-05,7.806551611026632e-05,40000,10000,sample SD across five independent encoder/split seeds
350,5,0.002766031076014,0.00019746935852746927,0.00281145956791932,0.00013714114889498742,8.831098182813981e-05,6.13313862883224e-05,40000,10000,sample SD across five independent encoder/split seeds
351,5,0.0027490777274966,0.00020841692932553407,0.00273861145325002,0.00016610609599477432,9.320688432673271e-05,7.428490442428419e-05,40000,10000,sample SD across five independent encoder/split seeds
352,5,0.00274158355914052,0.00020792854715838616,0.00274402816981072,0.0001726443886035411,9.298847318178443e-05,7.720891777028158e-05,40000,10000,sample SD across five independent encoder/split seeds
353,5,0.00273642070062452,0.0002106483868298737,0.00274807992763812,0.00020508123598642292,9.420482246045381e-05,9.171511691506355e-05,40000,10000,sample SD across five independent encoder/split seeds
354,5,0.00273219858504824,0.00020637252876721767,0.00272971715047952,0.00017575717745439012,9.22926006024059e-05,7.860099926430195e-05,40000,10000,sample SD across five independent encoder/split seeds
355,5,0.00272754905141884,0.00020581691687005042,0.0027478045161067797,0.00020448499070822206,9.204412340817119e-05,9.144846792039947e-05,40000,10000,sample SD across five independent encoder/split seeds
356,5,0.0027231860311329,0.00020554611998122884,0.0027147475519030797,0.00016594129410175281,9.19230193578711e-05,7.421120277716084e-05,40000,10000,sample SD across five independent encoder/split seeds
357,5,0.0027237766795605,0.0002128654077251534,0.00276856674134726,0.0002335369619132568,9.519630434633038e-05,0.00010444090441936431,40000,10000,sample SD across five independent encoder/split seeds
358,5,0.00271159081406884,0.00019990256122929997,0.00271991291441016,0.00018804952482352635,8.939914315700573e-05,8.40983041283878e-05,40000,10000,sample SD across five independent encoder/split seeds
359,5,0.00271351993292566,0.00020565083400695894,0.0027075705597549003,0.00016280941029873583,9.196984889381712e-05,7.281058176092553e-05,40000,10000,sample SD across five independent encoder/split seeds
360,5,0.00270567880362266,0.00020151652103018666,0.0027335167777538,0.0002137392346772869,9.012092792255266e-05,9.558709163943876e-05,40000,10000,sample SD across five independent encoder/split seeds
361,5,0.0027008673842996,0.0002004198097143189,0.00272078248813742,0.00021195289288416288,8.963046371175795e-05,9.478821530334392e-05,40000,10000,sample SD across five independent encoder/split seeds
362,5,0.0027033238495885797,0.00020723477493527907,0.00270444657713172,0.00017983703609374962,9.267820881143071e-05,8.042556751554147e-05,40000,10000,sample SD across five independent encoder/split seeds
363,5,0.0026972741854935202,0.00020320619695248676,0.00269220135390752,0.0001499707241789413,9.087657396699419e-05,6.70689467797968e-05,40000,10000,sample SD across five independent encoder/split seeds
364,5,0.00269530545979732,0.00020558439281641896,0.00270943836055692,0.00019597433157186287,9.194013549010644e-05,8.764238544795372e-05,40000,10000,sample SD across five independent encoder/split seeds
365,5,0.00268881749935444,0.00019368037261309942,0.0026848246440291,0.00016336178117160944,8.661649581407578e-05,7.305760952503278e-05,40000,10000,sample SD across five independent encoder/split seeds
366,5,0.00268812674283976,0.00020936921804339036,0.00268004545092578,0.00016007435277995107,9.363276078819927e-05,7.15874268540506e-05,40000,10000,sample SD across five independent encoder/split seeds
367,5,0.0026825398146360603,0.0001929873721908612,0.002696406295523,0.00018032878171824504,8.630657660356363e-05,8.064548284434344e-05,40000,10000,sample SD across five independent encoder/split seeds
368,5,0.00267304397568102,0.00019182273292170986,0.00270097443655128,0.00020011001922697915,8.578573408854602e-05,8.949192119406305e-05,40000,10000,sample SD across five independent encoder/split seeds
369,5,0.0026734006478637,0.00019893961253838132,0.00270373232379552,0.0002151780795800939,8.896849941065802e-05,9.623056264178987e-05,40000,10000,sample SD across five independent encoder/split seeds
370,5,0.00266998339317732,0.000197909533082611,0.00266083130843934,0.00014700330323996432,8.850783387359234e-05,6.574187579231506e-05,40000,10000,sample SD across five independent encoder/split seeds
371,5,0.00266835922464726,0.0001981103499698372,0.00265550937078888,0.00016294972761186015,8.859764191576587e-05,7.287333357103876e-05,40000,10000,sample SD across five independent encoder/split seeds
372,5,0.00266055163569744,0.0001937718329035883,0.0026997405060379997,0.00019155537432548767,8.665739809943077e-05,8.566616768944167e-05,40000,10000,sample SD across five independent encoder/split seeds
373,5,0.00265425822712476,0.00019121658255979388,0.00269765779748554,0.00018217489964745338,8.551465540577996e-05,8.147109188118164e-05,40000,10000,sample SD across five independent encoder/split seeds
374,5,0.00265933259874578,0.00020243316958977662,0.0027127257669716403,0.00015982457626981912,9.053086562069675e-05,7.147572340288306e-05,40000,10000,sample SD across five independent encoder/split seeds
375,5,0.0026468156286328396,0.00019070416049302396,0.0026483942732214603,0.00017197819794506137,8.528549329088627e-05,7.691098825061437e-05,40000,10000,sample SD across five independent encoder/split seeds
376,5,0.0026476112081855003,0.0001965411456530596,0.00263904022388158,0.00014403131523545921,8.78958724111857e-05,6.441276235103758e-05,40000,10000,sample SD across five independent encoder/split seeds
377,5,0.0026488434325158397,0.00020360683331907745,0.00267955549366766,0.0001649006001939738,9.105574399698526e-05,7.374579031284809e-05,40000,10000,sample SD across five independent encoder/split seeds
378,5,0.00263663901552552,0.0001917860001017368,0.00263674409493798,0.0001685972603627247,8.576930667205301e-05,7.539898699825664e-05,40000,10000,sample SD across five independent encoder/split seeds
379,5,0.0026425676910578804,0.00020960554383498176,0.0026323369120061,0.00016734880810649472,9.373844889516623e-05,7.4840662175938e-05,40000,10000,sample SD across five independent encoder/split seeds
380,5,0.00262708899766202,0.0001901253533954303,0.0026153583324700002,0.00015444117374327815,8.502664288767052e-05,6.906819260296512e-05,40000,10000,sample SD across five independent encoder/split seeds
381,5,0.00262156452774994,0.0001866507134064096,0.0026257293992489,0.00017274900337932987,8.347273664511263e-05,7.725570292030449e-05,40000,10000,sample SD across five independent encoder/split seeds
382,5,0.00262939485333854,0.000201869496361198,0.0026256301771848804,0.00014546282513018565,9.027878328945702e-05,6.505295303805196e-05,40000,10000,sample SD across five independent encoder/split seeds
383,5,0.00262122636824842,0.000196757767814059,0.00262185373902314,0.00018080869927698692,8.799274878667122e-05,8.086010850133196e-05,40000,10000,sample SD across five independent encoder/split seeds
384,5,0.00260923660095776,0.00018801859144276055,0.00266217512995002,0.0002214784324071488,8.408447029995457e-05,9.904816608249542e-05,40000,10000,sample SD across five independent encoder/split seeds
385,5,0.00260772623784836,0.00018225874260577635,0.0026107587644457,0.00013057943943182637,8.150858759203061e-05,5.8396900606676056e-05,40000,10000,sample SD across five independent encoder/split seeds
386,5,0.00261206473499532,0.00019535191532862197,0.0025949635483324,0.00015179411425325165,8.736403244191638e-05,6.788439161092808e-05,40000,10000,sample SD across five independent encoder/split seeds
387,5,0.00260293401166794,0.0001960213720594887,0.00270259862489994,0.0003639223017851334,8.766342259355893e-05,0.00016275100106395027,40000,10000,sample SD across five independent encoder/split seeds
388,5,0.00259492301851504,0.00018533210438297424,0.00260460098743432,0.00016990290441827962,8.288303676268342e-05,7.598288877078451e-05,40000,10000,sample SD across five independent encoder/split seeds
389,5,0.00260705119818444,0.00020680110254049395,0.00261074735544616,0.0001374944078486013,9.248426462048978e-05,6.148936849511061e-05,40000,10000,sample SD across five independent encoder/split seeds
390,5,0.0025855359666049,0.00018282219193636856,0.00259311563186344,0.0001484667630143178,8.17605697930468e-05,6.639635489987324e-05,40000,10000,sample SD across five independent encoder/split seeds
391,5,0.00258920699253672,0.0001890502314971341,0.0025933536329119803,0.00016944199825490728,8.454583375793274e-05,7.577676526827468e-05,40000,10000,sample SD across five independent encoder/split seeds
392,5,0.00257995770685372,0.00018943786689177005,0.0025975564022362,0.00017231946357616009,8.471918957651092e-05,7.70636068805186e-05,40000,10000,sample SD across five independent encoder/split seeds
393,5,0.00256495131157332,0.0001684668890139047,0.00256573040425772,0.00014805211216428762,7.534068315860069e-05,6.621091740235412e-05,40000,10000,sample SD across five independent encoder/split seeds
394,5,0.00255328155532474,0.00016324239574470114,0.0025557612524926,0.00013909056474020666,7.300421873901482e-05,6.220319155758749e-05,40000,10000,sample SD across five independent encoder/split seeds
395,5,0.00255228754330422,0.00016396664866078295,0.0025557411072402803,0.00015624096092040608,7.33281144896671e-05,6.987308189758321e-05,40000,10000,sample SD across five independent encoder/split seeds
396,5,0.00254734158679838,0.00016240595638342326,0.00255037796966726,0.00014123703981966615,7.263015168484006e-05,6.316312439552363e-05,40000,10000,sample SD across five independent encoder/split seeds
397,5,0.0025435639713704003,0.00016726473232123583,0.00256105628900224,0.0001394250302208304,7.48030623417179e-05,6.235276906774786e-05,40000,10000,sample SD across five independent encoder/split seeds
398,5,0.0025387848920002,0.00016606258846749652,0.0025906858952343204,0.00010451943357957796,7.426544726657897e-05,4.674251169074209e-05,40000,10000,sample SD across five independent encoder/split seeds
399,5,0.00254337541453536,0.00015895108893870783,0.0025340721470862,0.00014273159490088607,7.108508799291311e-05,6.383150974706871e-05,40000,10000,sample SD across five independent encoder/split seeds
400,5,0.00253106835283332,0.00016667366790138282,0.00253575824856756,0.00014370058694173853,7.453873029734333e-05,6.42648561616692e-05,40000,10000,sample SD across five independent encoder/split seeds
401,5,0.0025306236391514003,0.00016643431178025054,0.0025310681029408603,0.00014008579412387421,7.443168698580684e-05,6.264827166860466e-05,40000,10000,sample SD across five independent encoder/split seeds
402,5,0.00252963603321456,0.00016431503919395426,0.0025242817780375,0.00014745903419318728,7.348391947264479e-05,6.594568487048651e-05,40000,10000,sample SD across five independent encoder/split seeds
403,5,0.00252405311964448,0.00016851418512807293,0.0025325892049819,0.0001451954717911994,7.536183462387103e-05,6.493338899005501e-05,40000,10000,sample SD across five independent encoder/split seeds
404,5,0.00252164548810568,0.00016294707689914532,0.00253455351471896,0.00014871432472335358,7.287214813627491e-05,6.650706786187923e-05,40000,10000,sample SD across five independent encoder/split seeds
405,5,0.0025176068228482803,0.000164976840723538,0.0025234304948150597,0.00014486948254508418,7.37798861141973e-05,6.478760216720549e-05,40000,10000,sample SD across five independent encoder/split seeds
406,5,0.0025174387889354997,0.00016903099663159938,0.0025455254399776002,0.00013350394683519137,7.559295975455883e-05,5.9704780077601164e-05,40000,10000,sample SD across five independent encoder/split seeds
407,5,0.00251580964528018,0.0001725430123238328,0.0025170090168714202,0.0001466341086870278,7.716358091973482e-05,6.557676696885732e-05,40000,10000,sample SD across five independent encoder/split seeds
408,5,0.00250700644761318,0.00016803895333000561,0.00253295151434834,0.0001350217435046408,7.514930450276143e-05,6.038355938338351e-05,40000,10000,sample SD across five independent encoder/split seeds
409,5,0.0025122753462194997,0.00017302934255411412,0.00251188973814246,0.00014227613170994231,7.738107441061925e-05,6.362782041582888e-05,40000,10000,sample SD across five independent encoder/split seeds
410,5,0.0025023917418718,0.00016690253180852592,0.00251045573160046,0.0001447241373785093,7.464108134813697e-05,6.472260183267299e-05,40000,10000,sample SD across five independent encoder/split seeds
411,5,0.0025027228105812802,0.00016854732423860302,0.00253292573519046,0.0001818973540458733,7.537665488464286e-05,8.134696971478382e-05,40000,10000,sample SD across five independent encoder/split seeds
412,5,0.0024981099934875397,0.00017114179236716654,0.0025123365443199402,0.00015497635497414388,7.65369363048278e-05,6.930753292546467e-05,40000,10000,sample SD across five independent encoder/split seeds
413,5,0.0024907907988130596,0.0001643398754586938,0.0024920424624531997,0.00015078343795581767,7.349502658789775e-05,6.743240343006605e-05,40000,10000,sample SD across five independent encoder/split seeds
414,5,0.00248707561507818,0.000163106655334417,0.00248921596042808,0.0001351852390458358,7.294351378207702e-05,6.0456676812209527e-05,40000,10000,sample SD across five independent encoder/split seeds
415,5,0.00248344659686084,0.00016976494116998297,0.00248431043416258,0.0001340212525973164,7.592118973046691e-05,5.9936126247453935e-05,40000,10000,sample SD across five independent encoder/split seeds
416,5,0.0024781207426637,0.0001633252062711486,0.0024903356274217,0.00012763983229999127,7.304125273229263e-05,5.708226833189076e-05,40000,10000,sample SD across five independent encoder/split seeds
417,5,0.0024762816126644,0.00016267040250497207,0.0024867277953773198,0.00015766423228997058,7.274841558567392e-05,7.050958820413831e-05,40000,10000,sample SD across five independent encoder/split seeds
418,5,0.00247440480843182,0.00016521052271620954,0.00249905957378444,0.00013284355200547833,7.388439187834354e-05,5.940944253135561e-05,40000,10000,sample SD across five independent encoder/split seeds
419,5,0.0024718001568317,0.00016127028883965289,0.00247475952528412,0.00013831205983796222,7.212226571929791e-05,6.185503358114041e-05,40000,10000,sample SD across five independent encoder/split seeds
420,5,0.0024655688577144797,0.00016665081828172947,0.0024866251231729403,0.0001816631516671922,7.452851163678235e-05,8.12422312269392e-05,40000,10000,sample SD across five independent encoder/split seeds
421,5,0.0024639417668431396,0.00016681186894863494,0.00246425593540068,0.0001427284944269517,7.460053568458681e-05,6.383012317297277e-05,40000,10000,sample SD across five independent encoder/split seeds
422,5,0.0024618419001996,0.00016361107244820713,0.00246850232280786,0.00015302364200273067,7.316909597316681e-05,6.843425313653956e-05,40000,10000,sample SD across five independent encoder/split seeds
423,5,0.00245968046054238,0.00016548445555869586,0.00248304770909244,0.00016402193304211564,7.400689836975738e-05,7.335283841661788e-05,40000,10000,sample SD across five independent encoder/split seeds
424,5,0.00245485261216756,0.0001682297362405672,0.00246680139362808,0.00013600240417213996,7.523462521415363e-05,6.082212416646119e-05,40000,10000,sample SD across five independent encoder/split seeds
425,5,0.00245070526681836,0.00016645815144136894,0.00246016763612624,0.00014751398863981863,7.44423484063711e-05,6.597026124615324e-05,40000,10000,sample SD across five independent encoder/split seeds
426,5,0.0024515026596933,0.00016606639252993985,0.00246744617357846,0.0001730112791254745,7.426714849502175e-05,7.737299619975027e-05,40000,10000,sample SD across five independent encoder/split seeds
427,5,0.0024451274067908,0.00016392006325011079,0.0024558596488088004,0.0001691610596841634,7.330728086066256e-05,7.565112571993769e-05,40000,10000,sample SD across five independent encoder/split seeds
428,5,0.00244461762975896,0.00016553718370391788,0.002442189085558,0.00014435935137520925,7.403047911316615e-05,6.455946457254912e-05,40000,10000,sample SD across five independent encoder/split seeds
429,5,0.00243729806929822,0.00016808233985198703,0.00245029922857876,0.00015226607433112865,7.516870754525299e-05,6.80954585742879e-05,40000,10000,sample SD across five independent encoder/split seeds
430,5,0.00243875999525184,0.0001671448804427994,0.0024462706326692798,0.00015561044621687162,7.474946295223492e-05,6.959110714999998e-05,40000,10000,sample SD across five independent encoder/split seeds
431,5,0.0024329926680772803,0.00016689841829798134,0.0024372688409685602,0.00014213034968549632,7.46392417302962e-05,6.356262471251712e-05,40000,10000,sample SD across five independent encoder/split seeds
432,5,0.00243446104019876,0.00016550310192081454,0.0024519203960895,0.0001453159042465267,7.401523727640346e-05,6.49872480214168e-05,40000,10000,sample SD across five independent encoder/split seeds
433,5,0.00242769911371168,0.0001675418196864014,0.00243939914882178,0.0001595147881723286,7.49269795785612e-05,7.133718195396123e-05,40000,10000,sample SD across five independent encoder/split seeds
434,5,0.00242587135791776,0.0001692595742729277,0.00243205633342262,0.00013969803928536733,7.569518278338817e-05,6.24748624331035e-05,40000,10000,sample SD across five independent encoder/split seeds
435,5,0.00242079413786526,0.00016746908248878209,0.00242124377749856,0.00014470183066134698,7.489445051488728e-05,6.471262596548703e-05,40000,10000,sample SD across five independent encoder/split seeds
436,5,0.0024205006527527597,0.00016821675057475911,0.00242444632925088,0.000144244698452591,7.522881784785764e-05,6.450819022679044e-05,40000,10000,sample SD across five independent encoder/split seeds
437,5,0.0024178809557854597,0.00017321325082414642,0.00242034118756646,0.00014870298420314578,7.746332068930257e-05,6.650199622706228e-05,40000,10000,sample SD across five independent encoder/split seeds
438,5,0.00241104883119456,0.00016369483785399024,0.0024160433477908,0.00014131831685863756,7.32065570014656e-05,6.319947259235363e-05,40000,10000,sample SD across five independent encoder/split seeds
439,5,0.00241147165805098,0.0001649307054029599,0.00243059866204852,0.0001668941012761376,7.375925377160204e-05,7.463731109943561e-05,40000,10000,sample SD across five independent encoder/split seeds
440,5,0.00240343950517472,0.00016843892254255602,0.00241540345370766,0.0001618124401858708,7.532817617239539e-05,7.236472317214516e-05,40000,10000,sample SD across five independent encoder/split seeds
441,5,0.00240774819687002,0.00016820051344435905,0.00241528475537892,0.000167709728435341,7.522155638239082e-05,7.500207065389038e-05,40000,10000,sample SD across five independent encoder/split seeds
442,5,0.00239926122188562,0.00016837804147546,0.00241211938530202,0.00013940929646245678,7.530094933148151e-05,6.234573271709486e-05,40000,10000,sample SD across five independent encoder/split seeds
443,5,0.00239584778480228,0.0001700896064895234,0.0024157393907010003,0.00013717183965786768,7.606638447535273e-05,6.134511161473872e-05,40000,10000,sample SD across five independent encoder/split seeds
444,5,0.0023933870182931,0.00016609301013907526,0.00239964249081904,0.00013962081769850065,7.427905225170681e-05,6.244032788959063e-05,40000,10000,sample SD across five independent encoder/split seeds
445,5,0.00239189535718408,0.00017234530645712098,0.00239395427115256,0.00015063833806841387,7.707516416823119e-05,6.736751278771356e-05,40000,10000,sample SD across five independent encoder/split seeds
446,5,0.0023901984006165803,0.00016683868716719054,0.00240754461720582,0.00017166223297723464,7.461252915653197e-05,7.676968442130055e-05,40000,10000,sample SD across five independent encoder/split seeds
447,5,0.00237556669801468,0.0001782310319340519,0.00240011692345138,0.00016698807234682284,7.970734062089517e-05,7.467933623982974e-05,40000,10000,sample SD across five independent encoder/split seeds
448,5,0.0023762405543029,0.0001792948871313716,0.00237067970417434,0.00015625028903359358,8.018311112877983e-05,6.987725355662103e-05,40000,10000,sample SD across five independent encoder/split seeds
449,5,0.00237103610012676,0.00017957909021098465,0.0023708602267503197,0.00015848706521247977,8.031021060986574e-05,7.087757027390939e-05,40000,10000,sample SD across five independent encoder/split seeds
450,5,0.00236733013629908,0.00017654665883126109,0.00238036536410446,0.00015463711689240507,7.895406606943267e-05,6.915582104319975e-05,40000,10000,sample SD across five independent encoder/split seeds
451,5,0.00237013145647938,0.00017908495033048844,0.00237106626510616,0.0001586518293304837,8.008922453722911e-05,7.09512550275313e-05,40000,10000,sample SD across five independent encoder/split seeds
452,5,0.00236234519883986,0.00018027088790952515,0.0023753240282088,0.0001498940179143429,8.061959194598864e-05,6.70346426954084e-05,40000,10000,sample SD across five independent encoder/split seeds
453,5,0.0023621223793177997,0.00017756194441281603,0.00236028848245734,0.00015960180637022688,7.940811558481912e-05,7.137609767511725e-05,40000,10000,sample SD across five independent encoder/split seeds
454,5,0.00235452736712988,0.00017692058051040554,0.00236718614399428,0.00015730395349011848,7.912128892799824e-05,7.034846662667404e-05,40000,10000,sample SD across five independent encoder/split seeds
455,5,0.0023553881533443202,0.00017735041449948958,0.00236652064755552,0.00015107644825972384,7.931351653172461e-05,6.756344162159445e-05,40000,10000,sample SD across five independent encoder/split seeds
456,5,0.0023556753602623397,0.00018265095879760316,0.0023540239792316604,0.00015327215202105132,8.168399200539078e-05,6.85453901953505e-05,40000,10000,sample SD across five independent encoder/split seeds
457,5,0.0023477727372943798,0.00017401413333204913,0.00236133322842414,0.00015489232296197374,7.782148623523476e-05,6.926995266716497e-05,40000,10000,sample SD across five independent encoder/split seeds
458,5,0.00234616772748526,0.00017669824001398667,0.00235886731207364,0.00015904083112867293,7.902185523516951e-05,7.112522192035546e-05,40000,10000,sample SD across five independent encoder/split seeds
459,5,0.00234287410914892,0.00017624580592390813,0.00234631867885584,0.00015119360433500797,7.881952055901873e-05,6.761583541125693e-05,40000,10000,sample SD across five independent encoder/split seeds
460,5,0.0023408710993826,0.0001755682485250262,0.00234406777910882,0.00014901292392332358,7.851650767850716e-05,6.664060548371124e-05,40000,10000,sample SD across five independent encoder/split seeds
461,5,0.00233975010015062,0.00018003490635570027,0.00234738948017352,0.00016089558248903393,8.051405778683094e-05,7.195469194498094e-05,40000,10000,sample SD across five independent encoder/split seeds
462,5,0.00233422237541522,0.00017383635040603412,0.0023462315771728,0.00015808578456697012,7.774197929367309e-05,7.069811211362647e-05,40000,10000,sample SD across five independent encoder/split seeds
463,5,0.0023357216347753397,0.00017665982190711663,0.00233574235767122,0.0001444618682913434,7.900467413546386e-05,6.460531153121304e-05,40000,10000,sample SD across five independent encoder/split seeds
464,5,0.002330490354225,0.00017479490451810693,0.00233380254670972,0.0001507002186068451,7.817065772461444e-05,6.739518660579686e-05,40000,10000,sample SD across five independent encoder/split seeds
465,5,0.0023289842917397,0.00017245167988350361,0.00232654723331326,0.0001470834595778091,7.712273581070941e-05,6.577772279636473e-05,40000,10000,sample SD across five independent encoder/split seeds
466,5,0.00232514581292864,0.00017540234107100012,0.0023363613964616802,0.0001467099936806664,7.84423116094719e-05,6.561070376970692e-05,40000,10000,sample SD across five independent encoder/split seeds
467,5,0.0023227818426117,0.00017433808276699604,0.00232507073380048,0.00015142569283617058,7.796636082679755e-05,6.771962854433607e-05,40000,10000,sample SD across five independent encoder/split seeds
468,5,0.0023196995305269402,0.00017486021265232635,0.0023371649020164803,0.0001415906028838555,7.81998644101341e-05,6.332124260469573e-05,40000,10000,sample SD across five independent encoder/split seeds
469,5,0.00231765912324186,0.00017362801730291555,0.0023249283373355397,0.0001490563011069157,7.764880989756577e-05,6.666000434994812e-05,40000,10000,sample SD across five independent encoder/split seeds
470,5,0.0023165694382041,0.00017641103415518266,0.00232088830605144,0.00016630667388052098,7.889341287040512e-05,7.437460558174673e-05,40000,10000,sample SD across five independent encoder/split seeds
471,5,0.00230944379035378,0.00017244781470836566,0.0023120112773775603,0.00015017370610692667,7.712100725183873e-05,6.715972305763266e-05,40000,10000,sample SD across five independent encoder/split seeds
472,5,0.0023050989743321803,0.00016257834414561015,0.00230678489878768,0.0001427156166146009,7.270724583578785e-05,6.38243640402092e-05,40000,10000,sample SD across five independent encoder/split seeds
473,5,0.00229829042047256,0.00016423084583402838,0.0023049911989271197,0.00014344647412920064,7.344626705743511e-05,6.415121345711151e-05,40000,10000,sample SD across five independent encoder/split seeds
474,5,0.00229832417033606,0.000162915981779537,0.0023036603334545603,0.0001384076030483004,7.285824197603238e-05,6.189776180376136e-05,40000,10000,sample SD across five independent encoder/split seeds
475,5,0.00229486849375064,0.0001633534823788267,0.0023003421405702403,0.00014358948113362823,7.305389819207411e-05,6.421516813374325e-05,40000,10000,sample SD across five independent encoder/split seeds
476,5,0.00229199803620572,0.00016405713100182175,0.00229979967996474,0.00014374940423455236,7.336857942273232e-05,6.428668791871104e-05,40000,10000,sample SD across five independent encoder/split seeds
477,5,0.00228907724119718,0.00016536984394190235,0.0022916068865358402,0.00014727035396802033,7.395564249652508e-05,6.586130450858986e-05,40000,10000,sample SD across five independent encoder/split seeds
478,5,0.00228867343161252,0.00016406625055497272,0.0022871884645521,0.00014796819218286,7.337265781088632e-05,6.617338724572558e-05,40000,10000,sample SD across five independent encoder/split seeds
479,5,0.0022864400685205398,0.00016453221459389618,0.0022913526499271,0.00014167939430162718,7.358104326410696e-05,6.336095133388694e-05,40000,10000,sample SD across five independent encoder/split seeds
480,5,0.00228165300220248,0.00016453051518674965,0.00230234583601352,0.00014167562513380628,7.358028326612674e-05,6.335926571079371e-05,40000,10000,sample SD across five independent encoder/split seeds
481,5,0.0022837619681656,0.00016418536417234561,0.00228560367941848,0.00014626053118138647,7.342592703998465e-05,6.540969802936155e-05,40000,10000,sample SD across five independent encoder/split seeds
482,5,0.00227623528968538,0.0001652623433587215,0.0022835259996354202,0.00014735322925158367,7.390756677420244e-05,6.58983674621303e-05,40000,10000,sample SD across five independent encoder/split seeds
483,5,0.0022753506864606602,0.00016594444097575335,0.00229420345097776,0.0001385920165714493,7.42126101019972e-05,6.19802340385076e-05,40000,10000,sample SD across five independent encoder/split seeds
484,5,0.0022748419734089998,0.00016405665831040282,0.0022881158215552,0.00014464195102200598,7.336836802870329e-05,6.468584697668011e-05,40000,10000,sample SD across five independent encoder/split seeds
485,5,0.00226631603065874,0.00016839767914025218,0.00227012193813916,0.00014896438852177968,7.530973156216044e-05,6.661889979227775e-05,40000,10000,sample SD across five independent encoder/split seeds
486,5,0.00226358686245972,0.00016938641814454687,0.0022680570950358602,0.00014744722546098838,7.575190908728211e-05,6.594040384490155e-05,40000,10000,sample SD across five independent encoder/split seeds
487,5,0.00226402543649072,0.00016597713556633375,0.00226871226422482,0.00015114061117214793,7.422723156740407e-05,6.759213614835739e-05,40000,10000,sample SD across five independent encoder/split seeds
488,5,0.00226012837380164,0.00016908207244458723,0.00226798787489528,0.00015272919708867407,7.561580155252821e-05,6.830257336784764e-05,40000,10000,sample SD across five independent encoder/split seeds
489,5,0.00225835115432734,0.00016916684539615014,0.0022692324133216798,0.00014610404082223232,7.56537131689978e-05,6.533971341318315e-05,40000,10000,sample SD across five independent encoder/split seeds
490,5,0.00225551435165102,0.0001714095974625002,0.0022844838108866997,0.00015311044562901787,7.665670238440519e-05,6.84730728983539e-05,40000,10000,sample SD across five independent encoder/split seeds
491,5,0.0022559813299402203,0.00016814558536527556,0.00227007349804038,0.00014184245776912067,7.519699179864999e-05,6.343387553347939e-05,40000,10000,sample SD across five independent encoder/split seeds
492,5,0.00225182756349438,0.00016856861321471353,0.00226191346548492,0.00015071791347962202,7.538617560419376e-05,6.740309999347333e-05,40000,10000,sample SD across five independent encoder/split seeds
493,5,0.00225004680931562,0.000171013822025049,0.002269262028709,0.0001416151055453811,7.647970622801205e-05,6.333220052805591e-05,40000,10000,sample SD across five independent encoder/split seeds
494,5,0.0022480156981199402,0.0001680259970007286,0.00227529562003906,0.00014472410984357124,7.514351025616098e-05,6.472258951867435e-05,40000,10000,sample SD across five independent encoder/split seeds
495,5,0.00224540488354858,0.00016868406959650805,0.00225321363292628,0.00015136718936146001,7.543780926781951e-05,6.769346499506152e-05,40000,10000,sample SD across five independent encoder/split seeds
496,5,0.00224421389043328,0.0001688352131861268,0.00224846177160732,0.0001484184134008437,7.550540273596967e-05,6.637473229539045e-05,40000,10000,sample SD across five independent encoder/split seeds
497,5,0.00224166698642068,0.00016812571515227126,0.00224838151276104,0.00015340473913873698,7.518810556924898e-05,6.860468495696769e-05,40000,10000,sample SD across five independent encoder/split seeds
498,5,0.0022399443719535598,0.00017020064154653282,0.00224386824749406,0.00015051103547050938,7.611604086242446e-05,6.73105813351882e-05,40000,10000,sample SD across five independent encoder/split seeds
499,5,0.00223748338945204,0.00016868942328103535,0.00224096666097634,0.00014889210193032586,7.544020350832613e-05,6.658657224580725e-05,40000,10000,sample SD across five independent encoder/split seeds
500,5,0.00223536647517228,0.00016750370793562264,0.00224065000385044,0.0001549051444392006,7.490993548546463e-05,6.927568660609522e-05,40000,10000,sample SD across five independent encoder/split seeds
501,5,0.00223367305785414,0.00016889058165383088,0.0022384916952996802,0.00015055604261413706,7.553016426748894e-05,6.733070914171312e-05,40000,10000,sample SD across five independent encoder/split seeds
502,5,0.00223229282319542,0.00016798593920333186,0.00223891355566676,0.00014471344842437558,7.512559586455938e-05,6.471782158706272e-05,40000,10000,sample SD across five independent encoder/split seeds
503,5,0.00222995910592372,0.0001670659943045683,0.00223575424477452,0.00015370164026274504,7.471418399872148e-05,6.87374631761433e-05,40000,10000,sample SD across five independent encoder/split seeds
504,5,0.0022294714231416,0.0001674593758697848,0.0022377204088866397,0.00014496737477718308,7.489010958290535e-05,6.483138090429395e-05,40000,10000,sample SD across five independent encoder/split seeds
505,5,0.00222439944200214,0.00016932046861804046,0.00222823265314096,0.0001502138469930035,7.572241556241166e-05,6.717767460762163e-05,40000,10000,sample SD across five independent encoder/split seeds
506,5,0.0022223163901269,0.0001667629461795255,0.00225191281594332,0.00013821086837942964,7.457865675711157e-05,6.180977938513617e-05,40000,10000,sample SD across five independent encoder/split seeds
507,5,0.0022228756955265396,0.00016876600946648154,0.0022298897252976202,0.00014528943153155615,7.547445389168514e-05,6.497540906337219e-05,40000,10000,sample SD across five independent encoder/split seeds
508,5,0.00221847595386202,0.00016761554309702528,0.00222479359768326,0.0001527353014240883,7.495994969009883e-05,6.830530330963638e-05,40000,10000,sample SD across five independent encoder/split seeds
509,5,0.00221599602479482,0.00016872669401308489,0.0022255265156923996,0.00014532275995833368,7.545687148641292e-05,6.499031398894372e-05,40000,10000,sample SD across five independent encoder/split seeds
510,5,0.00221530908141278,0.00016683509605118813,0.00222797659702596,0.00014350080429519614,7.461092316063267e-05,6.417551064599047e-05,40000,10000,sample SD across five independent encoder/split seeds
511,5,0.0022144873728602603,0.000165484820982425,0.00222571744218464,0.00014765526468332269,7.400706179221716e-05,6.603344181352669e-05,40000,10000,sample SD across five independent encoder/split seeds
512,5,0.00220465333417054,0.00017283340016605093,0.0022082611568271402,0.00015063195282808773,7.729344631074266e-05,6.736465722142916e-05,40000,10000,sample SD across five independent encoder/split seeds
513,5,0.00220248359940942,0.00017207281024662836,0.00221071155451232,0.0001574996295803805,7.695330015817667e-05,7.043597563455349e-05,40000,10000,sample SD across five independent encoder/split seeds
514,5,0.00219937674753362,0.00017197162146361157,0.00220872304745014,0.00015431771465078856,7.690804715869946e-05,6.901298001831568e-05,40000,10000,sample SD across five independent encoder/split seeds
515,5,0.0021991812570020196,0.00017176684720059303,0.0022084582135081,0.00015257275412301202,7.68164693242691e-05,6.823260994668323e-05,40000,10000,sample SD across five independent encoder/split seeds
516,5,0.00219726192191238,0.00017176229091821457,0.00220474177323278,0.00015247941147712734,7.68144316928445e-05,6.819086584640367e-05,40000,10000,sample SD across five independent encoder/split seeds
517,5,0.0021946490719169003,0.00017213432621810144,0.00219958265393966,0.00015144154412087636,7.698081093695982e-05,6.772671745436262e-05,40000,10000,sample SD across five independent encoder/split seeds
518,5,0.00219286283880468,0.00017116753749594503,0.0022012212081253,0.00015643463236703482,7.654844987643545e-05,6.995969440157574e-05,40000,10000,sample SD across five independent encoder/split seeds
519,5,0.0021921294514834397,0.0001712144005070417,0.00220137679763134,0.0001515707254449475,7.656940765212394e-05,6.778448909877194e-05,40000,10000,sample SD across five independent encoder/split seeds
520,5,0.00218878985039886,0.00017047260608466362,0.00219627631135278,0.00014779425553453312,7.623766710137042e-05,6.609560041183811e-05,40000,10000,sample SD across five independent encoder/split seeds
521,5,0.00218747061520808,0.00017152947247602924,0.0021931904694437203,0.00015306012061644706,7.671031212021611e-05,6.845056686853853e-05,40000,10000,sample SD across five independent encoder/split seeds
522,5,0.0021868934502824603,0.0001709410974906096,0.0021921408919989803,0.0001555756121110088,7.644718282748436e-05,6.957552886427105e-05,40000,10000,sample SD across five independent encoder/split seeds
523,5,0.00218276741370554,0.00017015366828625577,0.0021895837265252403,0.00015315989500195532,7.60950337818036e-05,6.849518733022047e-05,40000,10000,sample SD across five independent encoder/split seeds
524,5,0.00218214743614192,0.0001699474271597852,0.00218616710349912,0.00014925843147699304,7.600279994609474e-05,6.675039979951014e-05,40000,10000,sample SD across five independent encoder/split seeds
525,5,0.0021795101652666597,0.00017048123971578904,0.00218821980364618,0.00015093884790682977,7.624152817858825e-05,6.750190487303465e-05,40000,10000,sample SD across five independent encoder/split seeds
526,5,0.00217942867424332,0.00016951483599787637,0.00218446325808758,0.00014864332566890805,7.580933929719599e-05,6.647531611946356e-05,40000,10000,sample SD across five independent encoder/split seeds
527,5,0.00217613840766246,0.0001683568623132835,0.00218567143872374,0.00014509063290398913,7.529147772221488e-05,6.488650361435748e-05,40000,10000,sample SD across five independent encoder/split seeds
528,5,0.00217617126196618,0.00016929550974531418,0.0021836279764771,0.0001491925570835414,7.571125361520012e-05,6.672093987516326e-05,40000,10000,sample SD across five independent encoder/split seeds
529,5,0.00217295678570862,0.00016830682421633782,0.00217884340628976,0.00015050524352391338,7.526910000496782e-05,6.730799109792606e-05,40000,10000,sample SD across five independent encoder/split seeds
530,5,0.00217203073576086,0.0001679477988793749,0.0021789770326018,0.00015366543332893763,7.510853899314905e-05,6.872127094309326e-05,40000,10000,sample SD across five independent encoder/split seeds
531,5,0.00216894386358552,0.00016864375612470972,0.00217574114426968,0.00014976156099290268,7.541978053514948e-05,6.697540615932225e-05,40000,10000,sample SD across five independent encoder/split seeds
532,5,0.00216826459452504,0.00016803877809202546,0.00217379296094172,0.00014973443231802198,7.514922613395426e-05,6.696327384708771e-05,40000,10000,sample SD across five independent encoder/split seeds
533,5,0.0021655656845867,0.0001674979430765745,0.00217661843284962,0.00015754558243000002,7.490735736212216e-05,7.04565263736553e-05,40000,10000,sample SD across five independent encoder/split seeds
534,5,0.00216557051692154,0.00016809934400552164,0.00216990999110036,0.0001445253499349689,7.517631203389362e-05,6.463370138530704e-05,40000,10000,sample SD across five independent encoder/split seeds
535,5,0.00216214745275672,0.000166717623173142,0.00217588968701656,0.0001535129382262964,7.455838769246795e-05,6.865307305994494e-05,40000,10000,sample SD across five independent encoder/split seeds
536,5,0.0021608940401673,0.0001676185258381246,0.00217093895662572,0.00014882814485261484,7.49612836124703e-05,6.655796977112643e-05,40000,10000,sample SD across five independent encoder/split seeds
537,5,0.0021588924720883002,0.00016801795136585764,0.0021669511985033,0.00014474938601539825,7.513991213886226e-05,6.473389336635758e-05,40000,10000,sample SD across five independent encoder/split seeds
538,5,0.00215798802807924,0.00016650583603746276,0.00216556440275156,0.0001488248008065865,7.446367360604019e-05,6.655647426827858e-05,40000,10000,sample SD across five independent encoder/split seeds
539,5,0.00215465918712314,0.0001680698384545987,0.00215905688062304,0.0001482244105067866,7.516311675037818e-05,6.628797156360177e-05,40000,10000,sample SD across five independent encoder/split seeds
540,5,0.0021521102442964403,0.0001667224507022635,0.00216276223283256,0.0001476437456394112,7.456054662912374e-05,6.602829034048231e-05,40000,10000,sample SD across five independent encoder/split seeds
541,5,0.00215197017375374,0.0001672981603852187,0.00215595541391516,0.00014632645798619813,7.481801182640227e-05,6.54391813927812e-05,40000,10000,sample SD across five independent encoder/split seeds
542,5,0.0021500014371424398,0.00016588463311069195,0.0021589331341906803,0.0001437650159833038,7.418586321162392e-05,6.429366970500222e-05,40000,10000,sample SD across five independent encoder/split seeds
543,5,0.0021477272582053598,0.00016839826023853308,0.0021535954621061198,0.00014728133991901595,7.530999143721198e-05,6.58662175752346e-05,40000,10000,sample SD across five independent encoder/split seeds
544,5,0.0021445314436778,0.00016550878021949063,0.00215415336608882,0.00015357586806884817,7.401777668877072e-05,6.868121614109678e-05,40000,10000,sample SD across five independent encoder/split seeds
545,5,0.00214442370526486,0.0001662278882950578,0.00214887063123282,0.00014814728190425756,7.433937159679817e-05,6.625347860394888e-05,40000,10000,sample SD across five independent encoder/split seeds
546,5,0.0021421462651341804,0.00016709847017288307,0.00214832444310182,0.000145573558925847,7.472870764855752e-05,6.510247469695304e-05,40000,10000,sample SD across five independent encoder/split seeds
547,5,0.00214118650026614,0.00016476806606549187,0.00215182282619172,0.0001442722098019802,7.368651924872323e-05,6.452049367626785e-05,40000,10000,sample SD across five independent encoder/split seeds
548,5,0.00213882484413678,0.00016688946785786216,0.0021451900389045002,0.00014447980490771468,7.46352389717892e-05,6.461333302991155e-05,40000,10000,sample SD across five independent encoder/split seeds
549,5,0.0021369954509287597,0.0001660926698962124,0.00214088460806752,0.00014725332358160644,7.427890009047277e-05,6.585368828824895e-05,40000,10000,sample SD across five independent encoder/split seeds
550,5,0.0021343747017532,0.00016518251233369797,0.0021451453995331798,0.0001477184075376507,7.387186525446921e-05,6.606168015644086e-05,40000,10000,sample SD across five independent encoder/split seeds
551,5,0.0021339405940845003,0.0001660397437955423,0.00214324377272272,0.00015159711609005421,7.42552308186963e-05,6.779629135405767e-05,40000,10000,sample SD across five independent encoder/split seeds
552,5,0.0021307611118629,0.00016519891633806993,0.0021367723698541,0.00014219238573060926,7.387920134824499e-05,6.359036807530268e-05,40000,10000,sample SD across five independent encoder/split seeds
553,5,0.00213064804330464,0.00016639294793027216,0.00213628460578614,0.00014933118805962383,7.441318850973429e-05,6.678293753242475e-05,40000,10000,sample SD across five independent encoder/split seeds
554,5,0.00212710088647898,0.00016355820025195858,0.0021347048059850602,0.00014437737647561002,7.314545080818052e-05,6.45675256425086e-05,40000,10000,sample SD across five independent encoder/split seeds
555,5,0.0021265853221714,0.00016594663942790146,0.00213513089939948,0.00014564534723627298,7.42135932796869e-05,6.51345794053735e-05,40000,10000,sample SD across five independent encoder/split seeds
556,5,0.00212488541781896,0.00016536055605080978,0.00213091124072664,0.00014554209548423282,7.395148882535496e-05,6.508840381810195e-05,40000,10000,sample SD across five independent encoder/split seeds
557,5,0.0021215068093686797,0.0001636475795712358,0.0021268856618553,0.00014151751595982052,7.318542245491783e-05,6.3288557138614e-05,40000,10000,sample SD across five independent encoder/split seeds
558,5,0.0021228463597595198,0.00016558089721664521,0.0021377499517798,0.00014841078955087804,7.405002839036489e-05,6.637132280603576e-05,40000,10000,sample SD across five independent encoder/split seeds
559,5,0.00211868896715338,0.00016416027548884552,0.00212656096242364,0.00014316103049104818,7.341470703963021e-05,6.402355918138076e-05,40000,10000,sample SD across five independent encoder/split seeds
560,5,0.00211705876402552,0.00016428671996453532,0.0021227575677632603,0.00014555180777587386,7.347125472823456e-05,6.509274728696728e-05,40000,10000,sample SD across five independent encoder/split seeds
561,5,0.0021158274424820803,0.00016432510097427625,0.0021210901228338004,0.00014515658814997362,7.348841923759971e-05,6.491599969705628e-05,40000,10000,sample SD across five independent encoder/split seeds
562,5,0.00211380205407734,0.00016301820209848065,0.00212310233913356,0.00014208733330753736,7.290395629240032e-05,6.354338720346471e-05,40000,10000,sample SD across five independent encoder/split seeds
563,5,0.00211272885061794,0.00016502090754494836,0.00211842886533584,0.00014387612917124212,7.379959339584249e-05,6.434336103328757e-05,40000,10000,sample SD across five independent encoder/split seeds
564,5,0.0021112149397655997,0.000162518841300122,0.00212173245627426,0.00014444310749956934,7.268063535431461e-05,6.459692145006934e-05,40000,10000,sample SD across five independent encoder/split seeds
565,5,0.00210933385223146,0.00016440223237608736,0.00211733656067398,0.00014328223701082115,7.352291344912961e-05,6.407776438488647e-05,40000,10000,sample SD across five independent encoder/split seeds
566,5,0.0021075229612365,0.00016437112250463875,0.00211214929118748,0.00014537748402828726,7.350900069166354e-05,6.501478733702805e-05,40000,10000,sample SD across five independent encoder/split seeds
567,5,0.00210545447766776,0.00016357983340246655,0.00211641298227004,0.00014597350689403993,7.315512544720118e-05,6.528133686582149e-05,40000,10000,sample SD across five independent encoder/split seeds
568,5,0.0021037065919488197,0.00016355729051421234,0.00211194568991658,0.00014154103526293693,7.314504396109207e-05,6.329907529072436e-05,40000,10000,sample SD across five independent encoder/split seeds
569,5,0.00210229078084224,0.00016293551340786316,0.0021142580537124997,0.00014725478870941303,7.286697678576209e-05,6.585434351332321e-05,40000,10000,sample SD across five independent encoder/split seeds
570,5,0.00210058927573258,0.00016275435691511778,0.00210700142916286,0.0001434007041537797,7.278596113929326e-05,6.413074450183758e-05,40000,10000,sample SD across five independent encoder/split seeds
571,5,0.0020987636241688802,0.00016289275609634104,0.00210441301148378,0.00014614438919676088,7.284785513474237e-05,6.535775775482864e-05,40000,10000,sample SD across five independent encoder/split seeds
572,5,0.00209750733368094,0.00016255774093377898,0.00210685058332974,0.00014819376655129257,7.269803179934598e-05,6.627426717008495e-05,40000,10000,sample SD across five independent encoder/split seeds
573,5,0.0020950478309765,0.00016289437608518322,0.0021033490994572,0.00014734822992988896,7.284857961577715e-05,6.589613169750015e-05,40000,10000,sample SD across five independent encoder/split seeds
574,5,0.0020933236934989,0.00016173812717023414,0.00210309742119158,0.0001419217939724249,7.233148938122984e-05,6.34693557622124e-05,40000,10000,sample SD across five independent encoder/split seeds
575,5,0.00209335276857014,0.00016378935240603902,0.00209759658873076,0.00014353786530112603,7.324882519411439e-05,6.419208483170522e-05,40000,10000,sample SD across five independent encoder/split seeds
576,5,0.00208939211502666,0.00016081088531363696,0.00209482775174076,0.00014353892959247493,7.191681421664297e-05,6.419256079726602e-05,40000,10000,sample SD across five independent encoder/split seeds
577,5,0.00208915122486646,0.00016320807766042025,0.00209442652795458,0.00014787979647142095,7.298887122515289e-05,6.613385548178616e-05,40000,10000,sample SD across five independent encoder/split seeds
578,5,0.00208690242491658,0.00016118157343274716,0.00209057783719146,0.00014195574701838414,7.208259098319935e-05,6.3484540025974e-05,40000,10000,sample SD across five independent encoder/split seeds
579,5,0.0020850389071181002,0.00016066087408272707,0.0020912285191937796,0.00014579466061892285,7.184972715470237e-05,6.52013543800846e-05,40000,10000,sample SD across five independent encoder/split seeds
580,5,0.00208373571753498,0.0001620723816164991,0.0020938099530338804,0.00014704130907900283,7.248097251395584e-05,6.575887252024146e-05,40000,10000,sample SD across five independent encoder/split seeds
581,5,0.00208266772761936,0.00016124585282067575,0.0020949496256187,0.00015354673749724853,7.211133759939144e-05,6.866818855343273e-05,40000,10000,sample SD across five independent encoder/split seeds
582,5,0.00208022096611554,0.00016058458655537336,0.0020898970450832803,0.00014227035137232173,7.181561033530273e-05,6.362523537025837e-05,40000,10000,sample SD across five independent encoder/split seeds
583,5,0.00208103898394846,0.00016306869016632466,0.00208527836639428,0.0001459972466110417,7.292653524275069e-05,6.529195359001801e-05,40000,10000,sample SD across five independent encoder/split seeds
584,5,0.0020761138073727,0.00016077187771819558,0.00208304232973598,0.00014006504651125566,7.189936948963382e-05,6.263899305416748e-05,40000,10000,sample SD across five independent encoder/split seeds
585,5,0.00207568991627536,0.00015984147832905847,0.00208405503895128,0.000147848490791522,7.148328223356685e-05,6.611985515611897e-05,40000,10000,sample SD across five independent encoder/split seeds
586,5,0.00207404236037278,0.00016005390663449817,0.0020791058314591202,0.00013931909046579246,7.157828305982849e-05,6.230539136899096e-05,40000,10000,sample SD across five independent encoder/split seeds
587,5,0.0020722242230548998,0.0001594545053422324,0.00208244386747476,0.00014624681212338508,7.1310222652767e-05,6.540356268010588e-05,40000,10000,sample SD across five independent encoder/split seeds
588,5,0.0020708802689983997,0.00016039850508282102,0.0020778231191262,0.00013781786702701896,7.173239217090667e-05,6.163402383728825e-05,40000,10000,sample SD across five independent encoder/split seeds
589,5,0.00206958756633096,0.0001592385554098081,0.0020773591135442,0.0001463892291899451,7.121364690703956e-05,6.546725352850273e-05,40000,10000,sample SD across five independent encoder/split seeds
590,5,0.0020670210205763,0.00016116871848199262,0.002069750540778,0.00013845113676155495,7.207684207445244e-05,6.191723067219139e-05,40000,10000,sample SD across five independent encoder/split seeds
591,5,0.0020675368700176,0.00016012490683986447,0.00207744520746166,0.00014397463847417314,7.16100353169516e-05,6.438741573284155e-05,40000,10000,sample SD across five independent encoder/split seeds
592,5,0.00206346231035884,0.0001587114437300801,0.00207340004239224,0.00013963120842200123,7.097791539751837e-05,6.244497476240717e-05,40000,10000,sample SD across five independent encoder/split seeds
593,5,0.00206374795522536,0.0001594574584833858,0.0020728419746830597,0.00014475992952449115,7.131154333764023e-05,6.47386085669682e-05,40000,10000,sample SD across five independent encoder/split seeds
594,5,0.0020615835385024,0.00016047386470083536,0.0020670079729333,0.00014244888887338615,7.176609401663435e-05,6.370507976804097e-05,40000,10000,sample SD across five independent encoder/split seeds
595,5,0.00205984016571186,0.0001572825592527331,0.0020670416796952002,0.0001443174510924092,7.033889883284994e-05,6.454072619642565e-05,40000,10000,sample SD across five independent encoder/split seeds
596,5,0.00205742451071734,0.00015875491993136775,0.00206417069286104,0.00013917365100851712,7.09973585458149e-05,6.224034886637528e-05,40000,10000,sample SD across five independent encoder/split seeds
597,5,0.00205688121389592,0.00015919059352149568,0.00207288212601088,0.00015367803851856798,7.119219769852039e-05,6.872690815526981e-05,40000,10000,sample SD across five independent encoder/split seeds
598,5,0.00205567317269738,0.00015912881428005183,0.00206024515099818,0.00013999902935118644,7.116456918182702e-05,6.260946928264823e-05,40000,10000,sample SD across five independent encoder/split seeds
599,5,0.00205359649248414,0.00015805328238598578,0.0020612945305555604,0.0001344086551873367,7.068357669640687e-05,6.010937795264292e-05,40000,10000,sample SD across five independent encoder/split seeds
600,5,0.00205133006013924,0.00015760158929003983,0.0020606543871015,0.00013435897282054325,7.048157340290638e-05,6.008715932275627e-05,40000,10000,sample SD across five independent encoder/split seeds
601,5,0.0020509714749455,0.00015925754439189983,0.00205346132662144,0.00013874738051493823,7.122213903799568e-05,6.204971490628633e-05,40000,10000,sample SD across five independent encoder/split seeds
602,5,0.00204990431185808,0.00015764384685627804,0.00206359315697098,0.00014481151371179002,7.050047156104083e-05,6.476167771684107e-05,40000,10000,sample SD across five independent encoder/split seeds
603,5,0.00204642964329564,0.00015856150426540581,0.00205217993061986,0.00013887219962534854,7.091086043041405e-05,6.210553570944003e-05,40000,10000,sample SD across five independent encoder/split seeds
604,5,0.00204577516060318,0.00015780670866690492,0.0020546144061535003,0.00013747635863104593,7.057330557694092e-05,6.148129663963173e-05,40000,10000,sample SD across five independent encoder/split seeds
605,5,0.00204427633818234,0.00015686627454029094,0.0020540471633150397,0.00014116173857204358,7.015273064984702e-05,6.31294486538287e-05,40000,10000,sample SD across five independent encoder/split seeds
606,5,0.00204383662309492,0.00015657123396304516,0.00204662443719802,0.00013891693583184024,7.002078449247856e-05,6.21255423491942e-05,40000,10000,sample SD across five independent encoder/split seeds
607,5,0.00204002331905062,0.00015677343446086312,0.00205072745680804,0.00014028391961163944,7.011121130411961e-05,6.273687608034834e-05,40000,10000,sample SD across five independent encoder/split seeds
608,5,0.00204125233523544,0.0001577428200423203,0.0020429064277186397,0.00013922979167051364,7.054473371542889e-05,6.22654557336805e-05,40000,10000,sample SD across five independent encoder/split seeds
609,5,0.0020378479652106,0.00015702501878463952,0.00204330681219694,0.0001409535321572293,7.022372323412707e-05,6.303633591445346e-05,40000,10000,sample SD across five independent encoder/split seeds
610,5,0.00203689476668828,0.00015798872724089843,0.00204469425346698,0.0001378277367670962,7.065470675786434e-05,6.163843771923484e-05,40000,10000,sample SD across five independent encoder/split seeds
611,5,0.00203595086805518,0.00015543622364706623,0.00204074122518298,0.00013636585821925372,6.951319244814008e-05,6.0984665757669945e-05,40000,10000,sample SD across five independent encoder/split seeds
612,5,0.00203370779506856,0.000157459846235921,0.00204143760230388,0.0001425304265865201,7.041818398203675e-05,6.374154454190045e-05,40000,10000,sample SD across five independent encoder/split seeds
613,5,0.00203228719964618,0.00015717924863982544,0.00203744594588872,0.0001355674973952307,7.02926969221982e-05,6.06276279430523e-05,40000,10000,sample SD across five independent encoder/split seeds
614,5,0.00203131357185536,0.00015557202987235292,0.0020408592451736,0.0001396917366092369,6.95739268384418e-05,6.247204379064993e-05,40000,10000,sample SD across five independent encoder/split seeds
615,5,0.0020277487565204,0.0001550972366187834,0.0020374424005299404,0.000132185871255569,6.936159284039386e-05,5.911531875849754e-05,40000,10000,sample SD across five independent encoder/split seeds
616,5,0.00202964813437304,0.00015726861187979297,0.00203291123468422,0.0001393555704663417,7.033266137804961e-05,6.232170572120042e-05,40000,10000,sample SD across five independent encoder/split seeds
617,5,0.00202620710201556,0.00015548516111646196,0.00203524418581272,0.00014423968992978225,6.95350779497832e-05,6.4505950347297e-05,40000,10000,sample SD across five independent encoder/split seeds
618,5,0.00202459736891086,0.00015558704837183076,0.00203005485970522,0.00013668493136360783,6.95806433155923e-05,6.112735960578402e-05,40000,10000,sample SD across five independent encoder/split seeds
619,5,0.0020242054313048203,0.00015571109357109318,0.00203255686625834,0.00014052122382767878,6.963611801515896e-05,6.284300175203059e-05,40000,10000,sample SD across five independent encoder/split seeds
620,5,0.00202236940443512,0.0001554175790681479,0.00202708841893816,0.0001387320871889981,6.950485433896542e-05,6.20428755230055e-05,40000,10000,sample SD across five independent encoder/split seeds
621,5,0.0020206593737750597,0.00015547336928876793,0.00202929279841476,0.00014069612991161746,6.952980448412265e-05,6.292122213070362e-05,40000,10000,sample SD across five independent encoder/split seeds
622,5,0.00201898995980614,0.0001542284260443693,0.00202464405193918,0.0001356833322699998,6.897304893960174e-05,6.0679430873882085e-05,40000,10000,sample SD across five independent encoder/split seeds
623,5,0.00201731007806952,0.00015536940769788932,0.00202633238941426,0.00013605320016504992,6.948331144727193e-05,6.084484082508744e-05,40000,10000,sample SD across five independent encoder/split seeds
624,5,0.00201712353758508,0.00015379330463914892,0.0020247362664714,0.00013839048805945852,6.877845673149415e-05,6.189010774806444e-05,40000,10000,sample SD across five independent encoder/split seeds
625,5,0.00201494564935558,0.0001554808366057554,0.00201943054445082,0.00013649597797262656,6.953314396980134e-05,6.104285708042138e-05,40000,10000,sample SD across five independent encoder/split seeds
626,5,0.00201299301460382,0.00015439999909425744,0.00202034874685106,0.00013796017852777296,6.904977874013311e-05,6.169766747522143e-05,40000,10000,sample SD across five independent encoder/split seeds
627,5,0.00201218490198252,0.00015459276658779915,0.00201671140771354,0.00013673431309201651,6.913598698401543e-05,6.114944378609768e-05,40000,10000,sample SD across five independent encoder/split seeds
628,5,0.00201063362915064,0.00015346708760959822,0.0020171916918828602,0.0001378925262860669,6.863256804079546e-05,6.166741247296444e-05,40000,10000,sample SD across five independent encoder/split seeds
629,5,0.0020088204019888998,0.00015400573066802573,0.00201514517892148,0.0001395265125775611,6.887345653964592e-05,6.23981533573812e-05,40000,10000,sample SD across five independent encoder/split seeds
630,5,0.00200670397896314,0.00015340813271921285,0.0020160303367301397,0.0001342768971248578,6.860620261229391e-05,6.0050453955785623e-05,40000,10000,sample SD across five independent encoder/split seeds
631,5,0.00200728922475124,0.0001548668599403059,0.0020087039069458397,0.0001357733278616072,6.92585652576926e-05,6.071967812598397e-05,40000,10000,sample SD across five independent encoder/split seeds
632,5,0.00200489288605744,0.00015425665680665582,0.00200838582877064,0.00013267678841580896,6.898567412030761e-05,5.933486358682109e-05,40000,10000,sample SD across five independent encoder/split seeds
633,5,0.0020029947010426997,0.00015322474868695226,0.00201220057565716,0.00013238952430258858,6.852419077986937e-05,5.92063951698897e-05,40000,10000,sample SD across five independent encoder/split seeds
634,5,0.0020037844068929002,0.00015339689293087516,0.00201160148937252,0.00013901951990079027,6.860117602613876e-05,6.217141933951037e-05,40000,10000,sample SD across five independent encoder/split seeds
635,5,0.00200023461215192,0.00015273842268906653,0.00200736198619,0.0001370897696005748,6.830669918176979e-05,6.130840876933388e-05,40000,10000,sample SD across five independent encoder/split seeds
636,5,0.00199873109906906,0.00015299778675552454,0.00201507516808804,0.00013049739110357163,6.842269031847396e-05,5.836020747879249e-05,40000,10000,sample SD across five independent encoder/split seeds
637,5,0.0019980229335277997,0.00015330101739309107,0.0020011181594431,0.000134889620311258,6.855829918216583e-05,6.032447209502184e-05,40000,10000,sample SD across five independent encoder/split seeds
638,5,0.00199739899054164,0.00015241494202900308,0.0020030895584448602,0.00013604473828565403,6.816203423270811e-05,6.084105655757812e-05,40000,10000,sample SD across five independent encoder/split seeds
639,5,0.00199402450166638,0.00015300305126448872,0.00200484909627582,0.0001458796799435414,6.842504467845638e-05,6.523937617793425e-05,40000,10000,sample SD across five independent encoder/split seeds
640,5,0.00199442879352714,0.00015190264892269044,0.00200694871660318,0.00013848640235914533,6.79329297906842e-05,6.193300192688723e-05,40000,10000,sample SD across five independent encoder/split seeds
641,5,0.00199221210896964,0.00015313571270953632,0.00199814768556498,0.00013642177636742693,6.848437268028034e-05,6.1009673113768186e-05,40000,10000,sample SD across five independent encoder/split seeds
642,5,0.00199091419551516,0.00015150343798196145,0.0019968128374591,0.0001350902717917088,6.775439723051786e-05,6.0414206165036636e-05,40000,10000,sample SD across five independent encoder/split seeds
643,5,0.00198899138759816,0.00015126669729344786,0.0019933624540269,0.00013428778344703665,6.764852357600657e-05,6.005532246706899e-05,40000,10000,sample SD across five independent encoder/split seeds
644,5,0.0019889606072008,0.00015351586197136555,0.00199610732838508,0.00013115712339540142,6.865438059848965e-05,5.865524872908912e-05,40000,10000,sample SD across five independent encoder/split seeds
645,5,0.001986058836542,0.00015148320428494183,0.00199508497897528,0.00013889207544684403,6.774534844612347e-05,6.211442444703455e-05,40000,10000,sample SD across five independent encoder/split seeds
646,5,0.00198612933702762,0.0001506929972128434,0.00199516818519676,0.00013726058533236046,6.739195710022083e-05,6.138479988691371e-05,40000,10000,sample SD across five independent encoder/split seeds
647,5,0.0019840697393566,0.00015283506423645837,0.0019942518991976597,0.00013874250397142164,6.834991859565358e-05,6.204753404972667e-05,40000,10000,sample SD across five independent encoder/split seeds
648,5,0.00198264357421544,0.00015017233962900814,0.0019965530759468203,0.00012824328518379186,6.715911195012954e-05,5.735214066577004e-05,40000,10000,sample SD across five independent encoder/split seeds
649,5,0.00198250798739488,0.00015212325137585028,0.0019865926785393997,0.0001324502734243423,6.803158620693792e-05,5.923356300305264e-05,40000,10000,sample SD across five independent encoder/split seeds
650,5,0.0019799368527530998,0.00015050788052384134,0.00198809310052538,0.0001321020655746772,6.730917040014518e-05,5.90778397186226e-05,40000,10000,sample SD across five independent encoder/split seeds
651,5,0.00197816754899914,0.00015188919185754252,0.00198809764046216,0.0001401001101534787,6.792691160819452e-05,6.265467399167737e-05,40000,10000,sample SD across five independent encoder/split seeds
652,5,0.0019771464648469803,0.00014996189772096402,0.00198628703836344,0.0001305405308421152,6.706499946778926e-05,5.837950015637549e-05,40000,10000,sample SD across five independent encoder/split seeds
653,5,0.00197667848292736,0.00015164379974260262,0.00198347796436394,0.00013117385144209914,6.781716891816492e-05,5.86627297389985e-05,40000,10000,sample SD across five independent encoder/split seeds
654,5,0.0019751588852703,0.00015006520647455626,0.00198518046718086,0.00013937985498338077,6.711120054692987e-05,6.233256608738045e-05,40000,10000,sample SD across five independent encoder/split seeds
655,5,0.00197372065715488,0.00015102736113550556,0.00197869912274176,0.00013258921898404844,6.754148919228005e-05,5.9295701346387576e-05,40000,10000,sample SD across five independent encoder/split seeds
656,5,0.00197156132768832,0.00015050324562138065,0.00198442522965368,0.0001348083321193443,6.730709760875094e-05,6.028811891044443e-05,40000,10000,sample SD across five independent encoder/split seeds
657,5,0.00197110775087022,0.0001514626156805082,0.0019781943884119,0.00013533374515401457,6.773614094230838e-05,6.052309076280186e-05,40000,10000,sample SD across five independent encoder/split seeds
658,5,0.00196945532735432,0.0001495274290792186,0.00197629261925812,0.00013363949834271062,6.687069918438231e-05,5.976540055465428e-05,40000,10000,sample SD across five independent encoder/split seeds
659,5,0.001967880061008,0.00014985463090119537,0.001973379278928,0.0001320439231856858,6.701702828764268e-05,5.9051837651790807e-05,40000,10000,sample SD across five independent encoder/split seeds
660,5,0.00196787084728474,0.0001490169685528316,0.00197288619320834,0.00013271314757126387,6.664241429701598e-05,5.9351123895461424e-05,40000,10000,sample SD across five independent encoder/split seeds
661,5,0.00196539217941458,0.00015068259256284083,0.00197285791479044,0.00013351403315808516,6.738730399928326e-05,5.970929081832787e-05,40000,10000,sample SD across five independent encoder/split seeds
662,5,0.0019622757421433198,0.00015177022316419946,0.00197375211048866,0.00012999601871805367,6.787370719109264e-05,5.8135986931580614e-05,40000,10000,sample SD across five independent encoder/split seeds
663,5,0.00196068083416664,0.00014945529175644284,0.00197166860733174,0.00012906692813466434,6.683843839289402e-05,5.7720484991237915e-05,40000,10000,sample SD across five independent encoder/split seeds
664,5,0.00195964483778918,0.00015058789597032976,0.0019656249802559,0.00013624246273083131,6.734495439566479e-05,6.092948161762409e-05,40000,10000,sample SD across five independent encoder/split seeds
665,5,0.0019585969788208204,0.00014992774627202814,0.00196622233733528,0.00013320700322961098,6.704972647551912e-05,5.957198286008883e-05,40000,10000,sample SD across five independent encoder/split seeds
666,5,0.001957185787633,0.00015098734791823336,0.0019635330310836,0.0001281474363120077,6.752359473751623e-05,5.730927574719482e-05,40000,10000,sample SD across five independent encoder/split seeds
667,5,0.00195582202903922,0.00015068443172657788,0.0019684099587425202,0.0001384939768473362,6.738812649831082e-05,6.193638934098515e-05,40000,10000,sample SD across five independent encoder/split seeds
668,5,0.00195457017097618,0.0001496230758270322,0.00196225494213398,0.00013038066464057967,6.691347371036991e-05,5.8308005817587865e-05,40000,10000,sample SD across five independent encoder/split seeds
669,5,0.001953484179154,0.00015030018228566515,0.001963470441848,0.00012919937131388188,6.721628492427139e-05,5.777971538161524e-05,40000,10000,sample SD across five independent encoder/split seeds
670,5,0.0019529165128618,0.0001496375038807204,0.00195782405447208,0.00013604180647128913,6.691992613213588e-05,6.083974541033465e-05,40000,10000,sample SD across five independent encoder/split seeds
671,5,0.00195114214710886,0.00014874985180183747,0.0019567533407359597,0.00013405429779743118,6.652295605438563e-05,5.9950904510211285e-05,40000,10000,sample SD across five independent encoder/split seeds
672,5,0.0019497848209738202,0.00014972831939940126,0.00195455493792886,0.00013148560591616645,6.696054006677233e-05,5.880215057825934e-05,40000,10000,sample SD across five independent encoder/split seeds
673,5,0.00194964304152872,0.0001492921321252926,0.0019542718615010004,0.00013137930901895644,6.676547118760688e-05,5.875461316066756e-05,40000,10000,sample SD across five independent encoder/split seeds
674,5,0.00194711552809918,0.0001484532512965736,0.0019553409328311204,0.00013070843225460334,6.639031227599947e-05,5.845458795074383e-05,40000,10000,sample SD across five independent encoder/split seeds
675,5,0.0019463156482577002,0.0001491734050737658,0.0019582946268841,0.00013234402877948978,6.671237483601046e-05,5.9186048953425534e-05,40000,10000,sample SD across five independent encoder/split seeds
676,5,0.0019428686186670802,0.00014393228825354556,0.0019503211402892601,0.00012686927632256172,6.436847613840447e-05,5.6737665222690506e-05,40000,10000,sample SD across five independent encoder/split seeds
677,5,0.0019413078017532198,0.00014419110245111313,0.00194685830358412,0.00012666989272325878,6.44842213662651e-05,5.6648498166362515e-05,40000,10000,sample SD across five independent encoder/split seeds
678,5,0.0019407633101194601,0.00014344010814653705,0.00194686049878594,0.00012868299736796708,6.414836650311564e-05,5.7548785932640174e-05,40000,10000,sample SD across five independent encoder/split seeds
679,5,0.00193913336552674,0.00014501908338611705,0.0019436813683807199,0.00012726780178022628,6.485450569721362e-05,5.691589122551094e-05,40000,10000,sample SD across five independent encoder/split seeds
680,5,0.0019382995800301,0.00014460628347507634,0.0019502118100598001,0.00012142359510378226,6.466989596477504e-05,5.430228254489355e-05,40000,10000,sample SD across five independent encoder/split seeds
681,5,0.00193698028892274,0.00014363618542416674,0.0019490664608030998,0.00012853370373342972,6.423605492744025e-05,5.748201978955347e-05,40000,10000,sample SD across five independent encoder/split seeds
682,5,0.0019359852899238001,0.00014529834508869146,0.0019395728287845402,0.00012883374395202722,6.497939532730736e-05,5.761620185450705e-05,40000,10000,sample SD across five independent encoder/split seeds
683,5,0.0019346710655092601,0.000143351067595233,0.00194510400339958,0.00012331178209490606,6.410854635802165e-05,5.514670543817027e-05,40000,10000,sample SD across five independent encoder/split seeds
684,5,0.00193411763645704,0.00014420126576597587,0.0019407930399477,0.00012468688355875613,6.448876653884707e-05,5.5761669507995915e-05,40000,10000,sample SD across five independent encoder/split seeds
685,5,0.0019333452266826802,0.00014429361417087134,0.0019451762159913202,0.00012579270951489945,6.453006600103905e-05,5.625620990983995e-05,40000,10000,sample SD across five independent encoder/split seeds
686,5,0.0019323074636607598,0.00014422005495930897,0.00193998801924284,0.00012712110595117503,6.44971693215541e-05,5.6850286856356085e-05,40000,10000,sample SD across five independent encoder/split seeds
687,5,0.0019305424516647602,0.0001436818106011532,0.0019366395373269201,0.000128627991803883,6.42564591268857e-05,5.7524186696553637e-05,40000,10000,sample SD across five independent encoder/split seeds
688,5,0.00192992362055922,0.00014404877150632446,0.00194284597396846,0.00012206749272928249,6.442056903269525e-05,5.459024231712739e-05,40000,10000,sample SD across five independent encoder/split seeds
689,5,0.0019280746459588,0.0001442812475637998,0.0019342140914499002,0.00012582876812520206,6.452453548622645e-05,5.627233581060212e-05,40000,10000,sample SD across five independent encoder/split seeds
690,5,0.00192656277835366,0.00014507323452596612,0.0019414495950191599,0.00012732608052781294,6.487872282316594e-05,5.6941954273760404e-05,40000,10000,sample SD across five independent encoder/split seeds
691,5,0.00192753202963614,0.00014500505842398543,0.0019318122959881597,0.00012636760432653064,6.484823354347198e-05,5.6513310685583806e-05,40000,10000,sample SD across five independent encoder/split seeds
692,5,0.0019247849947959,0.00014353954311914065,0.00193060565937304,0.00012752619095990028,6.419283517473213e-05,5.703144637959123e-05,40000,10000,sample SD across five independent encoder/split seeds
693,5,0.0019241151759772802,0.00014558048998731578,0.00193182421792294,0.00012515587194195161,6.51055743618731e-05,5.597140748909248e-05,40000,10000,sample SD across five independent encoder/split seeds
694,5,0.0019232252584770002,0.00014447765586884028,0.0019306140379607198,0.00012747942619450298,6.461237195050966e-05,5.70105325407152e-05,40000,10000,sample SD across five independent encoder/split seeds
695,5,0.0019220492311939198,0.00014388428425259368,0.0019322750755399,0.0001317254570185953,6.434700809654039e-05,5.890941525216117e-05,40000,10000,sample SD across five independent encoder/split seeds
696,5,0.00192092946518208,0.00014510385382764557,0.0019246766902505802,0.00012674387980317453,6.489241619116171e-05,5.668158619439218e-05,40000,10000,sample SD across five independent encoder/split seeds
697,5,0.0019187204241007199,0.000144756919785686,0.0019241332976892198,0.00012868405191613294,6.473726257085563e-05,5.754925754091706e-05,40000,10000,sample SD across five independent encoder/split seeds
698,5,0.0019192810270562198,0.00014404525575995782,0.0019246243914961402,0.00013010904064091581,6.441899674312176e-05,5.818653187207411e-05,40000,10000,sample SD across five independent encoder/split seeds
699,5,0.00191772911276662,0.00014534890745076517,0.00193105283737176,0.0001258398297101396,6.500200750304731e-05,5.627728270177396e-05,40000,10000,sample SD across five independent encoder/split seeds
700,5,0.0019159943510591402,0.00014412317021443715,0.0019208654229714802,0.00012752106536079058,6.445384114645087e-05,5.702915414198429e-05,40000,10000,sample SD across five independent encoder/split seeds
701,5,0.00191550809558474,0.0001448875649773192,0.00192397447340186,0.00013022007263296175,6.479568887674069e-05,5.82361868884525e-05,40000,10000,sample SD across five independent encoder/split seeds
702,5,0.0019142624371870798,0.00014473176565155772,0.0019211050976439999,0.00012417392364272848,6.472601330009044e-05,5.5532266859601836e-05,40000,10000,sample SD across five independent encoder/split seeds
703,5,0.00191330883912736,0.00014438679740154725,0.00192127214636648,0.00012164525351165932,6.457173880866992e-05,5.4401411198453044e-05,40000,10000,sample SD across five independent encoder/split seeds
704,5,0.0019110502113401401,0.00014377339201685754,0.0019177964709698602,0.00012480498960734383,6.429741558108381e-05,5.5814488138635115e-05,40000,10000,sample SD across five independent encoder/split seeds
705,5,0.00191068448625502,0.0001438584373146254,0.00191751285985108,0.0001290815269420102,6.433544899447894e-05,5.772701377636107e-05,40000,10000,sample SD across five independent encoder/split seeds
706,5,0.00190942282721394,0.00014451896663932905,0.0019154425380751,0.00012594937654486135,6.463084668871282e-05,5.632627353560551e-05,40000,10000,sample SD across five independent encoder/split seeds
707,5,0.00190813506763422,0.00014392567580572303,0.0019160726620628802,0.0001208915737472812,6.43655189618387e-05,5.406435536116995e-05,40000,10000,sample SD across five independent encoder/split seeds
708,5,0.0019079911271109602,0.0001434364391131338,0.0019164773525669602,0.00012678887454745333,6.414672566149536e-05,5.6701708455759706e-05,40000,10000,sample SD across five independent encoder/split seeds
709,5,0.0019057777946441998,0.00014516413695647343,0.0019108826120942401,0.00012625102833007287,6.49193756259528e-05,5.6461176315058935e-05,40000,10000,sample SD across five independent encoder/split seeds
710,5,0.0019055164973437399,0.00014360061027649768,0.00191463124725962,0.00012446159714395036,6.422014523774073e-05,5.5660918360413336e-05,40000,10000,sample SD across five independent encoder/split seeds
711,5,0.00190351145543152,0.00014369321992387232,0.0019094424660503402,0.0001292263298954746,6.426156153112114e-05,5.7791771625818894e-05,40000,10000,sample SD across five independent encoder/split seeds
712,5,0.0019031507771461603,0.00014346070910629675,0.0019092906342073799,0.00012773707867845072,6.415757953240052e-05,5.712575823445096e-05,40000,10000,sample SD across five independent encoder/split seeds
713,5,0.0019019620591401401,0.00014373925503470252,0.00190741450116032,0.00012690574546930664,6.428214905855474e-05,5.6753974720931115e-05,40000,10000,sample SD across five independent encoder/split seeds
714,5,0.0019008580774068401,0.00014343109077815817,0.0019096722396090202,0.00012410859989444981,6.414433381338098e-05,5.55030531912626e-05,40000,10000,sample SD across five independent encoder/split seeds
715,5,0.0018988316866010001,0.00014430459647963524,0.0019074992761015201,0.00012758533540007126,6.453497743882824e-05,5.7057896577333934e-05,40000,10000,sample SD across five independent encoder/split seeds
716,5,0.0018988123712315598,0.00014340893198285656,0.00191307237286114,0.00012786719892882308,6.41344240988622e-05,5.718394977946734e-05,40000,10000,sample SD across five independent encoder/split seeds
717,5,0.00189698033463204,0.00014327995659568852,0.0019035605429857598,0.00012730376378496534,6.407674455223577e-05,5.693197392295168e-05,40000,10000,sample SD across five independent encoder/split seeds
718,5,0.00189685416322194,0.00014272245388230047,0.00190099193871016,0.00012651515858168132,6.382742175928052e-05,5.657929895456106e-05,40000,10000,sample SD across five independent encoder/split seeds
719,5,0.0018942037976905,0.0001431733595762262,0.00190311774831262,0.0001239061557509853,6.402907291589246e-05,5.541251741797593e-05,40000,10000,sample SD across five independent encoder/split seeds
720,5,0.00189518743943416,0.0001438649582518768,0.00189972001247102,0.00012561857191363486,6.433836524627316e-05,5.617833320706668e-05,40000,10000,sample SD across five independent encoder/split seeds
721,5,0.00189252139154816,0.00014236778103679138,0.0018992370247840399,0.00012661218386696022,6.36688072408142e-05,5.6622689981245046e-05,40000,10000,sample SD across five independent encoder/split seeds
722,5,0.0018926624706759603,0.00014313972932046657,0.0018987599984555798,0.00012739452740844647,6.40140330082966e-05,5.697256464934928e-05,40000,10000,sample SD across five independent encoder/split seeds
723,5,0.0018905948135628798,0.00014355183737305982,0.0018973247541486601,0.00012607125867491965,6.419833333223131e-05,5.638078088121608e-05,40000,10000,sample SD across five independent encoder/split seeds
724,5,0.00189004313014444,0.0001431912058544356,0.00189733934748912,0.0001291363439163463,6.403705401413677e-05,5.775152867254834e-05,40000,10000,sample SD across five independent encoder/split seeds
725,5,0.0018888488037883601,0.0001419695253172719,0.00189205483660096,0.00012721366835901686,6.349070186855946e-05,5.6891682023575157e-05,40000,10000,sample SD across five independent encoder/split seeds
726,5,0.0018866631696372797,0.0001439035729328438,0.00189589065905654,0.00012395255807683684,6.43556342565875e-05,5.543326916895955e-05,40000,10000,sample SD across five independent encoder/split seeds
727,5,0.00188717781696464,0.00014079237815647165,0.00189262995023274,0.000127023503762183,6.296426565434542e-05,5.680663783048829e-05,40000,10000,sample SD across five independent encoder/split seeds
728,5,0.00188507293831554,0.00014318716004410367,0.0018965720091014399,0.00012154315373055633,6.403524467275152e-05,5.435575078824622e-05,40000,10000,sample SD across five independent encoder/split seeds
729,5,0.00188429159283634,0.00014199005334968167,0.00189193300083276,0.00012479675681276113,6.349988228374198e-05,5.581080632096877e-05,40000,10000,sample SD across five independent encoder/split seeds
730,5,0.00188276119474318,0.0001431236505686283,0.0018918371880799,0.00012579461311646052,6.400684237187586e-05,5.625706122633848e-05,40000,10000,sample SD across five independent encoder/split seeds
731,5,0.00188190243139858,0.00014311090970432552,0.0018928761668875402,0.00012382373446267076,6.400114448414123e-05,5.537565749728304e-05,40000,10000,sample SD across five independent encoder/split seeds
732,5,0.0018821308359130598,0.00014221749163708666,0.00188927220873528,0.0001245848687777118,6.360159577800673e-05,5.571604711097095e-05,40000,10000,sample SD across five independent encoder/split seeds
733,5,0.0018783870352059,0.0001431648328685527,0.00188475149802858,0.00012720701084032026,6.402525965629601e-05,5.688870469070175e-05,40000,10000,sample SD across five independent encoder/split seeds
734,5,0.00187705919485534,0.00014234233346731453,0.00188340236671264,0.00012312591057248997,6.365742674177173e-05,5.506358116632952e-05,40000,10000,sample SD across five independent encoder/split seeds
735,5,0.0018751483511551801,0.00014435534846212386,0.00188216003146018,0.00012658936190916242,6.455767441539573e-05,5.661248369144194e-05,40000,10000,sample SD across five independent encoder/split seeds
736,5,0.00187544696211808,0.0001429088135094627,0.0018808180493861,0.00012747264650548454,6.391076431819977e-05,5.7007500571612886e-05,40000,10000,sample SD across five independent encoder/split seeds
737,5,0.00187531363453712,0.00014282032206528567,0.00188513452935958,0.00012999544783727244,6.387118974127838e-05,5.813573162593383e-05,40000,10000,sample SD across five independent encoder/split seeds
738,5,0.0018726788726821,0.0001422297531099479,0.00187768947038796,0.00012821786135827894,6.360707927537111e-05,5.734077078535104e-05,40000,10000,sample SD across five independent encoder/split seeds
739,5,0.00187178826030338,0.00014357902723815424,0.0018774756169691203,0.0001247414855006853,6.421049300956135e-05,5.5786088238767344e-05,40000,10000,sample SD across five independent encoder/split seeds
740,5,0.00187102684352542,0.00014259301361797575,0.00187781584963196,0.0001257170017782255,6.37695343132694e-05,5.622235238071483e-05,40000,10000,sample SD across five independent encoder/split seeds
741,5,0.00187008587006474,0.0001421004600461284,0.00187912981443102,0.00012386726304190645,6.35492576594272e-05,5.539512406971004e-05,40000,10000,sample SD across five independent encoder/split seeds
742,5,0.00187058269880706,0.00014283605618083489,0.00187701041307298,0.0001252576692376455,6.387822625166516e-05,5.601693262371192e-05,40000,10000,sample SD across five independent encoder/split seeds
743,5,0.0018676993813737802,0.00014250763130290635,0.00187390231374644,0.0001245681847817861,6.37313501811551e-05,5.57085858011657e-05,40000,10000,sample SD across five independent encoder/split seeds
744,5,0.0018671856261044,0.00014209965377892154,0.00187527727022762,0.0001263001309618615,6.354889708577068e-05,5.6483135679569645e-05,40000,10000,sample SD across five independent encoder/split seeds
745,5,0.0018648813603817601,0.0001463907149552883,0.00187106591977176,0.00012843751194632324,6.546791798296394e-05,5.7439001514584014e-05,40000,10000,sample SD across five independent encoder/split seeds
746,5,0.0018631183592601997,0.00014540882181679786,0.00186930244851852,0.00012859121516755503,6.502880202210289e-05,5.750773968479101e-05,40000,10000,sample SD across five independent encoder/split seeds
747,5,0.0018621954232453598,0.00014528972845667123,0.0018681120685114998,0.00012747627525290414,6.497554185232049e-05,5.7009123396793566e-05,40000,10000,sample SD across five independent encoder/split seeds
748,5,0.00186147302180524,0.00014518015069759732,0.0018662054947018,0.00012652613722712987,6.492653718869822e-05,5.6584208754065824e-05,40000,10000,sample SD across five independent encoder/split seeds
749,5,0.0018605147209763203,0.00014491045924731302,0.0018676094375922598,0.00012807349015772022,6.480592750554099e-05,5.727620602166253e-05,40000,10000,sample SD across five independent encoder/split seeds
750,5,0.00186043080389494,0.00014495489178462703,0.00186493462566282,0.00012557846012954321,6.482579834031037e-05,5.616039467188113e-05,40000,10000,sample SD across five independent encoder/split seeds
751,5,0.0018594769076257602,0.00014502543606346164,0.00186643259149038,0.0001282491503192368,6.485734670088994e-05,5.735476363408047e-05,40000,10000,sample SD across five independent encoder/split seeds
752,5,0.00185836704209444,0.00014433221531874764,0.0018642262932285,0.00012668009150782112,6.454732895917124e-05,5.665305920147637e-05,40000,10000,sample SD across five independent encoder/split seeds
753,5,0.0018569386668875199,0.00014350639795314996,0.0018643213238566402,0.0001265602627430381,6.4178012205876e-05,5.659947014873344e-05,40000,10000,sample SD across five independent encoder/split seeds
754,5,0.0018562634747475,0.0001436396598045576,0.00186163322184228,0.00012484134646760688,6.423760871758699e-05,5.5830747420834445e-05,40000,10000,sample SD across five independent encoder/split seeds
755,5,0.00185562755819404,0.00014379037354873007,0.00186516582984474,0.0001277597965182775,6.430500995300961e-05,5.713591796128188e-05,40000,10000,sample SD across five independent encoder/split seeds
756,5,0.0018546111815049802,0.0001435534487611688,0.00186121310520912,0.00012565376045242226,6.419905396690129e-05,5.6194070000018176e-05,40000,10000,sample SD across five independent encoder/split seeds
757,5,0.0018534488037600602,0.0001432496571255506,0.00186179262399668,0.000126981027458248,6.406319421725366e-05,5.678764184988197e-05,40000,10000,sample SD across five independent encoder/split seeds
758,5,0.0018537507617473199,0.00014366328974166738,0.0018613047846406199,0.00012542820758213135,6.424817634672329e-05,5.609319968992005e-05,40000,10000,sample SD across five independent encoder/split seeds
759,5,0.00185169635359192,0.0001428753070154737,0.0018586147714033,0.0001250460044410484,6.389577975855036e-05,5.5922273248984967e-05,40000,10000,sample SD across five independent encoder/split seeds
760,5,0.00185070786684744,0.00014214275433858083,0.00185955922570074,0.0001264910690290162,6.356817224202397e-05,5.6568525779099706e-05,40000,10000,sample SD across five independent encoder/split seeds
761,5,0.00185049777369942,0.00014248757972402744,0.00186030258644368,0.00012584846997131866,6.372238284246922e-05,5.6281146744041904e-05,40000,10000,sample SD across five independent encoder/split seeds
762,5,0.00184918280303474,0.00014238055270499928,0.00185898221213366,0.0001254983516671372,6.367451890447398e-05,5.612456907837857e-05,40000,10000,sample SD across five independent encoder/split seeds
763,5,0.0018495843857153599,0.00014215956824559751,0.00185576110612596,0.00012554687954853986,6.35756916498353e-05,5.614627140670264e-05,40000,10000,sample SD across five independent encoder/split seeds
764,5,0.0018469747291504802,0.00014138606140501754,0.0018549557317793,0.00012310979314604986,6.322976887451572e-05,5.505637323410103e-05,40000,10000,sample SD across five independent encoder/split seeds
765,5,0.00184698037911202,0.00014149616409175542,0.00185589412637048,0.00012421805937818742,6.327900829292597e-05,5.5552004960546465e-05,40000,10000,sample SD across five independent encoder/split seeds
766,5,0.0018461579086631202,0.00014203651457418833,0.00185374194063244,0.00012385115840631475,6.352066037500494e-05,5.538792185772286e-05,40000,10000,sample SD across five independent encoder/split seeds
767,5,0.00184506184082474,0.000141293573566624,0.0018506993518769,0.00012386053649179857,6.318840705576773e-05,5.539211586505099e-05,40000,10000,sample SD across five independent encoder/split seeds
768,5,0.00184454436600202,0.00014183631962119537,0.00185404979087406,0.00012721344568978574,6.3431130470276e-05,5.689158244286771e-05,40000,10000,sample SD across five independent encoder/split seeds
769,5,0.00184234667476262,0.00014055795124463274,0.0018526821845024199,0.0001244299928281614,6.285942675221999e-05,5.564678448071604e-05,40000,10000,sample SD across five independent encoder/split seeds
770,5,0.0018418281010537999,0.00014105388857485772,0.0018483824096619601,0.00012341546598464717,6.308121666881256e-05,5.519307428329682e-05,40000,10000,sample SD across five independent encoder/split seeds
771,5,0.0018416012798621799,0.00014153078370879633,0.00185001999970522,0.0001268306327958868,6.329449065633767e-05,5.672038331218341e-05,40000,10000,sample SD across five independent encoder/split seeds
772,5,0.0018399050375446,0.00014058132211613907,0.0018471825876831601,0.00012227374717238868,6.28698785236963e-05,5.4682482108216754e-05,40000,10000,sample SD across five independent encoder/split seeds
773,5,0.00183994770176702,0.00014098278293263363,0.0018460662673786,0.00012346863251467635,6.304941725889318e-05,5.5216851078351424e-05,40000,10000,sample SD across five independent encoder/split seeds
774,5,0.0018383881300314798,0.0001406188809694548,0.00184753144856538,0.00012693940573686892,6.288667535353049e-05,5.676902805021314e-05,40000,10000,sample SD across five independent encoder/split seeds
775,5,0.0018375511242821202,0.00014069678523098602,0.00184703396271912,0.00012490769013298153,6.292151519843463e-05,5.586041720996528e-05,40000,10000,sample SD across five independent encoder/split seeds
776,5,0.0018366107418387799,0.00014053756069946747,0.00184632101472464,0.00012542852127217478,6.285030782320243e-05,5.6093339976372236e-05,40000,10000,sample SD across five independent encoder/split seeds
777,5,0.0018361728939041,0.00014073297151393461,0.0018410623465478,0.00012230749115503824,6.293769819613986e-05,5.469757287602395e-05,40000,10000,sample SD across five independent encoder/split seeds
778,5,0.0018348819172009398,0.00014033821922328476,0.00184210288368158,0.00012593678795324786,6.276115960490648e-05,5.6320643746287765e-05,40000,10000,sample SD across five independent encoder/split seeds
779,5,0.0018347363940253401,0.0001411343834403959,0.00184075382981444,0.00012251114646916796,6.311721506704917e-05,5.478865030129858e-05,40000,10000,sample SD across five independent encoder/split seeds
780,5,0.0018324879262595802,0.00013934692721814926,0.0018410612453519802,0.0001230023032452307,6.231784034309947e-05,5.500830228907576e-05,40000,10000,sample SD across five independent encoder/split seeds
781,5,0.00183216830905522,0.00014020400505580308,0.00184009952068326,0.00012470957456727486,6.270113720449998e-05,5.57718172355011e-05,40000,10000,sample SD across five independent encoder/split seeds
782,5,0.0018315575396641401,0.00014025443989344483,0.00183712717670942,0.00012374167784296982,6.27236923495802e-05,5.5338960661352006e-05,40000,10000,sample SD across five independent encoder/split seeds
783,5,0.00183072231333698,0.0001402713235633208,0.00183632101237768,0.0001232415866680695,6.273124295629067e-05,5.511531308894704e-05,40000,10000,sample SD across five independent encoder/split seeds
784,5,0.0018293376601487,0.0001399161531039577,0.0018353662059828202,0.00012237006717566725,6.257240589814352e-05,5.472555772320153e-05,40000,10000,sample SD across five independent encoder/split seeds
785,5,0.00182860621526834,0.00013981596726222908,0.0018355324650182602,0.0001236487870566399,6.252760142764588e-05,5.529741863880859e-05,40000,10000,sample SD across five independent encoder/split seeds
786,5,0.0018273600582405201,0.0001388657930781118,0.00183654719341542,0.00012664570641843996,6.210267061441554e-05,5.663768172202263e-05,40000,10000,sample SD across five independent encoder/split seeds
787,5,0.00182699403770262,0.00013997886103720428,0.0018348918224125599,0.0001240136625106739,6.26004497384371e-05,5.546059590251681e-05,40000,10000,sample SD across five independent encoder/split seeds
788,5,0.0018255764101817802,0.0001392952125995888,0.00183174965050064,0.00012149273836681812,6.229471286259316e-05,5.433320435216042e-05,40000,10000,sample SD across five independent encoder/split seeds
789,5,0.00182557090882206,0.00013991496581242848,0.0018326443152501802,0.00012215575463173445,6.257187492522983e-05,5.46297142398686e-05,40000,10000,sample SD across five independent encoder/split seeds
790,5,0.00182344960857178,0.00013873172427298968,0.0018313479241355598,0.00012235720705037524,6.20427132220325e-05,5.4719806500331114e-05,40000,10000,sample SD across five independent encoder/split seeds
791,5,0.0018237680778279398,0.00013959493370252317,0.0018336622654646002,0.00012535653700834325,6.242875221468364e-05,5.606114763492472e-05,40000,10000,sample SD across five independent encoder/split seeds
792,5,0.0018222281740232602,0.0001393454586525274,0.0018279863243549602,0.00012218305031081524,6.231718358058749e-05,5.464192123865193e-05,40000,10000,sample SD across five independent encoder/split seeds
793,5,0.0018217118606716001,0.00013891487630430017,0.00182738961618388,0.00012267326204256314,6.212462130047799e-05,5.4861150589763175e-05,40000,10000,sample SD across five independent encoder/split seeds
794,5,0.0018201680381595398,0.00013890214534397047,0.0018269936080649001,0.00012257484243469226,6.211892784193477e-05,5.481713600305954e-05,40000,10000,sample SD across five independent encoder/split seeds
795,5,0.00181989832915362,0.00013894999346502867,0.0018268744011223199,0.00012474793074221,6.214032617219113e-05,5.578897063840347e-05,40000,10000,sample SD across five independent encoder/split seeds
796,5,0.00181893916428084,0.00013892035341659764,0.00182521361090238,0.00012137079348447878,6.212707073956149e-05,5.427866894287662e-05,40000,10000,sample SD across five independent encoder/split seeds
797,5,0.0018190456498041198,0.00013944549726795035,0.00182382304739202,0.00012173029239195718,6.236192220947963e-05,5.443944174186834e-05,40000,10000,sample SD across five independent encoder/split seeds
798,5,0.00181666536841538,0.00013794376009600845,0.00182396567892278,0.00012201050802337,6.169032492931956e-05,5.4564757981907764e-05,40000,10000,sample SD across five independent encoder/split seeds
799,5,0.0018153904014080202,0.0001381955982946246,0.00182336002949618,0.00012164434719882446,6.180295039560692e-05,5.440100588303152e-05,40000,10000,sample SD across five independent encoder/split seeds
800,5,0.0018161068585887002,0.00013911766498762144,0.00182318414323028,0.00012287300159110186,6.221531115667279e-05,5.495047683142871e-05,40000,10000,sample SD across five independent encoder/split seeds
