masking,seed,optimizer_updates,epoch,train_loss,validation_loss,lr
K1,0,2500,1,0.2724538094639778,0.2550364928722382,0.001
K1,0,5000,2,0.18833966402411462,0.27064059648513794,0.001
K1,0,7500,3,0.161588297778368,0.28628174176216126,0.001
K1,0,10000,4,0.14777042906880378,0.2978425880432129,0.001
K1,0,12500,5,0.13966457374095917,0.31083941345214844,0.001
K1,0,15000,6,0.13427934868335725,0.3079754411697388,0.001
K1,0,17500,7,0.12990852322280408,0.3120010230541229,0.001
K1,0,20000,8,0.1270306212157011,0.32346550846099853,0.001
K1,0,22500,9,0.12496082529723644,0.32673369855880735,0.001
K1,0,25000,10,0.12301447597444057,0.32261969442367555,0.001
K1,0,27500,11,0.12120359763503075,0.32593208765983583,0.001
K1,0,30000,12,0.11999055478572845,0.3333103338241577,0.001
K1,0,32500,13,0.11854016939997673,0.3331944312095642,0.001
K1,0,35000,14,0.11766805620789528,0.3382498900413513,0.001
K1,0,37500,15,0.11671168357133865,0.33696468749046327,0.001
K1,0,40000,16,0.11581371969282628,0.3288912717819214,0.001
K1,0,42500,17,0.11534455136656761,0.34352249393463136,0.001
K1,0,45000,18,0.11453336459696292,0.3392715882778168,0.001
K1,0,47500,19,0.11390128622949124,0.34566700439453124,0.001
K1,0,50000,20,0.11336953460276127,0.34941510677337645,0.001
K1,0,52500,21,0.11283310886621475,0.34244556131362913,0.001
K1,0,55000,22,0.11246107496917247,0.3480510239601135,0.001
K1,0,57500,23,0.11202367298901081,0.34396380701065066,0.001
K1,0,60000,24,0.11155765852034091,0.3467199113845825,0.001
K1,0,62500,25,0.11132834739387035,0.3425951220035553,0.001
K1,0,65000,26,0.11087777931690217,0.3460560461997986,0.001
K1,0,67500,27,0.1105755250185728,0.351920142698288,0.001
K1,0,70000,28,0.11036887627840042,0.34490420308113096,0.001
K1,0,72500,29,0.1101192186921835,0.3490413717746735,0.001
K1,0,75000,30,0.10977556568086147,0.3457458859920502,0.001
K1,0,77500,31,0.10952176328897477,0.35678917579650876,0.001
K1,0,80000,32,0.10921903615891933,0.36288164863586425,0.001
K1,0,82500,33,0.10912046788036824,0.3466520151138306,0.001
K1,0,85000,34,0.10883238309919833,0.3497193356990814,0.001
K1,0,87500,35,0.10868790778815746,0.3470809540271759,0.001
K1,0,90000,36,0.10854246990382671,0.35430958290100095,0.001
K1,0,92500,37,0.10833371174037457,0.34955843200683595,0.001
K1,0,95000,38,0.10795963940620422,0.36048998980522157,0.001
K1,0,97500,39,0.10793281287550927,0.3546090416431427,0.001
K1,0,100000,40,0.107885380885005,0.35974145073890684,0.001
K1,0,102500,41,0.10764186308085918,0.3522797111034393,0.001
K1,0,105000,42,0.10744723985195159,0.36366286873817444,0.001
K1,0,107500,43,0.10733150634169579,0.3545769861698151,0.001
K1,0,110000,44,0.10719753715395927,0.36145774865150454,0.001
K1,0,112500,45,0.10706417819559574,0.3543132109165192,0.001
K1,0,115000,46,0.1069783104479313,0.3629918055534363,0.001
K1,0,117500,47,0.10679571197926999,0.3559678617954254,0.001
K1,0,120000,48,0.10668652163743973,0.3472299113273621,0.001
K1,0,122500,49,0.10653560749292373,0.3554742197036743,0.001
K1,0,125000,50,0.10648561103343963,0.35566760683059695,0.001
K1,0,127500,51,0.10640492980778217,0.3590930896759033,0.001
K1,1,2500,1,0.2704446865558624,0.24719928162097932,0.001
K1,1,5000,2,0.1873443591594696,0.2660612265110016,0.001
K1,1,7500,3,0.1593216984450817,0.2817487286567688,0.001
K1,1,10000,4,0.14525127727389336,0.29451443490982054,0.001
K1,1,12500,5,0.13580105433464051,0.3065841401576996,0.001
K1,1,15000,6,0.13020581855475902,0.3068524395465851,0.001
K1,1,17500,7,0.12598324221372603,0.31531850385665894,0.001
K1,1,20000,8,0.12279498765170574,0.32053288793563844,0.001
K1,1,22500,9,0.12044810978770255,0.3262741961479187,0.001
K1,1,25000,10,0.11844180000126361,0.3264032151699066,0.001
K1,1,27500,11,0.11662324093580247,0.32326370854377745,0.001
K1,1,30000,12,0.1152215755134821,0.32852377123832704,0.001
K1,1,32500,13,0.11405755350589752,0.3281056924343109,0.001
K1,1,35000,14,0.11297930104732513,0.32908130974769595,0.001
K1,1,37500,15,0.11204755314588546,0.33887156071662905,0.001
K1,1,40000,16,0.11131813507676125,0.33294647436141966,0.001
K1,1,42500,17,0.11058766574561596,0.33229770822525023,0.001
K1,1,45000,18,0.10983817662894725,0.3259931325435638,0.001
K1,1,47500,19,0.1095672180712223,0.33816386604309084,0.001
K1,1,50000,20,0.10869537692368031,0.3330004304409027,0.001
K1,1,52500,21,0.10819956336021423,0.34224628291130066,0.001
K1,1,55000,22,0.10791203616559505,0.3741088476657867,0.001
K1,1,57500,23,0.10733122016191482,0.3343412726402283,0.001
K1,1,60000,24,0.1068941005051136,0.34035737228393553,0.001
K1,1,62500,25,0.10675204900801182,0.33302483410835265,0.001
K1,1,65000,26,0.1062201860010624,0.3442303330421448,0.001
K1,1,67500,27,0.1059550407320261,0.34135533590316774,0.001
K1,1,70000,28,0.10565074267387391,0.3394029709339142,0.001
K1,1,72500,29,0.10550293049812316,0.3441888842105865,0.001
K1,1,75000,30,0.10506682453155518,0.3315875133991241,0.001
K1,1,77500,31,0.10487660001218319,0.34461220774650575,0.001
K1,1,80000,32,0.10467698300182819,0.3420665238380432,0.001
K1,1,82500,33,0.1043562841296196,0.3415151902675629,0.001
K1,1,85000,34,0.10419215259253979,0.34931785249710084,0.001
K1,1,87500,35,0.10397757294476032,0.35470400290489196,0.001
K1,1,90000,36,0.10377457979321479,0.3478594242095947,0.001
K1,1,92500,37,0.10353205651640893,0.3511029604434967,0.001
K1,1,95000,38,0.1034656939804554,0.3465071229457855,0.001
K1,1,97500,39,0.1031772520661354,0.3556213480472565,0.001
K1,1,100000,40,0.10310788956880569,0.35098355765342715,0.001
K1,1,102500,41,0.10296910295784474,0.34520103583335876,0.001
K1,1,105000,42,0.10269412106573582,0.3575936923980713,0.001
K1,1,107500,43,0.10267198336720466,0.3614837438106537,0.001
K1,1,110000,44,0.10253247605860233,0.3546562925338745,0.001
K1,1,112500,45,0.10233535999655724,0.3565852071762085,0.001
K1,1,115000,46,0.10242424859702587,0.3527814278125763,0.001
K1,1,117500,47,0.10207697904706,0.3565055302619934,0.001
K1,1,120000,48,0.10198875520229339,0.3513226667881012,0.001
K1,1,122500,49,0.10188772191405296,0.35331964769363405,0.001
K1,1,125000,50,0.10197534489929676,0.35264131784439084,0.001
K1,1,127500,51,0.10162935985624791,0.35737171969413756,0.001
K1,2,2500,1,0.26851562122106554,0.2558888709068298,0.001
K1,2,5000,2,0.18758848142027854,0.2659519711971283,0.001
K1,2,7500,3,0.15934982491135596,0.28087906346321106,0.001
K1,2,10000,4,0.14409272266030312,0.29660327024459837,0.001
K1,2,12500,5,0.1355628793925047,0.30540539603233335,0.001
K1,2,15000,6,0.12953404895663262,0.31428992247581483,0.001
K1,2,17500,7,0.1254068648904562,0.31606964325904846,0.001
K1,2,20000,8,0.12240385523736477,0.3250182923793793,0.001
K1,2,22500,9,0.11990009222328663,0.32470628933906553,0.001
K1,2,25000,10,0.11808422064781189,0.32199981870651245,0.001
K1,2,27500,11,0.11624221843481064,0.3232366644859314,0.001
K1,2,30000,12,0.11514889354705811,0.3245924513339996,0.001
K1,2,32500,13,0.11387510878443718,0.3354923042297363,0.001
K1,2,35000,14,0.1127039174258709,0.3365410894393921,0.001
K1,2,37500,15,0.11192193332314491,0.33972367329597475,0.001
K1,2,40000,16,0.11097745819687843,0.3270506524085999,0.001
K1,2,42500,17,0.11027890022397041,0.33520104274749757,0.001
K1,2,45000,18,0.10975395241379737,0.350846120262146,0.001
K1,2,47500,19,0.109077000567317,0.34587078733444215,0.001
K1,2,50000,20,0.10851288353204727,0.33994170122146605,0.001
K1,2,52500,21,0.10805599228739739,0.34879156851768495,0.001
K1,2,55000,22,0.1076705002695322,0.3365626893043518,0.001
K1,2,57500,23,0.10722153508365154,0.3439586534500122,0.001
K1,2,60000,24,0.10686260812878609,0.34431409001350405,0.001
K1,2,62500,25,0.10635283297598362,0.3487167511463165,0.001
K1,2,65000,26,0.10599013266563416,0.3500669844150543,0.001
K1,2,67500,27,0.10570620536208153,0.34957906169891356,0.001
K1,2,70000,28,0.10561184155344963,0.341668373966217,0.001
K1,2,72500,29,0.10515678060948849,0.3592506500720978,0.001
K1,2,75000,30,0.1048538614332676,0.34858751797676085,0.001
K1,2,77500,31,0.10484930332899094,0.35415591864585877,0.001
K1,2,80000,32,0.10427592886984348,0.3481032525062561,0.001
K1,2,82500,33,0.10412884262800216,0.35226460671424864,0.001
K1,2,85000,34,0.10405288007855415,0.34788917698860167,0.001
K1,2,87500,35,0.10381274838745594,0.3518592321395874,0.001
K1,2,90000,36,0.10352206855416297,0.34670505003929136,0.001
K1,2,92500,37,0.10341180135905742,0.35887143564224244,0.001
K1,2,95000,38,0.10314512875080109,0.36088579535484316,0.001
K1,2,97500,39,0.10301693521738052,0.36090602407455447,0.001
K1,2,100000,40,0.10285341657698155,0.35082146639823913,0.001
K1,2,102500,41,0.10276288621723652,0.3466530242919922,0.001
K1,2,105000,42,0.10252846322357655,0.35296241850852966,0.001
K1,2,107500,43,0.10242843777239323,0.3550878061771393,0.001
K1,2,110000,44,0.10225423879921436,0.36065577244758606,0.001
K1,2,112500,45,0.10219076603651046,0.34866686153411863,0.001
K1,2,115000,46,0.10210085459947586,0.3501946813583374,0.001
K1,2,117500,47,0.10190570802390575,0.3573988507270813,0.001
K1,2,120000,48,0.10184531653225422,0.3584353359222412,0.001
K1,2,122500,49,0.1016509849011898,0.35138386359214785,0.001
K1,2,125000,50,0.10164028275310993,0.35817224431037903,0.001
K1,2,127500,51,0.10142440866231918,0.3661125063419342,0.001
K1,3,2500,1,0.2724057358920574,0.24846977343559265,0.001
K1,3,5000,2,0.19115094529986382,0.271151386642456,0.001
K1,3,7500,3,0.16198612949252128,0.2811332646369934,0.001
K1,3,10000,4,0.14706301223635673,0.2889883933067322,0.001
K1,3,12500,5,0.13768013952374458,0.30538237690925596,0.001
K1,3,15000,6,0.1319053945362568,0.30689341621398925,0.001
K1,3,17500,7,0.12774289380311965,0.30572690768241884,0.001
K1,3,20000,8,0.12479180897176266,0.31722516083717345,0.001
K1,3,22500,9,0.12216301137208939,0.3100111253261566,0.001
K1,3,25000,10,0.12042532055675984,0.31865283665657046,0.001
K1,3,27500,11,0.11884229845702649,0.3237882968425751,0.001
K1,3,30000,12,0.11714691337645054,0.3180530755519867,0.001
K1,3,32500,13,0.11616557139158248,0.3286917285919189,0.001
K1,3,35000,14,0.11504055026173592,0.33130667490959165,0.001
K1,3,37500,15,0.113923899269104,0.3328634497642517,0.001
K1,3,40000,16,0.1133325315952301,0.32898469457626345,0.001
K1,3,42500,17,0.11250571176409721,0.329664875125885,0.001
K1,3,45000,18,0.11210755672454834,0.32679825024604797,0.001
K1,3,47500,19,0.11163945707678795,0.33057951793670654,0.001
K1,3,50000,20,0.11082354415357112,0.328425369310379,0.001
K1,3,52500,21,0.11015933076441288,0.3346964567661285,0.001
K1,3,55000,22,0.10990237815082073,0.3364860421657562,0.001
K1,3,57500,23,0.10950183122754097,0.3410604759693146,0.001
K1,3,60000,24,0.10893452196717263,0.3249388590812683,0.001
K1,3,62500,25,0.10861891615986824,0.3325302062034607,0.001
K1,3,65000,26,0.10819231333732605,0.3399144501209259,0.001
K1,3,67500,27,0.10810632490217685,0.34513021621704104,0.001
K1,3,70000,28,0.10757785946130753,0.33363292775154113,0.001
K1,3,72500,29,0.10736805379986764,0.33310223746299744,0.001
K1,3,75000,30,0.10734619728922844,0.3402542640209198,0.001
K1,3,77500,31,0.10679992098510266,0.343649964761734,0.001
K1,3,80000,32,0.10650556445419788,0.3476114511013031,0.001
K1,3,82500,33,0.10641690950095653,0.3423476571559906,0.001
K1,3,85000,34,0.10615525300502777,0.3441775599479675,0.001
K1,3,87500,35,0.10588263241946697,0.3419366139411926,0.001
K1,3,90000,36,0.10586844378709794,0.3439678659439087,0.001
K1,3,92500,37,0.10563352860212326,0.34512490725517275,0.001
K1,3,95000,38,0.10538930836021901,0.35005724401474,0.001
K1,3,97500,39,0.10528128646314144,0.3469971926689148,0.001
K1,3,100000,40,0.10510305070877075,0.3447047456264496,0.001
K1,3,102500,41,0.10511230425834656,0.34345199165344237,0.001
K1,3,105000,42,0.10487862261235714,0.3502452224254608,0.001
K1,3,107500,43,0.1047624060034752,0.3461313417434692,0.001
K1,3,110000,44,0.10459714279472827,0.34600509142875674,0.001
K1,3,112500,45,0.10438641936182975,0.3502072999954224,0.001
K1,3,115000,46,0.10441851861774921,0.35007871770858767,0.001
K1,3,117500,47,0.10411655275821685,0.34554675822257996,0.001
K1,3,120000,48,0.10400998286306858,0.3436922293663025,0.001
K1,3,122500,49,0.10403078260421753,0.35241540303230284,0.001
K1,3,125000,50,0.10378391362428666,0.34888438019752505,0.001
K1,3,127500,51,0.10388433229327201,0.35127603330612184,0.001
K1,4,2500,1,0.26798312378525735,0.25124986095428464,0.001
K1,4,5000,2,0.19039108949899675,0.26297158036231993,0.001
K1,4,7500,3,0.16142539187669755,0.2810838990688324,0.001
K1,4,10000,4,0.1460393130004406,0.29496314520835876,0.001
K1,4,12500,5,0.13668637011945248,0.30546317248344423,0.001
K1,4,15000,6,0.1310427053540945,0.3134902752876282,0.001
K1,4,17500,7,0.12645840250551701,0.3092618696689606,0.001
K1,4,20000,8,0.12324950895905494,0.31231620898246765,0.001
K1,4,22500,9,0.12092931833863259,0.31601133251190183,0.001
K1,4,25000,10,0.11886890777051448,0.3324067365169525,0.001
K1,4,27500,11,0.11742428916394711,0.3248004891872406,0.001
K1,4,30000,12,0.1158758340895176,0.3304874433040619,0.001
K1,4,32500,13,0.11453681379854679,0.3300947710990906,0.001
K1,4,35000,14,0.1136674952685833,0.3305369821071625,0.001
K1,4,37500,15,0.11267884214222432,0.33519170999526976,0.001
K1,4,40000,16,0.11193270649313927,0.3286361668586731,0.001
K1,4,42500,17,0.11117199487686157,0.33461498193740846,0.001
K1,4,45000,18,0.11056335054039955,0.3333052478790283,0.001
K1,4,47500,19,0.10993557244241238,0.3377653750419617,0.001
K1,4,50000,20,0.10968689515292644,0.33643741550445555,0.001
K1,4,52500,21,0.10899002503156661,0.3426513735294342,0.001
K1,4,55000,22,0.1084268718034029,0.33645058407783507,0.001
K1,4,57500,23,0.10817663469314576,0.34854028811454774,0.001
K1,4,60000,24,0.10765356589257717,0.3410928709983826,0.001
K1,4,62500,25,0.10725868760347367,0.34252587823867797,0.001
K1,4,65000,26,0.10700734978914261,0.3500835455417633,0.001
K1,4,67500,27,0.10656902845501899,0.34611477880477903,0.001
K1,4,70000,28,0.10640784931480884,0.3388269111156464,0.001
K1,4,72500,29,0.10596343739926815,0.3440683332920074,0.001
K1,4,75000,30,0.10585299832820892,0.3515630549430847,0.001
K1,4,77500,31,0.10562545521855354,0.3501694903850555,0.001
K1,4,80000,32,0.10533736255466938,0.352521045255661,0.001
K1,4,82500,33,0.1052677381157875,0.34603439502716066,0.001
K1,4,85000,34,0.10485575734376908,0.3499914125919342,0.001
K1,4,87500,35,0.10463523259460926,0.3484865379333496,0.001
K1,4,90000,36,0.10456461887061595,0.35083191385269163,0.001
K1,4,92500,37,0.10429339495301247,0.3513216908931732,0.001
K1,4,95000,38,0.10412185805737972,0.35486451258659363,0.001
K1,4,97500,39,0.10401309342086315,0.3484482268810272,0.001
K1,4,100000,40,0.10393248755335807,0.351500673866272,0.001
K1,4,102500,41,0.10366727816164494,0.349944041633606,0.001
K1,4,105000,42,0.10347857926189899,0.3453999622821808,0.001
K1,4,107500,43,0.10339865987300872,0.35597443323135375,0.001
K1,4,110000,44,0.10322508507966996,0.3554773640155792,0.001
K1,4,112500,45,0.10316899090111256,0.3533777368545532,0.001
K1,4,115000,46,0.10306871067285538,0.3717966426372528,0.001
K1,4,117500,47,0.10296958959698677,0.3499387001991272,0.001
K1,4,120000,48,0.10271050316095352,0.35637244567871096,0.001
K1,4,122500,49,0.10268493463099003,0.357585697221756,0.001
K1,4,125000,50,0.10270210243165492,0.3521510376930237,0.001
K1,4,127500,51,0.10251581444442272,0.3581404380321503,0.001
K2,0,2500,1,0.27637777155637744,0.2427638040304184,0.001
K2,0,5000,2,0.21109448340535164,0.24747118582725525,0.001
K2,0,7500,3,0.1901806022167206,0.25857849650382997,0.001
K2,0,10000,4,0.17746093084812165,0.260758279132843,0.001
K2,0,12500,5,0.16841520099043847,0.2645632959842682,0.001
K2,0,15000,6,0.16250851385593415,0.2649625304222107,0.001
K2,0,17500,7,0.15828002266287802,0.27301536774635315,0.001
K2,0,20000,8,0.1553990021944046,0.2727414367198944,0.001
K2,0,22500,9,0.15220656423568726,0.28273026876449586,0.001
K2,0,25000,10,0.15050986796617508,0.28087160387039184,0.001
K2,0,27500,11,0.14753790767788888,0.2803853734016418,0.001
K2,0,30000,12,0.14671636014580727,0.28395809712409975,0.001
K2,0,32500,13,0.14561932508349418,0.28360297713279725,0.001
K2,0,35000,14,0.14437318969368934,0.2862035322666168,0.001
K2,0,37500,15,0.14326131376028062,0.28568521246910095,0.001
K2,0,40000,16,0.14237487435936927,0.29651716585159305,0.001
K2,0,42500,17,0.14128019187450408,0.29355080876350403,0.001
K2,0,45000,18,0.14026852760314942,0.30552169842720034,0.001
K2,0,47500,19,0.1398641952753067,0.2895924716472626,0.001
K2,0,50000,20,0.13909383382201196,0.2991936990737915,0.001
K2,0,52500,21,0.1386447053104639,0.29408725519180295,0.001
K2,0,55000,22,0.13823496925234793,0.29820493745803833,0.001
K2,0,57500,23,0.13772025592923165,0.2934737969398499,0.001
K2,0,60000,24,0.13704435758292674,0.2945696162223816,0.001
K2,0,62500,25,0.13688928218483926,0.29890236763954164,0.001
K2,0,65000,26,0.1363969204723835,0.2987231280326843,0.001
K2,0,67500,27,0.13613315805196763,0.29652690091133116,0.001
K2,0,70000,28,0.13545172326266766,0.2974191009044647,0.001
K2,0,72500,29,0.1358140932649374,0.3013007341384888,0.001
K2,0,75000,30,0.13476047714352607,0.29869431433677673,0.001
K2,0,77500,31,0.1350351112216711,0.29894913334846496,0.001
K2,0,80000,32,0.13471030331552028,0.30159311289787294,0.001
K2,0,82500,33,0.13428361873030661,0.3052963686466217,0.001
K2,0,85000,34,0.1340579695135355,0.30154011368751527,0.001
K2,0,87500,35,0.13360664840936662,0.30316713371276854,0.001
K2,0,90000,36,0.13345911476314068,0.3010479742050171,0.001
K2,0,92500,37,0.13377395518124102,0.29839566178321836,0.001
K2,0,95000,38,0.13284213827848435,0.30226874809265136,0.001
K2,0,97500,39,0.13279647104144096,0.3020578950881958,0.001
K2,0,100000,40,0.13305836440324784,0.30213987288475036,0.001
K2,0,102500,41,0.13201423684954644,0.31025673661231995,0.001
K2,0,105000,42,0.13235538451969622,0.3047054989814758,0.001
K2,0,107500,43,0.13256469995379447,0.3049124538898468,0.001
K2,0,110000,44,0.1322144869983196,0.307916672039032,0.001
K2,0,112500,45,0.13255452622175218,0.3029721860408783,0.001
K2,0,115000,46,0.1312666924893856,0.30926145811080935,0.001
K2,0,117500,47,0.1316838448226452,0.3005945209980011,0.001
K2,0,120000,48,0.13135487907528878,0.3026797646522522,0.001
K2,0,122500,49,0.13155791925489901,0.3021292197227478,0.001
K2,0,125000,50,0.13134352161288262,0.30697844381332395,0.001
K2,0,127500,51,0.13161224643886088,0.31147445673942564,0.001
K2,1,2500,1,0.27490412600040437,0.23836240000724793,0.001
K2,1,5000,2,0.21157614187598228,0.23967787501811982,0.001
K2,1,7500,3,0.18931211565732955,0.2524531011104584,0.001
K2,1,10000,4,0.1751927504837513,0.2531402055978775,0.001
K2,1,12500,5,0.1658194475054741,0.26051261620521543,0.001
K2,1,15000,6,0.16043866354227065,0.26683092193603514,0.001
K2,1,17500,7,0.15542240760326387,0.26847381167411805,0.001
K2,1,20000,8,0.15168321062922477,0.27322330307960513,0.001
K2,1,22500,9,0.14884376098513602,0.27812415981292726,0.001
K2,1,25000,10,0.14679860813617707,0.28052529306411744,0.001
K2,1,27500,11,0.145067464107275,0.2809555913448334,0.001
K2,1,30000,12,0.143239511179924,0.2801997884273529,0.001
K2,1,32500,13,0.14222651633620262,0.28161379799842834,0.001
K2,1,35000,14,0.14041149945259093,0.2838283627986908,0.001
K2,1,37500,15,0.13915974661707878,0.2863403813838959,0.001
K2,1,40000,16,0.13939658512473108,0.28952143244743345,0.001
K2,1,42500,17,0.13806547960340976,0.2844455301761627,0.001
K2,1,45000,18,0.13727015927433966,0.2882000508785248,0.001
K2,1,47500,19,0.13687478692829608,0.2882927706718445,0.001
K2,1,50000,20,0.13572415307760238,0.29281321244239805,0.001
K2,1,52500,21,0.13533509126007556,0.295523086977005,0.001
K2,1,55000,22,0.13506039578020573,0.2912103934764862,0.001
K2,1,57500,23,0.13442012056708336,0.2912041367053986,0.001
K2,1,60000,24,0.1339449926584959,0.29287723808288574,0.001
K2,1,62500,25,0.13379163747131825,0.2994339527130127,0.001
K2,1,65000,26,0.13256242121756076,0.2936280856132507,0.001
K2,1,67500,27,0.13313197879493235,0.2910705900669098,0.001
K2,1,70000,28,0.13206450498998165,0.2918868557929993,0.001
K2,1,72500,29,0.13210263659358024,0.30021161165237426,0.001
K2,1,75000,30,0.13192352410554886,0.2942938351154327,0.001
K2,1,77500,31,0.13146195904314517,0.29666376824378965,0.001
K2,1,80000,32,0.13153354230821132,0.30303407588005066,0.001
K2,1,82500,33,0.13075335365235805,0.3015715902805328,0.001
K2,1,85000,34,0.13039223116338253,0.29986541290283203,0.001
K2,1,87500,35,0.13071007747352123,0.30167525281906127,0.001
K2,1,90000,36,0.1300134523719549,0.2971206201076508,0.001
K2,1,92500,37,0.13036678893864154,0.3005800298690796,0.001
K2,1,95000,38,0.12997333825230598,0.3016132203102112,0.001
K2,1,97500,39,0.12905029006004334,0.3048543904781342,0.001
K2,1,100000,40,0.1300754742652178,0.3022461857795715,0.001
K2,1,102500,41,0.12935181364119053,0.29951924567222593,0.001
K2,1,105000,42,0.12919706643223763,0.2998049915313721,0.001
K2,1,107500,43,0.1287474126726389,0.30678088874816895,0.001
K2,1,110000,44,0.1285588804781437,0.30488798336982725,0.001
K2,1,112500,45,0.12876309958696366,0.29817138719558717,0.001
K2,1,115000,46,0.12844047802090644,0.3044236861228943,0.001
K2,1,117500,47,0.12833815071582794,0.30938704500198366,0.001
K2,1,120000,48,0.12882491896152495,0.3038760389328003,0.001
K2,1,122500,49,0.1284261383533478,0.3059163564682007,0.001
K2,1,125000,50,0.12797265991270543,0.3035670062541962,0.001
K2,1,127500,51,0.12777264002263547,0.30424117379188537,0.001
K2,2,2500,1,0.27441282655000687,0.23983309118747712,0.001
K2,2,5000,2,0.21158180506825447,0.23797199780941009,0.001
K2,2,7500,3,0.188803381049633,0.2544348457813263,0.001
K2,2,10000,4,0.17551768686175345,0.2534572283267975,0.001
K2,2,12500,5,0.16589926593899726,0.266911354637146,0.001
K2,2,15000,6,0.1593452337741852,0.2701866976737976,0.001
K2,2,17500,7,0.15484154759645463,0.27161501669883725,0.001
K2,2,20000,8,0.15115062049627304,0.2721540254592896,0.001
K2,2,22500,9,0.1483368642091751,0.280550653553009,0.001
K2,2,25000,10,0.14675858728289604,0.2777527856349945,0.001
K2,2,27500,11,0.14450513754487038,0.28110806550979617,0.001
K2,2,30000,12,0.1429802292585373,0.27817084093093875,0.001
K2,2,32500,13,0.14136586415767669,0.28352350659370423,0.001
K2,2,35000,14,0.13995976249575615,0.28130286827087403,0.001
K2,2,37500,15,0.1395963210463524,0.2909484402179718,0.001
K2,2,40000,16,0.1381123700261116,0.281358687210083,0.001
K2,2,42500,17,0.13739200742840768,0.292978449344635,0.001
K2,2,45000,18,0.13710222330093383,0.2811594364643097,0.001
K2,2,47500,19,0.13607152894437313,0.2936560138225555,0.001
K2,2,50000,20,0.13567748281657696,0.28950092792510984,0.001
K2,2,52500,21,0.13420872060358524,0.292670605134964,0.001
K2,2,55000,22,0.13484932773709296,0.2924205152988434,0.001
K2,2,57500,23,0.13413371874392033,0.2982207609653473,0.001
K2,2,60000,24,0.1327375214934349,0.2887458459854126,0.001
K2,2,62500,25,0.13318134213387967,0.2992931375026703,0.001
K2,2,65000,26,0.13323032341599464,0.2966265727043152,0.001
K2,2,67500,27,0.13220214235186578,0.30281370720863343,0.001
K2,2,70000,28,0.1321253949224949,0.2983981288909912,0.001
K2,2,72500,29,0.13185688180923463,0.29334045152664184,0.001
K2,2,75000,30,0.13106829190850258,0.30742471985816955,0.001
K2,2,77500,31,0.13052333088219165,0.30133427996635437,0.001
K2,2,80000,32,0.13056262930035592,0.2992022627830505,0.001
K2,2,82500,33,0.1302550661444664,0.3016083332538605,0.001
K2,2,85000,34,0.1304069136530161,0.30425289192199706,0.001
K2,2,87500,35,0.12997248921692373,0.29829071826934817,0.001
K2,2,90000,36,0.12943628484010697,0.29828341221809385,0.001
K2,2,92500,37,0.1295415791630745,0.3006187684059143,0.001
K2,2,95000,38,0.1290004093647003,0.3001904007911682,0.001
K2,2,97500,39,0.1289438035607338,0.3092936203956604,0.001
K2,2,100000,40,0.1290821804225445,0.3039509560108185,0.001
K2,2,102500,41,0.1291313175737858,0.30377825050354,0.001
K2,2,105000,42,0.12906911002993585,0.28943593101501464,0.001
K2,2,107500,43,0.12824867900013923,0.3032310957431793,0.001
K2,2,110000,44,0.12864539263248442,0.3172723213672638,0.001
K2,2,112500,45,0.12825571628212928,0.3074098771572113,0.001
K2,2,115000,46,0.1283119348615408,0.3083311487674713,0.001
K2,2,117500,47,0.12795556218922138,0.30411911125183105,0.001
K2,2,120000,48,0.12774716553390025,0.30277361679077147,0.001
K2,2,122500,49,0.12723646583855153,0.3044376309394836,0.001
K2,2,125000,50,0.12793559209406377,0.30945327649116516,0.001
K2,2,127500,51,0.12697487481236458,0.30433071351051333,0.001
K2,2,130000,52,0.12663412103652955,0.3022440014839172,0.001
K2,3,2500,1,0.27624315317869186,0.23941656088829041,0.001
K2,3,5000,2,0.2126516407072544,0.23898884444236757,0.001
K2,3,7500,3,0.18900088923573494,0.25504394779205325,0.001
K2,3,10000,4,0.17541536446213724,0.2550180034637451,0.001
K2,3,12500,5,0.16506765317320823,0.2673167603969574,0.001
K2,3,15000,6,0.15852414645552634,0.2778723763465881,0.001
K2,3,17500,7,0.1545757560312748,0.27680159678459165,0.001
K2,3,20000,8,0.1506476002752781,0.2815876305103302,0.001
K2,3,22500,9,0.14776225286722183,0.2815256654262543,0.001
K2,3,25000,10,0.14621493796110152,0.2804781699180603,0.001
K2,3,27500,11,0.1435239068567753,0.28174323348999025,0.001
K2,3,30000,12,0.14203758174180983,0.27785701932907103,0.001
K2,3,32500,13,0.14055462606549263,0.28699057097435,0.001
K2,3,35000,14,0.13981058217287062,0.28590371308326723,0.001
K2,3,37500,15,0.13879992785453796,0.29005052099227907,0.001
K2,3,40000,16,0.13716668543815613,0.29300985255241396,0.001
K2,3,42500,17,0.13593042438328265,0.295786546087265,0.001
K2,3,45000,18,0.13632188014388083,0.2929455881595612,0.001
K2,3,47500,19,0.13498572593033314,0.29786719665527345,0.001
K2,3,50000,20,0.13490581724047662,0.3014191909313202,0.001
K2,3,52500,21,0.13415321134328842,0.2955506236076355,0.001
K2,3,55000,22,0.1336910136550665,0.29422756791114807,0.001
K2,3,57500,23,0.1325237744897604,0.29773199973106385,0.001
K2,3,60000,24,0.1325412746220827,0.29550700545310976,0.001
K2,3,62500,25,0.13247107497751712,0.2946807538509369,0.001
K2,3,65000,26,0.13182916747033596,0.2891421266555786,0.001
K2,3,67500,27,0.13085822558403015,0.2986618725299835,0.001
K2,3,70000,28,0.13136978519260883,0.3015955398082733,0.001
K2,3,72500,29,0.13055273842811585,0.3000384090423584,0.001
K2,3,75000,30,0.13018342639505864,0.3075417271614075,0.001
K2,3,77500,31,0.13002184717655182,0.31078754143714904,0.001
K2,3,80000,32,0.12957919148504735,0.30717155237197874,0.001
K2,3,82500,33,0.12961174547672272,0.3090903873920441,0.001
K2,3,85000,34,0.12848951967060565,0.3093496506214142,0.001
K2,3,87500,35,0.1293653769314289,0.2988256212234497,0.001
K2,3,90000,36,0.12877948526144029,0.30194069213867186,0.001
K2,3,92500,37,0.12784563514888286,0.3066631630420685,0.001
K2,3,95000,38,0.12832843683958053,0.3059174225330353,0.001
K2,3,97500,39,0.12838445061445236,0.304235107421875,0.001
K2,3,100000,40,0.12794956863820553,0.3060433063983917,0.001
K2,3,102500,41,0.1281537598848343,0.3040436330318451,0.001
K2,3,105000,42,0.12741111399531366,0.3030784972190857,0.001
K2,3,107500,43,0.12726061753034593,0.30925781297683713,0.001
K2,3,110000,44,0.12755985989272595,0.305188561296463,0.001
K2,3,112500,45,0.12696090004742144,0.30996172614097595,0.001
K2,3,115000,46,0.12715278058946133,0.3132429968357086,0.001
K2,3,117500,47,0.12699094337522984,0.3086199257850647,0.001
K2,3,120000,48,0.12705523552000522,0.30910064115524294,0.001
K2,3,122500,49,0.12660613707005977,0.2976646462917328,0.001
K2,3,125000,50,0.1268539927124977,0.31112518997192384,0.001
K2,3,127500,51,0.12594296808838845,0.3123911163806915,0.001
K2,3,130000,52,0.12603795609474183,0.3132382154464722,0.001
K2,4,2500,1,0.27637891921401025,0.24064929745197297,0.001
K2,4,5000,2,0.21513240339756012,0.23823465430736543,0.001
K2,4,7500,3,0.19173965611457824,0.24809385132789613,0.001
K2,4,10000,4,0.17704978013038636,0.25760271921157835,0.001
K2,4,12500,5,0.16760836781859398,0.26138476066589356,0.001
K2,4,15000,6,0.16093401749134065,0.26564092359542846,0.001
K2,4,17500,7,0.15568492714762688,0.2668598588466644,0.001
K2,4,20000,8,0.15205300882458686,0.27568690547943114,0.001
K2,4,22500,9,0.14939056395292283,0.2726037499427795,0.001
K2,4,25000,10,0.1468684761404991,0.2874540950775146,0.001
K2,4,27500,11,0.14545155054330824,0.2849561562538147,0.001
K2,4,30000,12,0.14432311572432518,0.2823091784477234,0.001
K2,4,32500,13,0.14232051529288292,0.28362309594154356,0.001
K2,4,35000,14,0.14115951611399652,0.2831278747081757,0.001
K2,4,37500,15,0.13960973853468894,0.2727250421524048,0.001
K2,4,40000,16,0.13880699122548104,0.2858073161125183,0.001
K2,4,42500,17,0.13823089209496975,0.283001869058609,0.001
K2,4,45000,18,0.13750925606191158,0.28970238547325133,0.001
K2,4,47500,19,0.13638962334096433,0.28983925385475157,0.001
K2,4,50000,20,0.13610053967535496,0.2925825363636017,0.001
K2,4,52500,21,0.13523034164011477,0.29000576272010803,0.001
K2,4,55000,22,0.13541296303272246,0.2925607523441315,0.001
K2,4,57500,23,0.13433615514338015,0.2986905074596405,0.001
K2,4,60000,24,0.13418477193117143,0.2957745895385742,0.001
K2,4,62500,25,0.13364232934117318,0.29642970781326294,0.001
K2,4,65000,26,0.13277953245937824,0.2959648651123047,0.001
K2,4,67500,27,0.13315302800834178,0.2962501234531403,0.001
K2,4,70000,28,0.13243910263180733,0.3021477373123169,0.001
K2,4,72500,29,0.1318450297653675,0.29834690017700194,0.001
K2,4,75000,30,0.1319226200670004,0.30282952098846433,0.001
K2,4,77500,31,0.13144686160683633,0.30093778772354124,0.001
K2,4,80000,32,0.13086399589776992,0.29731768622398375,0.001
K2,4,82500,33,0.1314093466669321,0.29814271841049195,0.001
K2,4,85000,34,0.1306111202776432,0.30085537695884706,0.001
K2,4,87500,35,0.13065969858765603,0.28469098110198976,0.001
K2,4,90000,36,0.1302469176620245,0.29988937788009645,0.001
K2,4,92500,37,0.1299143560141325,0.2989649173259735,0.001
K2,4,95000,38,0.12981108625531196,0.30359359164237976,0.001
K2,4,97500,39,0.13004501202702523,0.2977540996074676,0.001
K2,4,100000,40,0.12928059270977973,0.3031519805908203,0.001
K2,4,102500,41,0.1293682294487953,0.30561880326271057,0.001
K2,4,105000,42,0.12918445694744587,0.29930781745910645,0.001
K2,4,107500,43,0.1289853065520525,0.30527171421051025,0.001
K2,4,110000,44,0.12886132431328295,0.30248888788223266,0.001
K2,4,112500,45,0.12854718829989434,0.3068932693958282,0.001
K2,4,115000,46,0.1287696075230837,0.30661561212539673,0.001
K2,4,117500,47,0.12856989408433436,0.30744959292411805,0.001
K2,4,120000,48,0.12744113221764564,0.31087444911003115,0.001
K2,4,122500,49,0.1282376958489418,0.30310870118141175,0.001
K2,4,125000,50,0.12845248118937017,0.3039735436439514,0.001
K2,4,127500,51,0.12830838350355625,0.3046988108634949,0.001
K2,4,130000,52,0.12743714374601842,0.3057603904724121,0.001
K4,0,2500,1,0.27853468797802927,0.2334196393251419,0.001
K4,0,5000,2,0.22051085696816444,0.23403220472335814,0.001
K4,0,7500,3,0.20693680891990662,0.22908607902526856,0.001
K4,0,10000,4,0.19747358384132385,0.23627079689502717,0.001
K4,0,12500,5,0.1891047541499138,0.23344556097984315,0.001
K4,0,15000,6,0.18343752771019936,0.23751565902233124,0.001
K4,0,17500,7,0.17960441249608994,0.24353686017990112,0.001
K4,0,20000,8,0.17614123079180719,0.2451958981990814,0.001
K4,0,22500,9,0.17324659951329233,0.24519580762386323,0.001
K4,0,25000,10,0.17116902238130569,0.2502621402263641,0.001
K4,0,27500,11,0.1687660989999771,0.24994633374214173,0.001
K4,0,30000,12,0.16802874556779862,0.25208934655189513,0.001
K4,0,32500,13,0.1663214649438858,0.2514966847658157,0.001
K4,0,35000,14,0.16528282190561294,0.25473481793403624,0.001
K4,0,37500,15,0.16340252686142923,0.25806086683273316,0.001
K4,0,40000,16,0.16348723334670068,0.2566077365875244,0.001
K4,0,42500,17,0.16222024573087693,0.2577884676456451,0.001
K4,0,45000,18,0.16122287882566452,0.2583688712596893,0.001
K4,0,47500,19,0.16049172369241715,0.261429949760437,0.001
K4,0,50000,20,0.16008551579117775,0.26482145986557004,0.001
K4,0,52500,21,0.15882341945171355,0.26097241106033325,0.001
K4,0,55000,22,0.15891135872006415,0.2618438156604767,0.001
K4,0,57500,23,0.15827592164278032,0.2632356905937195,0.001
K4,0,60000,24,0.15754290803074836,0.26327851676940917,0.001
K4,0,62500,25,0.15689751657247544,0.25917232122421263,0.001
K4,0,65000,26,0.1568564001739025,0.2660233386516571,0.001
K4,0,67500,27,0.1566461924314499,0.2650851041793823,0.001
K4,0,70000,28,0.1556747356414795,0.270208194065094,0.001
K4,0,72500,29,0.15604281960129737,0.2657737321376801,0.001
K4,0,75000,30,0.1553492731511593,0.26389925384521484,0.001
K4,0,77500,31,0.1552761049747467,0.26449387979507444,0.001
K4,0,80000,32,0.1545854147732258,0.2721535884857178,0.001
K4,0,82500,33,0.15433596602678298,0.2742930383682251,0.001
K4,0,85000,34,0.15462513506412506,0.26349799938201907,0.001
K4,0,87500,35,0.15377412967085838,0.2731534605026245,0.001
K4,0,90000,36,0.15332752586603166,0.26530174322128297,0.001
K4,0,92500,37,0.1531914918780327,0.2702245559692383,0.001
K4,0,95000,38,0.15329294248223305,0.26662428550720213,0.001
K4,0,97500,39,0.15321735480427742,0.2692087411880493,0.001
K4,0,100000,40,0.15298932243585586,0.2728803894996643,0.001
K4,0,102500,41,0.15297880733609198,0.26817259941101074,0.001
K4,0,105000,42,0.15237158378362656,0.2674393501281738,0.001
K4,0,107500,43,0.15245685722231864,0.2659912720680237,0.001
K4,0,110000,44,0.1525134619832039,0.2645987476348877,0.001
K4,0,112500,45,0.15246428251862526,0.2715565966129303,0.001
K4,0,115000,46,0.15145324460864068,0.2718971043109894,0.001
K4,0,117500,47,0.151446217495203,0.2727234366893768,0.001
K4,0,120000,48,0.1517910573542118,0.26859640188217165,0.001
K4,0,122500,49,0.151558362275362,0.26619159636497497,0.001
K4,0,125000,50,0.15160987691283226,0.2739252754688263,0.001
K4,0,127500,51,0.15142574611902238,0.27320580887794493,0.001
K4,0,130000,52,0.15124832952022552,0.27357910599708557,0.001
K4,0,132500,53,0.15094725509881973,0.2710800252437592,0.001
K4,1,2500,1,0.27626090781092644,0.23224871625900267,0.001
K4,1,5000,2,0.22111754629611968,0.22540527672767638,0.001
K4,1,7500,3,0.20702326809167862,0.2296591897249222,0.001
K4,1,10000,4,0.19663993296027182,0.22925061085224152,0.001
K4,1,12500,5,0.18812945740818976,0.2332401755094528,0.001
K4,1,15000,6,0.18306675474643708,0.23934003179073335,0.001
K4,1,17500,7,0.1783053789258003,0.2406891005039215,0.001
K4,1,20000,8,0.17380267181396483,0.24251346452236175,0.001
K4,1,22500,9,0.17194960182309152,0.24790935361385347,0.001
K4,1,25000,10,0.16898386060595513,0.24884883794784546,0.001
K4,1,27500,11,0.16799934467077254,0.2472041290283203,0.001
K4,1,30000,12,0.16578360079526902,0.2459292073726654,0.001
K4,1,32500,13,0.16479800235629083,0.24863391659259795,0.001
K4,1,35000,14,0.1626718932211399,0.25019573600292205,0.001
K4,1,37500,15,0.16159950058460235,0.25068691411018373,0.001
K4,1,40000,16,0.16154306847453118,0.2512565365791321,0.001
K4,1,42500,17,0.1603793606877327,0.25116224362850187,0.001
K4,1,45000,18,0.15952418822050093,0.2592418297767639,0.001
K4,1,47500,19,0.15875929861664773,0.25636095485687255,0.001
K4,1,50000,20,0.15786272301077842,0.25715176990032196,0.001
K4,1,52500,21,0.15737908412814142,0.2592075940847397,0.001
K4,1,55000,22,0.15691254035830499,0.2562210632801056,0.001
K4,1,57500,23,0.15571501058936119,0.259796719121933,0.001
K4,1,60000,24,0.1559013344168663,0.2580517018556595,0.001
K4,1,62500,25,0.15512321915626526,0.25988175435066224,0.001
K4,1,65000,26,0.15458648235201836,0.2637835440158844,0.001
K4,1,67500,27,0.15473246966004373,0.2624061429023743,0.001
K4,1,70000,28,0.15387691573500634,0.2557424349784851,0.001
K4,1,72500,29,0.1539200068771839,0.2621134553432465,0.001
K4,1,75000,30,0.1530363292694092,0.2639084458351135,0.001
K4,1,77500,31,0.15285846350193025,0.2624926149845123,0.001
K4,1,80000,32,0.15271948925852777,0.26082905011177066,0.001
K4,1,82500,33,0.1519985503733158,0.2683230917930603,0.001
K4,1,85000,34,0.15262793033719063,0.2593907674074173,0.001
K4,1,87500,35,0.15212687028050423,0.26552947754859924,0.001
K4,1,90000,36,0.15195867165327073,0.2605237966537476,0.001
K4,1,92500,37,0.15123833064436912,0.26352724189758303,0.001
K4,1,95000,38,0.150990475577116,0.26189398179054263,0.001
K4,1,97500,39,0.1509218447625637,0.26441888580322265,0.001
K4,1,100000,40,0.15124235962629318,0.26753226985931394,0.001
K4,1,102500,41,0.15047728570103644,0.2657589511394501,0.001
K4,1,105000,42,0.15064556730389594,0.27113235564231875,0.001
K4,1,107500,43,0.15033613067269325,0.26594162907600405,0.001
K4,1,110000,44,0.14982940234541894,0.26775046133995056,0.001
K4,1,112500,45,0.1499945436835289,0.26391950731277464,0.001
K4,1,115000,46,0.14978682706356047,0.26850773034095765,0.001
K4,1,117500,47,0.1498115150809288,0.2696184485912323,0.001
K4,1,120000,48,0.14995526024103165,0.2631705243110657,0.001
K4,1,122500,49,0.14938306411504745,0.27108243112564084,0.001
K4,1,125000,50,0.14973785890340804,0.269993558216095,0.001
K4,1,127500,51,0.1493417471051216,0.26902005047798155,0.001
K4,1,130000,52,0.14889208999872208,0.27220214586257935,0.001
K4,2,2500,1,0.27493513625264165,0.23366065294742583,0.001
K4,2,5000,2,0.22016914280056954,0.226809157371521,0.001
K4,2,7500,3,0.20627665280103682,0.2301393625497818,0.001
K4,2,10000,4,0.19581584120988846,0.2326005530834198,0.001
K4,2,12500,5,0.18810240693688393,0.23217205307483674,0.001
K4,2,15000,6,0.1817446408033371,0.2378536009311676,0.001
K4,2,17500,7,0.17728137093782426,0.2467738137960434,0.001
K4,2,20000,8,0.17355568210482597,0.24267913479804992,0.001
K4,2,22500,9,0.17130584369897842,0.24755462110042573,0.001
K4,2,25000,10,0.16916536499261856,0.25258329524993894,0.001
K4,2,27500,11,0.16714167897701263,0.25171698372364043,0.001
K4,2,30000,12,0.16550054321885108,0.25253605546951297,0.001
K4,2,32500,13,0.16305168347358703,0.2512600918531418,0.001
K4,2,35000,14,0.16290027222037315,0.2574285728931427,0.001
K4,2,37500,15,0.16169657638072968,0.2548844058513641,0.001
K4,2,40000,16,0.16025070352554321,0.25126393785476686,0.001
K4,2,42500,17,0.1596742859840393,0.25686779193878173,0.001
K4,2,45000,18,0.1589851873397827,0.25628408441543576,0.001
K4,2,47500,19,0.15819559345841408,0.2569846245288849,0.001
K4,2,50000,20,0.15785202783942223,0.26701048798561094,0.001
K4,2,52500,21,0.15678731529712678,0.260367572927475,0.001
K4,2,55000,22,0.1564133066177368,0.2594362044334412,0.001
K4,2,57500,23,0.15540944006443025,0.2647701901912689,0.001
K4,2,60000,24,0.15512143937945366,0.26916593785285947,0.001
K4,2,62500,25,0.15478731815218927,0.2597292507171631,0.001
K4,2,65000,26,0.1545667423725128,0.26210798168182375,0.001
K4,2,67500,27,0.15401088849902153,0.2620980251789093,0.001
K4,2,70000,28,0.15361676577925681,0.2604762022972107,0.001
K4,2,72500,29,0.15346289559602738,0.26377981152534485,0.001
K4,2,75000,30,0.1526440387248993,0.2665102822303772,0.001
K4,2,77500,31,0.1522310753583908,0.2643831608772278,0.001
K4,2,80000,32,0.15210797926187516,0.26642010073661804,0.001
K4,2,82500,33,0.15162758796215056,0.2671231791973114,0.001
K4,2,85000,34,0.15204959023594855,0.26925838165283206,0.001
K4,2,87500,35,0.15188072273135186,0.26573151688575747,0.001
K4,2,90000,36,0.1513950293123722,0.2653690585613251,0.001
K4,2,92500,37,0.1512441539287567,0.2650269338130951,0.001
K4,2,95000,38,0.15062569970488549,0.2659183238506317,0.001
K4,2,97500,39,0.15056952625513076,0.27049117064476014,0.001
K4,2,100000,40,0.15042949789166452,0.2670057891845703,0.001
K4,2,102500,41,0.15047750621438027,0.26845593042373656,0.001
K4,2,105000,42,0.15042869076132775,0.2669483700275421,0.001
K4,2,107500,43,0.1497138859808445,0.27199797792434693,0.001
K4,2,110000,44,0.14990130754113198,0.2708780028820038,0.001
K4,2,112500,45,0.14978711239099501,0.2773503153800964,0.001
K4,2,115000,46,0.14958712196350096,0.26685622181892393,0.001
K4,2,117500,47,0.14946182292103768,0.2651763804912567,0.001
K4,2,120000,48,0.1492047461628914,0.2679319272994995,0.001
K4,2,122500,49,0.1488160978257656,0.26745109467506406,0.001
K4,2,125000,50,0.1492090334892273,0.2713917014122009,0.001
K4,2,127500,51,0.14871324603557587,0.27004687576293945,0.001
K4,2,130000,52,0.14833054146766664,0.26869253363609313,0.001
K4,3,2500,1,0.2794641078770161,0.23303185675144195,0.001
K4,3,5000,2,0.22144269419908524,0.23073107552528382,0.001
K4,3,7500,3,0.20820395292043686,0.22812248706817628,0.001
K4,3,10000,4,0.19734615612626075,0.2314665642976761,0.001
K4,3,12500,5,0.1896044705748558,0.23391413040161133,0.001
K4,3,15000,6,0.1827900672674179,0.23439565064907075,0.001
K4,3,17500,7,0.1792147658765316,0.24087701692581176,0.001
K4,3,20000,8,0.17576303877830504,0.24363966512680055,0.001
K4,3,22500,9,0.1722462126493454,0.2487949954509735,0.001
K4,3,25000,10,0.17066212828159333,0.24421470594406128,0.001
K4,3,27500,11,0.1683384060204029,0.24615408449172974,0.001
K4,3,30000,12,0.16635459384322165,0.24606237616539,0.001
K4,3,32500,13,0.1651807941675186,0.25254020500183105,0.001
K4,3,35000,14,0.16394135993123055,0.24525780544281006,0.001
K4,3,37500,15,0.16253227012753488,0.25614654269218445,0.001
K4,3,40000,16,0.16141180958747864,0.2515548472881317,0.001
K4,3,42500,17,0.15960831985473634,0.2599112093448639,0.001
K4,3,45000,18,0.1605323523104191,0.24976456518173218,0.001
K4,3,47500,19,0.1592346521139145,0.2559992530822754,0.001
K4,3,50000,20,0.15861468502283096,0.2572358708381653,0.001
K4,3,52500,21,0.15783555993437767,0.2548339695930481,0.001
K4,3,55000,22,0.15736771255135537,0.2591809854030609,0.001
K4,3,57500,23,0.15673331829309464,0.25463971762657167,0.001
K4,3,60000,24,0.15645764356255532,0.2554591642856598,0.001
K4,3,62500,25,0.15600490905642508,0.26094770779609683,0.001
K4,3,65000,26,0.15531913173794745,0.2590285964012146,0.001
K4,3,67500,27,0.15511208511590957,0.26327413787841797,0.001
K4,3,70000,28,0.15513842569589614,0.26116479964256284,0.001
K4,3,72500,29,0.1541676217019558,0.25752522406578066,0.001
K4,3,75000,30,0.15375802361369134,0.2653633787631989,0.001
K4,3,77500,31,0.15406765884160994,0.2665137601852417,0.001
K4,3,80000,32,0.15311072520017624,0.2643905881881714,0.001
K4,3,82500,33,0.15288225362300872,0.2648367861747742,0.001
K4,3,85000,34,0.15208641177415846,0.2672550735473633,0.001
K4,3,87500,35,0.15285057927966117,0.26382252469062806,0.001
K4,3,90000,36,0.15194584698677063,0.2624714225769043,0.001
K4,3,92500,37,0.1519043988466263,0.26933136377334593,0.001
K4,3,95000,38,0.15176824699640273,0.26351930561065673,0.001
K4,3,97500,39,0.15135220121741294,0.2651127578258514,0.001
K4,3,100000,40,0.15123186169862748,0.26758952193260194,0.001
K4,3,102500,41,0.15166097037792206,0.2693228394031525,0.001
K4,3,105000,42,0.15111708693504333,0.2699996098518372,0.001
K4,3,107500,43,0.15038209763765334,0.2650696026802063,0.001
K4,3,110000,44,0.1506469634473324,0.26364529786109925,0.001
K4,3,112500,45,0.15075705074071885,0.26898654937744143,0.001
K4,3,115000,46,0.15029527704715728,0.2651448883056641,0.001
K4,3,117500,47,0.15050751334428789,0.2751123418331146,0.001
K4,3,120000,48,0.15011237090826035,0.2693002390384674,0.001
K4,3,122500,49,0.1500098049581051,0.274032746553421,0.001
K4,3,125000,50,0.15004069793820382,0.27305933566093443,0.001
K4,3,127500,51,0.1497389293193817,0.2677551833152771,0.001
K4,3,130000,52,0.14962720945477487,0.28606275300979617,0.001
K4,3,132500,53,0.14936043832302093,0.2720179636001587,0.001
K4,4,2500,1,0.274329050385952,0.2408268878698349,0.001
K4,4,5000,2,0.2218228607237339,0.22678288214206696,0.001
K4,4,7500,3,0.2079644072175026,0.22711903064250946,0.001
K4,4,10000,4,0.1969408189356327,0.23326069986820222,0.001
K4,4,12500,5,0.18966374728679658,0.23951712198257447,0.001
K4,4,15000,6,0.1830764203608036,0.23950294361114502,0.001
K4,4,17500,7,0.17907001131772995,0.243578524851799,0.001
K4,4,20000,8,0.17513904950022696,0.2433162710428238,0.001
K4,4,22500,9,0.17280665715932847,0.24163490178585054,0.001
K4,4,25000,10,0.1702539042055607,0.24748706283569336,0.001
K4,4,27500,11,0.16788058714270593,0.2489158789396286,0.001
K4,4,30000,12,0.16682726582288743,0.2490056408882141,0.001
K4,4,32500,13,0.16507023675441743,0.2537433948040009,0.001
K4,4,35000,14,0.1637443344950676,0.24747259407043457,0.001
K4,4,37500,15,0.1625460942685604,0.2545834864616394,0.001
K4,4,40000,16,0.16132924231886864,0.25395561537742617,0.001
K4,4,42500,17,0.1607012840986252,0.25551576981544494,0.001
K4,4,45000,18,0.15958874294757844,0.2560174946308136,0.001
K4,4,47500,19,0.15927317271232605,0.2582414624214172,0.001
K4,4,50000,20,0.15837140560746193,0.2589242696285248,0.001
K4,4,52500,21,0.15781406803131104,0.2577331124305725,0.001
K4,4,55000,22,0.15763036162853242,0.260121061372757,0.001
K4,4,57500,23,0.15680862721204758,0.2607507077693939,0.001
K4,4,60000,24,0.15592596378922463,0.26796610870361326,0.001
K4,4,62500,25,0.15572753635644912,0.260820387506485,0.001
K4,4,65000,26,0.15531237003207207,0.26763910331726076,0.001
K4,4,67500,27,0.1547177000463009,0.2681033465862274,0.001
K4,4,70000,28,0.15451183552145958,0.26399946722984313,0.001
K4,4,72500,29,0.15412452070116997,0.26522412748336793,0.001
K4,4,75000,30,0.1542526894748211,0.2639334289550781,0.001
K4,4,77500,31,0.15371353021264075,0.26675284333229066,0.001
K4,4,80000,32,0.15320813064575195,0.2646475886821747,0.001
K4,4,82500,33,0.15285675635933876,0.26609556498527526,0.001
K4,4,85000,34,0.1529157993555069,0.2634772551059723,0.001
K4,4,87500,35,0.15292298004031182,0.26672892503738405,0.001
K4,4,90000,36,0.15262284313440322,0.2730323218345642,0.001
K4,4,92500,37,0.15163802632689477,0.2652165950298309,0.001
K4,4,95000,38,0.15243876789808272,0.26761169843673704,0.001
K4,4,97500,39,0.15160858556628226,0.26722870330810544,0.001
K4,4,100000,40,0.1515951382279396,0.2632933962345123,0.001
K4,4,102500,41,0.15108618874549865,0.27046350808143615,0.001
K4,4,105000,42,0.15148540104627609,0.26915262794494627,0.001
K4,4,107500,43,0.15100580404400826,0.26574737377166746,0.001
K4,4,110000,44,0.15118117229938507,0.26895771865844725,0.001
K4,4,112500,45,0.14993741878271102,0.272613352060318,0.001
K4,4,115000,46,0.15085077514648437,0.26895693006515503,0.001
K4,4,117500,47,0.15070219188332556,0.26986224064826964,0.001
K4,4,120000,48,0.14994516077041625,0.268142088842392,0.001
K4,4,122500,49,0.15036451816558838,0.2710919256687164,0.001
K4,4,125000,50,0.15031508120298387,0.26575869188308715,0.001
K4,4,127500,51,0.14946768810749053,0.27258734827041625,0.001
K4,4,130000,52,0.14981211068034173,0.26848852791786193,0.001
K8,0,2500,1,0.2800042257547379,0.2327880850315094,0.001
K8,0,5000,2,0.2234002710878849,0.2252707961320877,0.001
K8,0,7500,3,0.21364809470176696,0.22296950635910034,0.001
K8,0,10000,4,0.20781857544779778,0.22027480962276458,0.001
K8,0,12500,5,0.20264608647823334,0.22297985756397248,0.001
K8,0,15000,6,0.19856481319665908,0.2223977833032608,0.001
K8,0,17500,7,0.19529776026010515,0.22472780141830445,0.001
K8,0,20000,8,0.19250873979330063,0.2263511443376541,0.001
K8,0,22500,9,0.19040179476737976,0.22682932527065278,0.001
K8,0,25000,10,0.18795440114736556,0.22713159782886505,0.001
K8,0,27500,11,0.18628585248589516,0.2267830318927765,0.001
K8,0,30000,12,0.18524190688729286,0.22906209015846252,0.001
K8,0,32500,13,0.18360518468618392,0.23005973448753356,0.001
K8,0,35000,14,0.18271309712529182,0.23509731974601747,0.001
K8,0,37500,15,0.18132334849238396,0.2328602425098419,0.001
K8,0,40000,16,0.18105938896536827,0.2317097529888153,0.001
K8,0,42500,17,0.17993028551340104,0.23492127542495728,0.001
K8,0,45000,18,0.17870496873259545,0.23500828666687013,0.001
K8,0,47500,19,0.1779127592086792,0.23434822096824645,0.001
K8,0,50000,20,0.17782132291197777,0.23687099165916442,0.001
K8,0,52500,21,0.17678763850927354,0.2363194447994232,0.001
K8,0,55000,22,0.17687892355322837,0.23650908069610596,0.001
K8,0,57500,23,0.1760165992975235,0.2371630633354187,0.001
K8,0,60000,24,0.17573609330654144,0.23518669283390045,0.001
K8,0,62500,25,0.17497572833299638,0.23932476298809052,0.001
K8,0,65000,26,0.17427370485067367,0.23993069417476653,0.001
K8,0,67500,27,0.17431892800927162,0.23621284663677217,0.001
K8,0,70000,28,0.17386777186393737,0.24033947536945344,0.001
K8,0,72500,29,0.17370994114875793,0.23688073122501374,0.001
K8,0,75000,30,0.17337954714894294,0.23796408145427703,0.001
K8,0,77500,31,0.17296584265828133,0.23665112137794495,0.001
K8,0,80000,32,0.17240007372498511,0.23948804502487184,0.001
K8,0,82500,33,0.17211274416446687,0.24347564651966094,0.001
K8,0,85000,34,0.17220242065787317,0.24703916852474211,0.001
K8,0,87500,35,0.17163036000728607,0.24038873264789581,0.001
K8,0,90000,36,0.17123906916975976,0.2430112377643585,0.001
K8,0,92500,37,0.17134919171929358,0.24143130054473877,0.001
K8,0,95000,38,0.17110751689076423,0.24177236094474794,0.001
K8,0,97500,39,0.17091880816221236,0.2425705099105835,0.001
K8,0,100000,40,0.1706881257355213,0.24593455188274382,0.001
K8,0,102500,41,0.1707980314254761,0.24453684694766997,0.001
K8,0,105000,42,0.17018616587519644,0.24158606815338135,0.001
K8,0,107500,43,0.17032263291478156,0.2400507732629776,0.001
K8,0,110000,44,0.17005784144997596,0.24135545711517334,0.001
K8,0,112500,45,0.17036001725792885,0.23960062327384948,0.001
K8,0,115000,46,0.16973842191696167,0.24489296171665192,0.001
K8,0,117500,47,0.1693638018131256,0.24110540030002595,0.001
K8,0,120000,48,0.16954547599554062,0.2395432448387146,0.001
K8,0,122500,49,0.16925017893314362,0.2426517472743988,0.001
K8,0,125000,50,0.16916835104227065,0.24573030712604524,0.001
K8,0,127500,51,0.16895804867744446,0.24156836400032045,0.001
K8,0,130000,52,0.16886554577946664,0.2438206754207611,0.001
K8,0,132500,53,0.16856514194011687,0.2451712343931198,0.001
K8,0,135000,54,0.16895563603043556,0.2448024434328079,0.001
K8,1,2500,1,0.2790668826043606,0.23275584433078766,0.001
K8,1,5000,2,0.2244393414258957,0.22146936101913453,0.001
K8,1,7500,3,0.21462884225845336,0.21747857818603517,0.001
K8,1,10000,4,0.20811191257238387,0.21863926963806152,0.001
K8,1,12500,5,0.20309023348093033,0.21697525255680084,0.001
K8,1,15000,6,0.19869890332818033,0.22005497455596923,0.001
K8,1,17500,7,0.19501563391089438,0.22161210191249847,0.001
K8,1,20000,8,0.19127252999544145,0.2235407464981079,0.001
K8,1,22500,9,0.18979595932364463,0.22167105791568756,0.001
K8,1,25000,10,0.1870205511033535,0.2231053658723831,0.001
K8,1,27500,11,0.18601207696795463,0.22263168880939482,0.001
K8,1,30000,12,0.18402434807419776,0.22239605844020843,0.001
K8,1,32500,13,0.18282306277751922,0.22606237409114838,0.001
K8,1,35000,14,0.18132995303869248,0.22590924122333528,0.001
K8,1,37500,15,0.18027328609228135,0.2277743705034256,0.001
K8,1,40000,16,0.17950857882499696,0.22897024788856507,0.001
K8,1,42500,17,0.1785174513399601,0.22929933125972748,0.001
K8,1,45000,18,0.17785892952680588,0.23134085276126862,0.001
K8,1,47500,19,0.17709375614523887,0.23127713992595672,0.001
K8,1,50000,20,0.17618038699030877,0.23114726049900056,0.001
K8,1,52500,21,0.17563643097877502,0.22768543226718901,0.001
K8,1,55000,22,0.17511967579722404,0.22934703829288483,0.001
K8,1,57500,23,0.17437201771736144,0.23132744541168213,0.001
K8,1,60000,24,0.17427373250126837,0.23140444555282594,0.001
K8,1,62500,25,0.1735606455743313,0.2349290996313095,0.001
K8,1,65000,26,0.17325742538571356,0.23519608130455016,0.001
K8,1,67500,27,0.17308817361593246,0.2338701575756073,0.001
K8,1,70000,28,0.17199070432186125,0.23284426681995393,0.001
K8,1,72500,29,0.1722759821474552,0.23829277527332307,0.001
K8,1,75000,30,0.17147117376923562,0.23666160233020783,0.001
K8,1,77500,31,0.17094866129159927,0.23364252285957338,0.001
K8,1,80000,32,0.1712512393414974,0.23449916026592255,0.001
K8,1,82500,33,0.1705267440021038,0.2385275782585144,0.001
K8,1,85000,34,0.1710143471121788,0.23383071348667145,0.001
K8,1,87500,35,0.17030172802209853,0.23396736254692077,0.001
K8,1,90000,36,0.1701204483628273,0.2364613128900528,0.001
K8,1,92500,37,0.16972434005141257,0.2351250853061676,0.001
K8,1,95000,38,0.16961286574602127,0.23672954785823822,0.001
K8,1,97500,39,0.16937015562653543,0.23613967173099518,0.001
K8,1,100000,40,0.1694046551465988,0.23852618696689606,0.001
K8,1,102500,41,0.16869897243976592,0.23605117502212525,0.001
K8,1,105000,42,0.1690051683306694,0.23830611901283263,0.001
K8,1,107500,43,0.16863485249876975,0.23647520945072173,0.001
K8,1,110000,44,0.1684642984211445,0.23529302229881285,0.001
K8,1,112500,45,0.16828339292407035,0.23902130210399627,0.001
K8,1,115000,46,0.16803447673916816,0.2382014645576477,0.001
K8,1,117500,47,0.1680800543785095,0.23981824820041656,0.001
K8,1,120000,48,0.16781968858242036,0.23911400310993194,0.001
K8,1,122500,49,0.16774910110235214,0.2391873128890991,0.001
K8,1,125000,50,0.167859151160717,0.24002688705921174,0.001
K8,1,127500,51,0.16779855608940125,0.2402034399986267,0.001
K8,1,130000,52,0.16736333208084106,0.23899474120140077,0.001
K8,1,132500,53,0.16713060798048973,0.23808005788326264,0.001
K8,1,135000,54,0.16707941152453423,0.23967269859313964,0.001
K8,1,137500,55,0.16727885783314705,0.24304829952716828,0.001
K8,2,2500,1,0.2751212522685528,0.2321817938566208,0.001
K8,2,5000,2,0.22323861784934998,0.2230533013820648,0.001
K8,2,7500,3,0.21333182985186577,0.22102319777011872,0.001
K8,2,10000,4,0.2069503436803818,0.2208748064517975,0.001
K8,2,12500,5,0.20173522936105728,0.2199887405872345,0.001
K8,2,15000,6,0.1976069774031639,0.2197901627063751,0.001
K8,2,17500,7,0.1935901143848896,0.2267815028190613,0.001
K8,2,20000,8,0.19063265720009803,0.2251356383562088,0.001
K8,2,22500,9,0.18859911299347878,0.22538821082115174,0.001
K8,2,25000,10,0.18634536145329475,0.22594810860157014,0.001
K8,2,27500,11,0.1850036837875843,0.2274233402967453,0.001
K8,2,30000,12,0.18323244876265526,0.2293676105260849,0.001
K8,2,32500,13,0.18115790565013887,0.23082833530902863,0.001
K8,2,35000,14,0.18068531313538552,0.2319497582912445,0.001
K8,2,37500,15,0.1794135681450367,0.23252496473789216,0.001
K8,2,40000,16,0.17856587259173393,0.23211341454982756,0.001
K8,2,42500,17,0.17755102139115334,0.23287183861732483,0.001
K8,2,45000,18,0.17680057219266893,0.23111733934879303,0.001
K8,2,47500,19,0.17593041728138922,0.2316168070077896,0.001
K8,2,50000,20,0.17567272639870643,0.23317106165885926,0.001
K8,2,52500,21,0.17458604791164398,0.2349554693222046,0.001
K8,2,55000,22,0.17390802460908888,0.2354185569524765,0.001
K8,2,57500,23,0.17349785985350608,0.23327785727977754,0.001
K8,2,60000,24,0.17261393401026726,0.23755016214847566,0.001
K8,2,62500,25,0.17291333681941032,0.235689843583107,0.001
K8,2,65000,26,0.17243206086754798,0.23805057315826417,0.001
K8,2,67500,27,0.17202667362689972,0.23719669427871704,0.001
K8,2,70000,28,0.1716635438799858,0.23955184490680695,0.001
K8,2,72500,29,0.1711048437535763,0.23509782021045686,0.001
K8,2,75000,30,0.17032123889923095,0.2399039387702942,0.001
K8,2,77500,31,0.170628734177351,0.23964437940120698,0.001
K8,2,80000,32,0.17015244519114495,0.24005146079063416,0.001
K8,2,82500,33,0.16966014989614486,0.23870587470531462,0.001
K8,2,85000,34,0.17008449605107306,0.2434952320575714,0.001
K8,2,87500,35,0.16964525388479232,0.23792812657356263,0.001
K8,2,90000,36,0.16908010703921317,0.23893345210552216,0.001
K8,2,92500,37,0.16900417386889457,0.2376955055475235,0.001
K8,2,95000,38,0.1686343148112297,0.24018083741664886,0.001
K8,2,97500,39,0.16856694291234017,0.2401877427816391,0.001
K8,2,100000,40,0.1682923287332058,0.2362491254091263,0.001
K8,2,102500,41,0.1682198553442955,0.2405604677438736,0.001
K8,2,105000,42,0.16789662382006645,0.24168666293621063,0.001
K8,2,107500,43,0.16772495175004004,0.2416888123512268,0.001
K8,2,110000,44,0.16779119374752044,0.24064219114780427,0.001
K8,2,112500,45,0.16754547600746156,0.2407777870416641,0.001
K8,2,115000,46,0.16717775927782058,0.24023710010051727,0.001
K8,2,117500,47,0.16718580603599548,0.24015357089042663,0.001
K8,2,120000,48,0.16692393624782562,0.243450248503685,0.001
K8,2,122500,49,0.16669026814699173,0.2427123141527176,0.001
K8,2,125000,50,0.16685806718468665,0.24632370920181273,0.001
K8,2,127500,51,0.16670976314544678,0.2464838936328888,0.001
K8,2,130000,52,0.16618527112603187,0.24212905831336975,0.001
K8,2,132500,53,0.1664985663175583,0.24188518490791322,0.001
K8,2,135000,54,0.1663495707452297,0.2444707661628723,0.001
K8,2,137500,55,0.16573833048343659,0.24564032139778136,0.001
K8,2,140000,56,0.1657060066819191,0.24120585181713106,0.001
K8,3,2500,1,0.2805674969255924,0.23820775628089905,0.001
K8,3,5000,2,0.22516720234155654,0.22291036853790283,0.001
K8,3,7500,3,0.21508661600351334,0.21895497362613678,0.001
K8,3,10000,4,0.20825695065259933,0.21890193564891816,0.001
K8,3,12500,5,0.20321666053533555,0.21826097593307495,0.001
K8,3,15000,6,0.19812096356749534,0.2194564428806305,0.001
K8,3,17500,7,0.19525892168879508,0.22315686969757081,0.001
K8,3,20000,8,0.19232255633473397,0.22068413865566253,0.001
K8,3,22500,9,0.1892998330950737,0.22200404946804048,0.001
K8,3,25000,10,0.18802956512570382,0.22218454382419586,0.001
K8,3,27500,11,0.18591422651410103,0.22346514387130736,0.001
K8,3,30000,12,0.1842034301042557,0.22296606972217559,0.001
K8,3,32500,13,0.18304930458068847,0.22407462034225464,0.001
K8,3,35000,14,0.1816854492723942,0.22587536725997925,0.001
K8,3,37500,15,0.1805426103413105,0.2273092062473297,0.001
K8,3,40000,16,0.17952458317279815,0.2284693173646927,0.001
K8,3,42500,17,0.17789534318447114,0.23020222783088684,0.001
K8,3,45000,18,0.17817214980125426,0.22936148545742036,0.001
K8,3,47500,19,0.17690974059700965,0.22945257296562194,0.001
K8,3,50000,20,0.17664287109375,0.23251270043849945,0.001
K8,3,52500,21,0.1753754414498806,0.22921152296066283,0.001
K8,3,55000,22,0.17542476604580878,0.22938453464508057,0.001
K8,3,57500,23,0.174762479275465,0.23455860764980316,0.001
K8,3,60000,24,0.17445478640198708,0.22681191871166229,0.001
K8,3,62500,25,0.17380459714531898,0.23180863034725188,0.001
K8,3,65000,26,0.1733988448739052,0.23060898978710176,0.001
K8,3,67500,27,0.17297013387084006,0.23447637484073638,0.001
K8,3,70000,28,0.1729316104233265,0.23146648590564728,0.001
K8,3,72500,29,0.17212427902817726,0.23261765103340148,0.001
K8,3,75000,30,0.17187483954429628,0.23286799855232237,0.001
K8,3,77500,31,0.1718028433918953,0.23203368425369264,0.001
K8,3,80000,32,0.171126617449522,0.23635556943416594,0.001
K8,3,82500,33,0.17051795939207076,0.23632548580169677,0.001
K8,3,85000,34,0.17020173699259758,0.23877173173427582,0.001
K8,3,87500,35,0.17065127404928207,0.2380343740463257,0.001
K8,3,90000,36,0.1701466819047928,0.23654278926849365,0.001
K8,3,92500,37,0.16972772170901299,0.23690852637290954,0.001
K8,3,95000,38,0.1698687030851841,0.23566420998573304,0.001
K8,3,97500,39,0.16945135855674745,0.23441696426868439,0.001
K8,3,100000,40,0.1692843810915947,0.23547492563724517,0.001
K8,3,102500,41,0.1692524518430233,0.23992014219760896,0.001
K8,3,105000,42,0.16902815586328507,0.2337435461997986,0.001
K8,3,107500,43,0.16880334939956665,0.23603390212059022,0.001
K8,3,110000,44,0.16852475757598878,0.23720082340240478,0.001
K8,3,112500,45,0.1682196684360504,0.2364725867986679,0.001
K8,3,115000,46,0.16827436034679413,0.238478023314476,0.001
K8,3,117500,47,0.16836182596087457,0.24004556617736816,0.001
K8,3,120000,48,0.16782825435996054,0.23605858554840087,0.001
K8,3,122500,49,0.16794984734654428,0.23523136448860169,0.001
K8,3,125000,50,0.16787337347865106,0.2402091296195984,0.001
K8,3,127500,51,0.16765926938652992,0.23679506566524505,0.001
K8,3,130000,52,0.16757978649139404,0.23972546427249908,0.001
K8,3,132500,53,0.1673815903067589,0.23933262927532195,0.001
K8,3,135000,54,0.1672749761223793,0.24149964952468872,0.001
K8,3,137500,55,0.16687046308517456,0.23733640530109407,0.001
K8,4,2500,1,0.2744736460447311,0.2398163804292679,0.001
K8,4,5000,2,0.22416890798211098,0.22439055607318878,0.001
K8,4,7500,3,0.21399925482869148,0.21977776811122895,0.001
K8,4,10000,4,0.20709457528591155,0.21976208996772767,0.001
K8,4,12500,5,0.2020467038810253,0.22037283368110658,0.001
K8,4,15000,6,0.19734122114181518,0.22286971340179443,0.001
K8,4,17500,7,0.19410944157242774,0.22159627799987794,0.001
K8,4,20000,8,0.19053916479945182,0.2233052336215973,0.001
K8,4,22500,9,0.18860136626958848,0.2247966418981552,0.001
K8,4,25000,10,0.1864766741335392,0.22739092676639558,0.001
K8,4,27500,11,0.18422951608896254,0.22912314374446868,0.001
K8,4,30000,12,0.18304089775681495,0.22717305788993836,0.001
K8,4,32500,13,0.1814474833548069,0.2277698260307312,0.001
K8,4,35000,14,0.1802343690574169,0.22872565248012544,0.001
K8,4,37500,15,0.1788544081032276,0.22842595710754396,0.001
K8,4,40000,16,0.17802303193807603,0.22976235399246217,0.001
K8,4,42500,17,0.17740168291926384,0.23265110392570496,0.001
K8,4,45000,18,0.17646648818850516,0.23719458804130555,0.001
K8,4,47500,19,0.17571773992180825,0.23407191872596741,0.001
K8,4,50000,20,0.17525475268363952,0.2375455598115921,0.001
K8,4,52500,21,0.17457110638022422,0.2350141283273697,0.001
K8,4,55000,22,0.17418580654859542,0.23529937469959258,0.001
K8,4,57500,23,0.173368785238266,0.23485587129592894,0.001
K8,4,60000,24,0.17289124987125395,0.23765354220867158,0.001
K8,4,62500,25,0.17264809505343437,0.23248226947784423,0.001
K8,4,65000,26,0.17211063324809076,0.23531353821754455,0.001
K8,4,67500,27,0.17147936558127402,0.23521125445365906,0.001
K8,4,70000,28,0.17125888124108316,0.23528322947025299,0.001
K8,4,72500,29,0.17086415367126465,0.23609627623558044,0.001
K8,4,75000,30,0.17054105634689332,0.24215779619216918,0.001
K8,4,77500,31,0.17017149856686592,0.23861580171585084,0.001
K8,4,80000,32,0.1699467428803444,0.24499621713161468,0.001
K8,4,82500,33,0.1699275370836258,0.23624522788524627,0.001
K8,4,85000,34,0.1694595604777336,0.238916819357872,0.001
K8,4,87500,35,0.16899113454818726,0.23784137728214264,0.001
K8,4,90000,36,0.1692745080411434,0.24184517555236817,0.001
K8,4,92500,37,0.1686485768854618,0.23879528996944427,0.001
K8,4,95000,38,0.16865028050541878,0.24217124247550964,0.001
K8,4,97500,39,0.16804312179684638,0.23930588026046754,0.001
K8,4,100000,40,0.1682112799704075,0.2384118456363678,0.001
K8,4,102500,41,0.16756587646603585,0.2423909271001816,0.001
K8,4,105000,42,0.16737343055605888,0.24023159296512603,0.001
K8,4,107500,43,0.167731436920166,0.2399844462633133,0.001
K8,4,110000,44,0.16772177195549012,0.2397421784877777,0.001
K8,4,112500,45,0.1668131043791771,0.24506031880378723,0.001
K8,4,115000,46,0.16707669697999955,0.24320279252529145,0.001
K8,4,117500,47,0.1669738973379135,0.24202572133541106,0.001
K8,4,120000,48,0.16668146232366562,0.24035016329288483,0.001
K8,4,122500,49,0.16666449568867683,0.24293446044921874,0.001
K8,4,125000,50,0.1663535267353058,0.24095299193859102,0.001
K8,4,127500,51,0.1662369361937046,0.2428395411014557,0.001
K8,4,130000,52,0.16588385390639304,0.24160217080116272,0.001
K8,4,132500,53,0.16632234482765199,0.24263351604938507,0.001
K8,4,135000,54,0.16595059650540353,0.2429510324716568,0.001
K16,0,2500,1,0.2790299952328205,0.23122129621505738,0.001
K16,0,5000,2,0.22390936913490295,0.22287014391422272,0.001
K16,0,7500,3,0.21538173068165778,0.21867572135925292,0.001
K16,0,10000,4,0.21041016896367074,0.21634290981292725,0.001
K16,0,12500,5,0.20649348176717758,0.2151751668214798,0.001
K16,0,15000,6,0.20380489146113395,0.21408005166053773,0.001
K16,0,17500,7,0.20152246617674827,0.2137375780582428,0.001
K16,0,20000,8,0.19948877623081207,0.21331666090488433,0.001
K16,0,22500,9,0.1978043794453144,0.2129060545682907,0.001
K16,0,25000,10,0.1966242607295513,0.21401486234664918,0.001
K16,0,27500,11,0.19504094700217248,0.2145313450574875,0.001
K16,0,30000,12,0.19398988015651702,0.21460142493247986,0.001
K16,0,32500,13,0.19310024545788765,0.2147918612718582,0.001
K16,0,35000,14,0.19198991035819055,0.2157256320476532,0.001
K16,0,37500,15,0.1911784647345543,0.21637928774356843,0.001
K16,0,40000,16,0.19055275822877885,0.2159180406332016,0.001
K16,0,42500,17,0.18975245151519776,0.2171950922727585,0.001
K16,0,45000,18,0.18929230541586875,0.21662698867321015,0.001
K16,0,47500,19,0.18841243671178817,0.21712173779010774,0.001
K16,0,50000,20,0.1881025733292103,0.2174880350589752,0.001
K16,0,52500,21,0.18748368918299674,0.21763875603675842,0.001
K16,0,55000,22,0.18716346418261529,0.217859769821167,0.001
K16,0,57500,23,0.1865966890513897,0.21960436975955963,0.001
K16,0,60000,24,0.18626719049215318,0.21812152569293977,0.001
K16,0,62500,25,0.18575873896479606,0.2183488577604294,0.001
K16,0,65000,26,0.18515335112214087,0.22042448465824127,0.001
K16,0,67500,27,0.18505632300972938,0.2189014678001404,0.001
K16,0,70000,28,0.18458109681606294,0.21947381405830382,0.001
K16,0,72500,29,0.18461576365232468,0.218891055059433,0.001
K16,0,75000,30,0.184194123929739,0.22193222496509551,0.001
K16,0,77500,31,0.18391924065351486,0.2199706645488739,0.001
K16,0,80000,32,0.1836497105717659,0.21930783665180206,0.001
K16,0,82500,33,0.18330519775152207,0.2244357232093811,0.001
K16,0,85000,34,0.18316759877800942,0.22128836452960968,0.001
K16,0,87500,35,0.18278396518826484,0.22055397622585296,0.001
K16,0,90000,36,0.1825333774447441,0.2217561205625534,0.001
K16,0,92500,37,0.18231910172700883,0.22103943841457366,0.001
K16,0,95000,38,0.18244842321276664,0.22301697967052458,0.001
K16,0,97500,39,0.18217627482414245,0.22333232936859132,0.001
K16,0,100000,40,0.18207194163799287,0.2241758790254593,0.001
K16,0,102500,41,0.18185405086278916,0.22177938792705537,0.001
K16,0,105000,42,0.18150004341602324,0.22536869645118712,0.001
K16,0,107500,43,0.18151848853230476,0.22285545427799225,0.001
K16,0,110000,44,0.18118492435216904,0.22385480909347535,0.001
K16,0,112500,45,0.18137598186135293,0.22287213609218598,0.001
K16,0,115000,46,0.18099371955394744,0.22210905396938324,0.001
K16,0,117500,47,0.18078434900045395,0.2226458854198456,0.001
K16,0,120000,48,0.1807455948114395,0.22200693199634552,0.001
K16,0,122500,49,0.1806316247999668,0.2248449856042862,0.001
K16,0,125000,50,0.18053313814401625,0.22289523899555205,0.001
K16,0,127500,51,0.18033052520751952,0.2229080531835556,0.001
K16,0,130000,52,0.1802225422024727,0.2231019879102707,0.001
K16,0,132500,53,0.18007888435721398,0.22665499255657195,0.001
K16,0,135000,54,0.18012844939827918,0.22345731353759765,0.001
K16,0,137500,55,0.1797789831995964,0.2250554775238037,0.001
K16,0,140000,56,0.1798804196357727,0.2261633815765381,0.001
K16,0,142500,57,0.17981903569698335,0.22525736291408538,0.001
K16,0,145000,58,0.1796590594470501,0.2243881460905075,0.001
K16,0,147500,59,0.17947630148530005,0.2245575958251953,0.001
K16,1,2500,1,0.2800732260584831,0.23248619747161864,0.001
K16,1,5000,2,0.22559694014787673,0.22029331758022308,0.001
K16,1,7500,3,0.21659722869396208,0.2185863748073578,0.001
K16,1,10000,4,0.2109941748201847,0.2144643303871155,0.001
K16,1,12500,5,0.20708733218312264,0.21117801654338836,0.001
K16,1,15000,6,0.2040247906088829,0.21219060788154603,0.001
K16,1,17500,7,0.20154422704577446,0.2125209682226181,0.001
K16,1,20000,8,0.19942603682279586,0.21093680028915404,0.001
K16,1,22500,9,0.1980069692194462,0.21101798980236053,0.001
K16,1,25000,10,0.19602674773931503,0.2140488168001175,0.001
K16,1,27500,11,0.1947642936348915,0.211436261177063,0.001
K16,1,30000,12,0.19349716491103172,0.21154868841171265,0.001
K16,1,32500,13,0.19254901257157325,0.21180652010440826,0.001
K16,1,35000,14,0.1916740800857544,0.21266752741336822,0.001
K16,1,37500,15,0.19079705163240432,0.21304032280445098,0.001
K16,1,40000,16,0.189956978392601,0.21500772557258607,0.001
K16,1,42500,17,0.18924034225940706,0.21230854370594024,0.001
K16,1,45000,18,0.18852455663084983,0.21424600255489348,0.001
K16,1,47500,19,0.18788720974326134,0.21509045147895814,0.001
K16,1,50000,20,0.18731276896595955,0.21430106949806213,0.001
K16,1,52500,21,0.18674099348187448,0.21638975484371184,0.001
K16,1,55000,22,0.18612501024603845,0.21407654647827148,0.001
K16,1,57500,23,0.1857488089799881,0.21399126024246215,0.001
K16,1,60000,24,0.1853814530849457,0.2169596539735794,0.001
K16,1,62500,25,0.18496207906007767,0.21337408437728883,0.001
K16,1,65000,26,0.18459975464344025,0.21565700693130493,0.001
K16,1,67500,27,0.1843479727447033,0.22188398740291596,0.001
K16,1,70000,28,0.1838569122850895,0.2169021096944809,0.001
K16,1,72500,29,0.1836027534365654,0.21712216470241547,0.001
K16,1,75000,30,0.1832517075240612,0.21927750790119171,0.001
K16,1,77500,31,0.18282614029049873,0.2157194977760315,0.001
K16,1,80000,32,0.18262375081777574,0.21840398070812225,0.001
K16,1,82500,33,0.1824322050690651,0.2173578887462616,0.001
K16,1,85000,34,0.182358924639225,0.21933777804374696,0.001
K16,1,87500,35,0.18178257405161857,0.21724551508426665,0.001
K16,1,90000,36,0.18172036175131798,0.2165317656993866,0.001
K16,1,92500,37,0.1816187728524208,0.21693223099708558,0.001
K16,1,95000,38,0.18132211021780967,0.22108191378116607,0.001
K16,1,97500,39,0.181143789935112,0.21814660468101502,0.001
K16,1,100000,40,0.1810182531416416,0.2190170044898987,0.001
K16,1,102500,41,0.18046765769720077,0.21676849105358123,0.001
K16,1,105000,42,0.18077895402908326,0.22057961299419404,0.001
K16,1,107500,43,0.18028947588205338,0.21918976030349732,0.001
K16,1,110000,44,0.1801246295273304,0.22072699239253998,0.001
K16,1,112500,45,0.18007968728542328,0.22168491005897523,0.001
K16,1,115000,46,0.17996388218402862,0.22021900012493134,0.001
K16,1,117500,47,0.17974118556380272,0.22008496630191804,0.001
K16,1,120000,48,0.1796022267460823,0.21974461147785188,0.001
K16,1,122500,49,0.17928314288258554,0.21963219318389893,0.001
K16,1,125000,50,0.1793330254137516,0.22060012595653533,0.001
K16,1,127500,51,0.17948716890215874,0.22033068318367005,0.001
K16,1,130000,52,0.17900721722245216,0.2217972972869873,0.001
K16,1,132500,53,0.1789729642033577,0.22053894758224488,0.001
K16,1,135000,54,0.17888684064149857,0.22335339126586914,0.001
K16,1,137500,55,0.17896009301543236,0.22384285242557525,0.001
K16,1,140000,56,0.17860795118808748,0.22065372416973114,0.001
K16,1,142500,57,0.17867314640283585,0.22286855244636536,0.001
K16,1,145000,58,0.1786350358247757,0.22488863925933839,0.001
K16,2,2500,1,0.2785893691956997,0.2328395714998245,0.001
K16,2,5000,2,0.22499812591075896,0.22183566246032715,0.001
K16,2,7500,3,0.21626452850699424,0.21772137513160705,0.001
K16,2,10000,4,0.21098967829942702,0.21753675570487976,0.001
K16,2,12500,5,0.20702761684656143,0.21410537431240081,0.001
K16,2,15000,6,0.2041453442156315,0.21350430824756622,0.001
K16,2,17500,7,0.2014723861336708,0.21309000527858735,0.001
K16,2,20000,8,0.1997027282834053,0.2120487237215042,0.001
K16,2,22500,9,0.19785698370337487,0.21378302838802338,0.001
K16,2,25000,10,0.19606863617300987,0.21401247727870942,0.001
K16,2,27500,11,0.19508901869654655,0.2136478931427002,0.001
K16,2,30000,12,0.19375150077342987,0.21431530582904815,0.001
K16,2,32500,13,0.19244080612063408,0.21538848497867585,0.001
K16,2,35000,14,0.19163580260276794,0.21418906667232512,0.001
K16,2,37500,15,0.19067301539778708,0.21483671157360076,0.001
K16,2,40000,16,0.18993326376080513,0.21511931908130646,0.001
K16,2,42500,17,0.1892286663711071,0.2149327931404114,0.001
K16,2,45000,18,0.18868002379536628,0.21544352252483367,0.001
K16,2,47500,19,0.1879739857375622,0.21708363537788392,0.001
K16,2,50000,20,0.187454481112957,0.21633873403072357,0.001
K16,2,52500,21,0.18687492182254792,0.21687549583911897,0.001
K16,2,55000,22,0.18618590524196624,0.2165071346282959,0.001
K16,2,57500,23,0.1857117869079113,0.21802403395175934,0.001
K16,2,60000,24,0.18542144383192063,0.21953863277435304,0.001
K16,2,62500,25,0.18511152356863023,0.21785533299446105,0.001
K16,2,65000,26,0.18476272694468499,0.21987812826633454,0.001
K16,2,67500,27,0.18423633081912993,0.21868271522521973,0.001
K16,2,70000,28,0.18391542929410934,0.21858115031719208,0.001
K16,2,72500,29,0.18368075689077376,0.2186484007358551,0.001
K16,2,75000,30,0.18308413279652597,0.2191289696455002,0.001
K16,2,77500,31,0.1830278131365776,0.2187017790555954,0.001
K16,2,80000,32,0.18269669518470763,0.22147962081432343,0.001
K16,2,82500,33,0.18236327217817305,0.2177899705171585,0.001
K16,2,85000,34,0.18232520404458047,0.2195460476398468,0.001
K16,2,87500,35,0.18205376519560815,0.22184067018032075,0.001
K16,2,90000,36,0.18176139425039292,0.22297275412082673,0.001
K16,2,92500,37,0.18169585679769515,0.22161534407138825,0.001
K16,2,95000,38,0.18127913915514945,0.22319805750846863,0.001
K16,2,97500,39,0.18135582035183906,0.21869485540390016,0.001
K16,2,100000,40,0.18087466017007828,0.22047793323993684,0.001
K16,2,102500,41,0.18075484704375266,0.22018671035766602,0.001
K16,2,105000,42,0.18044216287136078,0.2239777867078781,0.001
K16,2,107500,43,0.18054904495477678,0.22076158344745636,0.001
K16,2,110000,44,0.18057964630126952,0.2226448797941208,0.001
K16,2,112500,45,0.18022366820573807,0.22207130637168884,0.001
K16,2,115000,46,0.18001447929739953,0.22310077712535858,0.001
K16,2,117500,47,0.17998738541603088,0.22399290471076966,0.001
K16,2,120000,48,0.17987711011767388,0.22144627943038941,0.001
K16,2,122500,49,0.17944449198246,0.22195622744560242,0.001
K16,2,125000,50,0.17948950877785683,0.22409090230464934,0.001
K16,2,127500,51,0.17937931846380234,0.22558139154911042,0.001
K16,2,130000,52,0.17907688910365105,0.22262248315811156,0.001
K16,2,132500,53,0.17921052019000053,0.2208766393661499,0.001
K16,2,135000,54,0.17900705861449243,0.22592726695537568,0.001
K16,2,137500,55,0.17868881731033326,0.22221798033714293,0.001
K16,2,140000,56,0.17858333729505538,0.2209605540037155,0.001
K16,2,142500,57,0.17876681213378906,0.22252310264110564,0.001
K16,2,145000,58,0.17861164606809615,0.2234164756536484,0.001
K16,3,2500,1,0.28069304124116895,0.23331796522140502,0.001
K16,3,5000,2,0.22624820415377617,0.22205598406791688,0.001
K16,3,7500,3,0.21722804401516915,0.21623253016471863,0.001
K16,3,10000,4,0.21164378578662874,0.21475174839496614,0.001
K16,3,12500,5,0.20781396070718766,0.212517591881752,0.001
K16,3,15000,6,0.20444481956362726,0.21339362185001373,0.001
K16,3,17500,7,0.20226250467896462,0.2135108099937439,0.001
K16,3,20000,8,0.20024075132608413,0.21243451066017152,0.001
K16,3,22500,9,0.19814458553791045,0.21197514975070952,0.001
K16,3,25000,10,0.19675506771802903,0.2114605489015579,0.001
K16,3,27500,11,0.19551304445266723,0.21166631095409394,0.001
K16,3,30000,12,0.1942886462509632,0.21116411926746367,0.001
K16,3,32500,13,0.1931118154525757,0.21370754470825196,0.001
K16,3,35000,14,0.19212370846271515,0.21164712586402892,0.001
K16,3,37500,15,0.19126871470212936,0.2126211757659912,0.001
K16,3,40000,16,0.1904395280480385,0.21289840683937072,0.001
K16,3,42500,17,0.18952166155576705,0.21393050327301025,0.001
K16,3,45000,18,0.1889687657356262,0.21384551367759705,0.001
K16,3,47500,19,0.1881253057062626,0.21555242779254913,0.001
K16,3,50000,20,0.18812004352807998,0.2153798040151596,0.001
K16,3,52500,21,0.18726458547711372,0.21459521191120148,0.001
K16,3,55000,22,0.18692718275785447,0.21665998117923738,0.001
K16,3,57500,23,0.1864765404045582,0.21841212365627288,0.001
K16,3,60000,24,0.18608559895157814,0.21719098439216614,0.001
K16,3,62500,25,0.18558934898972512,0.21669345328807832,0.001
K16,3,65000,26,0.18515625972747804,0.21794562289714814,0.001
K16,3,67500,27,0.1850391927599907,0.21592286188602447,0.001
K16,3,70000,28,0.18459961630702018,0.21763711454868317,0.001
K16,3,72500,29,0.1843570818722248,0.21639905729293823,0.001
K16,3,75000,30,0.1839896571934223,0.21754694278240203,0.001
K16,3,77500,31,0.18371799007058143,0.21623480384349822,0.001
K16,3,80000,32,0.1831040522634983,0.21900316133499145,0.001
K16,3,82500,33,0.18289598902463913,0.21763077223300933,0.001
K16,3,85000,34,0.18274378169178962,0.21821871221065522,0.001
K16,3,87500,35,0.18266943898797036,0.2179972873210907,0.001
K16,3,90000,36,0.1825824797272682,0.21854315249919892,0.001
K16,3,92500,37,0.18224698533415795,0.2186208792448044,0.001
K16,3,95000,38,0.182092360329628,0.22075407028198243,0.001
K16,3,97500,39,0.1818896660923958,0.21989526200294496,0.001
K16,3,100000,40,0.18170912262797356,0.2215524619102478,0.001
K16,3,102500,41,0.18134109486937522,0.22048932795524598,0.001
K16,3,105000,42,0.18145387932658197,0.2184523119688034,0.001
K16,3,107500,43,0.1811593135535717,0.22337298452854157,0.001
K16,3,110000,44,0.18104356173872949,0.22070458383560182,0.001
K16,3,112500,45,0.18086310393810273,0.21784784080982209,0.001
K16,3,115000,46,0.18077117124199868,0.22230449182987214,0.001
K16,3,117500,47,0.1806147452890873,0.22123497352600097,0.001
K16,3,120000,48,0.18034124636054039,0.22100990352630615,0.001
K16,3,122500,49,0.18036909053325653,0.2203155441045761,0.001
K16,3,125000,50,0.1802646306991577,0.2213221028804779,0.001
K16,3,127500,51,0.17985675731301307,0.2200326678276062,0.001
K16,3,130000,52,0.17999060274958611,0.22035302608013152,0.001
K16,3,132500,53,0.17981820430755616,0.22176921327114105,0.001
K16,3,135000,54,0.17965110740065574,0.22008459682464598,0.001
K16,3,137500,55,0.17971987825036048,0.22225119709968566,0.001
K16,3,140000,56,0.1793806935429573,0.22157730317115784,0.001
K16,3,142500,57,0.17929586305618286,0.2206072960615158,0.001
K16,3,145000,58,0.17916753519773485,0.22411047332286835,0.001
K16,3,147500,59,0.17936228437423707,0.22237083492279053,0.001
K16,3,150000,60,0.17915551426410675,0.22065752468109132,0.001
K16,3,152500,61,0.1790565888762474,0.2202816839456558,0.001
K16,3,155000,62,0.17894248735308646,0.2208217720746994,0.001
K16,4,2500,1,0.2766523855090141,0.23289198701381683,0.001
K16,4,5000,2,0.2249602115750313,0.2238305386543274,0.001
K16,4,7500,3,0.21609519934654237,0.21625963883399962,0.001
K16,4,10000,4,0.21058880164623262,0.2155269010066986,0.001
K16,4,12500,5,0.20677876001000403,0.21363103601932526,0.001
K16,4,15000,6,0.2039254628956318,0.21302335259914398,0.001
K16,4,17500,7,0.20154994116425515,0.21194567410945891,0.001
K16,4,20000,8,0.19943298054337502,0.2136202740430832,0.001
K16,4,22500,9,0.19761085689663888,0.21362422785758972,0.001
K16,4,25000,10,0.19620758393406867,0.21621221063137055,0.001
K16,4,27500,11,0.19491610562801362,0.21253826673030854,0.001
K16,4,30000,12,0.19393126487135887,0.21545111479759216,0.001
K16,4,32500,13,0.19286720472574234,0.21299026761054993,0.001
K16,4,35000,14,0.19186686605215073,0.21405579707622527,0.001
K16,4,37500,15,0.19083210908174514,0.2139151409626007,0.001
K16,4,40000,16,0.190108614641428,0.21457828688621522,0.001
K16,4,42500,17,0.1891021565437317,0.21578885233402254,0.001
K16,4,45000,18,0.1885831378161907,0.21837883462905883,0.001
K16,4,47500,19,0.18784724065065384,0.2163127896308899,0.001
K16,4,50000,20,0.18759394703507423,0.21833373310565948,0.001
K16,4,52500,21,0.18706696196198463,0.21576479876041413,0.001
K16,4,55000,22,0.18647311470508576,0.21670501735210418,0.001
K16,4,57500,23,0.18590357965826987,0.2170602204322815,0.001
K16,4,60000,24,0.18551353298425674,0.21735433766841888,0.001
K16,4,62500,25,0.1851840217769146,0.21589265944957733,0.001
K16,4,65000,26,0.18490875898599624,0.21708105063438415,0.001
K16,4,67500,27,0.18429795054793358,0.2172219256401062,0.001
K16,4,70000,28,0.1841448146343231,0.21770180656909943,0.001
K16,4,72500,29,0.18365911645889282,0.21892659287452698,0.001
K16,4,75000,30,0.18333068988919257,0.21764394319057465,0.001
K16,4,77500,31,0.18305802983045577,0.2185989755630493,0.001
K16,4,80000,32,0.18302500689029694,0.22006481878757478,0.001
K16,4,82500,33,0.1826002492070198,0.2188507712364197,0.001
K16,4,85000,34,0.1824457791507244,0.22064335849285124,0.001
K16,4,87500,35,0.18203208753466607,0.2200011726140976,0.001
K16,4,90000,36,0.1820461974978447,0.21924653520584106,0.001
K16,4,92500,37,0.1817800478219986,0.22003431544303895,0.001
K16,4,95000,38,0.18147719770669937,0.2182992752313614,0.001
K16,4,97500,39,0.18129852665662766,0.21976025156974793,0.001
K16,4,100000,40,0.1810609502851963,0.21910419664382935,0.001
K16,4,102500,41,0.18080770175457,0.2194950927734375,0.001
K16,4,105000,42,0.1807676124930382,0.21915328016281127,0.001
K16,4,107500,43,0.18054611206054688,0.22090762929916383,0.001
K16,4,110000,44,0.18062007346153258,0.22045325202941896,0.001
K16,4,112500,45,0.18009918774962425,0.22261416852474214,0.001
K16,4,115000,46,0.17997963953614235,0.22013167841434478,0.001
K16,4,117500,47,0.17999547430872917,0.2218025707244873,0.001
K16,4,120000,48,0.17989019226431846,0.22114585132598877,0.001
K16,4,122500,49,0.17967531690001487,0.22104007651805876,0.001
K16,4,125000,50,0.17946096825003624,0.22138539888858796,0.001
K16,4,127500,51,0.17936368424892427,0.2232170138835907,0.001
K16,4,130000,52,0.17915072892308234,0.22149033935070037,0.001
K16,4,132500,53,0.1792282714307308,0.22307468481063844,0.001
K16,4,135000,54,0.17894867205023765,0.22192697925567628,0.001
K16,4,137500,55,0.17887783681750297,0.2224896999835968,0.001
K16,4,140000,56,0.17874181678891182,0.2229035740852356,0.001
K16,4,142500,57,0.17861588006019594,0.22397359776496886,0.001
K32,0,2500,1,0.28059668927788733,0.2355317498922348,0.001
K32,0,5000,2,0.2245574999511242,0.22095360131263733,0.001
K32,0,7500,3,0.2161959897041321,0.21514948978424073,0.001
K32,0,10000,4,0.2114711743414402,0.21461583638191223,0.001
K32,0,12500,5,0.20822690536379815,0.21153030753135682,0.001
K32,0,15000,6,0.20577423224449157,0.21013828954696656,0.001
K32,0,17500,7,0.20384811589717866,0.21135571036338807,0.001
K32,0,20000,8,0.2023484956562519,0.2087636014699936,0.001
K32,0,22500,9,0.20102196607589723,0.2090736132144928,0.001
K32,0,25000,10,0.1998900038957596,0.20840901544094087,0.001
K32,0,27500,11,0.19895004602074623,0.20803223700523377,0.001
K32,0,30000,12,0.19800467559695245,0.20835427758693695,0.001
K32,0,32500,13,0.19719983734488486,0.20889733896255494,0.001
K32,0,35000,14,0.19651465799212456,0.20826139998435975,0.001
K32,0,37500,15,0.1958700623035431,0.20855974698066712,0.001
K32,0,40000,16,0.19523097756505012,0.20852113237380981,0.001
K32,0,42500,17,0.1947567941427231,0.2088045833349228,0.001
K32,0,45000,18,0.19425743723511696,0.208876873421669,0.001
K32,0,47500,19,0.19371518915891647,0.2095111926794052,0.001
K32,0,50000,20,0.19335966489315032,0.20840958619117736,0.001
K32,0,52500,21,0.19292345086932183,0.2081090452671051,0.001
K32,0,55000,22,0.192496346616745,0.20808492810726165,0.001
K32,0,57500,23,0.1921665188252926,0.20828204126358033,0.001
K32,0,60000,24,0.19187753326296805,0.20857077589035034,0.001
K32,0,62500,25,0.19140111374258995,0.2081521423816681,0.001
K32,0,65000,26,0.19120041378140448,0.20927687695026398,0.001
K32,0,67500,27,0.19091637762784958,0.20882009060382842,0.001
K32,0,70000,28,0.19064022458195687,0.20864061455726624,0.001
K32,0,72500,29,0.19043046852350234,0.2103487986564636,0.001
K32,0,75000,30,0.1901514236032963,0.21103194258213043,0.001
K32,0,77500,31,0.18992009105682373,0.20993610792160033,0.001
K32,0,80000,32,0.1896839598238468,0.20933926138877867,0.001
K32,0,82500,33,0.18953903880119324,0.21233245720863342,0.001
K32,0,85000,34,0.1892196732401848,0.20960364708900453,0.001
K32,0,87500,35,0.18910091443657875,0.2107115181207657,0.001
K32,0,90000,36,0.1889447419345379,0.20924931523799897,0.001
K32,0,92500,37,0.18870317350029944,0.21041203334331512,0.001
K32,0,95000,38,0.18857528201341628,0.2118798396587372,0.001
K32,0,97500,39,0.18840654821395875,0.21000366344451904,0.001
K32,0,100000,40,0.18822780626416205,0.2111138083934784,0.001
K32,0,102500,41,0.1880986783862114,0.21046161880493164,0.001
K32,0,105000,42,0.1878605625987053,0.21029727766513825,0.001
K32,0,107500,43,0.18778060650229453,0.21163261544704437,0.001
K32,0,110000,44,0.18756445279717446,0.21044414048194884,0.001
K32,0,112500,45,0.18750906232595443,0.21048009655475616,0.001
K32,0,115000,46,0.18740824438929557,0.21119358279705047,0.001
K32,0,117500,47,0.18719264716506004,0.21208634922504424,0.001
K32,0,120000,48,0.18708511539697648,0.2113673026561737,0.001
K32,0,122500,49,0.18701761807799339,0.21213148517608643,0.001
K32,0,125000,50,0.18689319106340407,0.21182405924797057,0.001
K32,0,127500,51,0.1868106127858162,0.21142985954284668,0.001
K32,0,130000,52,0.18661192724704742,0.21178650355339051,0.001
K32,0,132500,53,0.18656715735793114,0.2119666608810425,0.001
K32,0,135000,54,0.18646547344326972,0.2140493623495102,0.001
K32,0,137500,55,0.18634535281062126,0.2113717453956604,0.001
K32,0,140000,56,0.18625941501259805,0.21211439027786255,0.001
K32,0,142500,57,0.18612596183419228,0.2113337798833847,0.001
K32,0,145000,58,0.18607455515265464,0.2129914962530136,0.001
K32,0,147500,59,0.18597042081952095,0.21356001369953156,0.001
K32,0,150000,60,0.1858470786392689,0.21190838618278504,0.001
K32,0,152500,61,0.18586626807451248,0.21224600298404694,0.001
K32,1,2500,1,0.2799166317343712,0.23520863537788392,0.001
K32,1,5000,2,0.22617189443707467,0.2218591940164566,0.001
K32,1,7500,3,0.217458926063776,0.2153684502840042,0.001
K32,1,10000,4,0.21224085671901702,0.21119079418182374,0.001
K32,1,12500,5,0.20863711177110672,0.20957049653530122,0.001
K32,1,15000,6,0.2059390976369381,0.20850622935295104,0.001
K32,1,17500,7,0.2037831268787384,0.2083139143705368,0.001
K32,1,20000,8,0.2021543423652649,0.20704590244293214,0.001
K32,1,22500,9,0.20074185627698898,0.2066417944908142,0.001
K32,1,25000,10,0.19946826497912407,0.2095553596019745,0.001
K32,1,27500,11,0.1985024926185608,0.20802796907424928,0.001
K32,1,30000,12,0.19750964239239693,0.2064737067937851,0.001
K32,1,32500,13,0.19667362480163575,0.2057544622182846,0.001
K32,1,35000,14,0.1958840515911579,0.20907565903663636,0.001
K32,1,37500,15,0.1952126190006733,0.20535288455486297,0.001
K32,1,40000,16,0.19462974024415017,0.20788014240264893,0.001
K32,1,42500,17,0.1940983297109604,0.20567349605560303,0.001
K32,1,45000,18,0.19356496123075484,0.20591138279438018,0.001
K32,1,47500,19,0.19309750183820726,0.20765380346775056,0.001
K32,1,50000,20,0.1926627769649029,0.20634653277397155,0.001
K32,1,52500,21,0.1921743875205517,0.20760832805633544,0.001
K32,1,55000,22,0.1918540864109993,0.2063931889295578,0.001
K32,1,57500,23,0.191500021559,0.20631600818634033,0.001
K32,1,60000,24,0.19112878022193908,0.2069894091129303,0.001
K32,1,62500,25,0.19082640062570572,0.20618676722049714,0.001
K32,1,65000,26,0.19056449102759362,0.20767668652534485,0.001
K32,1,67500,27,0.19023307375907897,0.2078407009601593,0.001
K32,1,70000,28,0.18993254052400588,0.20745004682540893,0.001
K32,1,72500,29,0.18968871449232103,0.20665054669380187,0.001
K32,1,75000,30,0.18946184863448143,0.208649410033226,0.001
K32,1,77500,31,0.18922773397564888,0.20794586980342866,0.001
K32,1,80000,32,0.18899774183630944,0.20738266770839692,0.001
K32,1,82500,33,0.18872336465120315,0.2079278530359268,0.001
K32,1,85000,34,0.18859085891246796,0.20748730428218842,0.001
K32,1,87500,35,0.18838946803808213,0.20812933211326598,0.001
K32,1,90000,36,0.1881410065829754,0.20877988135814668,0.001
K32,1,92500,37,0.1880049635052681,0.2079980108499527,0.001
K32,1,95000,38,0.18778785769343376,0.20921404635906218,0.001
K32,1,97500,39,0.18765261924266816,0.20856961228847504,0.001
K32,1,100000,40,0.18748677946329118,0.20684064955711365,0.001
K32,1,102500,41,0.18739951236248018,0.20846713902950287,0.001
K32,1,105000,42,0.18720852895975112,0.20859536259174347,0.001
K32,1,107500,43,0.18703311443328857,0.20784778707027435,0.001
K32,1,110000,44,0.18692213128209115,0.20827952575683595,0.001
K32,1,112500,45,0.18672351043820382,0.20967827408313752,0.001
K32,1,115000,46,0.1866935455083847,0.2085988440513611,0.001
K32,1,117500,47,0.1865080963909626,0.2079126446723938,0.001
K32,1,120000,48,0.18640412024259567,0.20852720127105712,0.001
K32,1,122500,49,0.18634205871224405,0.20877787911891937,0.001
K32,1,125000,50,0.18617875915169715,0.2098611230134964,0.001
K32,1,127500,51,0.1860434414088726,0.208457004404068,0.001
K32,1,130000,52,0.18595678810477256,0.20786041042804718,0.001
K32,1,132500,53,0.18581450952887535,0.20900782141685487,0.001
K32,1,135000,54,0.1857529283761978,0.20958848950862885,0.001
K32,1,137500,55,0.1856272508740425,0.20896098647117614,0.001
K32,1,140000,56,0.18555670915842057,0.20996324648857118,0.001
K32,1,142500,57,0.18543804948329926,0.2100224613904953,0.001
K32,1,145000,58,0.1853979664504528,0.20995246171951293,0.001
K32,1,147500,59,0.18531341835856438,0.21044071862697603,0.001
K32,1,150000,60,0.1852308970093727,0.20864334254264832,0.001
K32,1,152500,61,0.18509867979884148,0.20917880244255066,0.001
K32,1,155000,62,0.1851436787724495,0.21007796165943146,0.001
K32,1,157500,63,0.1849563694894314,0.2094297652721405,0.001
K32,1,160000,64,0.18491526042222978,0.20970543594360352,0.001
K32,1,162500,65,0.1848698799967766,0.2144296950340271,0.001
K32,2,2500,1,0.27787450602650643,0.23195708553791047,0.001
K32,2,5000,2,0.2252022970199585,0.22233570213317871,0.001
K32,2,7500,3,0.2168338641166687,0.2161973753452301,0.001
K32,2,10000,4,0.21175394870042802,0.2144425505399704,0.001
K32,2,12500,5,0.20818057600259782,0.21142284388542176,0.001
K32,2,15000,6,0.2056273717880249,0.21060703644752501,0.001
K32,2,17500,7,0.20347052212357522,0.210190189576149,0.001
K32,2,20000,8,0.2017907350897789,0.20799349348545074,0.001
K32,2,22500,9,0.20046095505952835,0.20838510301113128,0.001
K32,2,25000,10,0.19919242512583732,0.20875699281692506,0.001
K32,2,27500,11,0.19808988400101663,0.20798002982139588,0.001
K32,2,30000,12,0.19717589355707169,0.20790960018634796,0.001
K32,2,32500,13,0.19624894919395447,0.20896076934337615,0.001
K32,2,35000,14,0.19547784076929092,0.2082618315219879,0.001
K32,2,37500,15,0.1947864401757717,0.20894444465637207,0.001
K32,2,40000,16,0.19422298986315728,0.2088531278371811,0.001
K32,2,42500,17,0.193542150336504,0.20743242695331573,0.001
K32,2,45000,18,0.1930879009783268,0.2083695564031601,0.001
K32,2,47500,19,0.1925649306356907,0.2091007358789444,0.001
K32,2,50000,20,0.19209941616654397,0.2084736854314804,0.001
K32,2,52500,21,0.191668609470129,0.2101239994287491,0.001
K32,2,55000,22,0.1912525261580944,0.208681298828125,0.001
K32,2,57500,23,0.19082959752082826,0.20937298843860627,0.001
K32,2,60000,24,0.19056169264316558,0.2099637577533722,0.001
K32,2,62500,25,0.19018399205207825,0.20931450157165526,0.001
K32,2,65000,26,0.18984195992350578,0.21020130999088288,0.001
K32,2,67500,27,0.18954832117557527,0.21158300795555116,0.001
K32,2,70000,28,0.18935364553928374,0.20987196187973023,0.001
K32,2,72500,29,0.18903686832785607,0.20915984234809876,0.001
K32,2,75000,30,0.18880653588175775,0.2115443515300751,0.001
K32,2,77500,31,0.1885262238740921,0.2109222095489502,0.001
K32,2,80000,32,0.1883558002769947,0.21087658145427704,0.001
K32,2,82500,33,0.18811845313310624,0.21067651619911193,0.001
K32,2,85000,34,0.1878989917576313,0.2104452689409256,0.001
K32,2,87500,35,0.18765945794582367,0.210665940451622,0.001
K32,2,90000,36,0.18748767595887184,0.21076601300239564,0.001
K32,2,92500,37,0.18735856328606607,0.21106752495765685,0.001
K32,2,95000,38,0.1871128286063671,0.21026032524108887,0.001
K32,2,97500,39,0.18699442061781885,0.21169534001350404,0.001
K32,2,100000,40,0.1867500041782856,0.21217570550441742,0.001
K32,2,102500,41,0.1866113674044609,0.2113532747745514,0.001
K32,2,105000,42,0.18650471943616867,0.21306519594192505,0.001
K32,2,107500,43,0.18640391482710839,0.21172846143245697,0.001
K32,2,110000,44,0.18624525004029274,0.21120788505077362,0.001
K32,2,112500,45,0.18605852812528612,0.21115865831375122,0.001
K32,2,115000,46,0.18599821568727493,0.21255708951950072,0.001
K32,2,117500,47,0.18581082202196122,0.21645529460906981,0.001
K32,2,120000,48,0.18571541540026665,0.21294621706008912,0.001
K32,2,122500,49,0.1855981616139412,0.21301066586971282,0.001
K32,2,125000,50,0.18549666568040848,0.21211832864284516,0.001
K32,2,127500,51,0.18533047563433647,0.21208309059143066,0.001
K32,2,130000,52,0.18525476750731468,0.21172745451927186,0.001
K32,2,132500,53,0.1852074354171753,0.21139398741722107,0.001
K32,2,135000,54,0.18510297273397447,0.21064467647075652,0.001
K32,2,137500,55,0.18498365415930748,0.2133554722070694,0.001
K32,2,140000,56,0.18490820115208625,0.2124350303173065,0.001
K32,2,142500,57,0.18479937547445296,0.2111607852935791,0.001
K32,2,145000,58,0.18470170550942422,0.21190840797424315,0.001
K32,2,147500,59,0.18455813559889794,0.21512166657447815,0.001
K32,2,150000,60,0.1845647496163845,0.21234287860393525,0.001
K32,2,152500,61,0.18445539880990983,0.21413549361228942,0.001
K32,2,155000,62,0.18444237240552902,0.2123571697473526,0.001
K32,2,157500,63,0.1842915997803211,0.21315076673030853,0.001
K32,2,160000,64,0.18421822936534882,0.21216970629692078,0.001
K32,2,162500,65,0.18419268154501914,0.21334541018009187,0.001
K32,2,165000,66,0.18400618755817413,0.2132957766532898,0.001
K32,2,167500,67,0.1839489466011524,0.21324077937602998,0.001
K32,3,2500,1,0.28108006285429,0.2314185409784317,0.001
K32,3,5000,2,0.2255077016353607,0.21970528404712678,0.001
K32,3,7500,3,0.21674520961046218,0.21462550394535065,0.001
K32,3,10000,4,0.21166672106385231,0.21369244644641877,0.001
K32,3,12500,5,0.2081441199719906,0.2115942289352417,0.001
K32,3,15000,6,0.2054431866645813,0.2086933524131775,0.001
K32,3,17500,7,0.2034486941754818,0.2107703407049179,0.001
K32,3,20000,8,0.20178297399878503,0.2068113528251648,0.001
K32,3,22500,9,0.20040747671723366,0.2072141018629074,0.001
K32,3,25000,10,0.19919619469046593,0.20620865149497986,0.001
K32,3,27500,11,0.1981922178685665,0.2060122477054596,0.001
K32,3,30000,12,0.19724116510748863,0.20605106537342072,0.001
K32,3,32500,13,0.19645214501023292,0.20709857895374298,0.001
K32,3,35000,14,0.19565659534931182,0.2055486214876175,0.001
K32,3,37500,15,0.1949940552651882,0.20583418111801147,0.001
K32,3,40000,16,0.19443759650588036,0.20520126643180847,0.001
K32,3,42500,17,0.19391031999588013,0.2055197667837143,0.001
K32,3,45000,18,0.1933362100303173,0.20541691513061525,0.001
K32,3,47500,19,0.19288741868138312,0.20683046126365662,0.001
K32,3,50000,20,0.1924560889005661,0.20619286193847655,0.001
K32,3,52500,21,0.19199583782553672,0.20612146530151368,0.001
K32,3,55000,22,0.1916747411072254,0.20640057454109192,0.001
K32,3,57500,23,0.1912994993031025,0.20806829867362975,0.001
K32,3,60000,24,0.19092898450493812,0.20698971683979034,0.001
K32,3,62500,25,0.1906659237742424,0.20796527688503266,0.001
K32,3,65000,26,0.19033966846466063,0.20982022020816804,0.001
K32,3,67500,27,0.19004643815755845,0.20715093607902527,0.001
K32,3,70000,28,0.18979411442279814,0.2073241324186325,0.001
K32,3,72500,29,0.18957174880504607,0.2075274371623993,0.001
K32,3,75000,30,0.18927119680047036,0.20672245512008666,0.001
K32,3,77500,31,0.18906073216199876,0.2077492923974991,0.001
K32,3,80000,32,0.18883421092629432,0.20653171389102937,0.001
K32,3,82500,33,0.1886345587491989,0.2073879671096802,0.001
K32,3,85000,34,0.18840448896884918,0.2079491268157959,0.001
K32,3,87500,35,0.1882212903857231,0.2070324846982956,0.001
K32,3,90000,36,0.18811030829548836,0.20689358279705047,0.001
K32,3,92500,37,0.1878767392575741,0.2069129107952118,0.001
K32,3,95000,38,0.18768105615377426,0.20911801223754883,0.001
K32,3,97500,39,0.1876133998453617,0.2078658840417862,0.001
K32,3,100000,40,0.18740156438946723,0.20865596520900725,0.001
K32,3,102500,41,0.18724319493174552,0.2080492897748947,0.001
K32,3,105000,42,0.18712502930164338,0.20756397867202758,0.001
K32,3,107500,43,0.18690024014115333,0.2092894071817398,0.001
K32,3,110000,44,0.18688509657382965,0.20864331061840058,0.001
K32,3,112500,45,0.18665405621528625,0.20721137623786925,0.001
K32,3,115000,46,0.18664675431847572,0.20797533166408538,0.001
K32,3,117500,47,0.1863851276099682,0.2084979813337326,0.001
K32,3,120000,48,0.1863658004820347,0.20895736207962037,0.001
K32,3,122500,49,0.18626645234823228,0.2084960146188736,0.001
K32,3,125000,50,0.1861472430586815,0.20791524760723115,0.001
K32,3,127500,51,0.18605824005007743,0.21007594978809357,0.001
K32,3,130000,52,0.18588820863962174,0.2109577757358551,0.001
K32,3,132500,53,0.18582987724542618,0.2082327735424042,0.001
K32,3,135000,54,0.1857091620862484,0.20800407190322875,0.001
K32,3,137500,55,0.185617169547081,0.2082877482891083,0.001
K32,3,140000,56,0.18553106958270074,0.2105449025630951,0.001
K32,3,142500,57,0.1854536051094532,0.20871679334640503,0.001
K32,3,145000,58,0.18534498627781867,0.209183194065094,0.001
K32,3,147500,59,0.18521643356084824,0.20839650800228118,0.001
K32,3,150000,60,0.1852040871322155,0.2089439777612686,0.001
K32,3,152500,61,0.1850838868379593,0.2078627637386322,0.001
K32,3,155000,62,0.18498438250422478,0.20896099355220796,0.001
K32,3,157500,63,0.18489524089097978,0.21024213464260103,0.001
K32,3,160000,64,0.18478813439011574,0.2084982169866562,0.001
K32,3,162500,65,0.1847772507250309,0.20932756576538086,0.001
K32,3,165000,66,0.18472814695835113,0.2080618004322052,0.001
K32,4,2500,1,0.2766790624320507,0.23227759141921997,0.001
K32,4,5000,2,0.22533305864334108,0.22399792976379396,0.001
K32,4,7500,3,0.21699874863028526,0.2159362997531891,0.001
K32,4,10000,4,0.2120517847955227,0.21452836530208588,0.001
K32,4,12500,5,0.20844957523941993,0.21067469141483308,0.001
K32,4,15000,6,0.2059027397930622,0.2106907630443573,0.001
K32,4,17500,7,0.20396885664463044,0.20901962943077088,0.001
K32,4,20000,8,0.2022555934906006,0.20803349075317382,0.001
K32,4,22500,9,0.20086788385510446,0.21209364848136902,0.001
K32,4,25000,10,0.19969986285567284,0.21112216064929962,0.001
K32,4,27500,11,0.19866308050751685,0.2072922646522522,0.001
K32,4,30000,12,0.19769754611849785,0.20826829578876496,0.001
K32,4,32500,13,0.19687802067399024,0.20736082239151002,0.001
K32,4,35000,14,0.19615056184530258,0.2070549990415573,0.001
K32,4,37500,15,0.19543836815953256,0.20936748645305633,0.001
K32,4,40000,16,0.1948940623342991,0.20700989170074463,0.001
K32,4,42500,17,0.19425039601922034,0.20947702660560608,0.001
K32,4,45000,18,0.19370786424279213,0.20721846289634704,0.001
K32,4,47500,19,0.19321508708000182,0.2071889701128006,0.001
K32,4,50000,20,0.1927817540347576,0.2079182273387909,0.001
K32,4,52500,21,0.1924157635629177,0.20850321571826935,0.001
K32,4,55000,22,0.1918963143825531,0.20732110841274262,0.001
K32,4,57500,23,0.19163478783369065,0.2068041551351547,0.001
K32,4,60000,24,0.1911341439306736,0.208090008020401,0.001
K32,4,62500,25,0.19096120135188102,0.2075789178609848,0.001
K32,4,65000,26,0.19059429660439492,0.2081982619047165,0.001
K32,4,67500,27,0.19027726421952249,0.20835860831737518,0.001
K32,4,70000,28,0.189990807056427,0.20859484868049621,0.001
K32,4,72500,29,0.18970238860845565,0.20835279109477997,0.001
K32,4,75000,30,0.18950302107930184,0.20785508477687836,0.001
K32,4,77500,31,0.18921148116588593,0.20781590006351472,0.001
K32,4,80000,32,0.18898092401623726,0.21039809300899506,0.001
K32,4,82500,33,0.18880996752381324,0.20863850889205932,0.001
K32,4,85000,34,0.18852495820522308,0.20933900926113128,0.001
K32,4,87500,35,0.18835136588811874,0.2098044418811798,0.001
K32,4,90000,36,0.1882094179391861,0.20956182165145873,0.001
K32,4,92500,37,0.18786045626997946,0.20927571351528168,0.001
K32,4,95000,38,0.18779392212629317,0.2119349145412445,0.001
K32,4,97500,39,0.18758052585721016,0.21080340266227723,0.001
K32,4,100000,40,0.18743994226455687,0.20963791868686676,0.001
K32,4,102500,41,0.18730016503334046,0.20994973695278168,0.001
K32,4,105000,42,0.18716120553612708,0.21006978986263275,0.001
K32,4,107500,43,0.18695730305314065,0.2106119943380356,0.001
K32,4,110000,44,0.18682935609221457,0.21219238369464874,0.001
K32,4,112500,45,0.18669183881282805,0.21036663682460785,0.001
K32,4,115000,46,0.18650396728515625,0.20973321652412413,0.001
K32,4,117500,47,0.18648232246637345,0.21103947272300722,0.001
K32,4,120000,48,0.1862389416396618,0.21134197964668275,0.001
K32,4,122500,49,0.18624992074966432,0.2104196442604065,0.001
K32,4,125000,50,0.18607072371244432,0.21159005031585693,0.001
K32,4,127500,51,0.18594373915791512,0.21028985431194305,0.001
K32,4,130000,52,0.1858639585196972,0.2100496579170227,0.001
K32,4,132500,53,0.18571625251173973,0.2100737193584442,0.001
K32,4,135000,54,0.1856960252583027,0.21068485016822816,0.001
K32,4,137500,55,0.18553216856718063,0.2102106119632721,0.001
K32,4,140000,56,0.1854527413010597,0.21129690692424774,0.001
K32,4,142500,57,0.1853553793489933,0.21179467070102692,0.001
K32,4,145000,58,0.18526825789809226,0.21186139743328095,0.001
K32,4,147500,59,0.18521380306482316,0.2143463056087494,0.001
K32,4,150000,60,0.18513883681893348,0.213884615111351,0.001
K32,4,152500,61,0.1850383772432804,0.21166020178794862,0.001
K32,4,155000,62,0.18498918062448502,0.2125508012533188,0.001
K32,4,157500,63,0.18482476138472556,0.21116278731822968,0.001
K32,4,160000,64,0.18480205526947976,0.21058096177577973,0.001
K32,4,162500,65,0.18471883840560913,0.211528390789032,0.001
K32,4,165000,66,0.18464395083785057,0.21325280404090882,0.001
K32,4,167500,67,0.1845864031970501,0.2120966360092163,0.001
K32,4,170000,68,0.1844613494813442,0.21093595628738404,0.001
K32,4,172500,69,0.184400639462471,0.20969021317958833,0.001
K32,4,175000,70,0.18438807341456415,0.21410138177871704,0.001
K32,4,177500,71,0.184344016289711,0.21067410521507263,0.001
K32,4,180000,72,0.18424177371859551,0.210852512550354,0.001
K32,4,182500,73,0.18417895859479905,0.21212175121307372,0.001
dynamic,0,2500,1,0.28078010214567184,0.23380405209064484,0.001
dynamic,0,5000,2,0.22535559588074683,0.22180868875980378,0.001
dynamic,0,7500,3,0.21724141468405725,0.21723308601379396,0.001
dynamic,0,10000,4,0.2125696377813816,0.21290763211250305,0.001
dynamic,0,12500,5,0.20927054358720779,0.21282477297782898,0.001
dynamic,0,15000,6,0.20689192668199538,0.20957134740352631,0.001
dynamic,0,17500,7,0.20505183163285257,0.20919614205360412,0.001
dynamic,0,20000,8,0.20363707898259162,0.20793138978481293,0.001
dynamic,0,22500,9,0.20239028004407883,0.2076336706161499,0.001
dynamic,0,25000,10,0.2014174378156662,0.20727637913227082,0.001
dynamic,0,27500,11,0.20048048189878465,0.20686641008853912,0.001
dynamic,0,30000,12,0.19957769914269446,0.20584408619403838,0.001
dynamic,0,32500,13,0.19897553490400313,0.2054247884988785,0.001
dynamic,0,35000,14,0.1983434810936451,0.20490421123504637,0.001
dynamic,0,37500,15,0.19772893021702767,0.20423108837604523,0.001
dynamic,0,40000,16,0.19724315167665482,0.20430878014564513,0.001
dynamic,0,42500,17,0.196804467856884,0.20517952687740326,0.001
dynamic,0,45000,18,0.19629175804853438,0.20356451811790466,0.001
dynamic,0,47500,19,0.19604301270842553,0.20364178926944732,0.001
dynamic,0,50000,20,0.19554449669718743,0.20331505243778228,0.001
dynamic,0,52500,21,0.19525992882847787,0.20365324425697326,0.001
dynamic,0,55000,22,0.19493654236793517,0.20308878593444823,0.001
dynamic,0,57500,23,0.19464117487668992,0.20278093156814575,0.001
dynamic,0,60000,24,0.19436495586037636,0.20244864482879638,0.001
dynamic,0,62500,25,0.19405475308299064,0.20349693460464477,0.001
dynamic,0,65000,26,0.19377684187293054,0.20359268007278442,0.001
dynamic,0,67500,27,0.19354718859791756,0.20342558114528655,0.001
dynamic,0,70000,28,0.1934960125863552,0.20308315975666047,0.001
dynamic,0,72500,29,0.19332452183961868,0.20277269797325134,0.001
dynamic,0,75000,30,0.19302545536756516,0.2027224162340164,0.001
dynamic,0,77500,31,0.1928698222696781,0.20265543594360352,0.001
dynamic,0,80000,32,0.19266062566041947,0.20243130021095276,0.001
dynamic,0,82500,33,0.19253817950487137,0.20311760051250458,0.001
dynamic,0,85000,34,0.19226663137078284,0.20232604508399962,0.001
dynamic,0,87500,35,0.19208861373066902,0.20386593244075776,0.001
dynamic,0,90000,36,0.19201295191049575,0.20310155494213103,0.001
dynamic,0,92500,37,0.1919321658015251,0.20219538278579713,0.001
dynamic,0,95000,38,0.1916364646911621,0.20438411231040954,0.001
dynamic,0,97500,39,0.19161180396080016,0.203305370926857,0.001
dynamic,0,100000,40,0.19147627460360528,0.20307699472904206,0.001
dynamic,0,102500,41,0.19131279732584952,0.2025049165725708,0.001
dynamic,0,105000,42,0.19115749840140342,0.20262009353637694,0.001
dynamic,0,107500,43,0.19107539656162262,0.2032378355026245,0.001
dynamic,0,110000,44,0.1909590246081352,0.20296015491485594,0.001
dynamic,0,112500,45,0.19085122046470643,0.20276815588474273,0.001
dynamic,0,115000,46,0.19081294488310813,0.20355999805927277,0.001
dynamic,0,117500,47,0.19062461915016174,0.20256935048103333,0.001
dynamic,0,120000,48,0.19054034509062767,0.2038728926897049,0.001
dynamic,0,122500,49,0.19055826808214188,0.2031910595178604,0.001
dynamic,0,125000,50,0.19034293798208238,0.20387860176563263,0.001
dynamic,0,127500,51,0.19026300807595253,0.20332533526420593,0.001
dynamic,0,130000,52,0.19018727728128434,0.20465090808868408,0.001
dynamic,0,132500,53,0.19008422728776933,0.20260365486145018,0.001
dynamic,0,135000,54,0.18996846572756768,0.20243389267921447,0.001
dynamic,0,137500,55,0.1898233931183815,0.2028038012981415,0.001
dynamic,0,140000,56,0.1898583530306816,0.20313223085403442,0.001
dynamic,0,142500,57,0.18968904068470002,0.20311056411266326,0.001
dynamic,0,145000,58,0.18980300183296203,0.20313147373199464,0.001
dynamic,0,147500,59,0.18962610287070275,0.20250532653331757,0.001
dynamic,0,150000,60,0.18963989024162292,0.20229954562187194,0.001
dynamic,0,152500,61,0.18941762991547584,0.2032102622270584,0.001
dynamic,0,155000,62,0.18947655648589135,0.2039386387825012,0.001
dynamic,0,157500,63,0.18937174564003945,0.20259900636672973,0.001
dynamic,0,160000,64,0.18927311643362046,0.20251311209201814,0.001
dynamic,0,162500,65,0.18933443133831024,0.20307279677391052,0.001
dynamic,0,165000,66,0.18923919728398322,0.20281534414291383,0.001
dynamic,0,167500,67,0.18911369717121124,0.2036653109073639,0.001
dynamic,0,170000,68,0.18908302825689316,0.2033507954120636,0.001
dynamic,0,172500,69,0.1890304153203964,0.20220056657791138,0.001
dynamic,0,175000,70,0.18890386976003648,0.20421762084960937,0.001
dynamic,0,177500,71,0.18892291710972786,0.20351099498271943,0.001
dynamic,0,180000,72,0.188802058416605,0.20406015267372132,0.001
dynamic,0,182500,73,0.18875496705174447,0.20270092835426332,0.001
dynamic,0,185000,74,0.1886801710665226,0.20275838992595674,0.001
dynamic,0,187500,75,0.18876443811059,0.20413289387226105,0.001
dynamic,0,190000,76,0.18849111127257348,0.20292317812442778,0.001
dynamic,0,192500,77,0.18853491681218149,0.2028068871498108,0.001
dynamic,0,195000,78,0.18845713621377944,0.20328866279125213,0.001
dynamic,0,197500,79,0.18857627398371696,0.20284957547187804,0.001
dynamic,0,200000,80,0.1883730734169483,0.2026085501909256,0.001
dynamic,0,202500,81,0.18837465510964393,0.20265840578079225,0.001
dynamic,0,205000,82,0.18827731852531432,0.2054107895374298,0.001
dynamic,0,207500,83,0.18825125019550323,0.20382303833961488,0.001
dynamic,0,210000,84,0.18825808205604552,0.2027212256193161,0.001
dynamic,0,212500,85,0.18827134442329407,0.20297889864444732,0.001
dynamic,0,215000,86,0.18812918632626532,0.2029676437854767,0.001
dynamic,0,217500,87,0.18812638539671897,0.202954269695282,0.001
dynamic,1,2500,1,0.28158668986558916,0.23558114495277405,0.001
dynamic,1,5000,2,0.2266288235604763,0.21980168018341065,0.001
dynamic,1,7500,3,0.21785678300261496,0.21705907068252564,0.001
dynamic,1,10000,4,0.21301183696985246,0.21299177582263948,0.001
dynamic,1,12500,5,0.20950130586028098,0.2099733575820923,0.001
dynamic,1,15000,6,0.20721102101802827,0.20752396140098572,0.001
dynamic,1,17500,7,0.20508558752536774,0.20854306108951567,0.001
dynamic,1,20000,8,0.20361331915259362,0.20576088018417357,0.001
dynamic,1,22500,9,0.20227594892382622,0.20536700003147126,0.001
dynamic,1,25000,10,0.20137613921761513,0.20512846586704253,0.001
dynamic,1,27500,11,0.20034596170186997,0.20437092838287355,0.001
dynamic,1,30000,12,0.19951582736372947,0.20407197070121766,0.001
dynamic,1,32500,13,0.19885376257896423,0.20340996713638307,0.001
dynamic,1,35000,14,0.19820914490818978,0.2044552164077759,0.001
dynamic,1,37500,15,0.19755493183732034,0.20184606592655183,0.001
dynamic,1,40000,16,0.19695878196358682,0.2020330038547516,0.001
dynamic,1,42500,17,0.1964872930586338,0.20126930191516876,0.001
dynamic,1,45000,18,0.19613094446659088,0.20132910594940184,0.001
dynamic,1,47500,19,0.1957098109304905,0.20118204543590545,0.001
dynamic,1,50000,20,0.1952961192727089,0.2017717814207077,0.001
dynamic,1,52500,21,0.19500109928250312,0.20102128157615662,0.001
dynamic,1,55000,22,0.1945962975859642,0.20154878618717192,0.001
dynamic,1,57500,23,0.19432914057374,0.20082532970905304,0.001
dynamic,1,60000,24,0.19421117677092553,0.2010927567243576,0.001
dynamic,1,62500,25,0.19388363713622092,0.20099124219417572,0.001
dynamic,1,65000,26,0.1936155772805214,0.20136262323856355,0.001
dynamic,1,67500,27,0.19340173158049584,0.20213546869754792,0.001
dynamic,1,70000,28,0.19315381093025208,0.20125834436416626,0.001
dynamic,1,72500,29,0.19293239232301712,0.20188472793102263,0.001
dynamic,1,75000,30,0.19272226766347886,0.201172562456131,0.001
dynamic,1,77500,31,0.19260835715532304,0.2008971969127655,0.001
dynamic,1,80000,32,0.19234514555335044,0.20060007724761963,0.001
dynamic,1,82500,33,0.19225723189711572,0.1999227962255478,0.001
dynamic,1,85000,34,0.19221379108428954,0.201742910695076,0.001
dynamic,1,87500,35,0.1919151977956295,0.20076345806121826,0.001
dynamic,1,90000,36,0.19172644729018212,0.20065918576717376,0.001
dynamic,1,92500,37,0.19171760737895965,0.20112000744342803,0.001
dynamic,1,95000,38,0.1914895314991474,0.2011496526479721,0.001
dynamic,1,97500,39,0.1913944875061512,0.2010887411594391,0.001
dynamic,1,100000,40,0.1913327752828598,0.200431773352623,0.001
dynamic,1,102500,41,0.19102815092206002,0.20102796647548676,0.001
dynamic,1,105000,42,0.1909480350792408,0.19982835545539857,0.001
dynamic,1,107500,43,0.190935586476326,0.20165361835956574,0.001
dynamic,1,110000,44,0.19065658428668975,0.20066308104991912,0.001
dynamic,1,112500,45,0.190642852216959,0.20007559459209442,0.001
dynamic,1,115000,46,0.19049157162308694,0.20135274498462677,0.001
dynamic,1,117500,47,0.19035774490237237,0.20086060559749602,0.001
dynamic,1,120000,48,0.1903430403649807,0.20092076165676118,0.001
dynamic,1,122500,49,0.19018590483665465,0.20094117617607116,0.001
dynamic,1,125000,50,0.19009312534928322,0.20186199736595153,0.001
dynamic,1,127500,51,0.19016419916152955,0.20016899960041046,0.001
dynamic,1,130000,52,0.18990735208392143,0.20086430246829987,0.001
dynamic,1,132500,53,0.1898919115483761,0.20039238266944887,0.001
dynamic,1,135000,54,0.18973871960639954,0.20119450290203095,0.001
dynamic,1,137500,55,0.18973366911411285,0.20183728125095368,0.001
dynamic,1,140000,56,0.18965476233959197,0.20240520181655883,0.001
dynamic,1,142500,57,0.18954548215270042,0.20034332582950592,0.001
dynamic,1,145000,58,0.18953211938738823,0.20116788556575776,0.001
dynamic,1,147500,59,0.18953193119168282,0.20089285595417022,0.001
dynamic,1,150000,60,0.18927469034790992,0.20130575766563416,0.001
dynamic,1,152500,61,0.18929793717861176,0.20066201810836792,0.001
dynamic,1,155000,62,0.18916250723600386,0.20197419199943542,0.001
dynamic,1,157500,63,0.1891665164232254,0.2010532734155655,0.001
dynamic,1,160000,64,0.1890876712203026,0.20122891085147857,0.001
dynamic,1,162500,65,0.1890169189631939,0.2012902468442917,0.001
dynamic,1,165000,66,0.1889223047375679,0.20168257653713226,0.001
dynamic,1,167500,67,0.18887459701299666,0.20232018797397613,0.001
dynamic,1,170000,68,0.1887143422603607,0.20091606101989745,0.001
dynamic,1,172500,69,0.18872438735961913,0.20091552121639253,0.001
dynamic,1,175000,70,0.18875900492668152,0.20158691017627717,0.001
dynamic,1,177500,71,0.18859091045856477,0.20101115391254426,0.001
dynamic,1,180000,72,0.18854470675587653,0.20070408611297608,0.001
dynamic,1,182500,73,0.1885530875623226,0.20100351462364197,0.001
dynamic,1,185000,74,0.18849355778098106,0.2009848071575165,0.001
dynamic,1,187500,75,0.1884270292699337,0.20081072676181794,0.001
dynamic,1,190000,76,0.188402902251482,0.20106671562194825,0.001
dynamic,1,192500,77,0.18824886413812636,0.200861093211174,0.001
dynamic,1,195000,78,0.18821043395400047,0.20052645139694214,0.001
dynamic,1,197500,79,0.18816834522485734,0.20111929109096527,0.001
dynamic,1,200000,80,0.1881502277672291,0.20103351495265961,0.001
dynamic,1,202500,81,0.18818923516869546,0.20198393638134002,0.001
dynamic,1,205000,82,0.18813985140323639,0.20147112050056457,0.001
dynamic,1,207500,83,0.18801447837352753,0.20191094932556153,0.001
dynamic,1,210000,84,0.18797850175499917,0.20128078866004945,0.001
dynamic,1,212500,85,0.18811267070770263,0.20226083178520202,0.001
dynamic,1,215000,86,0.1878732854604721,0.20090802240371705,0.001
dynamic,1,217500,87,0.18795799703001975,0.20139910726547242,0.001
dynamic,1,220000,88,0.18792699137926103,0.20409049108028413,0.001
dynamic,1,222500,89,0.18776517440080642,0.20179296967983246,0.001
dynamic,1,225000,90,0.18769213000535964,0.20170110285282136,0.001
dynamic,1,227500,91,0.18773108800053598,0.20226461522579192,0.001
dynamic,1,230000,92,0.18772106466889382,0.2010487019777298,0.001
dynamic,2,2500,1,0.27836604490280153,0.23287445211410523,0.001
dynamic,2,5000,2,0.22513611099720002,0.22111096498966218,0.001
dynamic,2,7500,3,0.21665896072387694,0.21558688199520112,0.001
dynamic,2,10000,4,0.21166463027596474,0.21157437796592712,0.001
dynamic,2,12500,5,0.2083350018620491,0.21303218076229097,0.001
dynamic,2,15000,6,0.2060355720639229,0.20865978105068206,0.001
dynamic,2,17500,7,0.2041541931092739,0.20661357035636901,0.001
dynamic,2,20000,8,0.20269424017071724,0.2059957870721817,0.001
dynamic,2,22500,9,0.20128433967828752,0.20557354991436005,0.001
dynamic,2,25000,10,0.2002942280948162,0.20506416783332826,0.001
dynamic,2,27500,11,0.19938976612687112,0.20395335965156555,0.001
dynamic,2,30000,12,0.1986596059024334,0.206024831032753,0.001
dynamic,2,32500,13,0.1978437144935131,0.204544793009758,0.001
dynamic,2,35000,14,0.19716149384975434,0.2037699450492859,0.001
dynamic,2,37500,15,0.19680489211082458,0.20303441462516786,0.001
dynamic,2,40000,16,0.19625793951153755,0.20322069742679597,0.001
dynamic,2,42500,17,0.19570423547625543,0.20384039227962494,0.001
dynamic,2,45000,18,0.19524028899669646,0.20284204499721528,0.001
dynamic,2,47500,19,0.19483599735498427,0.20280513219833374,0.001
dynamic,2,50000,20,0.19451693513393403,0.20326033456325532,0.001
dynamic,2,52500,21,0.19415147238373756,0.20345982971191406,0.001
dynamic,2,55000,22,0.19381940971016884,0.202762908411026,0.001
dynamic,2,57500,23,0.19355309517979621,0.20301970994472504,0.001
dynamic,2,60000,24,0.19312886014580727,0.20303386311531066,0.001
dynamic,2,62500,25,0.19289959689378738,0.20342025570869446,0.001
dynamic,2,65000,26,0.19256946304440498,0.20230560808181763,0.001
dynamic,2,67500,27,0.19253973072767258,0.20318562173843382,0.001
dynamic,2,70000,28,0.1923399751365185,0.20222223298549652,0.001
dynamic,2,72500,29,0.1919695601403713,0.20285177462100984,0.001
dynamic,2,75000,30,0.19176663803458213,0.20349554164409636,0.001
dynamic,2,77500,31,0.1916782929420471,0.20292955343723298,0.001
dynamic,2,80000,32,0.1914317507326603,0.20259197084903718,0.001
dynamic,2,82500,33,0.19121043998003007,0.20229079360961913,0.001
dynamic,2,85000,34,0.19102980524897575,0.20235599946975708,0.001
dynamic,2,87500,35,0.19097413435578348,0.20246456167697907,0.001
dynamic,2,90000,36,0.1907202353835106,0.20270728907585145,0.001
dynamic,2,92500,37,0.19059241797924042,0.20355036973953247,0.001
dynamic,2,95000,38,0.19037451432347297,0.20387711479663848,0.001
dynamic,2,97500,39,0.19021517845392227,0.20375505652427672,0.001
dynamic,2,100000,40,0.19008318833708762,0.20372409641742706,0.001
dynamic,2,102500,41,0.19005920262932777,0.2027847650527954,0.001
dynamic,2,105000,42,0.18985505934357644,0.20241884887218475,0.001
dynamic,2,107500,43,0.18981760370135306,0.20290984387397767,0.001
dynamic,2,110000,44,0.18969978563785553,0.20284334864616393,0.001
dynamic,2,112500,45,0.1896423226594925,0.20311881222724915,0.001
dynamic,2,115000,46,0.18936030860543251,0.2023155207633972,0.001
dynamic,2,117500,47,0.18925027752518653,0.20285828182697296,0.001
dynamic,2,120000,48,0.18917743679881097,0.20176511750221252,0.001
dynamic,2,122500,49,0.18911204579472543,0.20304683651924132,0.001
dynamic,2,125000,50,0.18901269778609275,0.20392123866081238,0.001
dynamic,2,127500,51,0.18898210535645485,0.20378794023990632,0.001
dynamic,2,130000,52,0.18879291676282883,0.20314769668579102,0.001
dynamic,2,132500,53,0.18876939515471458,0.20293671374320985,0.001
dynamic,2,135000,54,0.18867719985842704,0.20367269854545594,0.001
dynamic,2,137500,55,0.18859346855282783,0.20322577543258666,0.001
dynamic,2,140000,56,0.1885125247120857,0.2018429393529892,0.001
dynamic,2,142500,57,0.18843092011213303,0.2034427676677704,0.001
dynamic,2,145000,58,0.18832080242037774,0.20403796906471253,0.001
dynamic,2,147500,59,0.18824131963849067,0.2057223532676697,0.001
dynamic,2,150000,60,0.18819316740632058,0.20252616410255433,0.001
dynamic,2,152500,61,0.18799281354546546,0.20434789221286773,0.001
dynamic,2,155000,62,0.1880844694018364,0.20332735080718994,0.001
dynamic,2,157500,63,0.18789084540605544,0.20293084745407106,0.001
dynamic,2,160000,64,0.18794846424460412,0.20317203319072724,0.001
dynamic,2,162500,65,0.18784422814846038,0.20351703751087188,0.001
dynamic,2,165000,66,0.18783484317660332,0.20343557767868042,0.001
dynamic,2,167500,67,0.18761334074139596,0.2027224546432495,0.001
dynamic,2,170000,68,0.18758446600437165,0.20416299057006837,0.001
dynamic,2,172500,69,0.18753673430681228,0.20315735681056976,0.001
dynamic,2,175000,70,0.18759900989532471,0.20364042310714722,0.001
dynamic,2,177500,71,0.1874042003750801,0.20511190843582153,0.001
dynamic,2,180000,72,0.18749152784943582,0.20294393408298492,0.001
dynamic,2,182500,73,0.18744827677607537,0.20272874386310577,0.001
dynamic,2,185000,74,0.18731953112483024,0.20302988502979277,0.001
dynamic,2,187500,75,0.18729121515750885,0.20306302757263184,0.001
dynamic,2,190000,76,0.18718177266716957,0.20278043315410613,0.001
dynamic,2,192500,77,0.1871164025604725,0.20310816934108733,0.001
dynamic,2,195000,78,0.18715898118019103,0.202152228307724,0.001
dynamic,2,197500,79,0.1871025015950203,0.20597706139087676,0.001
dynamic,2,200000,80,0.18700686032176017,0.20200298573970796,0.001
dynamic,2,202500,81,0.18686863526701927,0.20353465795516967,0.001
dynamic,2,205000,82,0.18687217597961425,0.202723934841156,0.001
dynamic,2,207500,83,0.1868409087717533,0.20288008897304535,0.001
dynamic,2,210000,84,0.1867095224440098,0.203776727437973,0.001
dynamic,2,212500,85,0.1867917842566967,0.20346634800434113,0.001
dynamic,2,215000,86,0.18666968445777893,0.20269968123435975,0.001
dynamic,2,217500,87,0.18676123560667038,0.2034395265340805,0.001
dynamic,2,220000,88,0.18670082581043243,0.20440943207740783,0.001
dynamic,2,222500,89,0.1866149072289467,0.20267782785892485,0.001
dynamic,2,225000,90,0.18657470278143884,0.20342157428264618,0.001
dynamic,2,227500,91,0.1865052081823349,0.20312995789051055,0.001
dynamic,2,230000,92,0.18649753955006598,0.202673579621315,0.001
dynamic,2,232500,93,0.1863778202176094,0.20375295872688293,0.001
dynamic,2,235000,94,0.18642388140559196,0.20326921393871308,0.001
dynamic,2,237500,95,0.18647963896989822,0.20330314333438873,0.001
dynamic,2,240000,96,0.186399730104208,0.20423515634536743,0.001
dynamic,2,242500,97,0.18634277547001837,0.20485583810806274,0.001
dynamic,2,245000,98,0.18626420457959175,0.20458539559841157,0.001
dynamic,3,2500,1,0.2793081897199154,0.23356844854354858,0.001
dynamic,3,5000,2,0.22615915964245797,0.22127108359336853,0.001
dynamic,3,7500,3,0.2175107110261917,0.21773517351150512,0.001
dynamic,3,10000,4,0.21237177185416223,0.21164034235477447,0.001
dynamic,3,12500,5,0.20891646515130996,0.21150835845470428,0.001
dynamic,3,15000,6,0.20640650218129158,0.20866122477054597,0.001
dynamic,3,17500,7,0.2043738803088665,0.20821739349365234,0.001
dynamic,3,20000,8,0.20288427596092223,0.20566080441474915,0.001
dynamic,3,22500,9,0.20141577983498574,0.20500858619213105,0.001
dynamic,3,25000,10,0.20035295693278313,0.20414650950431823,0.001
dynamic,3,27500,11,0.1993879531621933,0.2035095093011856,0.001
dynamic,3,30000,12,0.19857114565968514,0.20609439051151277,0.001
dynamic,3,32500,13,0.1978487304151058,0.20306597173213958,0.001
dynamic,3,35000,14,0.19738684569597245,0.20274164638519288,0.001
dynamic,3,37500,15,0.1967844979763031,0.20308356626033783,0.001
dynamic,3,40000,16,0.19604047352075576,0.2045208159685135,0.001
dynamic,3,42500,17,0.19551511458158494,0.20155336368083954,0.001
dynamic,3,45000,18,0.19526586011052133,0.20205274071693421,0.001
dynamic,3,47500,19,0.1948118119120598,0.2020998957633972,0.001
dynamic,3,50000,20,0.19448571340441703,0.20142907903194426,0.001
dynamic,3,52500,21,0.19409433556199074,0.2026643774986267,0.001
dynamic,3,55000,22,0.19376256618499757,0.20150384204387664,0.001
dynamic,3,57500,23,0.19348368537425994,0.2017017026424408,0.001
dynamic,3,60000,24,0.19313839681744577,0.202057674908638,0.001
dynamic,3,62500,25,0.1928364657998085,0.2009640174150467,0.001
dynamic,3,65000,26,0.1926662486433983,0.20133982892036437,0.001
dynamic,3,67500,27,0.19242890766859055,0.20135253324508667,0.001
dynamic,3,70000,28,0.19224350131750106,0.2011694590330124,0.001
dynamic,3,72500,29,0.19213526386022567,0.20208754620552064,0.001
dynamic,3,75000,30,0.1918762569129467,0.20147366001605987,0.001
dynamic,3,77500,31,0.19159282539486885,0.20176404552459717,0.001
dynamic,3,80000,32,0.19145422337651252,0.20146309320926667,0.001
dynamic,3,82500,33,0.191282751840353,0.20218928549289703,0.001
dynamic,3,85000,34,0.19123799953460693,0.20100513520240784,0.001
dynamic,3,87500,35,0.190906740128994,0.20151318871974946,0.001
dynamic,3,90000,36,0.19088000065684319,0.20120656514167787,0.001
dynamic,3,92500,37,0.19072072309851645,0.20172103941440583,0.001
dynamic,3,95000,38,0.19067237033843995,0.2015433818101883,0.001
dynamic,3,97500,39,0.19047969469428064,0.20154267172813414,0.001
dynamic,3,100000,40,0.19026688842773437,0.2030347771883011,0.001
dynamic,3,102500,41,0.19020518459677696,0.20158704495429994,0.001
dynamic,3,105000,42,0.19011463788747787,0.20226755483150483,0.001
dynamic,3,107500,43,0.18990471796989442,0.2030333519935608,0.001
dynamic,3,110000,44,0.18992419816851616,0.20185944285392762,0.001
dynamic,3,112500,45,0.18972780748605728,0.20326032857894896,0.001
dynamic,3,115000,46,0.18969318162798882,0.20158092789649965,0.001
dynamic,3,117500,47,0.1895323864519596,0.20106704351902008,0.001
dynamic,3,120000,48,0.18938595348596574,0.20247900338172914,0.001
dynamic,3,122500,49,0.18935029968619346,0.20163838226795197,0.001
dynamic,3,125000,50,0.18914735964536666,0.20149355833530427,0.001
dynamic,3,127500,51,0.18923132836818696,0.2009862550497055,0.001
dynamic,3,130000,52,0.1890938638329506,0.20087254674434663,0.001
dynamic,3,132500,53,0.1889812012553215,0.2014895926952362,0.001
dynamic,3,135000,54,0.18883384228348732,0.20086029572486877,0.001
dynamic,3,137500,55,0.18875888055562973,0.20135768640041352,0.001
dynamic,3,140000,56,0.18878477989435197,0.20156833436489105,0.001
dynamic,3,142500,57,0.18860235441923143,0.20112357578277587,0.001
dynamic,3,145000,58,0.18865486075282098,0.20091271035671235,0.001
dynamic,3,147500,59,0.18845160965919494,0.20234314136505127,0.001
dynamic,3,150000,60,0.18844638540148734,0.20310748777389526,0.001
dynamic,3,152500,61,0.18832759100198745,0.20178989803791045,0.001
dynamic,3,155000,62,0.18833580887913703,0.20238153789043425,0.001
dynamic,3,157500,63,0.18828141335844994,0.20234546937942505,0.001
dynamic,3,160000,64,0.18820469601750373,0.20300119726657867,0.001
dynamic,3,162500,65,0.18803502328395844,0.20301933903694153,0.001
dynamic,3,165000,66,0.1880692265331745,0.20203697793483735,0.001
dynamic,3,167500,67,0.18781809772253036,0.2011438632249832,0.001
dynamic,3,170000,68,0.18778650528788565,0.2033152134180069,0.001
dynamic,3,172500,69,0.18793967163562775,0.20196822130680084,0.001
dynamic,3,175000,70,0.1878036342084408,0.20116619160175322,0.001
dynamic,3,177500,71,0.18779364505410195,0.2031165203332901,0.001
dynamic,3,180000,72,0.1875613393008709,0.20417274355888368,0.001
dynamic,3,182500,73,0.18759132309556006,0.20159228451251984,0.001
dynamic,3,185000,74,0.18744929290413856,0.20168511877059936,0.001
dynamic,3,187500,75,0.18750918458104135,0.20391744515895843,0.001
dynamic,3,190000,76,0.18749433907866478,0.20136242809295654,0.001
dynamic,3,192500,77,0.1874819900274277,0.20252607581615448,0.001
dynamic,3,195000,78,0.1872542468369007,0.20213364181518556,0.001
dynamic,3,197500,79,0.1873477170407772,0.2023275924682617,0.001
dynamic,3,200000,80,0.18727971078753472,0.20186678733825683,0.001
dynamic,3,202500,81,0.18720039809346198,0.20384069406986235,0.001
dynamic,3,205000,82,0.18726044555306434,0.20305722682476043,0.001
dynamic,3,207500,83,0.18720049288868904,0.20233513417243956,0.001
dynamic,3,210000,84,0.18710005078911782,0.2024102343082428,0.001
dynamic,3,212500,85,0.18702813106179236,0.20191319494247437,0.001
dynamic,3,215000,86,0.18697470911145211,0.20368008437156676,0.001
dynamic,3,217500,87,0.18702162199616432,0.2015277036190033,0.001
dynamic,3,220000,88,0.18696709610819817,0.2021480574607849,0.001
dynamic,3,222500,89,0.1870008090555668,0.202981169295311,0.001
dynamic,3,225000,90,0.18680022765994073,0.20219707164764406,0.001
dynamic,3,227500,91,0.18680592443943023,0.20192912924289702,0.001
dynamic,3,230000,92,0.18676312390565872,0.201390229845047,0.001
dynamic,3,232500,93,0.18665254045128823,0.20176475195884705,0.001
dynamic,3,235000,94,0.186814649361372,0.20294292933940888,0.001
dynamic,3,237500,95,0.1867061376452446,0.2027544669866562,0.001
dynamic,3,240000,96,0.1867266275048256,0.20187383105754853,0.001
dynamic,3,242500,97,0.18672082878351212,0.2022245767593384,0.001
dynamic,3,245000,98,0.18658195176720618,0.2021960522413254,0.001
dynamic,3,247500,99,0.1865130752980709,0.20294016716480257,0.001
dynamic,3,250000,100,0.18642684535980225,0.20269303066730499,0.001
dynamic,3,252500,101,0.1864816888153553,0.2029285305738449,0.001
dynamic,3,255000,102,0.18648936143517494,0.20221837508678436,0.001
dynamic,3,257500,103,0.18644735409021376,0.20484677855968475,0.001
dynamic,3,260000,104,0.18636117497086524,0.20220967366695405,0.001
dynamic,4,2500,1,0.2749144963443279,0.23109882185459138,0.001
dynamic,4,5000,2,0.2251327842772007,0.22091470930576323,0.001
dynamic,4,7500,3,0.21689672585725783,0.2143230762720108,0.001
dynamic,4,10000,4,0.21196490683555602,0.2119883218765259,0.001
dynamic,4,12500,5,0.20874576497673988,0.2094690567970276,0.001
dynamic,4,15000,6,0.206374230325222,0.20850283918380738,0.001
dynamic,4,17500,7,0.20443608027100563,0.20939501650333406,0.001
dynamic,4,20000,8,0.20300444478988647,0.2055931012392044,0.001
dynamic,4,22500,9,0.20167422797679901,0.20578768017292023,0.001
dynamic,4,25000,10,0.20059972320795058,0.20556879518032073,0.001
dynamic,4,27500,11,0.19966656695008278,0.2102188555240631,0.001
dynamic,4,30000,12,0.19893382199406623,0.20359261436462403,0.001
dynamic,4,32500,13,0.19809666507840157,0.2034707201242447,0.001
dynamic,4,35000,14,0.19746902250051498,0.20437949290275573,0.001
dynamic,4,37500,15,0.19678627206087113,0.2036399335384369,0.001
dynamic,4,40000,16,0.19628432589173317,0.20566256055831908,0.001
dynamic,4,42500,17,0.19587367602586747,0.20300333223342895,0.001
dynamic,4,45000,18,0.1954201575577259,0.20275030076503753,0.001
dynamic,4,47500,19,0.19497387530207633,0.20261642355918885,0.001
dynamic,4,50000,20,0.1945456569314003,0.20310696353912353,0.001
dynamic,4,52500,21,0.19423842413425446,0.2019833781003952,0.001
dynamic,4,55000,22,0.1938844237804413,0.20198708431720733,0.001
dynamic,4,57500,23,0.1935072689294815,0.20196637370586396,0.001
dynamic,4,60000,24,0.1932190689742565,0.2025865716934204,0.001
dynamic,4,62500,25,0.1928734649002552,0.20319049470424652,0.001
dynamic,4,65000,26,0.19275864965319633,0.20172446122169493,0.001
dynamic,4,67500,27,0.1924884033024311,0.20211267511844636,0.001
dynamic,4,70000,28,0.19222505509853363,0.20222614405155181,0.001
dynamic,4,72500,29,0.19201044565439224,0.2014993669271469,0.001
dynamic,4,75000,30,0.1918505744278431,0.2014515508890152,0.001
dynamic,4,77500,31,0.19156827137470245,0.20197734978199006,0.001
dynamic,4,80000,32,0.1914327441394329,0.2011746593952179,0.001
dynamic,4,82500,33,0.19120730207562447,0.2013845333814621,0.001
dynamic,4,85000,34,0.19115727878808975,0.2020068374156952,0.001
dynamic,4,87500,35,0.19079733125567436,0.2026492594718933,0.001
dynamic,4,90000,36,0.1907896508574486,0.20177487320899964,0.001
dynamic,4,92500,37,0.19048297665715216,0.20166075682640075,0.001
dynamic,4,95000,38,0.19040631077885628,0.20154417624473572,0.001
dynamic,4,97500,39,0.19035232176184655,0.2029969096660614,0.001
dynamic,4,100000,40,0.19018119999170302,0.20280697991847993,0.001
dynamic,4,102500,41,0.19014732864499093,0.201662397646904,0.001
dynamic,4,105000,42,0.18992360892891885,0.20190687758922576,0.001
dynamic,4,107500,43,0.18981448635458947,0.20313169498443603,0.001
dynamic,4,110000,44,0.18958028483986855,0.20093280429840088,0.001
dynamic,4,112500,45,0.18961519045233727,0.20155938594341277,0.001
dynamic,4,115000,46,0.18939865963459016,0.20151068322658539,0.001
dynamic,4,117500,47,0.18930523636341096,0.20183961398601533,0.001
dynamic,4,120000,48,0.1892184061229229,0.20145144753456115,0.001
dynamic,4,122500,49,0.1890347775697708,0.20217260494232178,0.001
dynamic,4,125000,50,0.18901083258986473,0.20147845199108125,0.001
dynamic,4,127500,51,0.18884401701688766,0.20233531222343445,0.001
dynamic,4,130000,52,0.1889479950785637,0.20259478182792665,0.001
dynamic,4,132500,53,0.18874450920820235,0.20211301193237305,0.001
dynamic,4,135000,54,0.1887046256363392,0.2033037791967392,0.001
dynamic,4,137500,55,0.18865451068878175,0.20200124900341035,0.001
dynamic,4,140000,56,0.1885174071907997,0.20278287930488587,0.001
dynamic,4,142500,57,0.1884322592496872,0.20337873520851135,0.001
dynamic,4,145000,58,0.18825853100419043,0.2020587326526642,0.001
dynamic,4,147500,59,0.18830687489509582,0.2024616384267807,0.001
dynamic,4,150000,60,0.18822839310765266,0.2037059757947922,0.001
dynamic,4,152500,61,0.18811955589056015,0.20109621531963348,0.001
dynamic,4,155000,62,0.1879584968149662,0.20280889568328858,0.001
dynamic,4,157500,63,0.18786803557872772,0.20256616106033326,0.001
dynamic,4,160000,64,0.1878271700978279,0.2020258569955826,0.001
dynamic,4,162500,65,0.187955641913414,0.20202404651641845,0.001
dynamic,4,165000,66,0.18781011390686037,0.2026736513376236,0.001
dynamic,4,167500,67,0.18760661569833756,0.20132929010391235,0.001
dynamic,4,170000,68,0.18763899294137953,0.20126748530864716,0.001
dynamic,4,172500,69,0.1876111038982868,0.20318058907985687,0.001
dynamic,4,175000,70,0.1874932035446167,0.20130593206882477,0.001
dynamic,4,177500,71,0.1874774569451809,0.20165485527515412,0.001
dynamic,4,180000,72,0.187343978369236,0.2019990755081177,0.001
dynamic,4,182500,73,0.1873125492811203,0.20281901712417602,0.001
dynamic,4,185000,74,0.1873210164129734,0.2026673669576645,0.001
dynamic,4,187500,75,0.18722604159116746,0.2023399638414383,0.001
dynamic,4,190000,76,0.18706936767101287,0.20296511838436126,0.001
dynamic,4,192500,77,0.18705595533847807,0.20206669137477876,0.001
dynamic,4,195000,78,0.18712817603945733,0.20301243028640747,0.001
dynamic,4,197500,79,0.18717329015135764,0.20187656724452974,0.001
dynamic,4,200000,80,0.18696470389962197,0.20262524256706238,0.001
dynamic,4,202500,81,0.18700406277179718,0.20182326867580413,0.001
dynamic,4,205000,82,0.18687753608226776,0.20247985129356386,0.001
dynamic,4,207500,83,0.18672331050634383,0.20226600234508516,0.001
dynamic,4,210000,84,0.18674146900177002,0.20307145869731902,0.001
dynamic,4,212500,85,0.18667165508270264,0.20162601430416108,0.001
dynamic,4,215000,86,0.18677227972149849,0.20248392610549926,0.001
dynamic,4,217500,87,0.1866482308924198,0.2017503741979599,0.001
dynamic,4,220000,88,0.1866435307621956,0.2021810643672943,0.001
dynamic,4,222500,89,0.18665473542809485,0.20253448917865755,0.001
dynamic,4,225000,90,0.18658769662380217,0.2028868679523468,0.001
dynamic,4,227500,91,0.18649088395833968,0.2027401647567749,0.001
dynamic,4,230000,92,0.18637152393460274,0.20401518578529357,0.001
dynamic,4,232500,93,0.18644301322102547,0.20194597351551055,0.001
dynamic,4,235000,94,0.18643082336187364,0.20244890854358674,0.001
