seed,restart,epoch,cosine_sq,cosine_abs,overlap,R,S_gamma,w_norm,u_norm,gamma_mean,gamma_second_moment,initialization,init_std,alpha,n_train,activation,activation_name,k_label,k_views,masking_protocol,d,beta,rho,gamma_dist,gamma_sigma,gamma_floor,gamma_eta,epochs,lambda_r,learning_rate,row_chunk_size,method,training_backend,training_device,jax_version,device_mask_dtype,dynamic_rng,dataset_dtype,mask_dtype,train_dataset_storage_bytes,train_mask_bank_storage_bytes,persistent_train_storage_bytes,test_dataset_storage_bytes,test_mask_storage_bytes,float_mask_viewwise_storage_bytes,fully_repeated_nk_storage_bytes,saving_vs_float_mask_viewwise_fraction,saving_vs_fully_repeated_nk_fraction,gamma_low,gamma_high,gamma_beta_a,gamma_beta_b,n_ds,probe_n_test,train_hidden_count,train_zero_decoder_sse,train_sample_view_count,test_hidden_count,test_zero_decoder_sse,test_sample_view_count,n_test_reconstruction,test_views_per_sample,train_evaluation_views_per_sample,test_population_zero_decoder_per_sample,train_loss_estimator,test_loss_estimator,pretrain_train_loss,pretrain_test_loss,last_step_norm,last_step_relative_norm,optimizer_updates,realized_alpha,train_loss_per_sample,train_zero_decoder_per_sample,train_zero_decoder_mse,train_centered_loss_per_sample,train_gain,train_relative_gain,test_loss_per_sample,test_zero_decoder_per_sample,test_zero_decoder_mse,test_centered_loss_per_sample,test_gain,test_relative_gain,ridge_penalty_per_sample,regularized_train_objective_per_sample,regularized_centered_train_objective_per_sample,final_gradient_norm,final_gradient_kind,train_loss_evaluation_protocol,probe_feature_train_mean,probe_feature_train_std,probe_feature_test_mean,probe_feature_test_std,probe_a,probe_train_loss,probe_test_loss,probe_train_accuracy,probe_test_accuracy,probe_train_margin_mean,probe_test_margin_mean,probe_lbfgs_n_iter,probe_lbfgs_func_evals,probe_train_error,probe_test_error
0,0,4000,0.0009206016547977924,0.030341418140848203,0.04548973962664604,2.122509479522705,2.6175451278686523,65.15380859375,46.022239685058594,0.9782412648200989,1.2444093227386475,gaussian,1.0,8.0,16000,linear,identity,1,1,finite_k_fixed,2000,1.0,0.05,bounded_heterogenous,1.0,0.75,0.25,4000,0.0001,0.05,1024,static_mask_mae_adam,jax,cuda:0,0.4.30,bool,matched_torch_cpu_bank,torch.float32,torch.bool,128000000,32000000,160000000,128000000,32000000,256000000,256000000,0.375,0.375,0.25,2.5,1.0,2.0,100,10000,1601057,1567309.6484375,16000,1600285,1564361.8515625,16000,16000,1,1,97.87708399310533,Empirical loss on all K fixed training masks,Monte Carlo population risk; independent test samples and one independent mask per sample,0.9764769504370785,0.9801040688650772,7.355414709309116e-06,1.1289309043149842e-07,4000,8.0,97.7122035522461,97.95685302734375,0.9789218300394676,-0.24464947509765625,4.892989501953124,4.99504562543196,98.02786499023438,97.77261572265625,0.9775520307710814,0.255249267578125,-5.104985351562499,-5.221283397023324,1.3265684247016907e-05,97.71221681793034,-0.24463620941340924,2.597441706164716e-11,fixed_training_mask_bank,fixed_training_mask_bank,0.15060022473335266,1.7282518148422241,0.001709035481326282,1.622723937034607,-0.01736704632639885,0.693034827709198,0.6933079957962036,0.5,0.499099999666214,0.0004493048181757331,-0.00012321126996539533,3,3,0.5,0.500900000333786
0,0,4000,0.01022985391318798,0.10114274028909827,0.12629161775112152,1.4722245931625366,1.9306634664535522,54.262779235839844,46.022239685058594,0.9782412648200989,1.2444093227386475,gaussian,1.0,8.0,16000,linear,identity,1,1,finite_k_fixed,2000,1.0,0.1,bounded_heterogenous,1.0,0.75,0.25,4000,0.0001,0.05,1024,static_mask_mae_adam,jax,cuda:0,0.4.30,bool,matched_torch_cpu_bank,torch.float32,torch.bool,128000000,32000000,160000000,128000000,32000000,256000000,256000000,0.375,0.375,0.25,2.5,1.0,2.0,100,10000,3201114,3133633.234375,16000,3202881,3133982.3359375,16000,16000,1,1,195.75416798621066,Empirical loss on all K fixed training masks,Monte Carlo population risk; independent test samples and one independent mask per sample,0.9776954575636355,0.9797452775872185,5.235232947597979e-06,9.64792690183458e-08,4000,8.0,195.60716355895997,195.8520771484375,0.9789195993566615,-0.24491358947753905,2.4491358947753903,2.5010057901189153,196.12547090148925,195.87389599609375,0.9784885345217321,0.2515749053955078,-2.5157490539550778,-2.568743569592691,9.201403707265855e-06,195.60717276036368,-0.24490438807383177,1.5099473754665027e-11,fixed_training_mask_bank,fixed_training_mask_bank,0.04532233253121376,1.4743064641952515,-0.008916757069528103,1.391808271408081,0.5137827396392822,0.6341131925582886,0.7247700691223145,0.6200000047683716,0.5315999984741211,0.2514426112174988,0.057650867849588394,5,6,0.3799999952316284,0.4684000015258789
0,0,4000,0.2989767789840698,0.5467876909588125,0.5886093378067017,1.0942368507385254,1.224679946899414,46.781124114990234,46.022239685058594,0.9782412648200989,1.2444093227386475,gaussian,1.0,8.0,16000,linear,identity,1,1,finite_k_fixed,2000,1.0,0.2,bounded_heterogenous,1.0,0.75,0.25,4000,0.0001,0.05,1024,static_mask_mae_adam,jax,cuda:0,0.4.30,bool,matched_torch_cpu_bank,torch.float32,torch.bool,128000000,32000000,160000000,128000000,32000000,256000000,256000000,0.375,0.375,0.25,2.5,1.0,2.0,100,10000,6400066,6262989.0,16000,6400883,6263815.46875,16000,16000,1,1,391.5083359724213,Empirical loss on all K fixed training masks,Monte Carlo population risk; independent test samples and one independent mask per sample,0.977953652722219,0.9789930357099998,3.7956970118102618e-06,8.113735816550616e-08,4000,8.0,391.18549514770507,391.4368125,0.9785819396237476,-0.25131735229492186,1.2565867614746091,1.2840762251757898,391.6512424621582,391.488466796875,0.9785861526839343,0.1627756652832031,-0.8138783264160155,-0.8315732344046367,6.838980317115784e-06,391.1855019866854,-0.25131051331460474,8.342358054358456e-12,fixed_training_mask_bank,fixed_training_mask_bank,0.163767009973526,1.1524856090545654,0.0056556048803031445,1.2316216230392456,0.843719482421875,0.598670482635498,0.6213790774345398,0.699999988079071,0.6520000100135803,0.40925392508506775,0.3858373761177063,6,6,0.30000001192092896,0.3479999899864197
0,0,4000,0.5332205295562744,0.7302195077894553,0.7483376860618591,0.9917058348655701,0.9922782778739929,44.53550720214844,46.022239685058594,0.9782412648200989,1.2444093227386475,gaussian,1.0,8.0,16000,linear,identity,1,1,finite_k_fixed,2000,1.0,0.3,bounded_heterogenous,1.0,0.75,0.25,4000,0.0001,0.05,1024,static_mask_mae_adam,jax,cuda:0,0.4.30,bool,matched_torch_cpu_bank,torch.float32,torch.bool,128000000,32000000,160000000,128000000,32000000,256000000,256000000,0.375,0.375,0.25,2.5,1.0,2.0,100,10000,9598987,9393548.46875,16000,9599898,9395790.1875,16000,16000,1,1,587.2625039586319,Empirical loss on all K fixed training masks,Monte Carlo population risk; independent test samples and one independent mask per sample,0.9781269114464077,0.978844263739335,3.183830131092691e-06,7.148969416448381e-08,4000,8.0,586.8142192077637,587.096779296875,0.9785978946267976,-0.2825600891113281,0.9418669637044271,0.9625673281659086,587.3003181114196,587.23688671875,0.9787385436282761,0.06343139266967773,-0.21143797556559246,-0.2160334069754022,6.198161467909813e-06,586.8142254059252,-0.2825538909498602,6.008157513170964e-12,fixed_training_mask_bank,fixed_training_mask_bank,0.046092867851257324,1.296355962753296,0.016205722466111183,1.2361847162246704,1.214002013206482,0.5197316408157349,0.5645673274993896,0.75,0.6998999714851379,0.8419857621192932,0.7215207815170288,7,7,0.25,0.30010002851486206
0,0,4000,0.6003698110580444,0.7748353444816805,0.7954158782958984,0.9950941205024719,0.9640752673149109,44.61152648925781,46.022239685058594,0.9782412648200989,1.2444093227386475,gaussian,1.0,8.0,16000,linear,identity,1,1,finite_k_fixed,2000,1.0,0.4,bounded_heterogenous,1.0,0.75,0.25,4000,0.0001,0.05,1024,static_mask_mae_adam,jax,cuda:0,0.4.30,bool,matched_torch_cpu_bank,torch.float32,torch.bool,128000000,32000000,160000000,128000000,32000000,256000000,256000000,0.375,0.375,0.25,2.5,1.0,2.0,100,10000,12800003,12528719.09375,16000,12802348,12527100.9375,16000,16000,1,1,783.0166719448426,Empirical loss on all K fixed training masks,Monte Carlo population risk; independent test samples and one independent mask per sample,0.9784164049762576,0.9785346392990442,2.8557578843901865e-06,6.401390351129521e-08,4000,8.0,782.733307434082,783.044943359375,0.9788059497915743,-0.31163592529296874,0.7790898132324218,0.7959592305288865,782.9713113975525,782.94380859375,0.9785002670994415,0.027502803802490233,-0.06875700950622558,-0.07025485992873115,6.21933825314045e-06,782.7333136534203,-0.3116297059547156,4.912941147655614e-12,fixed_training_mask_bank,fixed_training_mask_bank,0.031095929443836212,1.3088350296020508,0.01648522913455963,1.253190279006958,1.046057939529419,0.5462031364440918,0.5459666848182678,0.7200000286102295,0.7174999713897705,0.6862310171127319,0.6618784070014954,6,7,0.2799999713897705,0.2825000286102295
0,0,4000,0.6566136479377747,0.8103170045962103,0.844264030456543,1.0250407457351685,0.9530137777328491,45.27782440185547,46.022239685058594,0.9782412648200989,1.2444093227386475,gaussian,1.0,8.0,16000,linear,identity,1,1,finite_k_fixed,2000,1.0,0.5,bounded_heterogenous,1.0,0.75,0.25,4000,0.0001,0.05,1024,static_mask_mae_adam,jax,cuda:0,0.4.30,bool,matched_torch_cpu_bank,torch.float32,torch.bool,128000000,32000000,160000000,128000000,32000000,256000000,256000000,0.375,0.375,0.25,2.5,1.0,2.0,100,10000,15999529,15656878.375,16000,16002589,15660792.9375,16000,16000,1,1,978.7708399310533,Empirical loss on all K fixed training masks,Monte Carlo population risk; independent test samples and one independent mask per sample,0.9782579691303432,0.9786345680662235,2.867386683647055e-06,6.332872004577439e-08,4000,8.0,978.229171661377,978.5548984375,0.9785837054953305,-0.3257267761230469,0.6514535522460938,0.6657302040860014,978.7929233722687,978.79955859375,0.9786412022142167,-0.006635221481323242,0.013270442962646484,0.013557875916614393,6.406504660844803e-06,978.2291780678817,-0.3257203696183861,4.260510780978999e-12,fixed_training_mask_bank,fixed_training_mask_bank,0.13474348187446594,1.330788016319275,0.00889564212411642,1.2822225093841553,1.158970594406128,0.5166874527931213,0.5287140607833862,0.7799999713897705,0.7265999913215637,0.8453399538993835,0.785475492477417,7,7,0.2200000286102295,0.2734000086784363
0,0,4000,0.6720554232597351,0.8197898653067962,0.8842660784721375,1.0986396074295044,1.00430428981781,46.875144958496094,46.022239685058594,0.9782412648200989,1.2444093227386475,gaussian,1.0,8.0,16000,linear,identity,1,1,finite_k_fixed,2000,1.0,0.6,bounded_heterogenous,1.0,0.75,0.25,4000,0.0001,0.05,1024,static_mask_mae_adam,jax,cuda:0,0.4.30,bool,matched_torch_cpu_bank,torch.float32,torch.bool,128000000,32000000,160000000,128000000,32000000,256000000,256000000,0.375,0.375,0.25,2.5,1.0,2.0,100,10000,19200640,18790825.0625,16000,19201329,18789887.875,16000,16000,1,1,1174.5250079172638,Empirical loss on all K fixed training masks,Monte Carlo population risk; independent test samples and one independent mask per sample,0.9783728743770879,0.9785605321794383,2.7194419089937583e-06,5.8014581583165636e-08,4000,8.0,1174.0865841674804,1174.42656640625,0.9786561834657594,-0.33998223876953126,0.5666370646158855,0.5789757290826092,1174.35392029953,1174.3679921875,0.9785722579411039,-0.014071887969970703,0.023453146616617838,0.02396504002755151,6.866497546434403e-06,1174.086591033978,-0.3399753722719848,3.992636082861267e-12,fixed_training_mask_bank,fixed_training_mask_bank,0.0729888379573822,1.3866394758224487,0.01588096097111702,1.3288553953170776,1.0575352907180786,0.5280766487121582,0.5300408005714417,0.7200000286102295,0.7239000201225281,0.780366063117981,0.7406545877456665,6,7,0.2799999713897705,0.2760999798774719
0,0,4000,0.6630734801292419,0.8142932396435831,0.919624388217926,1.2043529748916626,1.0910961627960205,49.07857131958008,46.022239685058594,0.9782412648200989,1.2444093227386475,gaussian,1.0,8.0,16000,linear,identity,1,1,finite_k_fixed,2000,1.0,0.7,bounded_heterogenous,1.0,0.75,0.25,4000,0.0001,0.05,1024,static_mask_mae_adam,jax,cuda:0,0.4.30,bool,matched_torch_cpu_bank,torch.float32,torch.bool,128000000,32000000,160000000,128000000,32000000,256000000,256000000,0.375,0.375,0.25,2.5,1.0,2.0,100,10000,22399198,21921531.0,16000,22399427,21921554.8125,16000,16000,1,1,1370.2791759034744,Empirical loss on all K fixed training masks,Monte Carlo population risk; independent test samples and one independent mask per sample,0.9784364801898404,0.9786672851917831,2.8459689929150045e-06,5.7988017942989245e-08,4000,8.0,1369.762028137207,1370.0956875,0.9786748168394244,-0.33365936279296876,0.47665623256138395,0.48705994163333877,1370.0991507463455,1370.09717578125,0.9786658744663423,0.0019749650955200194,-0.002821378707885742,-0.0028829562319643287,7.527206093072891e-06,1369.762035664413,-0.33365183558687567,3.6270973204077794e-12,fixed_training_mask_bank,fixed_training_mask_bank,0.0817788615822792,1.4091840982437134,0.011536095291376114,1.3884180784225464,1.189949870109558,0.4941614270210266,0.5329585671424866,0.7599999904632568,0.7264999747276306,0.9679469466209412,0.8666951060295105,7,7,0.24000000953674316,0.2735000252723694
0,0,4000,0.6199847459793091,0.7873911010287766,0.9496285319328308,1.3734757900238037,1.2981648445129395,52.41136932373047,46.022239685058594,0.9782412648200989,1.2444093227386475,gaussian,1.0,8.0,16000,linear,identity,1,1,finite_k_fixed,2000,1.0,0.8,bounded_heterogenous,1.0,0.75,0.25,4000,0.0001,0.05,1024,static_mask_mae_adam,jax,cuda:0,0.4.30,bool,matched_torch_cpu_bank,torch.float32,torch.bool,128000000,32000000,160000000,128000000,32000000,256000000,256000000,0.375,0.375,0.25,2.5,1.0,2.0,100,10000,25600438,25052886.0,16000,25599725,25055998.25,16000,16000,1,1,1566.0333438896853,Empirical loss on all K fixed training masks,Monte Carlo population risk; independent test samples and one independent mask per sample,0.9784132112477797,0.9787844210912887,2.8589813609869452e-06,5.454888096778632e-08,4000,8.0,1565.4879220581054,1565.805375,0.9786116159418835,-0.31745294189453127,0.39681617736816405,0.4054819927981068,1566.0382508888245,1565.999890625,0.97876044566885,0.03836026382446289,-0.047950329780578616,-0.048991400388054274,8.584223687648773e-06,1565.487930642329,-0.3174443576708436,3.6192195074224998e-12,fixed_training_mask_bank,fixed_training_mask_bank,0.14063182473182678,1.4990230798721313,0.008695223368704319,1.4842642545700073,1.1710515022277832,0.4918881952762604,0.5459623336791992,0.7900000214576721,0.7218000292778015,1.0100855827331543,0.8893284201622009,7,7,0.20999997854232788,0.2781999707221985
0,0,4000,0.5092186331748962,0.7135955669529459,0.9715036153793335,1.7501649856567383,1.721168875694275,59.1635856628418,46.022239685058594,0.9782412648200989,1.2444093227386475,gaussian,1.0,8.0,16000,linear,identity,1,1,finite_k_fixed,2000,1.0,0.9,bounded_heterogenous,1.0,0.75,0.25,4000,0.0001,0.05,1024,static_mask_mae_adam,jax,cuda:0,0.4.30,bool,matched_torch_cpu_bank,torch.float32,torch.bool,128000000,32000000,160000000,128000000,32000000,256000000,256000000,0.375,0.375,0.25,2.5,1.0,2.0,100,10000,28797985,28180388.0,16000,28798261,28187133.0,16000,16000,1,1,1761.787511875896,Empirical loss on all K fixed training masks,Monte Carlo population risk; independent test samples and one independent mask per sample,0.9784005117112848,0.9788446552587221,3.344287279105629e-06,5.652610823858595e-08,4000,8.0,1760.9977037658691,1761.27425,0.9785541592580176,-0.2765462341308594,0.3072735934787326,0.31402972493443926,1761.8139912872314,1761.6958125,0.9787789964123181,0.11817878723144531,-0.1313097635904948,-0.13416480460826108,1.0938531160354614e-05,1760.9977147044003,-0.276535295599699,3.4476841954261817e-12,fixed_training_mask_bank,fixed_training_mask_bank,0.13117647171020508,1.5772924423217773,0.003864404745399952,1.6238269805908203,0.9905295968055725,0.5168547034263611,0.5727285146713257,0.7599999904632568,0.7052000164985657,0.8507912158966064,0.764138400554657,7,7,0.24000000953674316,0.2947999835014343
0,0,4000,0.323966920375824,0.569180920600668,-0.8775442242622375,2.244563579559326,2.474365711212158,67.00094604492188,46.022239685058594,0.9782412648200989,1.2444093227386475,gaussian,1.0,8.0,16000,linear,identity,1,1,finite_k_fixed,2000,1.0,0.95,bounded_heterogenous,1.0,0.75,0.25,4000,0.0001,0.05,1024,static_mask_mae_adam,jax,cuda:0,0.4.30,bool,matched_torch_cpu_bank,torch.float32,torch.bool,128000000,32000000,160000000,128000000,32000000,256000000,256000000,0.375,0.375,0.25,2.5,1.0,2.0,100,10000,30400405,29744782.5,16000,30398328,29753233.0,16000,16000,1,1,1859.6645958690012,Empirical loss on all K fixed training masks,Monte Carlo population risk; independent test samples and one independent mask per sample,0.9782981610167385,0.978885916410307,3.760732170121628e-06,5.612953657418984e-08,4000,8.0,1858.791269104004,1859.04890625,0.9784337577081621,-0.2576371459960938,0.2711969957853619,0.27717091802159644,1859.7809476013183,1859.5770625,0.978778602559983,0.20388510131835938,-0.21461589612458884,-0.2192811531500638,1.402852237224579e-05,1858.7912831325264,-0.2576231174737215,3.5367605111941147e-12,fixed_training_mask_bank,fixed_training_mask_bank,-0.010013184510171413,1.7199890613555908,-0.034255675971508026,1.8037805557250977,-0.6154366731643677,0.593692421913147,0.6158831119537354,0.6200000047683716,0.6570000052452087,0.4456664025783539,0.42825567722320557,6,6,0.3799999952316284,0.34299999475479126
1,0,4000,0.0002458269882481545,0.015678870758066555,-0.021959779784083366,2.0572915077209473,2.6271190643310547,64.14501190185547,43.66970443725586,1.001064658164978,1.28096604347229,gaussian,1.0,8.0,16000,linear,identity,1,1,finite_k_fixed,2000,1.0,0.05,bounded_heterogenous,1.0,0.75,0.25,4000,0.0001,0.05,1024,static_mask_mae_adam,jax,cuda:0,0.4.30,bool,matched_torch_cpu_bank,torch.float32,torch.bool,128000000,32000000,160000000,128000000,32000000,256000000,256000000,0.375,0.375,0.25,2.5,1.0,2.0,100,10000,1601026,1606351.3046875,16000,1599617,1604838.7421875,16000,16000,1,1,100.15414657687703,Empirical loss on all K fixed training masks,Monte Carlo population risk; independent test samples and one independent mask per sample,1.0008672191642656,1.0059159101395443,7.134623956517316e-06,1.1122648402306368e-07,4000,8.0,100.15090252685548,100.39695654296875,1.0033261825151496,-0.24605401611328126,4.921080322265625,4.901623009019751,100.56751190185547,100.30242138671875,1.0032643702758224,0.2650905151367188,-5.301810302734375,-5.285824837959918,1.2858071923255921e-05,100.1509153849274,-0.246041158041358,2.6119906584853858e-11,fixed_training_mask_bank,fixed_training_mask_bank,-0.14729511737823486,1.6110252141952515,0.010052980855107307,1.6182345151901245,-0.13188602030277252,0.6875888109207153,0.6972776651382446,0.5400000214576721,0.5041000247001648,0.02233337238430977,0.003061559982597828,4,4,0.4599999785423279,0.4958999752998352
1,0,4000,0.0046890052035450935,0.06847631125831102,-0.08224490284919739,1.512887716293335,1.903747320175171,55.007049560546875,43.66970443725586,1.001064658164978,1.28096604347229,gaussian,1.0,8.0,16000,linear,identity,1,1,finite_k_fixed,2000,1.0,0.1,bounded_heterogenous,1.0,0.75,0.25,4000,0.0001,0.05,1024,static_mask_mae_adam,jax,cuda:0,0.4.30,bool,matched_torch_cpu_bank,torch.float32,torch.bool,128000000,32000000,160000000,128000000,32000000,256000000,256000000,0.375,0.375,0.25,2.5,1.0,2.0,100,10000,3200354,3211738.453125,16000,3198988,3207388.015625,16000,16000,1,1,200.30829315375405,Empirical loss on all K fixed training masks,Monte Carlo population risk; independent test samples and one independent mask per sample,1.0023128715799876,1.0039902061470787,5.528343990590656e-06,1.005024614642025e-07,4000,8.0,200.4847504882812,200.7336533203125,1.0035572480809936,-0.2489028320312791,2.4890283203127908,2.4799312712562305,200.73453884887692,200.4617509765625,1.0026258353032271,0.27278787231442403,-2.72787872314424,-2.7215952268750954,9.455548226833345e-06,200.48475994382943,-0.24889337648305226,1.5645372150596693e-11,fixed_training_mask_bank,fixed_training_mask_bank,0.17361995577812195,1.5160595178604126,0.029942471534013748,1.3811490535736084,0.17964006960391998,0.6840478777885437,0.704466700553894,0.5699999928474426,0.48969998955726624,0.03666197136044502,-0.007358230650424957,4,4,0.4300000071525574,0.5103000104427338
1,0,4000,0.16997191309928894,0.4122765007847148,-0.42531561851501465,1.1161303520202637,1.3570369482040405,47.24680709838867,43.66970443725586,1.001064658164978,1.28096604347229,gaussian,1.0,8.0,16000,linear,identity,1,1,finite_k_fixed,2000,1.0,0.2,bounded_heterogenous,1.0,0.75,0.25,4000,0.0001,0.05,1024,static_mask_mae_adam,jax,cuda:0,0.4.30,bool,matched_torch_cpu_bank,torch.float32,torch.bool,128000000,32000000,160000000,128000000,32000000,256000000,256000000,0.375,0.375,0.25,2.5,1.0,2.0,100,10000,6399161,6415819.34375,16000,6398619,6413196.0625,16000,16000,1,1,400.6165863075081,Empirical loss on all K fixed training masks,Monte Carlo population risk; independent test samples and one independent mask per sample,1.0019699749719875,1.002803309140442,3.955145075451583e-06,8.371242898874698e-08,4000,8.0,400.7354491882324,400.988708984375,1.0026032074751674,-0.2532597961425781,1.2662989807128904,1.2631766953441481,401.03476919555663,400.82475390625,1.0022781575993194,0.21001528930664062,-1.050076446533203,-1.047915764981866,6.975814700126648e-06,400.7354561640471,-0.253252820327878,8.58991437008294e-12,fixed_training_mask_bank,fixed_training_mask_bank,-0.16482920944690704,1.2265652418136597,-0.010409544222056866,1.2514557838439941,-0.3532821834087372,0.6708999872207642,0.6570573449134827,0.5299999713897705,0.6132000088691711,0.09084417670965195,0.11991818994283676,5,5,0.4700000286102295,0.38679999113082886
1,0,4000,0.37962427735328674,0.616136573620887,0.5918225646018982,0.9676059484481812,1.1163438558578491,43.99104309082031,43.66970443725586,1.001064658164978,1.28096604347229,gaussian,1.0,8.0,16000,linear,identity,1,1,finite_k_fixed,2000,1.0,0.3,bounded_heterogenous,1.0,0.75,0.25,4000,0.0001,0.05,1024,static_mask_mae_adam,jax,cuda:0,0.4.30,bool,matched_torch_cpu_bank,torch.float32,torch.bool,128000000,32000000,160000000,128000000,32000000,256000000,256000000,0.375,0.375,0.25,2.5,1.0,2.0,100,10000,9599410,9620546.28125,16000,9600489,9619500.1875,16000,16000,1,1,600.9248794612621,Empirical loss on all K fixed training masks,Monte Carlo population risk; independent test samples and one independent mask per sample,1.0017541590670513,1.002222189104199,3.1207034680846846e-06,7.093952092418476e-08,4000,8.0,601.0155557556152,601.284142578125,1.0022018312844228,-0.2685868225097656,0.8952894083658854,0.8933773685038116,601.3639438781738,601.21876171875,1.001980231163225,0.14518215942382812,-0.4839405314127604,-0.48295951047450103,6.047537177801133e-06,601.0155618031524,-0.2685807749725878,6.090002634129288e-12,fixed_training_mask_bank,fixed_training_mask_bank,0.016634415835142136,1.411508321762085,0.004241229500621557,1.2247909307479858,0.5364379286766052,0.6335761547088623,0.6152863502502441,0.6600000262260437,0.6628999710083008,0.25270116329193115,0.2585070729255676,6,6,0.3399999737739563,0.3371000289916992
1,0,4000,0.5842285752296448,0.7643484645301806,-0.7247265577316284,0.9428333640098572,0.9705789089202881,43.42426681518555,43.66970443725586,1.001064658164978,1.28096604347229,gaussian,1.0,8.0,16000,linear,identity,1,1,finite_k_fixed,2000,1.0,0.4,bounded_heterogenous,1.0,0.75,0.25,4000,0.0001,0.05,1024,static_mask_mae_adam,jax,cuda:0,0.4.30,bool,matched_torch_cpu_bank,torch.float32,torch.bool,128000000,32000000,160000000,128000000,32000000,256000000,256000000,0.375,0.375,0.25,2.5,1.0,2.0,100,10000,12799931,12824760.65625,16000,12799879,12822564.0,16000,16000,1,1,801.2331726150162,Empirical loss on all K fixed training masks,Monte Carlo population risk; independent test samples and one independent mask per sample,1.001578528711893,1.0018445875684188,3.034861038031522e-06,6.98886069017135e-08,4000,8.0,801.2585036621093,801.547541015625,1.001939827351413,-0.289037353515625,0.7225933837890625,0.7211982788928317,801.4680936050415,801.41025,1.0017722823786068,0.057843605041503904,-0.14460901260375975,-0.14435454261141345,5.892708525061608e-06,801.2585095548178,-0.2890314608070999,4.965096476322595e-12,fixed_training_mask_bank,fixed_training_mask_bank,-0.11852347105741501,1.2479020357131958,-0.0092711066827178,1.242202639579773,-0.8411358594894409,0.5947442054748535,0.5680223703384399,0.6000000238418579,0.701200008392334,0.440927654504776,0.494541198015213,6,6,0.3999999761581421,0.298799991607666
1,0,4000,0.6204022169113159,0.7876561539855548,0.7684339880943298,0.9981808066368103,0.999858558177948,44.680660247802734,43.66970443725586,1.001064658164978,1.28096604347229,gaussian,1.0,8.0,16000,linear,identity,1,1,finite_k_fixed,2000,1.0,0.5,bounded_heterogenous,1.0,0.75,0.25,4000,0.0001,0.05,1024,static_mask_mae_adam,jax,cuda:0,0.4.30,bool,matched_torch_cpu_bank,torch.float32,torch.bool,128000000,32000000,160000000,128000000,32000000,256000000,256000000,0.375,0.375,0.25,2.5,1.0,2.0,100,10000,16002193,16037978.4375,16000,15999460,16028209.0,16000,16000,1,1,1001.5414657687702,Empirical loss on all K fixed training masks,Monte Carlo population risk; independent test samples and one independent mask per sample,1.0019186915481482,1.0018441021821438,2.8075730824639322e-06,6.283642761673036e-08,4000,8.0,1002.0560170288085,1002.37365234375,1.0022362833331657,-0.31763531494152264,0.6352706298830453,0.6337662890456564,1001.8102899436952,1001.7630625,1.0017968731444686,0.04722744369518477,-0.09445488739036954,-0.0942886506063445,6.238630041480064e-06,1002.0560232674385,-0.3176290763114812,4.409311023939599e-12,fixed_training_mask_bank,fixed_training_mask_bank,0.12184172868728638,1.2914503812789917,0.0033956149127334356,1.278820514678955,0.730196475982666,0.6047393679618835,0.565744936466217,0.6600000262260437,0.7064999938011169,0.3820849657058716,0.45355990529060364,6,6,0.3399999737739563,0.29350000619888306
1,0,4000,0.6273783445358276,0.7920721839174935,0.7918039560317993,1.0480337142944336,1.0299310684204102,45.7828254699707,43.66970443725586,1.001064658164978,1.28096604347229,gaussian,1.0,8.0,16000,linear,identity,1,1,finite_k_fixed,2000,1.0,0.6,bounded_heterogenous,1.0,0.75,0.25,4000,0.0001,0.05,1024,static_mask_mae_adam,jax,cuda:0,0.4.30,bool,matched_torch_cpu_bank,torch.float32,torch.bool,128000000,32000000,160000000,128000000,32000000,256000000,256000000,0.375,0.375,0.25,2.5,1.0,2.0,100,10000,19202147,19240502.75,16000,19199006,19229617.875,16000,16000,1,1,1201.8497589225242,Empirical loss on all K fixed training masks,Monte Carlo population risk; independent test samples and one independent mask per sample,1.001731520319829,1.0016299622251805,2.766835905276821e-06,6.043391920229624e-08,4000,8.0,1202.2122442321777,1202.531421875,1.0019974719493607,-0.31917764282226563,0.5319627380371094,0.5308429152306449,1201.8937284088136,1201.8511171875,1.0015944510356423,0.04261122131347656,-0.0710187021891276,-0.07090931764208719,6.55021071434021e-06,1202.2122507823883,-0.3191710926115513,4.078292391296312e-12,fixed_training_mask_bank,fixed_training_mask_bank,0.20196636021137238,1.2649308443069458,0.01369073148816824,1.2998579740524292,0.6815220713615417,0.6156280636787415,0.5626480579376221,0.6399999856948853,0.7142999768257141,0.33137649297714233,0.4415205121040344,5,6,0.36000001430511475,0.2857000231742859
1,0,4000,0.6341032385826111,0.7963059955711819,0.8381441831588745,1.1618415117263794,1.1204938888549805,48.204593658447266,43.66970443725586,1.001064658164978,1.28096604347229,gaussian,1.0,8.0,16000,linear,identity,1,1,finite_k_fixed,2000,1.0,0.7,bounded_heterogenous,1.0,0.75,0.25,4000,0.0001,0.05,1024,static_mask_mae_adam,jax,cuda:0,0.4.30,bool,matched_torch_cpu_bank,torch.float32,torch.bool,128000000,32000000,160000000,128000000,32000000,256000000,256000000,0.375,0.375,0.25,2.5,1.0,2.0,100,10000,22400835,22446328.0,16000,22398578,22435307.0,16000,16000,1,1,1402.1580520762782,Empirical loss on all K fixed training masks,Monte Carlo population risk; independent test samples and one independent mask per sample,1.001802261635664,1.001668115770725,2.9688517315662466e-06,6.158855825333376e-08,4000,8.0,1402.5754478454587,1402.8955,1.002030861796,-0.32005215454124847,0.457217363630355,0.4562736918627408,1402.2463388252258,1402.2066875,1.0016397915974844,0.03965132522583008,-0.0566447503226144,-0.0565556070717399,7.261509448289872e-06,1402.575455106968,-0.32004489303180017,3.588156681499921e-12,fixed_training_mask_bank,fixed_training_mask_bank,0.18279621005058289,1.40865159034729,0.010395537130534649,1.3612191677093506,0.6614294648170471,0.6065074801445007,0.5622329115867615,0.6399999856948853,0.7149999737739563,0.3749394714832306,0.4479074776172638,5,6,0.36000001430511475,0.2850000262260437
1,0,4000,0.5847240686416626,0.7646725237915003,0.8587045669555664,1.3225315809249878,1.2831618785858154,51.43017578125,43.66970443725586,1.001064658164978,1.28096604347229,gaussian,1.0,8.0,16000,linear,identity,1,1,finite_k_fixed,2000,1.0,0.8,bounded_heterogenous,1.0,0.75,0.25,4000,0.0001,0.05,1024,static_mask_mae_adam,jax,cuda:0,0.4.30,bool,matched_torch_cpu_bank,torch.float32,torch.bool,128000000,32000000,160000000,128000000,32000000,256000000,256000000,0.375,0.375,0.25,2.5,1.0,2.0,100,10000,25600742,25648099.375,16000,25599954,25644709.6875,16000,16000,1,1,1602.4663452300324,Empirical loss on all K fixed training masks,Monte Carlo population risk; independent test samples and one independent mask per sample,1.0016641427448665,1.001797376948877,2.966690772154834e-06,5.768384880866506e-08,4000,8.0,1602.7090805664063,1603.0062109375,1.00184984384437,-0.29713037109375,0.3714129638671875,0.3707164314976641,1602.8729229507446,1602.79435546875,1.0017482721843953,0.0785674819946289,-0.09820935249328612,-0.09803813162490016,8.265822380781174e-06,1602.7090888322286,-0.29712210527136923,3.3980613461936926e-12,fixed_training_mask_bank,fixed_training_mask_bank,0.11583197861909866,1.44806969165802,0.01696823537349701,1.4316790103912354,0.5458536148071289,0.6293951869010925,0.5759653449058533,0.6200000047683716,0.7013000249862671,0.27276551723480225,0.3772013485431671,6,6,0.3799999952316284,0.2986999750137329
1,0,4000,0.39909499883651733,0.6317396606486863,0.7927780747413635,1.6515676975250244,1.7729626893997192,57.4729118347168,43.66970443725586,1.001064658164978,1.28096604347229,gaussian,1.0,8.0,16000,linear,identity,1,1,finite_k_fixed,2000,1.0,0.9,bounded_heterogenous,1.0,0.75,0.25,4000,0.0001,0.05,1024,static_mask_mae_adam,jax,cuda:0,0.4.30,bool,matched_torch_cpu_bank,torch.float32,torch.bool,128000000,32000000,160000000,128000000,32000000,256000000,256000000,0.375,0.375,0.25,2.5,1.0,2.0,100,10000,28800134,28850596.875,16000,28799643,28849886.5,16000,16000,1,1,1802.7746383837864,Empirical loss on all K fixed training masks,Monte Carlo population risk; independent test samples and one independent mask per sample,1.001605671240106,1.0018427592096557,3.297338480479084e-06,5.737205199807249e-08,4000,8.0,1802.8985966796874,1803.1623046875,1.0017521750072413,-0.2637080078125,0.2930088975694444,0.2924950317859665,1803.2946129608154,1803.11790625,1.0017445875978392,0.17670671081542969,-0.19634078979492187,-0.19600128222663216,1.0322298109531403e-05,1802.8986070019855,-0.26369768551439043,3.329675511004604e-12,fixed_training_mask_bank,fixed_training_mask_bank,0.05615343153476715,1.5701063871383667,0.012901420705020428,1.560011863708496,0.4369330108165741,0.6411079168319702,0.6062941551208496,0.6299999952316284,0.6751000285148621,0.21630680561065674,0.28389886021614075,5,5,0.3700000047683716,0.32489997148513794
1,0,4000,0.10833356529474258,0.3291406466766792,0.46978119015693665,2.136474132537842,2.6103873252868652,65.36778259277344,43.66970443725586,1.001064658164978,1.28096604347229,gaussian,1.0,8.0,16000,linear,identity,1,1,finite_k_fixed,2000,1.0,0.95,bounded_heterogenous,1.0,0.75,0.25,4000,0.0001,0.05,1024,static_mask_mae_adam,jax,cuda:0,0.4.30,bool,matched_torch_cpu_bank,torch.float32,torch.bool,128000000,32000000,160000000,128000000,32000000,256000000,256000000,0.375,0.375,0.25,2.5,1.0,2.0,100,10000,30400643,30452533.0,16000,30400390,30454507.5,16000,16000,1,1,1902.9287849606633,Empirical loss on all K fixed training masks,Monte Carlo population risk; independent test samples and one independent mask per sample,1.0015739142788367,1.0019135458392119,3.5812408896163106e-06,5.4786013947705214e-08,4000,8.0,1903.0306878814697,1903.2833125,1.0017068717921525,-0.25262461853027346,0.2659206510844984,0.2654619171735817,1903.6601587371824,1903.40671875,1.0017801580834982,0.25343998718238436,-0.26677893387619406,-0.2663014527435337,1.3352963328361512e-05,1903.030701234433,-0.2526112655669451,3.2636838110527977e-12,fixed_training_mask_bank,fixed_training_mask_bank,0.21699680387973785,1.5382177829742432,0.01906720921397209,1.6703643798828125,0.18043117225170135,0.6836627125740051,0.6716260313987732,0.5400000214576721,0.5853999853134155,0.0382528081536293,0.06550104171037674,4,4,0.4599999785423279,0.4146000146865845
2,0,4000,0.0025051578413695097,0.050051551837775314,0.07294737547636032,2.0584604740142822,2.6071572303771973,64.16323852539062,45.42927551269531,0.9827778339385986,1.2491780519485474,gaussian,1.0,8.0,16000,linear,identity,1,1,finite_k_fixed,2000,1.0,0.05,bounded_heterogenous,1.0,0.75,0.25,4000,0.0001,0.05,1024,static_mask_mae_adam,jax,cuda:0,0.4.30,bool,matched_torch_cpu_bank,torch.float32,torch.bool,128000000,32000000,160000000,128000000,32000000,256000000,256000000,0.375,0.375,0.25,2.5,1.0,2.0,100,10000,1600234,1573279.125,16000,1600662,1571974.42578125,16000,16000,1,1,98.32938039334795,Empirical loss on all K fixed training masks,Monte Carlo population risk; independent test samples and one independent mask per sample,0.9807325569382548,0.9846688579084779,7.0844530455360655e-06,1.1041297653946458e-07,4000,8.0,98.0875989074707,98.3299453125,0.9831556666087584,-0.24234640502929689,4.846928100585937,4.9292492588925985,98.50762646484375,98.24840161132812,0.982077681472572,0.259224853515625,-5.1844970703125,-5.276927650001095,1.2865377962589264e-05,98.08761177284867,-0.2423335396513343,2.6044309070494265e-11,fixed_training_mask_bank,fixed_training_mask_bank,0.08342613279819489,1.4173694849014282,0.013794095255434513,1.602605938911438,-0.1384623646736145,0.688443660736084,0.7055969834327698,0.5400000214576721,0.48019999265670776,0.018918417394161224,-0.012664900161325932,4,4,0.4599999785423279,0.5198000073432922
2,0,4000,0.046046625822782516,0.21458477537510093,-0.2675246596336365,1.5062191486358643,1.8429967164993286,54.885677337646484,45.42927551269531,0.9827778339385986,1.2491780519485474,gaussian,1.0,8.0,16000,linear,identity,1,1,finite_k_fixed,2000,1.0,0.1,bounded_heterogenous,1.0,0.75,0.25,4000,0.0001,0.05,1024,static_mask_mae_adam,jax,cuda:0,0.4.30,bool,matched_torch_cpu_bank,torch.float32,torch.bool,128000000,32000000,160000000,128000000,32000000,256000000,256000000,0.375,0.375,0.25,2.5,1.0,2.0,100,10000,3200511,3149580.234375,16000,3198894,3144328.5,16000,16000,1,1,196.6587607866959,Empirical loss on all K fixed training masks,Monte Carlo population risk; independent test samples and one independent mask per sample,0.9828789219188846,0.9842004550384983,5.270444944471819e-06,9.602586459322993e-08,4000,8.0,196.6071750793457,196.8487646484375,0.9840866769009698,-0.24158956909179688,2.4158956909179685,2.4545703349803105,196.77205815124512,196.52053125,0.9829423857120617,0.2515269012451172,-2.5152690124511716,-2.5598027813709123,9.413869678974153e-06,196.60718449321539,-0.2415801552221179,1.5394135619017923e-11,fixed_training_mask_bank,fixed_training_mask_bank,0.06498358398675919,1.4345972537994385,0.016406971961259842,1.3707891702651978,-0.14618781208992004,0.6877776384353638,0.6827080845832825,0.5299999713897705,0.5623999834060669,0.021589722484350204,0.030868463218212128,4,4,0.4700000286102295,0.4376000165939331
2,0,4000,0.16226652264595032,0.40282319030307867,-0.43014898896217346,1.1050125360488892,1.3505698442459106,47.01090621948242,45.42927551269531,0.9827778339385986,1.2491780519485474,gaussian,1.0,8.0,16000,linear,identity,1,1,finite_k_fixed,2000,1.0,0.2,bounded_heterogenous,1.0,0.75,0.25,4000,0.0001,0.05,1024,static_mask_mae_adam,jax,cuda:0,0.4.30,bool,matched_torch_cpu_bank,torch.float32,torch.bool,128000000,32000000,160000000,128000000,32000000,256000000,256000000,0.375,0.375,0.25,2.5,1.0,2.0,100,10000,6398390,6293110.515625,16000,6399086,6292764.65625,16000,16000,1,1,393.3175215733918,Empirical loss on all K fixed training masks,Monte Carlo population risk; independent test samples and one independent mask per sample,0.9829138685409899,0.9839583919268046,3.906207894033287e-06,8.309152121910302e-08,4000,8.0,393.06664170837405,393.3194072265625,0.9835459413422751,-0.2527655181884766,1.2638275909423828,1.28529390385701,393.52714814758303,393.297791015625,0.9833849171975497,0.2293571319580078,-1.146785659790039,-1.166328096406044,6.906328350305558e-06,393.0666486147024,-0.25275861186012627,8.568513953921553e-12,fixed_training_mask_bank,fixed_training_mask_bank,0.010566191747784615,1.3582448959350586,-0.005971829406917095,1.2388553619384766,-0.5132219791412354,0.6403623223304749,0.6498922109603882,0.6499999761581421,0.6215000152587891,0.22064848244190216,0.1830074042081833,5,6,0.3500000238418579,0.37849998474121094
2,0,4000,0.4987788498401642,0.7062427697613365,0.7202640175819397,1.0079379081726074,1.0626729726791382,44.898502349853516,45.42927551269531,0.9827778339385986,1.2491780519485474,gaussian,1.0,8.0,16000,linear,identity,1,1,finite_k_fixed,2000,1.0,0.3,bounded_heterogenous,1.0,0.75,0.25,4000,0.0001,0.05,1024,static_mask_mae_adam,jax,cuda:0,0.4.30,bool,matched_torch_cpu_bank,torch.float32,torch.bool,128000000,32000000,160000000,128000000,32000000,256000000,256000000,0.375,0.375,0.25,2.5,1.0,2.0,100,10000,9602412,9442886.40625,16000,9598029,9446055.15625,16000,16000,1,1,589.9762823600876,Empirical loss on all K fixed training masks,Monte Carlo population risk; independent test samples and one independent mask per sample,0.9829052421709417,0.9843091283850155,3.0935134418541566e-06,6.890014958571555e-08,4000,8.0,589.8913182678223,590.180400390625,0.9833869246862142,-0.2890821228027344,0.9636070760091147,0.9796398613419743,590.4642224502563,590.378447265625,0.9841661403867398,0.08577518463134766,-0.2859172821044922,-0.2905769512033807,6.299611926078797e-06,589.8913245674343,-0.2890758231908083,6.189014144925009e-12,fixed_training_mask_bank,fixed_training_mask_bank,0.1643129587173462,1.4403175115585327,0.00047472535516135395,1.2622640132904053,0.8796923160552979,0.5609741806983948,0.5716882944107056,0.7200000286102295,0.6972000002861023,0.6101257801055908,0.5161055326461792,6,7,0.2799999713897705,0.3027999997138977
2,0,4000,0.5935243964195251,0.7704053455289138,-0.7785234451293945,0.9896078705787659,0.9625657796859741,44.48837661743164,45.42927551269531,0.9827778339385986,1.2491780519485474,gaussian,1.0,8.0,16000,linear,identity,1,1,finite_k_fixed,2000,1.0,0.4,bounded_heterogenous,1.0,0.75,0.25,4000,0.0001,0.05,1024,static_mask_mae_adam,jax,cuda:0,0.4.30,bool,matched_torch_cpu_bank,torch.float32,torch.bool,128000000,32000000,160000000,128000000,32000000,256000000,256000000,0.375,0.375,0.25,2.5,1.0,2.0,100,10000,12805002,12593757.71875,16000,12801048,12600154.3125,16000,16000,1,1,786.6350431467836,Empirical loss on all K fixed training masks,Monte Carlo population risk; independent test samples and one independent mask per sample,0.9831151862965591,0.9843323403858376,2.9986588288011262e-06,6.740319946629825e-08,4000,8.0,786.7994954223633,787.109857421875,0.9835029872506073,-0.3103619995117187,0.7759049987792968,0.7886116444488778,787.5303460769653,787.50964453125,0.9843064655721938,0.02070154571533203,-0.05175386428833008,-0.05257471031372418,6.1850491911172864e-06,786.7995016074125,-0.3103558144625276,5.0581552835105015e-12,fixed_training_mask_bank,fixed_training_mask_bank,-0.17010335624217987,1.4128453731536865,0.0008543136646039784,1.2564588785171509,-0.9861865639686584,0.543796718120575,0.5480202436447144,0.7300000190734863,0.7204999923706055,0.7072163224220276,0.6216075420379639,6,7,0.26999998092651367,0.27950000762939453
2,0,4000,0.651307225227356,0.8070360743035939,-0.8307656645774841,1.0269031524658203,0.9558964371681213,45.318939208984375,45.42927551269531,0.9827778339385986,1.2491780519485474,gaussian,1.0,8.0,16000,linear,identity,1,1,finite_k_fixed,2000,1.0,0.5,bounded_heterogenous,1.0,0.75,0.25,4000,0.0001,0.05,1024,static_mask_mae_adam,jax,cuda:0,0.4.30,bool,matched_torch_cpu_bank,torch.float32,torch.bool,128000000,32000000,160000000,128000000,32000000,256000000,256000000,0.375,0.375,0.25,2.5,1.0,2.0,100,10000,16002567,15739099.375,16000,16003437,15752199.9375,16000,16000,1,1,983.2938039334794,Empirical loss on all K fixed training masks,Monte Carlo population risk; independent test samples and one independent mask per sample,0.9832051717541435,0.9842813436354035,2.8576041586347856e-06,6.305540267703691e-08,4000,8.0,983.3629147338867,983.6937109375,0.9835359148941542,-0.33079620361328127,0.6615924072265625,0.6725593544723019,984.4927795715332,984.51249609375,0.9843010559231745,-0.019716522216796876,0.03943304443359375,0.04005337117618524,6.418144702911377e-06,983.3629211520314,-0.33078978546857835,4.327378733126608e-12,fixed_training_mask_bank,fixed_training_mask_bank,-0.15153422951698303,1.3901547193527222,0.003967169672250748,1.2853889465332031,-0.965154230594635,0.547844409942627,0.538155734539032,0.7300000190734863,0.7293000221252441,0.6757869124412537,0.6425694227218628,6,10,0.26999998092651367,0.27069997787475586
2,0,4000,0.6757305264472961,0.8220283002715273,-0.8703233599662781,1.0862905979156494,0.9909692406654358,46.610958099365234,45.42927551269531,0.9827778339385986,1.2491780519485474,gaussian,1.0,8.0,16000,linear,identity,1,1,finite_k_fixed,2000,1.0,0.6,bounded_heterogenous,1.0,0.75,0.25,4000,0.0001,0.05,1024,static_mask_mae_adam,jax,cuda:0,0.4.30,bool,matched_torch_cpu_bank,torch.float32,torch.bool,128000000,32000000,160000000,128000000,32000000,256000000,256000000,0.375,0.375,0.25,2.5,1.0,2.0,100,10000,19201583,18882410.375,16000,19202448,18897948.3125,16000,16000,1,1,1179.9525647201751,Empirical loss on all K fixed training masks,Monte Carlo population risk; independent test samples and one independent mask per sample,0.9830948532922146,0.9841177136460918,2.7138387395098107e-06,5.822319337767112e-08,4000,8.0,1179.811088897705,1180.1506484375,0.9833777962473198,-0.33955953979492187,0.5659325663248698,0.5754511769229254,1181.091826385498,1181.12176953125,0.9841426630864981,-0.029943145751953126,0.04990524291992188,0.05070289368025449,6.789316236972809e-06,1179.8110956870214,-0.3395527504786849,3.942174711668578e-12,fixed_training_mask_bank,fixed_training_mask_bank,-0.08337265253067017,1.3936724662780762,0.004487764090299606,1.324756383895874,-1.1332476139068604,0.5230792760848999,0.5327260494232178,0.75,0.7271999716758728,0.837046205997467,0.7846906185150146,7,7,0.25,0.2728000283241272
2,0,4000,0.6570525765419006,0.8105877969362114,-0.9001460671424866,1.195044755935669,1.1155275106430054,48.888545989990234,45.42927551269531,0.9827778339385986,1.2491780519485474,gaussian,1.0,8.0,16000,linear,identity,1,1,finite_k_fixed,2000,1.0,0.7,bounded_heterogenous,1.0,0.75,0.25,4000,0.0001,0.05,1024,static_mask_mae_adam,jax,cuda:0,0.4.30,bool,matched_torch_cpu_bank,torch.float32,torch.bool,128000000,32000000,160000000,128000000,32000000,256000000,256000000,0.375,0.375,0.25,2.5,1.0,2.0,100,10000,22400109,22024587.25,16000,22401046,22042638.75,16000,16000,1,1,1376.611325506871,Empirical loss on all K fixed training masks,Monte Carlo population risk; independent test samples and one independent mask per sample,0.9829925936147927,0.9839984369548006,2.8668537197518162e-06,5.864060881322075e-08,4000,8.0,1376.196327697754,1376.536703125,0.9832357177369092,-0.34037542724609376,0.48625061035156253,0.49453883281636024,1377.6621406345369,1377.664921875,0.9840004234623687,-0.002781240463256836,0.00397320066179548,0.004037615270791051,7.469029724597931e-06,1376.1963351667837,-0.34036795821636917,3.896104792955324e-12,fixed_training_mask_bank,fixed_training_mask_bank,-0.08157584816217422,1.476354718208313,0.001849756226874888,1.3902071714401245,-1.0938762426376343,0.5143613219261169,0.5387086272239685,0.75,0.7258999943733215,0.8800007104873657,0.7829699516296387,7,7,0.25,0.27410000562667847
2,0,4000,0.61497563123703,0.7842038199581981,-0.9383553266525269,1.3875066041946411,1.3272151947021484,52.67839813232422,45.42927551269531,0.9827778339385986,1.2491780519485474,gaussian,1.0,8.0,16000,linear,identity,1,1,finite_k_fixed,2000,1.0,0.8,bounded_heterogenous,1.0,0.75,0.25,4000,0.0001,0.05,1024,static_mask_mae_adam,jax,cuda:0,0.4.30,bool,matched_torch_cpu_bank,torch.float32,torch.bool,128000000,32000000,160000000,128000000,32000000,256000000,256000000,0.375,0.375,0.25,2.5,1.0,2.0,100,10000,25600760,25171942.375,16000,25602007,25187588.1875,16000,16000,1,1,1573.2700862935671,Empirical loss on all K fixed training masks,Monte Carlo population risk; independent test samples and one independent mask per sample,0.983046610653142,0.9838502192263662,2.9789180189254694e-06,5.654914048136561e-08,4000,8.0,1572.9212717590333,1573.2463984375,0.9832498087947389,-0.3251266784667969,0.4064083480834961,0.41331946323186486,1574.28376247406,1574.22426171875,0.9838130341695477,0.05950075531005859,-0.07437594413757323,-0.07559374703713928,8.671916276216509e-06,1572.9212804309495,-0.32511800655052064,3.660623019985376e-12,fixed_training_mask_bank,fixed_training_mask_bank,-0.06748246401548386,1.572467565536499,0.00679148081690073,1.4867744445800781,-0.9598878622055054,0.5237504839897156,0.5468230247497559,0.7400000095367432,0.717199981212616,0.8087342977523804,0.7183324098587036,6,7,0.25999999046325684,0.28280001878738403
2,0,4000,0.45443838834762573,0.6741204553695324,-0.905409038066864,1.7481269836425781,1.7913986444473267,59.12912368774414,45.42927551269531,0.9827778339385986,1.2491780519485474,gaussian,1.0,8.0,16000,linear,identity,1,1,finite_k_fixed,2000,1.0,0.9,bounded_heterogenous,1.0,0.75,0.25,4000,0.0001,0.05,1024,static_mask_mae_adam,jax,cuda:0,0.4.30,bool,matched_torch_cpu_bank,torch.float32,torch.bool,128000000,32000000,160000000,128000000,32000000,256000000,256000000,0.375,0.375,0.25,2.5,1.0,2.0,100,10000,28801609,28321847.625,16000,28799903,28329442.0,16000,16000,1,1,1769.9288470802628,Empirical loss on all K fixed training masks,Monte Carlo population risk; independent test samples and one independent mask per sample,0.9831836570188991,0.9837501851294077,3.2430566534458194e-06,5.4847021146997577e-08,4000,8.0,1769.8294540405273,1770.1154765625,0.9833425495429786,-0.28602252197265626,0.31780280219184026,0.3231682065489849,1770.7443692474365,1770.590125,0.983664493592218,0.15424424743652343,-0.1713824971516927,-0.17422919653586888,1.0925793647766114e-05,1769.829464966321,-0.2860115961790085,3.54062590877946e-12,fixed_training_mask_bank,fixed_training_mask_bank,0.014818958006799221,1.4930448532104492,0.0027385272551327944,1.618128776550293,-0.8374254703521729,0.5652706027030945,0.5829603672027588,0.7099999785423279,0.6942999958992004,0.5896698236465454,0.6091800928115845,6,7,0.2900000214576721,0.30570000410079956
2,0,4000,0.2446635514497757,0.4946347657107977,-0.7496930360794067,2.2261581420898438,2.591585874557495,66.72566986083984,45.42927551269531,0.9827778339385986,1.2491780519485474,gaussian,1.0,8.0,16000,linear,identity,1,1,finite_k_fixed,2000,1.0,0.95,bounded_heterogenous,1.0,0.75,0.25,4000,0.0001,0.05,1024,static_mask_mae_adam,jax,cuda:0,0.4.30,bool,matched_torch_cpu_bank,torch.float32,torch.bool,128000000,32000000,160000000,128000000,32000000,256000000,256000000,0.375,0.375,0.25,2.5,1.0,2.0,100,10000,30400405,29893385.5,16000,30400626,29900054.375,16000,16000,1,1,1868.2582274736108,Empirical loss on all K fixed training masks,Monte Carlo population risk; independent test samples and one independent mask per sample,0.9831852323165237,0.9836587379741837,3.6958119835617254e-06,5.5388152730984075e-08,4000,8.0,1868.076828277588,1868.33659375,0.983321949164822,-0.2597654724121094,0.2734373393811678,0.2780713852965633,1868.9900877990722,1868.7533984375,0.9835341671911625,0.23668936157226564,-0.24914669639185857,-0.2533125684429649,1.3913488388061523e-05,1868.0768421910764,-0.2597515589237213,3.4058079707161015e-12,fixed_training_mask_bank,fixed_training_mask_bank,-0.24480193853378296,1.6587257385253906,0.024429744109511375,1.780092716217041,-0.5656937956809998,0.6065318584442139,0.6339940428733826,0.6700000166893005,0.6399999856948853,0.3772813677787781,0.3462468385696411,6,6,0.32999998331069946,0.36000001430511475
3,0,4000,0.005821503698825836,0.07629877914374408,0.1114179715514183,2.09588360786438,2.6255011558532715,64.74385833740234,45.10961151123047,0.9914931654930115,1.2638341188430786,gaussian,1.0,8.0,16000,linear,identity,1,1,finite_k_fixed,2000,1.0,0.05,bounded_heterogenous,1.0,0.75,0.25,4000,0.0001,0.05,1024,static_mask_mae_adam,jax,cuda:0,0.4.30,bool,matched_torch_cpu_bank,torch.float32,torch.bool,128000000,32000000,160000000,128000000,32000000,256000000,256000000,0.375,0.375,0.25,2.5,1.0,2.0,100,10000,1601044,1587921.9453125,16000,1598636,1587766.05078125,16000,16000,1,1,99.20018412234926,Empirical loss on all K fixed training masks,Monte Carlo population risk; independent test samples and one independent mask per sample,0.9893332504898464,0.9959360869056887,7.2296415964956395e-06,1.116653010058144e-07,4000,8.0,98.9978790435791,99.24512158203125,0.9918040636687686,-0.24724253845214844,4.944850769042969,4.982462301641455,99.50870513916016,99.23537817382812,0.9932004851518732,0.27332696533203127,-5.466539306640625,-5.508659721198406,1.3099272549152375e-05,98.99789214285165,-0.2472294391795993,2.535583548679554e-11,fixed_training_mask_bank,fixed_training_mask_bank,-0.015523603186011314,1.91816246509552,-0.019561560824513435,1.6211764812469482,0.1142134889960289,0.6873231530189514,0.6936274170875549,0.5400000214576721,0.515999972820282,0.02344973012804985,0.007574134040623903,4,4,0.4599999785423279,0.484000027179718
3,0,4000,0.0031519776675850153,0.05614247650028466,-0.06887302547693253,1.4791322946548462,1.9518609046936035,54.389930725097656,45.10961151123047,0.9914931654930115,1.2638341188430786,gaussian,1.0,8.0,16000,linear,identity,1,1,finite_k_fixed,2000,1.0,0.1,bounded_heterogenous,1.0,0.75,0.25,4000,0.0001,0.05,1024,static_mask_mae_adam,jax,cuda:0,0.4.30,bool,matched_torch_cpu_bank,torch.float32,torch.bool,128000000,32000000,160000000,128000000,32000000,256000000,256000000,0.375,0.375,0.25,2.5,1.0,2.0,100,10000,3200475,3176122.7265625,16000,3199364,3173647.453125,16000,16000,1,1,198.4003682446985,Empirical loss on all K fixed training masks,Monte Carlo population risk; independent test samples and one independent mask per sample,0.9911465153762576,0.9932982743552703,5.534542196983239e-06,1.0175675413393037e-07,4000,8.0,198.25872773742677,198.50767041015624,0.9923910440051867,-0.2489426727294922,2.489426727294922,2.508141596897717,198.62017126464843,198.3529658203125,0.9919619815453946,0.2672054443359375,-2.672054443359375,-2.6942419865605416,9.244576841592789e-06,198.2587369820036,-0.2489334281526506,1.5007347795026327e-11,fixed_training_mask_bank,fixed_training_mask_bank,0.16484758257865906,1.2656069993972778,-0.008606038987636566,1.397505521774292,-0.06464190781116486,0.6923065781593323,0.6917110085487366,0.5199999809265137,0.5223000049591064,0.003364892676472664,0.004910508170723915,3,4,0.48000001907348633,0.47769999504089355
3,0,4000,0.24614891409873962,0.4961339678944989,0.5227353572845459,1.0910826921463013,1.3078802824020386,46.71364974975586,45.10961151123047,0.9914931654930115,1.2638341188430786,gaussian,1.0,8.0,16000,linear,identity,1,1,finite_k_fixed,2000,1.0,0.2,bounded_heterogenous,1.0,0.75,0.25,4000,0.0001,0.05,1024,static_mask_mae_adam,jax,cuda:0,0.4.30,bool,matched_torch_cpu_bank,torch.float32,torch.bool,128000000,32000000,160000000,128000000,32000000,256000000,256000000,0.375,0.375,0.25,2.5,1.0,2.0,100,10000,6399514,6348800.859375,16000,6401264,6351813.765625,16000,16000,1,1,396.800736489397,Empirical loss on all K fixed training masks,Monte Carlo population risk; independent test samples and one independent mask per sample,0.9914480805996069,0.9926796092293256,3.831740741588874e-06,8.202614054653168e-08,4000,8.0,396.54911700439453,396.8000537109375,0.9920754700083475,-0.25093670654296873,1.2546835327148436,1.264801777097313,397.15026538085937,396.9883603515625,0.9922749265809065,0.161905029296875,-0.809525146484375,-0.8156663795055863,6.8192668259143826e-06,396.5491238236614,-0.2509298872761428,8.469691094303844e-12,fixed_training_mask_bank,fixed_training_mask_bank,-0.02186501957476139,1.4054346084594727,0.0060708425007760525,1.2501355409622192,0.4802657663822174,0.6439193487167358,0.6387956738471985,0.6499999761581421,0.6351000070571899,0.2061213105916977,0.19512443244457245,5,6,0.3500000238418579,0.36489999294281006
3,0,4000,0.5115329623222351,0.7152153258440671,0.7187541723251343,0.99261075258255,0.9885752201080322,44.55582809448242,45.10961151123047,0.9914931654930115,1.2638341188430786,gaussian,1.0,8.0,16000,linear,identity,1,1,finite_k_fixed,2000,1.0,0.3,bounded_heterogenous,1.0,0.75,0.25,4000,0.0001,0.05,1024,static_mask_mae_adam,jax,cuda:0,0.4.30,bool,matched_torch_cpu_bank,torch.float32,torch.bool,128000000,32000000,160000000,128000000,32000000,256000000,256000000,0.375,0.375,0.25,2.5,1.0,2.0,100,10000,9600024,9524806.375,16000,9603362,9529485.625,16000,16000,1,1,595.2011047340955,Empirical loss on all K fixed training masks,Monte Carlo population risk; independent test samples and one independent mask per sample,0.9917070699368337,0.9924084050298466,3.147141569570522e-06,7.063367490900418e-08,4000,8.0,595.0257295227051,595.3003984375,0.9921648503170408,-0.2746689147949219,0.9155630493164063,0.9227909657572031,595.6535728340149,595.5928515625,0.992307238340073,0.06072127151489258,-0.20240423838297528,-0.20390194864017275,6.203817203640938e-06,595.0257357265223,-0.27466271097771827,5.8677390203654145e-12,fixed_training_mask_bank,fixed_training_mask_bank,-0.11753775924444199,1.2644729614257812,0.007320714648813009,1.2172847986221313,0.9759290218353271,0.5622240304946899,0.5671913623809814,0.7400000095367432,0.695900022983551,0.5943116545677185,0.5596593022346497,6,7,0.25999999046325684,0.304099977016449
3,0,4000,0.5896331071853638,0.7678757107666343,0.7593703866004944,0.9612078070640564,0.9469777941703796,43.845359802246094,45.10961151123047,0.9914931654930115,1.2638341188430786,gaussian,1.0,8.0,16000,linear,identity,1,1,finite_k_fixed,2000,1.0,0.4,bounded_heterogenous,1.0,0.75,0.25,4000,0.0001,0.05,1024,static_mask_mae_adam,jax,cuda:0,0.4.30,bool,matched_torch_cpu_bank,torch.float32,torch.bool,128000000,32000000,160000000,128000000,32000000,256000000,256000000,0.375,0.375,0.25,2.5,1.0,2.0,100,10000,12800020,12697214.875,16000,12803748,12703090.40625,16000,16000,1,1,793.601472978794,Empirical loss on all K fixed training masks,Monte Carlo population risk; independent test samples and one independent mask per sample,0.9916056406338867,0.9921570949737477,2.8790805117751006e-06,6.56644303376197e-08,4000,8.0,793.2857520141602,793.5759296875,0.9919683621588091,-0.29017767333984373,0.7254441833496093,0.7313167208942151,793.9580887784958,793.943150390625,0.992138427454992,0.014938387870788574,-0.03734596967697143,-0.037630875367788974,6.007548794150353e-06,793.285758021709,-0.2901716657910496,4.986970471992924e-12,fixed_training_mask_bank,fixed_training_mask_bank,-0.1505661904811859,1.2710613012313843,0.010515308007597923,1.2260842323303223,0.918579638004303,0.5691871643066406,0.5564471483230591,0.7300000190734863,0.7111999988555908,0.5537991523742676,0.5528923273086548,6,6,0.26999998092651367,0.2888000011444092
3,0,4000,0.6317864656448364,0.7948499642352866,0.8043826818466187,1.0065768957138062,0.9597278833389282,44.8681755065918,45.10961151123047,0.9914931654930115,1.2638341188430786,gaussian,1.0,8.0,16000,linear,identity,1,1,finite_k_fixed,2000,1.0,0.5,bounded_heterogenous,1.0,0.75,0.25,4000,0.0001,0.05,1024,static_mask_mae_adam,jax,cuda:0,0.4.30,bool,matched_torch_cpu_bank,torch.float32,torch.bool,128000000,32000000,160000000,128000000,32000000,256000000,256000000,0.375,0.375,0.25,2.5,1.0,2.0,100,10000,16001793,15867255.3125,16000,16001543,15880105.5625,16000,16000,1,1,992.0018412234925,Empirical loss on all K fixed training masks,Monte Carlo population risk; independent test samples and one independent mask per sample,0.9912774378297892,0.9924151145345231,2.9491791337932227e-06,6.57298571127285e-08,4000,8.0,991.388522857666,991.70345703125,0.9915923367150169,-0.3149341735839844,0.6298683471679688,0.6351377951767656,992.5108205671311,992.50659765625,0.9924108920308498,0.00422291088104248,-0.00844582176208496,-0.00850958752529607,6.291105598211289e-06,991.3885291487716,-0.3149278824783862,4.370721666535626e-12,fixed_training_mask_bank,fixed_training_mask_bank,-0.18912187218666077,1.3040194511413574,0.010103147476911545,1.2592235803604126,0.9959703683853149,0.5523750185966492,0.543929398059845,0.7400000095367432,0.7195000052452087,0.6494945287704468,0.6368844509124756,7,7,0.25999999046325684,0.28049999475479126
3,0,4000,0.6406350135803223,0.8003967850886973,0.8410970568656921,1.08535897731781,0.9921910166740417,46.590965270996094,45.10961151123047,0.9914931654930115,1.2638341188430786,gaussian,1.0,8.0,16000,linear,identity,1,1,finite_k_fixed,2000,1.0,0.6,bounded_heterogenous,1.0,0.75,0.25,4000,0.0001,0.05,1024,static_mask_mae_adam,jax,cuda:0,0.4.30,bool,matched_torch_cpu_bank,torch.float32,torch.bool,128000000,32000000,160000000,128000000,32000000,256000000,256000000,0.375,0.375,0.25,2.5,1.0,2.0,100,10000,19202693,19041619.3125,16000,19200435,19052529.625,16000,16000,1,1,1190.402209468191,Empirical loss on all K fixed training masks,Monte Carlo population risk; independent test samples and one independent mask per sample,0.9913439147083433,0.9922892246413371,2.7387823138269596e-06,5.878354869537361e-08,4000,8.0,1189.7795532226562,1190.10120703125,0.9916119219580295,-0.32165380859375,0.5360896809895833,0.5405486637495294,1190.7740474328996,1190.7831015625,0.9922967695783975,-0.009054129600524902,0.015090216000874837,0.015207017278973112,6.783493608236314e-06,1189.7795600061497,-0.32164702510014176,3.90554515811159e-12,fixed_training_mask_bank,fixed_training_mask_bank,-0.18350206315517426,1.4522510766983032,0.0075185904279351234,1.301856517791748,0.8921009302139282,0.552880048751831,0.5401906967163086,0.7200000286102295,0.7268000245094299,0.6458216905593872,0.6013970375061035,6,7,0.2799999713897705,0.27319997549057007
3,0,4000,0.6266699433326721,0.7916248753877508,0.8727116584777832,1.1945230960845947,1.1108897924423218,48.877872467041016,45.10961151123047,0.9914931654930115,1.2638341188430786,gaussian,1.0,8.0,16000,linear,identity,1,1,finite_k_fixed,2000,1.0,0.7,bounded_heterogenous,1.0,0.75,0.25,4000,0.0001,0.05,1024,static_mask_mae_adam,jax,cuda:0,0.4.30,bool,matched_torch_cpu_bank,torch.float32,torch.bool,128000000,32000000,160000000,128000000,32000000,256000000,256000000,0.375,0.375,0.25,2.5,1.0,2.0,100,10000,22402702,22216346.375,16000,22400904,22228597.25,16000,16000,1,1,1388.8025777128894,Empirical loss on all K fixed training masks,Monte Carlo population risk; independent test samples and one independent mask per sample,0.9914496198208312,0.9923067698818685,2.821434463839978e-06,5.772416855620577e-08,4000,8.0,1388.1968988037108,1388.5216484375,0.9916815558676806,-0.3247496337890625,0.4639280482700893,0.46776315537400137,1389.2855431671142,1389.287328125,0.9923080448003349,-0.0017849578857421875,0.002549939836774554,0.0025696021976884253,7.465769350528718e-06,1388.1969062694802,-0.324742168019712,3.747837543782717e-12,fixed_training_mask_bank,fixed_training_mask_bank,-0.08820640295743942,1.511488914489746,0.0014449305599555373,1.3707822561264038,0.8398143649101257,0.5605195760726929,0.5441604256629944,0.75,0.7218000292778015,0.6113738417625427,0.5890753269195557,6,7,0.25,0.2781999707221985
3,0,4000,0.596641480922699,0.7724257122356162,0.9092757105827332,1.3619762659072876,1.2765166759490967,52.191497802734375,45.10961151123047,0.9914931654930115,1.2638341188430786,gaussian,1.0,8.0,16000,linear,identity,1,1,finite_k_fixed,2000,1.0,0.8,bounded_heterogenous,1.0,0.75,0.25,4000,0.0001,0.05,1024,static_mask_mae_adam,jax,cuda:0,0.4.30,bool,matched_torch_cpu_bank,torch.float32,torch.bool,128000000,32000000,160000000,128000000,32000000,256000000,256000000,0.375,0.375,0.25,2.5,1.0,2.0,100,10000,25601369,25388168.8125,16000,25597909,25405345.5625,16000,16000,1,1,1587.202945957588,Empirical loss on all K fixed training masks,Monte Carlo population risk; independent test samples and one independent mask per sample,0.9914830773353248,0.9924972617962647,2.9116097266523866e-06,5.5787051422839795e-08,4000,8.0,1586.4577575073242,1586.76055078125,0.991672313011855,-0.30279327392578126,0.3784915924072266,0.38164961156450516,1587.8659118881226,1587.83409765625,0.9924773762771014,0.03181423187255859,-0.03976778984069824,-0.040072488579845356,8.512351661920547e-06,1586.457766019676,-0.3027847615741193,3.480339063818838e-12,fixed_training_mask_bank,fixed_training_mask_bank,-0.1527145504951477,1.5541653633117676,0.0006539533496834338,1.4499340057373047,0.9121209979057312,0.5390195250511169,0.5490953326225281,0.7300000190734863,0.7113999724388123,0.7295188307762146,0.6604258418083191,6,7,0.26999998092651367,0.28860002756118774
3,0,4000,0.42472749948501587,0.6517112086538146,0.8658593893051147,1.7349069118499756,1.7494758367538452,58.90512466430664,45.10961151123047,0.9914931654930115,1.2638341188430786,gaussian,1.0,8.0,16000,linear,identity,1,1,finite_k_fixed,2000,1.0,0.9,bounded_heterogenous,1.0,0.75,0.25,4000,0.0001,0.05,1024,static_mask_mae_adam,jax,cuda:0,0.4.30,bool,matched_torch_cpu_bank,torch.float32,torch.bool,128000000,32000000,160000000,128000000,32000000,256000000,256000000,0.375,0.375,0.25,2.5,1.0,2.0,100,10000,28800371,28559527.0,16000,28800148,28582174.375,16000,16000,1,1,1785.6033142022866,Empirical loss on all K fixed training masks,Monte Carlo population risk; independent test samples and one independent mask per sample,0.9914869096427775,0.9924999541141749,3.3410171909054043e-06,5.671861558198543e-08,4000,8.0,1784.6994274597168,1784.9704375,0.991637468836773,-0.27101004028320314,0.3011222669813368,0.3036577352650838,1786.5090980300904,1786.3858984375,0.9924315102477945,0.12319959259033203,-0.13688843621148003,-0.1379316671701325,1.0843168199062349e-05,1784.699438302885,-0.2709991971150041,3.301233852254226e-12,fixed_training_mask_bank,fixed_training_mask_bank,-0.11626102775335312,1.6795884370803833,0.01241527870297432,1.564974308013916,0.564765453338623,0.6070924997329712,0.5867567658424377,0.6800000071525574,0.6877999901771545,0.37633341550827026,0.39245206117630005,5,6,0.3199999928474426,0.31220000982284546
3,0,4000,0.1665015071630478,0.408045962071735,0.6020440459251404,2.1395883560180664,2.5587849617004395,65.41542053222656,45.10961151123047,0.9914931654930115,1.2638341188430786,gaussian,1.0,8.0,16000,linear,identity,1,1,finite_k_fixed,2000,1.0,0.95,bounded_heterogenous,1.0,0.75,0.25,4000,0.0001,0.05,1024,static_mask_mae_adam,jax,cuda:0,0.4.30,bool,matched_torch_cpu_bank,torch.float32,torch.bool,128000000,32000000,160000000,128000000,32000000,256000000,256000000,0.375,0.375,0.25,2.5,1.0,2.0,100,10000,30400990,30144269.625,16000,30399221,30167228.125,16000,16000,1,1,1884.8034983246357,Empirical loss on all K fixed training masks,Monte Carlo population risk; independent test samples and one independent mask per sample,0.9914238522950984,0.9924848015443903,3.708318445205805e-06,5.6688747918087756e-08,4000,8.0,1883.7666637115478,1884.0168515625,0.9915555258233367,-0.25018785095214846,0.2633556325812089,0.26558982287738786,1885.6728013305665,1885.4517578125,0.9923684598694157,0.22104351806640626,-0.2326773874383224,-0.23447273805921043,1.3372427225112915e-05,1883.766677083975,-0.25017447852492336,3.389206883891438e-12,fixed_training_mask_bank,fixed_training_mask_bank,-0.07276329398155212,1.623212456703186,0.015680216252803802,1.7170847654342651,0.3357063829898834,0.6595708727836609,0.6546703577041626,0.6100000143051147,0.6161999702453613,0.13852889835834503,0.15691842138767242,5,5,0.38999998569488525,0.38380002975463867
4,0,4000,0.004744593985378742,0.06888101324297387,0.0992751494050026,2.0586113929748535,2.6259264945983887,64.16558074951172,44.923004150390625,0.981742799282074,1.236595630645752,gaussian,1.0,8.0,16000,linear,identity,1,1,finite_k_fixed,2000,1.0,0.05,bounded_heterogenous,1.0,0.75,0.25,4000,0.0001,0.05,1024,static_mask_mae_adam,jax,cuda:0,0.4.30,bool,matched_torch_cpu_bank,torch.float32,torch.bool,128000000,32000000,160000000,128000000,32000000,256000000,256000000,0.375,0.375,0.25,2.5,1.0,2.0,100,10000,1599719,1573131.078125,16000,1601491,1571935.22265625,16000,16000,1,1,98.22473773680568,Empirical loss on all K fixed training masks,Monte Carlo population risk; independent test samples and one independent mask per sample,0.9809228591413457,0.9841130819045151,6.879275133542251e-06,1.07211299393839e-07,4000,8.0,98.0750584564209,98.3206923828125,0.9833796298756219,-0.24563392639160156,4.912678527832031,4.996586586986762,98.50301522827148,98.24595141601563,0.9815448370651162,0.2570638122558594,-5.141276245117187,-5.2330667788504925,1.2866321206092835e-05,98.0750713227421,-0.24562106007039547,2.5591233993038642e-11,fixed_training_mask_bank,fixed_training_mask_bank,-0.01239889394491911,1.6346386671066284,-0.025532586500048637,1.6439104080200195,0.22824425995349884,0.6768946647644043,0.7037816643714905,0.5400000214576721,0.5139999985694885,0.06626946479082108,0.013351860456168652,4,8,0.4599999785423279,0.4860000014305115
4,0,4000,4.755550980917178e-05,0.006896050305005887,-0.008475609123706818,1.4970396757125854,1.8730422258377075,54.718177795410156,44.923004150390625,0.981742799282074,1.236595630645752,gaussian,1.0,8.0,16000,linear,identity,1,1,finite_k_fixed,2000,1.0,0.1,bounded_heterogenous,1.0,0.75,0.25,4000,0.0001,0.05,1024,static_mask_mae_adam,jax,cuda:0,0.4.30,bool,matched_torch_cpu_bank,torch.float32,torch.bool,128000000,32000000,160000000,128000000,32000000,256000000,256000000,0.375,0.375,0.25,2.5,1.0,2.0,100,10000,3199067,3142703.3515625,16000,3200853,3142674.796875,16000,16000,1,1,196.44947547361136,Empirical loss on all K fixed training masks,Monte Carlo population risk; independent test samples and one independent mask per sample,0.981169615814695,0.982999539696064,5.254433290247107e-06,9.60271933081458e-08,4000,8.0,196.1767087097168,196.41895947265624,0.9823812228885797,-0.24225076293945313,2.422507629394531,2.466673925876073,196.65231410217285,196.4171748046875,0.9818241565217147,0.23513929748535156,-2.3513929748535154,-2.394284488809628,9.356497973203661e-06,196.17671806621476,-0.24224140644147993,1.4977156667650426e-11,fixed_training_mask_bank,fixed_training_mask_bank,0.01635800302028656,1.3093621730804443,0.008464428596198559,1.3598212003707886,0.1410807967185974,0.6889979839324951,0.6969857215881348,0.5,0.5016999840736389,0.01669439487159252,0.0014814039459452033,4,4,0.5,0.4983000159263611
4,0,4000,0.2891257703304291,0.5377041661828826,-0.5684675574302673,1.1076865196228027,1.2751801013946533,47.0677490234375,44.923004150390625,0.981742799282074,1.236595630645752,gaussian,1.0,8.0,16000,linear,identity,1,1,finite_k_fixed,2000,1.0,0.2,bounded_heterogenous,1.0,0.75,0.25,4000,0.0001,0.05,1024,static_mask_mae_adam,jax,cuda:0,0.4.30,bool,matched_torch_cpu_bank,torch.float32,torch.bool,128000000,32000000,160000000,128000000,32000000,256000000,256000000,0.375,0.375,0.25,2.5,1.0,2.0,100,10000,6399142,6286594.234375,16000,6400746,6286053.25,16000,16000,1,1,392.8989509472227,Empirical loss on all K fixed training masks,Monte Carlo population risk; independent test samples and one independent mask per sample,0.9817593546165301,0.9824822217408574,3.847868356388062e-06,8.17517005202717e-08,4000,8.0,392.6510950012207,392.9121396484375,0.9824120537370479,-0.2610446472167969,1.3052232360839844,1.328768550904913,393.03869692993163,392.878328125,0.9820813464555538,0.16036880493164063,-0.8018440246582031,-0.816378982760213,6.923040747642518e-06,392.65110192426147,-0.26103772417604926,8.22736063305074e-12,fixed_training_mask_bank,fixed_training_mask_bank,-0.14873996376991272,1.282213807106018,0.013012289069592953,1.25850510597229,-0.5826992988586426,0.6327868103981018,0.6268789768218994,0.6700000166893005,0.6466000080108643,0.25383979082107544,0.2593182325363159,5,9,0.32999998331069946,0.35339999198913574
4,0,4000,0.4652508497238159,0.6820929919914263,0.6861571073532104,1.0028877258300781,1.074792742729187,44.78588104248047,44.923004150390625,0.981742799282074,1.236595630645752,gaussian,1.0,8.0,16000,linear,identity,1,1,finite_k_fixed,2000,1.0,0.3,bounded_heterogenous,1.0,0.75,0.25,4000,0.0001,0.05,1024,static_mask_mae_adam,jax,cuda:0,0.4.30,bool,matched_torch_cpu_bank,torch.float32,torch.bool,128000000,32000000,160000000,128000000,32000000,256000000,256000000,0.375,0.375,0.25,2.5,1.0,2.0,100,10000,9598882,9428445.6875,16000,9599134,9426423.875,16000,16000,1,1,589.348426420834,Empirical loss on all K fixed training masks,Monte Carlo population risk; independent test samples and one independent mask per sample,0.9817634389955029,0.9821751280785908,3.2729128633945948e-06,7.307912142096029e-08,4000,8.0,588.9894626770019,589.27785546875,0.9822441496311758,-0.2883927917480469,0.961309305826823,0.9788007102986551,589.2519166183472,589.1514921875,0.9820077389272824,0.10042443084716797,-0.3347481028238932,-0.3409120817949862,6.268048286437989e-06,588.9894689450502,-0.2883865236997604,6.156406981427942e-12,fixed_training_mask_bank,fixed_training_mask_bank,0.25399890542030334,1.2147793769836426,-0.009750149212777615,1.2308496236801147,0.9206426739692688,0.5762934684753418,0.5850702524185181,0.6899999976158142,0.6863999962806702,0.5219329595565796,0.5003809332847595,6,6,0.3100000023841858,0.31360000371932983
4,0,4000,0.5467945337295532,0.7394555657573707,0.7350179553031921,0.9791834354400635,0.9923314452171326,44.25343322753906,44.923004150390625,0.981742799282074,1.236595630645752,gaussian,1.0,8.0,16000,linear,identity,1,1,finite_k_fixed,2000,1.0,0.4,bounded_heterogenous,1.0,0.75,0.25,4000,0.0001,0.05,1024,static_mask_mae_adam,jax,cuda:0,0.4.30,bool,matched_torch_cpu_bank,torch.float32,torch.bool,128000000,32000000,160000000,128000000,32000000,256000000,256000000,0.375,0.375,0.25,2.5,1.0,2.0,100,10000,12795352,12570547.6875,16000,12798318,12569080.03125,16000,16000,1,1,785.7979018944454,Empirical loss on all K fixed training masks,Monte Carlo population risk; independent test samples and one independent mask per sample,0.9820505053288833,0.9821497995337237,2.9603038456116337e-06,6.689433007522894e-08,4000,8.0,785.3551185913086,785.65923046875,0.9824307832641103,-0.3041118774414063,0.7602796936035157,0.7741572061972235,785.616591129303,785.567501953125,0.9820884299991608,0.04908917617797852,-0.12272294044494629,-0.1249776144147674,6.1198964715003975e-06,785.3551247112051,-0.3041057575449348,4.90637174985209e-12,fixed_training_mask_bank,fixed_training_mask_bank,0.31924203038215637,1.269156813621521,-0.009160672314465046,1.231814980506897,1.1605437994003296,0.5260477662086487,0.5644405484199524,0.7599999904632568,0.7085999846458435,0.804874062538147,0.6851167678833008,7,7,0.24000000953674316,0.2914000153541565
4,0,4000,0.6077657341957092,0.7795933133344009,-0.7805299162864685,0.9934253692626953,0.9663955569267273,44.57410430908203,44.923004150390625,0.981742799282074,1.236595630645752,gaussian,1.0,8.0,16000,linear,identity,1,1,finite_k_fixed,2000,1.0,0.5,bounded_heterogenous,1.0,0.75,0.25,4000,0.0001,0.05,1024,static_mask_mae_adam,jax,cuda:0,0.4.30,bool,matched_torch_cpu_bank,torch.float32,torch.bool,128000000,32000000,160000000,128000000,32000000,256000000,256000000,0.375,0.375,0.25,2.5,1.0,2.0,100,10000,15997913,15720351.5625,16000,15996392,15714193.5625,16000,16000,1,1,982.2473773680567,Empirical loss on all K fixed training masks,Monte Carlo population risk; independent test samples and one independent mask per sample,0.9823385499528223,0.9823602382752961,2.76506807495025e-06,6.203305957797056e-08,4000,8.0,982.2104161682129,982.52197265625,0.9826501470848104,-0.3115564880371094,0.6231129760742188,0.6341974972727815,982.138716041565,982.13709765625,0.9823586195249528,0.0016183853149414062,-0.0032367706298828125,-0.003295640331302252,6.2089085578918465e-06,982.2104223771214,-0.3115502791285515,4.231485821459824e-12,fixed_training_mask_bank,fixed_training_mask_bank,-0.3030664920806885,1.3278030157089233,0.007653987035155296,1.249506950378418,-1.2314308881759644,0.5071591734886169,0.5489765405654907,0.7200000286102295,0.7199000120162964,0.9246501922607422,0.7746212482452393,7,7,0.2799999713897705,0.2800999879837036
4,0,4000,0.6378639936447144,0.7986638802679851,-0.8323597311973572,1.0764315128326416,1.0203773975372314,46.398956298828125,44.923004150390625,0.981742799282074,1.236595630645752,gaussian,1.0,8.0,16000,linear,identity,1,1,finite_k_fixed,2000,1.0,0.6,bounded_heterogenous,1.0,0.75,0.25,4000,0.0001,0.05,1024,static_mask_mae_adam,jax,cuda:0,0.4.30,bool,matched_torch_cpu_bank,torch.float32,torch.bool,128000000,32000000,160000000,128000000,32000000,256000000,256000000,0.375,0.375,0.25,2.5,1.0,2.0,100,10000,19199092,18865472.0625,16000,19198213,18862381.8125,16000,16000,1,1,1178.696852841668,Empirical loss on all K fixed training masks,Monte Carlo population risk; independent test samples and one independent mask per sample,0.982348390562681,0.9825090157916585,2.761762516456656e-06,5.952208326220898e-08,4000,8.0,1178.7623204040528,1179.09200390625,0.9826231398078618,-0.3296835021972656,0.5494725036621094,0.5592159069947034,1178.901084974289,1178.89886328125,0.9825071642084604,0.0022216930389404297,-0.003702821731567383,-0.0037690986194327536,6.7276969552040105e-06,1178.7623271317498,-0.3296767745003104,3.8692855343358534e-12,fixed_training_mask_bank,fixed_training_mask_bank,-0.29534009099006653,1.2932851314544678,-0.0004750118241645396,1.3079109191894531,-1.4256318807601929,0.4841243028640747,0.5470925569534302,0.75,0.7279000282287598,1.0876164436340332,0.9615442156791687,7,11,0.25,0.27209997177124023
4,0,4000,0.6227905750274658,0.7891708148604242,-0.8663737773895264,1.1944305896759033,1.1315947771072388,48.8759765625,44.923004150390625,0.981742799282074,1.236595630645752,gaussian,1.0,8.0,16000,linear,identity,1,1,finite_k_fixed,2000,1.0,0.7,bounded_heterogenous,1.0,0.75,0.25,4000,0.0001,0.05,1024,static_mask_mae_adam,jax,cuda:0,0.4.30,bool,matched_torch_cpu_bank,torch.float32,torch.bool,128000000,32000000,160000000,128000000,32000000,256000000,256000000,0.375,0.375,0.25,2.5,1.0,2.0,100,10000,22396645,22009221.625,16000,22398164,22008325.1875,16000,16000,1,1,1375.1463283152793,Empirical loss on all K fixed training masks,Monte Carlo population risk; independent test samples and one independent mask per sample,0.9824655767228543,0.9826175154292637,2.8374970497679897e-06,5.805505409739453e-08,4000,8.0,1375.245796661377,1375.5763515625,0.9827017227357044,-0.33055490112304686,0.4722212873186384,0.4806056759372179,1375.5517662410737,1375.52032421875,0.9825950550009367,0.0314420223236084,-0.044917174748012,-0.045716550704621994,7.465191185474396e-06,1375.2458041265681,-0.33054743593186137,3.791690919574542e-12,fixed_training_mask_bank,fixed_training_mask_bank,-0.3469952344894409,1.4174890518188477,-0.0029261328745633364,1.37713623046875,-1.2612841129302979,0.4917050898075104,0.5429283976554871,0.7400000095367432,0.7285000085830688,1.037845492362976,0.8941004872322083,7,8,0.25999999046325684,0.27149999141693115
4,0,4000,0.5728664398193359,0.7568794090337878,-0.8830085396766663,1.3488659858703613,1.3251487016677856,51.939697265625,44.923004150390625,0.981742799282074,1.236595630645752,gaussian,1.0,8.0,16000,linear,identity,1,1,finite_k_fixed,2000,1.0,0.8,bounded_heterogenous,1.0,0.75,0.25,4000,0.0001,0.05,1024,static_mask_mae_adam,jax,cuda:0,0.4.30,bool,matched_torch_cpu_bank,torch.float32,torch.bool,128000000,32000000,160000000,128000000,32000000,256000000,256000000,0.375,0.375,0.25,2.5,1.0,2.0,100,10000,25597891,25149705.0625,16000,25599263,25155208.625,16000,16000,1,1,1571.5958037888909,Empirical loss on all K fixed training masks,Monte Carlo population risk; independent test samples and one independent mask per sample,0.9822988739343617,0.9827036761730943,3.023436192961526e-06,5.821051729526516e-08,4000,8.0,1571.548719024658,1571.85656640625,0.9824912943999957,-0.30784738159179686,0.38480922698974607,0.39169907505698376,1572.2806160888672,1572.2005390625,0.9826536265907343,0.0800770263671875,-0.10009628295898437,-0.10186617340179893,8.430412411689758e-06,1571.5487274550705,-0.3078389511793852,3.554586746473687e-12,fixed_training_mask_bank,fixed_training_mask_bank,-0.33737969398498535,1.4865561723709106,0.0027281504590064287,1.4568480253219604,-1.0564683675765991,0.5191965103149414,0.5534848570823669,0.7099999785423279,0.7164000272750854,0.8619580268859863,0.7637389898300171,7,7,0.2900000214576721,0.28359997272491455
4,0,4000,0.38148045539855957,0.617641040895567,0.803654134273529,1.677870512008667,1.77495276927948,57.92875289916992,44.923004150390625,0.981742799282074,1.236595630645752,gaussian,1.0,8.0,16000,linear,identity,1,1,finite_k_fixed,2000,1.0,0.9,bounded_heterogenous,1.0,0.75,0.25,4000,0.0001,0.05,1024,static_mask_mae_adam,jax,cuda:0,0.4.30,bool,matched_torch_cpu_bank,torch.float32,torch.bool,128000000,32000000,160000000,128000000,32000000,256000000,256000000,0.375,0.375,0.25,2.5,1.0,2.0,100,10000,28799860,28289405.25,16000,28799510,28296594.375,16000,16000,1,1,1768.0452792625022,Empirical loss on all K fixed training masks,Monte Carlo population risk; independent test samples and one independent mask per sample,0.9821291245026071,0.9826289111033948,3.290132099209586e-06,5.6796181979734683e-08,4000,8.0,1767.8238304748536,1768.087828125,0.9822757905767597,-0.26399765014648435,0.2933307223849826,0.2986250410721425,1768.701946975708,1768.5371484375,0.9825373548022172,0.1647985382080078,-0.18310948689778644,-0.18636706427521688,1.0486690700054169e-05,1767.8238409615442,-0.2639871634557843,3.3246766884681422e-12,fixed_training_mask_bank,fixed_training_mask_bank,0.30822503566741943,1.690897822380066,-0.004146500490605831,1.5554834604263306,0.6753746867179871,0.5728285312652588,0.5992676019668579,0.7200000286102295,0.677299976348877,0.5382127165794373,0.4350277781486511,6,6,0.2799999713897705,0.32270002365112305
4,0,4000,0.0003814107330981642,0.019529739708919937,0.028289586305618286,2.079469919204712,2.5790657997131348,64.4898452758789,44.923004150390625,0.981742799282074,1.236595630645752,gaussian,1.0,8.0,16000,linear,identity,1,1,finite_k_fixed,2000,1.0,0.95,bounded_heterogenous,1.0,0.75,0.25,4000,0.0001,0.05,1024,static_mask_mae_adam,jax,cuda:0,0.4.30,bool,matched_torch_cpu_bank,torch.float32,torch.bool,128000000,32000000,160000000,128000000,32000000,256000000,256000000,0.375,0.375,0.25,2.5,1.0,2.0,100,10000,30398810,29859162.75,16000,30400307,29870865.375,16000,16000,1,1,1866.2700169993077,Empirical loss on all K fixed training masks,Monte Carlo population risk; independent test samples and one independent mask per sample,0.982119839475984,0.9827184728203747,0.023595552891492844,0.00036588014336302876,4000,8.0,1865.9546498413085,1866.197671875,0.9822477508165616,-0.24302203369140624,0.2558126670435855,0.2604461867614649,1867.1839542694092,1866.9290859375,0.9825843329476903,0.2548683319091797,-0.2682824546412418,-0.27303482904494913,1.299668699502945e-05,1865.9546628379956,-0.2430090370044112,5.406343817071502e-09,fixed_training_mask_bank,fixed_training_mask_bank,-0.15041698515415192,1.3872958421707153,-0.017018262296915054,1.5711956024169922,-0.22010892629623413,0.681790828704834,0.7105345129966736,0.550000011920929,0.49050000309944153,0.045848455280065536,-0.005308669060468674,4,5,0.44999998807907104,0.5094999969005585
5,0,4000,0.00011383873061276972,0.010669523448250616,-0.015344372019171715,2.044670581817627,2.7178549766540527,63.94795608520508,44.978755950927734,1.0099915266036987,1.304506540298462,gaussian,1.0,8.0,16000,linear,identity,1,1,finite_k_fixed,2000,1.0,0.05,bounded_heterogenous,1.0,0.75,0.25,4000,0.0001,0.05,1024,static_mask_mae_adam,jax,cuda:0,0.4.30,bool,matched_torch_cpu_bank,torch.float32,torch.bool,128000000,32000000,160000000,128000000,32000000,256000000,256000000,0.375,0.375,0.25,2.5,1.0,2.0,100,10000,1599313,1613504.09375,16000,1598177,1612615.68359375,16000,16000,1,1,101.04973543789743,Empirical loss on all K fixed training masks,Monte Carlo population risk; independent test samples and one independent mask per sample,1.0063912255251846,1.0115096280647027,7.126393938960973e-06,1.1144054212763876e-07,4000,8.0,100.59591062927248,100.844005859375,1.0088732435426961,-0.24809523010252452,4.96190460205049,4.920376337459009,101.03571392822265,100.78848022460937,1.0090344708963712,0.2472337036132667,-4.944674072265333,-4.905991301035417,1.2779191136360168e-05,100.59592340846362,-0.24808245091138817,2.630249837376475e-11,fixed_training_mask_bank,fixed_training_mask_bank,-0.19410529732704163,1.8404765129089355,0.007961426861584187,1.6522735357284546,0.10784991085529327,0.6882809400558472,0.6989947557449341,0.5199999809265137,0.49219998717308044,0.01955033466219902,-0.003788329428061843,3,4,0.48000001907348633,0.5078000128269196
5,0,4000,7.566667136416072e-06,0.002750757556822497,0.003406282514333725,1.5159045457839966,1.942487359046936,55.06186294555664,44.978755950927734,1.0099915266036987,1.304506540298462,gaussian,1.0,8.0,16000,linear,identity,1,1,finite_k_fixed,2000,1.0,0.1,bounded_heterogenous,1.0,0.75,0.25,4000,0.0001,0.05,1024,static_mask_mae_adam,jax,cuda:0,0.4.30,bool,matched_torch_cpu_bank,torch.float32,torch.bool,128000000,32000000,160000000,128000000,32000000,256000000,256000000,0.375,0.375,0.25,2.5,1.0,2.0,100,10000,3199010,3232252.9296875,16000,3197638,3229025.765625,16000,16000,1,1,202.09947087579485,Empirical loss on all K fixed training masks,Monte Carlo population risk; independent test samples and one independent mask per sample,1.0091426743248058,1.0111417310703243,0.000377466349164024,6.855313586129341e-06,4000,8.0,201.7660941619873,202.01580810546875,1.0103916304380105,-0.24971394348144532,2.497139434814453,2.4722218109889393,202.07907641601562,201.8141103515625,1.0098159221353387,0.264966064453125,-2.6496606445312496,-2.625842801492251,9.474403411149979e-06,201.7661036363907,-0.24970446907803417,2.1209428657797957e-10,fixed_training_mask_bank,fixed_training_mask_bank,0.15428534150123596,1.3569658994674683,-0.004045876208692789,1.380401372909546,-0.08267052471637726,0.6915795803070068,0.69521164894104,0.5,0.49470001459121704,0.006283503025770187,-0.0008787205442786217,4,4,0.5,0.505299985408783
5,0,4000,0.2531783878803253,0.5031683494421378,0.52986741065979,1.0962837934494019,1.275252342224121,46.82486343383789,44.978755950927734,1.0099915266036987,1.304506540298462,gaussian,1.0,8.0,16000,linear,identity,1,1,finite_k_fixed,2000,1.0,0.2,bounded_heterogenous,1.0,0.75,0.25,4000,0.0001,0.05,1024,static_mask_mae_adam,jax,cuda:0,0.4.30,bool,matched_torch_cpu_bank,torch.float32,torch.bool,128000000,32000000,160000000,128000000,32000000,256000000,256000000,0.375,0.375,0.25,2.5,1.0,2.0,100,10000,6401856,6468444.65625,16000,6399357,6461571.5625,16000,16000,1,1,404.1989417515897,Empirical loss on all K fixed training masks,Monte Carlo population risk; independent test samples and one independent mask per sample,1.0097586404074899,1.0101354243450504,3.814275487457053e-06,8.145833874095842e-08,4000,8.0,404.0205881652832,404.277791015625,1.0104014611153391,-0.25720285034179685,1.286014251708984,1.2724065286675579,404.0135749206543,403.84822265625,1.0097220021480282,0.16535226440429687,-0.8267613220214843,-0.8188832097202337,6.851773709058762e-06,404.0205950170569,-0.2571959985680878,8.465080199304698e-12,fixed_training_mask_bank,fixed_training_mask_bank,-0.010697808116674423,1.2355479001998901,-0.024907341226935387,1.2611271142959595,0.7456404566764832,0.6117774248123169,0.6314155459403992,0.699999988079071,0.6414999961853027,0.35483717918395996,0.3253457248210907,6,6,0.30000001192092896,0.35850000381469727
5,0,4000,0.48797571659088135,0.698552586847176,-0.6923880577087402,0.9712165594100952,1.0680537223815918,44.07304000854492,44.978755950927734,1.0099915266036987,1.304506540298462,gaussian,1.0,8.0,16000,linear,identity,1,1,finite_k_fixed,2000,1.0,0.3,bounded_heterogenous,1.0,0.75,0.25,4000,0.0001,0.05,1024,static_mask_mae_adam,jax,cuda:0,0.4.30,bool,matched_torch_cpu_bank,torch.float32,torch.bool,128000000,32000000,160000000,128000000,32000000,256000000,256000000,0.375,0.375,0.25,2.5,1.0,2.0,100,10000,9600757,9697465.5625,16000,9599757,9693864.25,16000,16000,1,1,606.2984126273844,Empirical loss on all K fixed training masks,Monte Carlo population risk; independent test samples and one independent mask per sample,1.00960746537275,1.0099487386006187,3.125025159533834e-06,7.090559250855222e-08,4000,8.0,605.8122462768555,606.09159765625,1.010073014294602,-0.27935137939453125,0.9311712646484376,0.9218124140799588,605.9539045639037,605.866515625,1.0098030866822982,0.08738893890369218,-0.29129646301230727,-0.2884758825580924,6.070103496313095e-06,605.812252346959,-0.27934530929103496,6.070384646339466e-12,fixed_training_mask_bank,fixed_training_mask_bank,0.1747083067893982,1.0972084999084473,0.012450698763132095,1.2575582265853882,-1.0885066986083984,0.5662761926651001,0.5820729732513428,0.699999988079071,0.6890000104904175,0.5734227299690247,0.6183546781539917,6,7,0.30000001192092896,0.3109999895095825
5,0,4000,0.5886937975883484,0.7672638383166174,-0.7571244835853577,0.9626319408416748,0.9649034738540649,43.877830505371094,44.978755950927734,1.0099915266036987,1.304506540298462,gaussian,1.0,8.0,16000,linear,identity,1,1,finite_k_fixed,2000,1.0,0.4,bounded_heterogenous,1.0,0.75,0.25,4000,0.0001,0.05,1024,static_mask_mae_adam,jax,cuda:0,0.4.30,bool,matched_torch_cpu_bank,torch.float32,torch.bool,128000000,32000000,160000000,128000000,32000000,256000000,256000000,0.375,0.375,0.25,2.5,1.0,2.0,100,10000,12801898,12938521.34375,16000,12797969,12928006.65625,16000,16000,1,1,808.3978835031794,Empirical loss on all K fixed training masks,Monte Carlo population risk; independent test samples and one independent mask per sample,1.0102980935378805,1.0101975902559013,2.7985852284473367e-06,6.378130734674414e-08,4000,8.0,808.3583214416502,808.657583984375,1.0106721162557302,-0.2992625427247258,0.7481563568118145,0.7401465061398493,808.0298402481079,808.000416015625,1.0101608041283738,0.029424232482910158,-0.07356058120727539,-0.07283222112208776,6.016449630260468e-06,808.3583274580999,-0.2992565262750955,5.12261327106911e-12,fixed_training_mask_bank,fixed_training_mask_bank,0.2083512544631958,1.190459966659546,0.0024755047634243965,1.249781847000122,-1.2024915218353271,0.5312290191650391,0.55108642578125,0.75,0.7089999914169312,0.7642695903778076,0.7488857507705688,7,7,0.25,0.29100000858306885
5,0,4000,0.6319327354431152,0.7949419698588792,-0.8013349771499634,1.0045521259307861,0.9926310777664185,44.82303237915039,44.978755950927734,1.0099915266036987,1.304506540298462,gaussian,1.0,8.0,16000,linear,identity,1,1,finite_k_fixed,2000,1.0,0.5,bounded_heterogenous,1.0,0.75,0.25,4000,0.0001,0.05,1024,static_mask_mae_adam,jax,cuda:0,0.4.30,bool,matched_torch_cpu_bank,torch.float32,torch.bool,128000000,32000000,160000000,128000000,32000000,256000000,256000000,0.375,0.375,0.25,2.5,1.0,2.0,100,10000,16001075,16169992.9375,16000,16000741,16164238.4375,16000,16000,1,1,1010.4973543789741,Empirical loss on all K fixed training masks,Monte Carlo population risk; independent test samples and one independent mask per sample,1.0102301076475526,1.0102266194125253,2.8833885608037235e-06,6.432828314473227e-08,4000,8.0,1010.2979824829101,1010.62455859375,1.0105566618180342,-0.3265761108398437,0.6531522216796875,0.6462857211668727,1010.2734055328369,1010.26490234375,1.0102181166172242,0.008503189086914062,-0.017006378173828125,-0.01683358308746108,6.278450787067413e-06,1010.2979887613609,-0.3265698323890567,4.506050914343529e-12,fixed_training_mask_bank,fixed_training_mask_bank,0.18497338891029358,1.3152211904525757,0.012175207957625389,1.287484884262085,-1.2110272645950317,0.5087596774101257,0.5431652069091797,0.75,0.7197999954223633,0.893826961517334,0.7945575714111328,7,7,0.25,0.2802000045776367
5,0,4000,0.6603896617889404,0.8126436253296647,-0.8491657376289368,1.079443097114563,1.0421861410140991,46.46381759643555,44.978755950927734,1.0099915266036987,1.304506540298462,gaussian,1.0,8.0,16000,linear,identity,1,1,finite_k_fixed,2000,1.0,0.6,bounded_heterogenous,1.0,0.75,0.25,4000,0.0001,0.05,1024,static_mask_mae_adam,jax,cuda:0,0.4.30,bool,matched_torch_cpu_bank,torch.float32,torch.bool,128000000,32000000,160000000,128000000,32000000,256000000,256000000,0.375,0.375,0.25,2.5,1.0,2.0,100,10000,19197200,19399704.75,16000,19200252,19395687.0,16000,16000,1,1,1212.5968252547689,Empirical loss on all K fixed training masks,Monte Carlo population risk; independent test samples and one independent mask per sample,1.010266731988218,1.010178985007866,2.829781351465499e-06,6.090290582960733e-08,4000,8.0,1212.1432817077637,1212.481546875,1.0105486607421916,-0.3382651672363281,0.5637752787272136,0.5579716542625235,1212.230692328453,1212.2304375,1.010178772653609,0.00025482845306396484,-0.00042471408843994143,-0.0004204290622311646,6.746519356966019e-06,1212.143288454283,-0.33825842071697115,4.097303659550411e-12,fixed_training_mask_bank,fixed_training_mask_bank,0.19983312487602234,1.3134689331054688,0.012382865883409977,1.3287713527679443,-1.3425990343093872,0.48210230469703674,0.5421703457832336,0.75,0.7186999917030334,1.0508159399032593,0.9229190349578857,7,7,0.25,0.28130000829696655
5,0,4000,0.6524800062179565,0.8077623451349762,-0.8834397792816162,1.1825017929077148,1.1221826076507568,48.63130187988281,44.978755950927734,1.0099915266036987,1.304506540298462,gaussian,1.0,8.0,16000,linear,identity,1,1,finite_k_fixed,2000,1.0,0.7,bounded_heterogenous,1.0,0.75,0.25,4000,0.0001,0.05,1024,static_mask_mae_adam,jax,cuda:0,0.4.30,bool,matched_torch_cpu_bank,torch.float32,torch.bool,128000000,32000000,160000000,128000000,32000000,256000000,256000000,0.375,0.375,0.25,2.5,1.0,2.0,100,10000,22398121,22628910.875,16000,22400060,22624129.6875,16000,16000,1,1,1414.6962961305637,Empirical loss on all K fixed training masks,Monte Carlo population risk; independent test samples and one independent mask per sample,1.0100666220374928,1.010017588948684,2.833035750882118e-06,5.825539517445577e-08,4000,8.0,1413.9746511535643,1414.3069296875,1.0103039837582803,-0.3322785339357797,0.47468361990825675,0.4698817872712535,1414.0284120941162,1414.00810546875,1.0100030842551315,0.02030662536621094,-0.02900946480887277,-0.028722077741516472,7.390636205673218e-06,1413.9746585442006,-0.332271143299574,3.728689666054885e-12,fixed_training_mask_bank,fixed_training_mask_bank,0.11619371175765991,1.3496705293655396,0.021304992958903313,1.3815782070159912,-1.2209410667419434,0.4969952404499054,0.5403335094451904,0.7699999809265137,0.725600004196167,0.9489096999168396,0.8714441657066345,7,7,0.23000001907348633,0.274399995803833
5,0,4000,0.6005051136016846,0.7749226500765638,-0.9101426601409912,1.3636952638626099,1.3183889389038086,52.224422454833984,44.978755950927734,1.0099915266036987,1.304506540298462,gaussian,1.0,8.0,16000,linear,identity,1,1,finite_k_fixed,2000,1.0,0.8,bounded_heterogenous,1.0,0.75,0.25,4000,0.0001,0.05,1024,static_mask_mae_adam,jax,cuda:0,0.4.30,bool,matched_torch_cpu_bank,torch.float32,torch.bool,128000000,32000000,160000000,128000000,32000000,256000000,256000000,0.375,0.375,0.25,2.5,1.0,2.0,100,10000,25598087,25859016.375,16000,25599717,25852694.0,16000,16000,1,1,1616.7957670063588,Empirical loss on all K fixed training masks,Monte Carlo population risk; independent test samples and one independent mask per sample,1.0099975374906982,1.0099200956445449,2.9477128009602893e-06,5.6443187901322744e-08,4000,8.0,1615.8753021545408,1616.1885234375,1.0101933154223595,-0.3132212829592172,0.3915266036990215,0.3876048844759783,1615.85429006958,1615.793375,1.0098820233051795,0.06091506958007813,-0.07614383697509765,-0.07539957834046263,8.523095399141311e-06,1615.8753106776362,-0.3132127598638181,3.5209996810531274e-12,fixed_training_mask_bank,fixed_training_mask_bank,0.17710937559604645,1.5492181777954102,0.018611319363117218,1.4612430334091187,-0.9896727204322815,0.5141803026199341,0.5437026619911194,0.7400000095367432,0.7190999984741211,0.8513333797454834,0.735368549823761,7,7,0.25999999046325684,0.2809000015258789
5,0,4000,0.4750365614891052,0.6892289615861373,-0.9147216081619263,1.7412693500518799,1.7655283212661743,59.01304244995117,44.978755950927734,1.0099915266036987,1.304506540298462,gaussian,1.0,8.0,16000,linear,identity,1,1,finite_k_fixed,2000,1.0,0.9,bounded_heterogenous,1.0,0.75,0.25,4000,0.0001,0.05,1024,static_mask_mae_adam,jax,cuda:0,0.4.30,bool,matched_torch_cpu_bank,torch.float32,torch.bool,128000000,32000000,160000000,128000000,32000000,256000000,256000000,0.375,0.375,0.25,2.5,1.0,2.0,100,10000,28800819,29088182.75,16000,28800393,29084820.0,16000,16000,1,1,1818.8952378821534,Empirical loss on all K fixed training masks,Monte Carlo population risk; independent test samples and one independent mask per sample,1.0098256679160105,1.0099562059293665,3.359142510817037e-06,5.692204396723355e-08,4000,8.0,1817.7378927001953,1818.011421875,1.0099776242474217,-0.2735291748046875,0.30392130533854167,0.3009102929865115,1817.945977722168,1817.80125,1.0098758027364418,0.14472772216796875,-0.16080858018663194,-0.15923382401439312,1.088293343782425e-05,1817.7379035831286,-0.2735182918712497,3.4606352072169555e-12,fixed_training_mask_bank,fixed_training_mask_bank,0.2802373170852661,1.7386244535446167,0.02942897565662861,1.6144928932189941,-0.9667178392410278,0.4925892651081085,0.5875711441040039,0.7699999809265137,0.6905999779701233,0.9832061529159546,0.7080817818641663,6,7,0.23000001907348633,0.3094000220298767
5,0,4000,0.20995397865772247,0.45820735334313706,0.6829552054405212,2.196218252182007,2.570427179336548,66.27545928955078,44.978755950927734,1.0099915266036987,1.304506540298462,gaussian,1.0,8.0,16000,linear,identity,1,1,finite_k_fixed,2000,1.0,0.95,bounded_heterogenous,1.0,0.75,0.25,4000,0.0001,0.05,1024,static_mask_mae_adam,jax,cuda:0,0.4.30,bool,matched_torch_cpu_bank,torch.float32,torch.bool,128000000,32000000,160000000,128000000,32000000,256000000,256000000,0.375,0.375,0.25,2.5,1.0,2.0,100,10000,30400114,30706301.375,16000,30400416,30697752.375,16000,16000,1,1,1919.9449733200508,Empirical loss on all K fixed training masks,Monte Carlo population risk; independent test samples and one independent mask per sample,1.0099349907878326,1.009896578472448,3.736407734322711e-06,5.637694400206783e-08,4000,8.0,1918.883678283691,1919.1438359375,1.0100719153553175,-0.2601576538088266,0.273850161904028,0.2711184528612076,1918.8297564086915,1918.6095234375,1.0097806679684909,0.2202329711916391,-0.23182418020172538,-0.2295756051466924,1.3726364076137543e-05,1918.8836920100553,-0.26014392744475046,3.503859095227435e-12,fixed_training_mask_bank,fixed_training_mask_bank,-0.14478203654289246,1.7122609615325928,0.004374980460852385,1.7563583850860596,0.6573010683059692,0.586743175983429,0.6585270166397095,0.6899999976158142,0.6308000087738037,0.48558494448661804,0.3620956838130951,6,6,0.3100000023841858,0.3691999912261963
6,0,4000,0.0002761443320196122,0.016617591041411875,-0.024277495220303535,2.104245662689209,2.6550936698913574,64.87288665771484,45.04043197631836,0.9963686466217041,1.271265983581543,gaussian,1.0,8.0,16000,linear,identity,1,1,finite_k_fixed,2000,1.0,0.05,bounded_heterogenous,1.0,0.75,0.25,4000,0.0001,0.05,1024,static_mask_mae_adam,jax,cuda:0,0.4.30,bool,matched_torch_cpu_bank,torch.float32,torch.bool,128000000,32000000,160000000,128000000,32000000,256000000,256000000,0.375,0.375,0.25,2.5,1.0,2.0,100,10000,1601503,1594235.11328125,16000,1600791,1590615.65625,16000,16000,1,1,99.68757634099907,Empirical loss on all K fixed training masks,Monte Carlo population risk; independent test samples and one independent mask per sample,0.9930034370203724,0.9962742476195167,7.125349384295987e-06,1.0983553266896706e-07,4000,8.0,99.39362396240234,99.63969458007813,0.9954618338406173,-0.24607061767578126,4.921412353515625,4.939208589765709,99.67667807006836,99.413478515625,0.9936435526249211,0.26319955444335935,-5.263991088867186,-5.295047681125098,1.3151535391807558e-05,99.39363711393774,-0.24605746614038945,2.5809337306226254e-11,fixed_training_mask_bank,fixed_training_mask_bank,-0.1192190870642662,1.6947202682495117,0.006824714597314596,1.6344273090362549,-0.08086421340703964,0.6908258199691772,0.6939831972122192,0.6000000238418579,0.5091000199317932,0.009304606355726719,0.002685393439605832,3,4,0.3999999761581421,0.4908999800682068
6,0,4000,0.0028941361233592033,0.053797175793522875,-0.06630305200815201,1.4975212812423706,1.930277705192566,54.72698211669922,45.04043197631836,0.9963686466217041,1.271265983581543,gaussian,1.0,8.0,16000,linear,identity,1,1,finite_k_fixed,2000,1.0,0.1,bounded_heterogenous,1.0,0.75,0.25,4000,0.0001,0.05,1024,static_mask_mae_adam,jax,cuda:0,0.4.30,bool,matched_torch_cpu_bank,torch.float32,torch.bool,128000000,32000000,160000000,128000000,32000000,256000000,256000000,0.375,0.375,0.25,2.5,1.0,2.0,100,10000,3200334,3185486.1171875,16000,3201923,3188684.6875,16000,16000,1,1,199.37515268199814,Empirical loss on all K fixed training masks,Monte Carlo population risk; independent test samples and one independent mask per sample,0.9941342967725693,0.997203121179054,5.474132194649428e-06,1.0002620598470457e-07,4000,8.0,198.847611907959,199.09288232421875,0.9953605208667283,-0.24527041625976562,2.452704162597656,2.4638793049400753,199.5604755859375,199.29279296875,0.995865511912685,0.2676826171875,-2.676826171875,-2.6863251119118026,9.359508007764818e-06,198.847621267467,-0.24526105675175786,1.5833168109935514e-11,fixed_training_mask_bank,fixed_training_mask_bank,0.16294685006141663,1.6366140842437744,-5.809612412122078e-05,1.378198504447937,-0.19754548370838165,0.6805002689361572,0.6971955299377441,0.5799999833106995,0.5192999839782715,0.05114002525806427,0.010267811827361584,4,5,0.42000001668930054,0.4807000160217285
6,0,4000,0.22701509296894073,0.4764610088653013,-0.5031061172485352,1.0992319583892822,1.2978713512420654,46.88777542114258,45.04043197631836,0.9963686466217041,1.271265983581543,gaussian,1.0,8.0,16000,linear,identity,1,1,finite_k_fixed,2000,1.0,0.2,bounded_heterogenous,1.0,0.75,0.25,4000,0.0001,0.05,1024,static_mask_mae_adam,jax,cuda:0,0.4.30,bool,matched_torch_cpu_bank,torch.float32,torch.bool,128000000,32000000,160000000,128000000,32000000,256000000,256000000,0.375,0.375,0.25,2.5,1.0,2.0,100,10000,6399988,6379347.609375,16000,6402143,6377846.75,16000,16000,1,1,398.7503053639963,Empirical loss on all K fixed training masks,Monte Carlo population risk; independent test samples and one independent mask per sample,0.9961365134850277,0.9966751121506184,3.837015810859157e-06,8.183402400163686e-08,4000,8.0,398.453858291626,398.7092255859375,0.996774932917843,-0.25536729431152344,1.276836471557617,1.2809700800688884,398.80353703308106,398.615421875,0.9962049816756671,0.1881151580810547,-0.9405757904052734,-0.943842850817056,6.870199739933014e-06,398.4538651618257,-0.2553604241117835,8.632580761336328e-12,fixed_training_mask_bank,fixed_training_mask_bank,0.06363704055547714,1.1567095518112183,-0.0075965942814946175,1.2467286586761475,-0.4936200976371765,0.6574475169181824,0.6366333961486816,0.6299999952316284,0.6337000131607056,0.14894269406795502,0.20366758108139038,5,6,0.3700000047683716,0.36629998683929443
6,0,4000,0.48122167587280273,0.6937014313613622,-0.6968228816986084,0.9947741031646729,1.032434105873108,44.60435104370117,45.04043197631836,0.9963686466217041,1.271265983581543,gaussian,1.0,8.0,16000,linear,identity,1,1,finite_k_fixed,2000,1.0,0.3,bounded_heterogenous,1.0,0.75,0.25,4000,0.0001,0.05,1024,static_mask_mae_adam,jax,cuda:0,0.4.30,bool,matched_torch_cpu_bank,torch.float32,torch.bool,128000000,32000000,160000000,128000000,32000000,256000000,256000000,0.375,0.375,0.25,2.5,1.0,2.0,100,10000,9599419,9567131.34375,16000,9601938,9563993.0625,16000,16000,1,1,598.1254580459944,Empirical loss on all K fixed training masks,Monte Carlo population risk; independent test samples and one independent mask per sample,0.9961638285515151,0.9961824287303666,3.234124733353383e-06,7.25069355667074e-08,4000,8.0,597.6621239318848,597.945708984375,0.9966364989120696,-0.28358505249023436,0.9452835083007812,0.9485311065178248,597.8301198348998,597.74956640625,0.9960482001133522,0.08055342864990235,-0.2685114288330078,-0.2695223323514462,6.217338144779205e-06,597.662130149223,-0.2835788351520896,6.256245955321704e-12,fixed_training_mask_bank,fixed_training_mask_bank,-0.05742480233311653,0.954688310623169,-0.011133682914078236,1.2381389141082764,-0.9684348106384277,0.6114050149917603,0.5754889845848083,0.6600000262260437,0.6909000277519226,0.35718780755996704,0.5482384562492371,6,6,0.3399999737739563,0.3090999722480774
6,0,4000,0.5722993612289429,0.7565047000706228,-0.7566159963607788,0.9861718416213989,0.9717914462089539,44.411075592041016,45.04043197631836,0.9963686466217041,1.271265983581543,gaussian,1.0,8.0,16000,linear,identity,1,1,finite_k_fixed,2000,1.0,0.4,bounded_heterogenous,1.0,0.75,0.25,4000,0.0001,0.05,1024,static_mask_mae_adam,jax,cuda:0,0.4.30,bool,matched_torch_cpu_bank,torch.float32,torch.bool,128000000,32000000,160000000,128000000,32000000,256000000,256000000,0.375,0.375,0.25,2.5,1.0,2.0,100,10000,12799816,12762181.65625,16000,12803234,12757517.71875,16000,16000,1,1,797.5006107279926,Empirical loss on all K fixed training masks,Monte Carlo population risk; independent test samples and one independent mask per sample,0.9966743012912866,0.9964705834443921,2.789711061268463e-06,6.281566555799145e-08,4000,8.0,797.3279792785645,797.636353515625,0.9970597746287916,-0.3083742370605469,0.7709355926513672,0.7732201164136754,797.3778783721924,797.344857421875,0.996429317682548,0.033020950317382815,-0.08255237579345703,-0.08282727356911934,6.163574010133743e-06,797.3279854421385,-0.3083680734865368,5.195374512545481e-12,fixed_training_mask_bank,fixed_training_mask_bank,0.04656686261296272,1.0481665134429932,-0.008929768577218056,1.2474199533462524,-1.2324637174606323,0.5598961114883423,0.5617090463638306,0.699999988079071,0.707099974155426,0.6202827095985413,0.7461073398590088,6,7,0.30000001192092896,0.292900025844574
6,0,4000,0.6093400716781616,0.7806023774484431,0.7971243858337402,1.0280572175979614,0.9824240803718567,45.344398498535156,45.04043197631836,0.9963686466217041,1.271265983581543,gaussian,1.0,8.0,16000,linear,identity,1,1,finite_k_fixed,2000,1.0,0.5,bounded_heterogenous,1.0,0.75,0.25,4000,0.0001,0.05,1024,static_mask_mae_adam,jax,cuda:0,0.4.30,bool,matched_torch_cpu_bank,torch.float32,torch.bool,128000000,32000000,160000000,128000000,32000000,256000000,256000000,0.375,0.375,0.25,2.5,1.0,2.0,100,10000,16000773,15950538.125,16000,16004926,15946442.875,16000,16000,1,1,996.8757634099907,Empirical loss on all K fixed training masks,Monte Carlo population risk; independent test samples and one independent mask per sample,0.9965290143411646,0.9963585144119415,2.787164703477174e-06,6.146657227645846e-08,4000,8.0,996.5771591491699,996.9086328125,0.996860471990947,-0.3314736633300781,0.6629473266601562,0.6650030954089559,996.665268289566,996.6526796875,0.9963459296843984,0.012588602066040039,-0.025177204132080078,-0.02526176334560759,6.4253576099872595e-06,996.5771655745275,-0.33146723797246813,4.381670373754254e-12,fixed_training_mask_bank,fixed_training_mask_bank,-0.013843698427081108,1.081735610961914,0.009826636873185635,1.2785717248916626,1.427754521369934,0.5208743810653687,0.561224639415741,0.7300000190734863,0.7145000100135803,0.8299636840820312,0.9090964794158936,7,7,0.26999998092651367,0.2854999899864197
6,0,4000,0.6320403218269348,0.7950096363107398,0.8399605751037598,1.1005197763442993,1.0278034210205078,46.91524124145508,45.04043197631836,0.9963686466217041,1.271265983581543,gaussian,1.0,8.0,16000,linear,identity,1,1,finite_k_fixed,2000,1.0,0.6,bounded_heterogenous,1.0,0.75,0.25,4000,0.0001,0.05,1024,static_mask_mae_adam,jax,cuda:0,0.4.30,bool,matched_torch_cpu_bank,torch.float32,torch.bool,128000000,32000000,160000000,128000000,32000000,256000000,256000000,0.375,0.375,0.25,2.5,1.0,2.0,100,10000,19199080,19139215.3125,16000,19202641,19131109.25,16000,16000,1,1,1196.2509160919888,Empirical loss on all K fixed training masks,Monte Carlo population risk; independent test samples and one independent mask per sample,0.9965966063298997,0.9962687512538292,2.8627539450098993e-06,6.101970484451158e-08,4000,8.0,1195.8586232910156,1196.20095703125,0.9968818981169931,-0.342333740234375,0.5705562337239584,0.5723682767884153,1195.6869481153487,1195.694328125,0.9962749004160417,-0.007380009651184082,0.012300016085306804,0.01234430820251653,6.878248602151871e-06,1195.8586301692642,-0.3423268619857729,4.0746663855506515e-12,fixed_training_mask_bank,fixed_training_mask_bank,0.00033414841163903475,1.1390641927719116,0.008324560709297657,1.3265842199325562,1.4305952787399292,0.5004050135612488,0.5582495331764221,0.7300000190734863,0.7153000235557556,0.927156925201416,0.9571540951728821,7,7,0.26999998092651367,0.2846999764442444
6,0,4000,0.6261991858482361,0.7913274833141056,-0.8758602738380432,1.207763910293579,1.1354302167892456,49.14801788330078,45.04043197631836,0.9963686466217041,1.271265983581543,gaussian,1.0,8.0,16000,linear,identity,1,1,finite_k_fixed,2000,1.0,0.7,bounded_heterogenous,1.0,0.75,0.25,4000,0.0001,0.05,1024,static_mask_mae_adam,jax,cuda:0,0.4.30,bool,matched_torch_cpu_bank,torch.float32,torch.bool,128000000,32000000,160000000,128000000,32000000,256000000,256000000,0.375,0.375,0.25,2.5,1.0,2.0,100,10000,22399720,22326502.8125,16000,22404788,22326297.125,16000,16000,1,1,1395.6260687739868,Empirical loss on all K fixed training masks,Monte Carlo population risk; independent test samples and one independent mask per sample,0.9964880284139364,0.9965073631959762,2.8563777050294448e-06,5.8117862522522046e-08,4000,8.0,1395.0658012390136,1395.40642578125,0.9967313346997194,-0.3406245422363281,0.4866064889090402,0.4882083612960386,1395.408513302803,1395.3935703125,0.9964966919124608,0.014942990303039552,-0.021347129004342217,-0.021417599480155758,7.5485244393348694e-06,1395.0658087875381,-0.34061699371188875,3.635583153971389e-12,fixed_training_mask_bank,fixed_training_mask_bank,0.00938697811216116,1.308211088180542,-0.0027109722141176462,1.3865855932235718,-1.0702158212661743,0.5409584641456604,0.5435743927955627,0.75,0.7174999713897705,0.7152059674263,0.7545345425605774,7,7,0.25,0.2825000286102295
6,0,4000,0.5923836827278137,0.7696646560209282,-0.914376974105835,1.3914650678634644,1.295662760734558,52.75348663330078,45.04043197631836,0.9963686466217041,1.271265983581543,gaussian,1.0,8.0,16000,linear,identity,1,1,finite_k_fixed,2000,1.0,0.8,bounded_heterogenous,1.0,0.75,0.25,4000,0.0001,0.05,1024,static_mask_mae_adam,jax,cuda:0,0.4.30,bool,matched_torch_cpu_bank,torch.float32,torch.bool,128000000,32000000,160000000,128000000,32000000,256000000,256000000,0.375,0.375,0.25,2.5,1.0,2.0,100,10000,25600794,25516911.0,16000,25602462,25515672.375,16000,16000,1,1,1595.0012214559852,Empirical loss on all K fixed training masks,Monte Carlo population risk; independent test samples and one independent mask per sample,0.9965254232034878,0.9966476947624782,3.0203430014807964e-06,5.725391005739766e-08,4000,8.0,1594.490129699707,1594.8069375,0.9967234219376164,-0.31680780029296873,0.3960097503662109,0.397299250264771,1594.7896707839966,1594.7295234375,0.996610106285872,0.06014734649658203,-0.07518418312072753,-0.0754326619185619,8.696656674146652e-06,1594.4901383963638,-0.3167991036362946,3.587906664478946e-12,fixed_training_mask_bank,fixed_training_mask_bank,0.015441646799445152,1.4542615413665771,0.005451008211821318,1.4581055641174316,-0.8995853662490845,0.5551783442497253,0.5519726276397705,0.6899999976158142,0.7120000123977661,0.6397299766540527,0.6499563455581665,6,7,0.3100000023841858,0.2879999876022339
6,0,4000,0.44678929448127747,0.6684229906887386,0.8886455297470093,1.742525577545166,1.7475080490112305,59.03432846069336,45.04043197631836,0.9963686466217041,1.271265983581543,gaussian,1.0,8.0,16000,linear,identity,1,1,finite_k_fixed,2000,1.0,0.9,bounded_heterogenous,1.0,0.75,0.25,4000,0.0001,0.05,1024,static_mask_mae_adam,jax,cuda:0,0.4.30,bool,matched_torch_cpu_bank,torch.float32,torch.bool,128000000,32000000,160000000,128000000,32000000,256000000,256000000,0.375,0.375,0.25,2.5,1.0,2.0,100,10000,28798602,28709871.875,16000,28800702,28698390.5,16000,16000,1,1,1794.3763741379832,Empirical loss on all K fixed training masks,Monte Carlo population risk; independent test samples and one independent mask per sample,0.9967652769072024,0.9965328865501427,3.234400764995371e-06,5.478847597828462e-08,4000,8.0,1794.0904060668945,1794.3669921875,0.9969189433223182,-0.2765861206054688,0.3073179117838542,0.3082826666001015,1793.8029186706542,1793.64940625,0.9964476039507648,0.15351242065429688,-0.17056935628255207,-0.17117327401816596,1.089078485965729e-05,1794.0904169576793,-0.2765752298206091,3.36358306658735e-12,fixed_training_mask_bank,fixed_training_mask_bank,0.069932721555233,1.5468734502792358,-0.004233335144817829,1.597798466682434,0.5095957517623901,0.6306304335594177,0.5913820266723633,0.6200000047683716,0.6783999800682068,0.26840823888778687,0.35761958360671997,6,6,0.3799999952316284,0.3216000199317932
6,0,4000,0.27940669655799866,0.5285893458612259,-0.8013022541999817,2.265587091445923,2.524820566177368,67.31400299072266,45.04043197631836,0.9963686466217041,1.271265983581543,gaussian,1.0,8.0,16000,linear,identity,1,1,finite_k_fixed,2000,1.0,0.95,bounded_heterogenous,1.0,0.75,0.25,4000,0.0001,0.05,1024,static_mask_mae_adam,jax,cuda:0,0.4.30,bool,matched_torch_cpu_bank,torch.float32,torch.bool,128000000,32000000,160000000,128000000,32000000,256000000,256000000,0.375,0.375,0.25,2.5,1.0,2.0,100,10000,30399545,30302050.25,16000,30399603,30288382.5,16000,16000,1,1,1894.0639504789822,Empirical loss on all K fixed training masks,Monte Carlo population risk; independent test samples and one independent mask per sample,0.9966559943417481,0.9964615321675752,3.650046892289538e-06,5.4224184253826024e-08,4000,8.0,1893.6180468444825,1893.878140625,0.996792887854078,-0.26009378051757814,0.27378292686060857,0.27466791546770786,1893.252186416626,1893.02390625,0.9963413831424048,0.22828016662597655,-0.24029491223787006,-0.2411804371535986,1.4159919321537019e-05,1893.6180610044019,-0.2600796205982566,3.5035425081930693e-12,fixed_training_mask_bank,fixed_training_mask_bank,0.02506273239850998,1.6305584907531738,-0.008630025200545788,1.7712788581848145,-0.2959492802619934,0.6664098501205444,0.6323502659797668,0.5600000023841858,0.644599974155426,0.10967550426721573,0.18800683319568634,4,5,0.4399999976158142,0.355400025844574
7,0,4000,0.0006530655664391816,0.025555147552678726,-0.037152647972106934,2.087979793548584,2.6767349243164062,64.62167358398438,44.994895935058594,1.0047916173934937,1.2861729860305786,gaussian,1.0,8.0,16000,linear,identity,1,1,finite_k_fixed,2000,1.0,0.05,bounded_heterogenous,1.0,0.75,0.25,4000,0.0001,0.05,1024,static_mask_mae_adam,jax,cuda:0,0.4.30,bool,matched_torch_cpu_bank,torch.float32,torch.bool,128000000,32000000,160000000,128000000,32000000,256000000,256000000,0.375,0.375,0.25,2.5,1.0,2.0,100,10000,1600999,1607086.03125,16000,1599095,1606568.4765625,16000,16000,1,1,100.5297706520955,Empirical loss on all K fixed training masks,Monte Carlo population risk; independent test samples and one independent mask per sample,1.0013487542765778,1.0073767814397558,7.313155947485939e-06,1.1316880943468277e-07,4000,8.0,100.19739714050291,100.442876953125,1.00380202064461,-0.24547981262208488,4.909596252441697,4.887948654370922,100.6806983947754,100.41052978515626,1.0046735663375221,0.2701686096191552,-5.403372192383103,-5.381280433381264,1.3049873709678652e-05,100.19741019037663,-0.2454667627483752,2.6276952835857514e-11,fixed_training_mask_bank,fixed_training_mask_bank,0.18394482135772705,1.529533863067627,-0.007293459493666887,1.66017746925354,-0.05725380778312683,0.692187488079071,0.6937634944915771,0.5,0.5097000002861023,0.0038429403211921453,0.0010233462089672685,3,4,0.5,0.4902999997138977
7,0,4000,0.00038691406371071935,0.019670131258095847,0.024525640532374382,1.5357822179794312,1.922404408454895,55.42169952392578,44.994895935058594,1.0047916173934937,1.2861729860305786,gaussian,1.0,8.0,16000,linear,identity,1,1,finite_k_fixed,2000,1.0,0.1,bounded_heterogenous,1.0,0.75,0.25,4000,0.0001,0.05,1024,static_mask_mae_adam,jax,cuda:0,0.4.30,bool,matched_torch_cpu_bank,torch.float32,torch.bool,128000000,32000000,160000000,128000000,32000000,256000000,256000000,0.375,0.375,0.25,2.5,1.0,2.0,100,10000,3202162,3216627.71875,16000,3200925,3216942.46875,16000,16000,1,1,201.059541304191,Empirical loss on all K fixed training masks,Monte Carlo population risk; independent test samples and one independent mask per sample,1.003268676991343,1.0063378874978521,5.260982106847223e-06,9.492639918562418e-08,4000,8.0,200.78930207824706,201.039232421875,1.004517484983583,-0.24993034362792968,2.4993034362792965,2.486383783076418,201.3257564086914,201.058904296875,1.0050040125120083,0.2668521118164062,-2.6685211181640622,-2.6544669856787273,9.598638862371444e-06,200.78931167688592,-0.2499207449890673,1.516667173795394e-11,fixed_training_mask_bank,fixed_training_mask_bank,0.09254417568445206,1.310272455215454,-0.00011409759463276714,1.3942371606826782,0.22942961752414703,0.6822553873062134,0.7026867866516113,0.5799999833106995,0.5056999921798706,0.044026777148246765,0.00617273198440671,4,5,0.42000001668930054,0.4943000078201294
7,0,4000,0.2513941526412964,0.5013922143804154,-0.5336321592330933,1.1190054416656494,1.296425700187683,47.30762481689453,44.994895935058594,1.0047916173934937,1.2861729860305786,gaussian,1.0,8.0,16000,linear,identity,1,1,finite_k_fixed,2000,1.0,0.2,bounded_heterogenous,1.0,0.75,0.25,4000,0.0001,0.05,1024,static_mask_mae_adam,jax,cuda:0,0.4.30,bool,matched_torch_cpu_bank,torch.float32,torch.bool,128000000,32000000,160000000,128000000,32000000,256000000,256000000,0.375,0.375,0.25,2.5,1.0,2.0,100,10000,6404202,6434478.78125,16000,6400572,6439049.421875,16000,16000,1,1,402.119082608382,Empirical loss on all K fixed training masks,Monte Carlo population risk; independent test samples and one independent mask per sample,1.0040766565348178,1.006452801271609,3.732905042852508e-06,7.890705688851085e-08,4000,8.0,401.8943582458496,402.154923828125,1.0047276430771546,-0.2605655822753906,1.302827911376953,1.2958467835979537,402.61710119628907,402.4405888671875,1.006011559884804,0.1765123291015625,-0.8825616455078125,-0.8772093769091605,6.993784010410309e-06,401.8943652396336,-0.2605585884913802,8.469405732292046e-12,fixed_training_mask_bank,fixed_training_mask_bank,-0.02459314838051796,1.3615835905075073,0.00601917365565896,1.2620673179626465,-0.40769097208976746,0.6591169238090515,0.6390409469604492,0.6100000143051147,0.6302000284194946,0.1414368599653244,0.17241303622722626,5,5,0.38999998569488525,0.36979997158050537
7,0,4000,0.4602472186088562,0.6784152258085429,0.6786623597145081,0.9885982275009155,1.0682982206344604,44.465675354003906,44.994895935058594,1.0047916173934937,1.2861729860305786,gaussian,1.0,8.0,16000,linear,identity,1,1,finite_k_fixed,2000,1.0,0.3,bounded_heterogenous,1.0,0.75,0.25,4000,0.0001,0.05,1024,static_mask_mae_adam,jax,cuda:0,0.4.30,bool,matched_torch_cpu_bank,torch.float32,torch.bool,128000000,32000000,160000000,128000000,32000000,256000000,256000000,0.375,0.375,0.25,2.5,1.0,2.0,100,10000,9605429,9654465.0,16000,9597870,9648919.375,16000,16000,1,1,603.1786239125729,Empirical loss on all K fixed training masks,Monte Carlo population risk; independent test samples and one independent mask per sample,1.0046282752530822,1.0054703607572688,3.203553205821663e-06,7.20455233249595e-08,4000,8.0,603.1178480834961,603.4040625,1.0051050296660358,-0.2862144165039063,0.9540480550130209,0.9486658585560193,603.1483632125854,603.0574609375,1.0053188233430959,0.09090227508544922,-0.3030075836181641,-0.30147135546299,6.178738921880723e-06,603.117854262235,-0.2862082377649844,6.295654969568076e-12,fixed_training_mask_bank,fixed_training_mask_bank,0.07116195559501648,1.1543940305709839,0.005333383567631245,1.241446614265442,0.9271165132522583,0.5876540541648865,0.5802551507949829,0.6800000071525574,0.694599986076355,0.4673382639884949,0.5171299576759338,6,6,0.3199999928474426,0.305400013923645
7,0,4000,0.5518234968185425,0.742848232695308,0.7356502413749695,0.9688266515731812,0.9991016387939453,44.01878356933594,44.994895935058594,1.0047916173934937,1.2861729860305786,gaussian,1.0,8.0,16000,linear,identity,1,1,finite_k_fixed,2000,1.0,0.4,bounded_heterogenous,1.0,0.75,0.25,4000,0.0001,0.05,1024,static_mask_mae_adam,jax,cuda:0,0.4.30,bool,matched_torch_cpu_bank,torch.float32,torch.bool,128000000,32000000,160000000,128000000,32000000,256000000,256000000,0.375,0.375,0.25,2.5,1.0,2.0,100,10000,12805165,12871072.75,16000,12797683,12858356.65625,16000,16000,1,1,804.238165216764,Empirical loss on all K fixed training masks,Monte Carlo population risk; independent test samples and one independent mask per sample,1.0047645302650459,1.0048024245898057,2.9668960905837594e-06,6.740068414501366e-08,4000,8.0,804.1359747619629,804.442046875,1.0051469660875123,-0.30607211303710935,0.7651802825927734,0.7609550351728167,803.6964317207337,803.647291015625,1.0047409875873625,0.04914070510864258,-0.12285176277160645,-0.12229420955689463,6.055166572332383e-06,804.1359808171294,-0.30606605787053703,5.149899170303618e-12,fixed_training_mask_bank,fixed_training_mask_bank,0.13287930190563202,1.0955466032028198,0.009348105639219284,1.2476775646209717,0.8680432438850403,0.6019930839538574,0.5648329854011536,0.6600000262260437,0.7069000005722046,0.39281541109085083,0.5177277326583862,6,6,0.3399999737739563,0.2930999994277954
7,0,4000,0.6090502738952637,0.7804167309170554,0.7900017499923706,1.0122935771942139,1.0068706274032593,44.99540710449219,44.994895935058594,1.0047916173934937,1.2861729860305786,gaussian,1.0,8.0,16000,linear,identity,1,1,finite_k_fixed,2000,1.0,0.5,bounded_heterogenous,1.0,0.75,0.25,4000,0.0001,0.05,1024,static_mask_mae_adam,jax,cuda:0,0.4.30,bool,matched_torch_cpu_bank,torch.float32,torch.bool,128000000,32000000,160000000,128000000,32000000,256000000,256000000,0.375,0.375,0.25,2.5,1.0,2.0,100,10000,16005092,16084586.375,16000,15999658,16075539.375,16000,16000,1,1,1005.2977065209549,Empirical loss on all K fixed training masks,Monte Carlo population risk; independent test samples and one independent mask per sample,1.0046360409373936,1.0047686113437404,2.8955598736501997e-06,6.435233501633775e-08,4000,8.0,1004.9557663574219,1005.2866484375,1.0049668177477518,-0.330882080078125,0.66176416015625,0.6582840438444926,1004.7471344146729,1004.7212109375,1.0047426873124412,0.025923477172967977,-0.051846954345935954,-0.05160332416753732,6.326834857463837e-06,1004.9557726842568,-0.3308757532432675,4.491371684289813e-12,fixed_training_mask_bank,fixed_training_mask_bank,0.11607499420642853,1.0484919548034668,0.016815410926938057,1.2900596857070923,1.0589123964309692,0.5810283422470093,0.5489163398742676,0.6899999976158142,0.7161999940872192,0.49999672174453735,0.6830901503562927,6,7,0.3100000023841858,0.28380000591278076
7,0,4000,0.6254405379295349,0.7908479866128098,-0.8278812766075134,1.0825639963150024,1.0619450807571411,46.53093338012695,44.994895935058594,1.0047916173934937,1.2861729860305786,gaussian,1.0,8.0,16000,linear,identity,1,1,finite_k_fixed,2000,1.0,0.6,bounded_heterogenous,1.0,0.75,0.25,4000,0.0001,0.05,1024,static_mask_mae_adam,jax,cuda:0,0.4.30,bool,matched_torch_cpu_bank,torch.float32,torch.bool,128000000,32000000,160000000,128000000,32000000,256000000,256000000,0.375,0.375,0.25,2.5,1.0,2.0,100,10000,19204894,19307420.4375,16000,19202040,19294481.625,16000,16000,1,1,1206.3572478251458,Empirical loss on all K fixed training masks,Monte Carlo population risk; independent test samples and one independent mask per sample,1.0050536897357305,1.0048353307278963,2.8702581857942278e-06,6.168495048086697e-08,4000,8.0,1206.3718484802246,1206.71377734375,1.0053385578436413,-0.34192886352539065,0.5698814392089845,0.566710797448744,1205.9305133781434,1205.9051015625,1.0048141564646256,0.025411815643310548,-0.04235302607218425,-0.04214563087989731,6.766024976968765e-06,1206.3718552462497,-0.3419220975004137,4.0410908126731204e-12,fixed_training_mask_bank,fixed_training_mask_bank,-0.1728743612766266,1.1973344087600708,-0.017341671511530876,1.3355239629745483,-0.874960720539093,0.5896560549736023,0.5486528873443604,0.6899999976158142,0.7182999849319458,0.4570000171661377,0.5881595015525818,6,6,0.3100000023841858,0.2817000150680542
7,0,4000,0.622113049030304,0.7887414335701555,-0.8631455302238464,1.1830476522445679,1.1269279718399048,48.64252471923828,44.994895935058594,1.0047916173934937,1.2861729860305786,gaussian,1.0,8.0,16000,linear,identity,1,1,finite_k_fixed,2000,1.0,0.7,bounded_heterogenous,1.0,0.75,0.25,4000,0.0001,0.05,1024,static_mask_mae_adam,jax,cuda:0,0.4.30,bool,matched_torch_cpu_bank,torch.float32,torch.bool,128000000,32000000,160000000,128000000,32000000,256000000,256000000,0.375,0.375,0.25,2.5,1.0,2.0,100,10000,22404066,22523375.5,16000,22405514,22514545.4375,16000,16000,1,1,1407.4167891293368,Empirical loss on all K fixed training masks,Monte Carlo population risk; independent test samples and one independent mask per sample,1.0050881257699564,1.0048786269014434,2.9252516924316296e-06,6.013774367374936e-08,4000,8.0,1407.3787940979005,1407.71096875,1.0053253503181074,-0.3321746520996094,0.4745352172851563,0.4719358724534217,1407.1763839588166,1407.15908984375,1.0048662770021701,0.01729411506652832,-0.02470587866646903,-0.024580184559752638,7.39404782652855e-06,1407.3788014919483,-0.3321672580517829,3.753458047844882e-12,fixed_training_mask_bank,fixed_training_mask_bank,-0.25471383333206177,1.256789207458496,-0.01729109138250351,1.3784708976745605,-0.8402268886566162,0.5874313712120056,0.54575115442276,0.6700000166893005,0.7184000015258789,0.46908649802207947,0.5893353223800659,6,6,0.32999998331069946,0.2815999984741211
7,0,4000,0.5336827039718628,0.7305359019048022,-0.8538271188735962,1.3494607210159302,1.35667884349823,51.951148986816406,44.994895935058594,1.0047916173934937,1.2861729860305786,gaussian,1.0,8.0,16000,linear,identity,1,1,finite_k_fixed,2000,1.0,0.8,bounded_heterogenous,1.0,0.75,0.25,4000,0.0001,0.05,1024,static_mask_mae_adam,jax,cuda:0,0.4.30,bool,matched_torch_cpu_bank,torch.float32,torch.bool,128000000,32000000,160000000,128000000,32000000,256000000,256000000,0.375,0.375,0.25,2.5,1.0,2.0,100,10000,25602893,25738005.75,16000,25600084,25726761.25,16000,16000,1,1,1608.476330433528,Empirical loss on all K fixed training masks,Monte Carlo population risk; independent test samples and one independent mask per sample,1.005078211408387,1.0050123546069072,2.9786062896164367e-06,5.7334759162586124e-08,4000,8.0,1608.3068689575193,1608.625359375,1.0052772454269132,-0.31849041748070156,0.39811302185087694,0.3959783620524071,1608.025043685913,1607.922578125,1.00494831384147,0.10246556091308594,-0.12808195114135743,-0.1274508639994565,8.434129506349564e-06,1608.3068773916489,-0.3184819833511952,3.524610074287504e-12,fixed_training_mask_bank,fixed_training_mask_bank,-0.2841620147228241,1.4164849519729614,-0.02230852097272873,1.4718347787857056,-0.7289543151855469,0.5893449783325195,0.5622594952583313,0.6899999976158142,0.7046999931335449,0.4566953778266907,0.5187047719955444,6,6,0.3100000023841858,0.2953000068664551
7,0,4000,0.4161492586135864,0.6450963173151637,0.8395838737487793,1.6733335256576538,1.7858232259750366,57.85038375854492,44.994895935058594,1.0047916173934937,1.2861729860305786,gaussian,1.0,8.0,16000,linear,identity,1,1,finite_k_fixed,2000,1.0,0.9,bounded_heterogenous,1.0,0.75,0.25,4000,0.0001,0.05,1024,static_mask_mae_adam,jax,cuda:0,0.4.30,bool,matched_torch_cpu_bank,torch.float32,torch.bool,128000000,32000000,160000000,128000000,32000000,256000000,256000000,0.375,0.375,0.25,2.5,1.0,2.0,100,10000,28800575,28952202.0,16000,28800526,28944701.375,16000,16000,1,1,1809.5358717377187,Empirical loss on all K fixed training masks,Monte Carlo population risk; independent test samples and one independent mask per sample,1.0051137546800823,1.0050840293670575,3.3006638204824412e-06,5.705517835963292e-08,4000,8.0,1809.240879699707,1809.512625,1.005264721277266,-0.27174530029296873,0.301939222547743,0.300351925196507,1809.184294998169,1809.0438359375,1.0050059979807313,0.1404590606689453,-0.15606562296549478,-0.1552854141824156,1.0458334535360338e-05,1809.2408901580416,-0.2717348419584334,3.36631460554071e-12,fixed_training_mask_bank,fixed_training_mask_bank,0.1720576137304306,1.5523353815078735,0.01823987066745758,1.611675500869751,0.5826432108879089,0.6097593903541565,0.5926077961921692,0.6700000166893005,0.6815999746322632,0.3576616048812866,0.402332603931427,5,9,0.32999998331069946,0.3184000253677368
7,0,4000,0.195644810795784,0.4423175452045555,-0.6599840521812439,2.1993889808654785,2.5502755641937256,66.32328033447266,44.994895935058594,1.0047916173934937,1.2861729860305786,gaussian,1.0,8.0,16000,linear,identity,1,1,finite_k_fixed,2000,1.0,0.95,bounded_heterogenous,1.0,0.75,0.25,4000,0.0001,0.05,1024,static_mask_mae_adam,jax,cuda:0,0.4.30,bool,matched_torch_cpu_bank,torch.float32,torch.bool,128000000,32000000,160000000,128000000,32000000,256000000,256000000,0.375,0.375,0.25,2.5,1.0,2.0,100,10000,30398732,30559753.375,16000,30399081,30552135.125,16000,16000,1,1,1910.0656423898142,Empirical loss on all K fixed training masks,Monte Carlo population risk; independent test samples and one independent mask per sample,1.0051641930061246,1.0051487979626212,3.6916019325872185e-06,5.566072402984901e-08,4000,8.0,1909.732307449341,1909.9845859375,1.0052969766962647,-0.2522784881589469,0.26555630332520724,0.2641680880739461,1909.7249828948975,1909.5084453125,1.00503482736863,0.21653758239746093,-0.2279342972604852,-0.22679929269653343,1.3746181130409242e-05,1909.7323211955222,-0.25226474197781645,3.526005876164362e-12,fixed_training_mask_bank,fixed_training_mask_bank,-0.09226437658071518,1.720396637916565,0.008677744306623936,1.74418306350708,-0.3463248014450073,0.6536703705787659,0.6423566341400146,0.699999988079071,0.6294999718666077,0.16383865475654602,0.18901346623897552,5,5,0.30000001192092896,0.37050002813339233
8,0,4000,0.0016779321013018489,0.04096256951537402,0.05852055922150612,2.1207990646362305,2.6552767753601074,65.12755584716797,43.87190628051758,0.993094801902771,1.2641712427139282,gaussian,1.0,8.0,16000,linear,identity,1,1,finite_k_fixed,2000,1.0,0.05,bounded_heterogenous,1.0,0.75,0.25,4000,0.0001,0.05,1024,static_mask_mae_adam,jax,cuda:0,0.4.30,bool,matched_torch_cpu_bank,torch.float32,torch.bool,128000000,32000000,160000000,128000000,32000000,256000000,256000000,0.375,0.375,0.25,2.5,1.0,2.0,100,10000,1598876,1587870.140625,16000,1600683,1588087.90234375,16000,16000,1,1,99.35759946695526,Empirical loss on all K fixed training masks,Monte Carlo population risk; independent test samples and one independent mask per sample,0.9906242749117681,0.9947134057017575,7.046867722237948e-06,1.0820103568676132e-07,4000,8.0,98.99283613586425,99.2418837890625,0.9931165022334439,-0.24904765319824218,4.980953063964844,5.019002938871919,99.51380239868163,99.25549389648438,0.9921314228637088,0.25830850219726564,-5.166170043945312,-5.204920998461926,1.3254994153976442e-05,98.99284939085841,-0.2490343982040882,2.6199173039365142e-11,fixed_training_mask_bank,fixed_training_mask_bank,0.20677123963832855,1.644079327583313,-0.02373216487467289,1.632034420967102,0.06425628811120987,0.6917510032653809,0.6923826932907104,0.550000011920929,0.5169000029563904,0.005593867972493172,0.00427485816180706,3,4,0.44999998807907104,0.4830999970436096
8,0,4000,5.133088052389212e-06,0.002265631932240807,-0.0027378529775887728,1.5173946619033813,1.8848373889923096,55.08892059326172,43.87190628051758,0.993094801902771,1.2641712427139282,gaussian,1.0,8.0,16000,linear,identity,1,1,finite_k_fixed,2000,1.0,0.1,bounded_heterogenous,1.0,0.75,0.25,4000,0.0001,0.05,1024,static_mask_mae_adam,jax,cuda:0,0.4.30,bool,matched_torch_cpu_bank,torch.float32,torch.bool,128000000,32000000,160000000,128000000,32000000,256000000,256000000,0.375,0.375,0.25,2.5,1.0,2.0,100,10000,3201724,3175940.328125,16000,3200418,3175483.0859375,16000,16000,1,1,198.71519893391053,Empirical loss on all K fixed training masks,Monte Carlo population risk; independent test samples and one independent mask per sample,0.99072871530258,0.9934391065284285,5.282974598230794e-06,9.589904692575146e-08,4000,8.0,198.25249407958984,198.4962705078125,0.9919469411245316,-0.24377642822265624,2.437764282226562,2.4562318233889435,198.71377490234374,198.46769287109376,0.9922088570735135,0.24608203125,-2.4608203124999997,-2.4798195382844668,9.483716636896134e-06,198.25250356330648,-0.24376694450601935,1.5038609246786905e-11,fixed_training_mask_bank,fixed_training_mask_bank,-0.14609220623970032,1.294081211090088,-0.004264000803232193,1.3809854984283447,0.024239495396614075,0.6930238604545593,0.6931865811347961,0.5,0.5081999897956848,0.0004933009040541947,0.0002012990735238418,3,3,0.5,0.4918000102043152
8,0,4000,0.23564597964286804,0.4854338056242767,0.5045136213302612,1.1223872900009155,1.306091547012329,47.379051208496094,43.87190628051758,0.993094801902771,1.2641712427139282,gaussian,1.0,8.0,16000,linear,identity,1,1,finite_k_fixed,2000,1.0,0.2,bounded_heterogenous,1.0,0.75,0.25,4000,0.0001,0.05,1024,static_mask_mae_adam,jax,cuda:0,0.4.30,bool,matched_torch_cpu_bank,torch.float32,torch.bool,128000000,32000000,160000000,128000000,32000000,256000000,256000000,0.375,0.375,0.25,2.5,1.0,2.0,100,10000,6400735,6353469.59375,16000,6401811,6357420.28125,16000,16000,1,1,397.43039786782106,Empirical loss on all K fixed training masks,Monte Carlo population risk; independent test samples and one independent mask per sample,0.9919693518351799,0.9935528259357,3.7983797938068165e-06,8.017003239046971e-08,4000,8.0,396.8333093261719,397.091849609375,0.9926156283223724,-0.258540283203125,1.292701416015625,1.30216867184485,397.53358813476564,397.338767578125,0.9930659123254342,0.194820556640625,-0.9741027832031249,-0.9806269739454088,7.014920562505723e-06,396.8333163410925,-0.2585332682825625,8.249412437877357e-12,fixed_training_mask_bank,fixed_training_mask_bank,-0.11643728613853455,1.1933300495147705,-0.013418727554380894,1.2458423376083374,0.4268929660320282,0.6638050079345703,0.6391627192497253,0.5799999833106995,0.6355999708175659,0.12135596573352814,0.1764342188835144,5,5,0.42000001668930054,0.3644000291824341
8,0,4000,0.46297314763069153,0.6804213015703517,0.6631454229354858,0.987003743648529,1.0748649835586548,44.429805755615234,43.87190628051758,0.993094801902771,1.2641712427139282,gaussian,1.0,8.0,16000,linear,identity,1,1,finite_k_fixed,2000,1.0,0.3,bounded_heterogenous,1.0,0.75,0.25,4000,0.0001,0.05,1024,static_mask_mae_adam,jax,cuda:0,0.4.30,bool,matched_torch_cpu_bank,torch.float32,torch.bool,128000000,32000000,160000000,128000000,32000000,256000000,256000000,0.375,0.375,0.25,2.5,1.0,2.0,100,10000,9603399,9540795.75,16000,9602815,9541762.71875,16000,16000,1,1,596.1455968017315,Empirical loss on all K fixed training masks,Monte Carlo population risk; independent test samples and one independent mask per sample,0.9930139622431795,0.993851071526109,3.2639106848364463e-06,7.346219632609063e-08,4000,8.0,596.0193307495117,596.299734375,0.9934811362102106,-0.28040362548828124,0.9346787516276042,0.9404787871729603,596.485498588562,596.360169921875,0.9936422516470431,0.12532866668701173,-0.4177622222900391,-0.4203119960322077,6.168773397803307e-06,596.0193369182851,-0.2803974567148834,6.12946325639907e-12,fixed_training_mask_bank,fixed_training_mask_bank,-0.0034242914989590645,1.1719348430633545,-0.02590295486152172,1.236751914024353,0.46403011679649353,0.6605700850486755,0.6079124212265015,0.5799999833106995,0.6822999715805054,0.13549435138702393,0.2497929185628891,5,5,0.42000001668930054,0.31770002841949463
8,0,4000,0.5323165655136108,0.7296002779012702,0.7033721208572388,0.965733528137207,0.99822998046875,43.94845962524414,43.87190628051758,0.993094801902771,1.2641712427139282,gaussian,1.0,8.0,16000,linear,identity,1,1,finite_k_fixed,2000,1.0,0.4,bounded_heterogenous,1.0,0.75,0.25,4000,0.0001,0.05,1024,static_mask_mae_adam,jax,cuda:0,0.4.30,bool,matched_torch_cpu_bank,torch.float32,torch.bool,128000000,32000000,160000000,128000000,32000000,256000000,256000000,0.375,0.375,0.25,2.5,1.0,2.0,100,10000,12803979,12716332.21875,16000,12804203,12716190.3125,16000,16000,1,1,794.8607957356421,Empirical loss on all K fixed training masks,Monte Carlo population risk; independent test samples and one independent mask per sample,0.9927838239502297,0.9932053728451204,2.919631469922024e-06,6.643308125831027e-08,4000,8.0,794.4739520874024,794.770763671875,0.9931547231333322,-0.29681158447265626,0.7420289611816406,0.7469111800273431,794.8252009124756,794.76189453125,0.9931262658441139,0.06330638122558593,-0.15826595306396482,-0.15930905007177643,6.035834550857544e-06,794.4739581232369,-0.29680554863810543,5.124634223918623e-12,fixed_training_mask_bank,fixed_training_mask_bank,-0.12226022779941559,1.1564661264419556,-0.016665123403072357,1.2272579669952393,0.6383402347564697,0.6367839574813843,0.5857177972793579,0.6100000143051147,0.6951000094413757,0.2404383271932602,0.35844001173973083,5,6,0.38999998569488525,0.30489999055862427
8,0,4000,0.5958195328712463,0.7718934724890776,0.7597218751907349,1.0065875053405762,0.998578667640686,44.8684196472168,43.87190628051758,0.993094801902771,1.2641712427139282,gaussian,1.0,8.0,16000,linear,identity,1,1,finite_k_fixed,2000,1.0,0.5,bounded_heterogenous,1.0,0.75,0.25,4000,0.0001,0.05,1024,static_mask_mae_adam,jax,cuda:0,0.4.30,bool,matched_torch_cpu_bank,torch.float32,torch.bool,128000000,32000000,160000000,128000000,32000000,256000000,256000000,0.375,0.375,0.25,2.5,1.0,2.0,100,10000,16003358,15888435.0,16000,16004579,15896664.375,16000,16000,1,1,993.5759946695525,Empirical loss on all K fixed training masks,Monte Carlo population risk; independent test samples and one independent mask per sample,0.9925041998595213,0.9932997702060351,2.7477437924972037e-06,6.124004414687079e-08,4000,8.0,992.7125016784668,993.0271875,0.9928188196502259,-0.3146858215332031,0.6293716430664062,0.6337909485145676,993.584040184021,993.5415234375,0.9932572656237942,0.042516746520996095,-0.08503349304199219,-0.08558624983079355,6.291171908378601e-06,992.7125079696386,-0.31467953036129476,4.257703998394868e-12,fixed_training_mask_bank,fixed_training_mask_bank,-0.055041633546352386,1.203993320465088,-0.01618530973792076,1.2525131702423096,0.6824628710746765,0.6253618001937866,0.5722084045410156,0.6600000262260437,0.7071999907493591,0.29105761647224426,0.4109126031398773,5,10,0.3399999737739563,0.29280000925064087
8,0,4000,0.6153355240821838,0.7844332502400595,0.798532247543335,1.0767872333526611,1.02156400680542,46.406620025634766,43.87190628051758,0.993094801902771,1.2641712427139282,gaussian,1.0,8.0,16000,linear,identity,1,1,finite_k_fixed,2000,1.0,0.6,bounded_heterogenous,1.0,0.75,0.25,4000,0.0001,0.05,1024,static_mask_mae_adam,jax,cuda:0,0.4.30,bool,matched_torch_cpu_bank,torch.float32,torch.bool,128000000,32000000,160000000,128000000,32000000,256000000,256000000,0.375,0.375,0.25,2.5,1.0,2.0,100,10000,19203989,19071736.375,16000,19201863,19074550.25,16000,16000,1,1,1192.291193603463,Empirical loss on all K fixed training masks,Monte Carlo population risk; independent test samples and one independent mask per sample,0.9928463664603907,0.9933870594688292,2.7720691377908224e-06,5.973434724637627e-08,4000,8.0,1191.663168762207,1191.9835234375,0.9931132732371384,-0.32035467529296874,0.5339244588216145,0.5375152743203326,1192.1801388683318,1192.159390625,0.9933697709435798,0.02074824333190918,-0.03458040555318197,-0.0348078344138969,6.729920208454133e-06,1191.6631754921273,-0.3203479453727603,4.035462068674445e-12,fixed_training_mask_bank,fixed_training_mask_bank,-0.09016802906990051,1.1754226684570312,-0.017159976065158844,1.2796849012374878,0.7119803428649902,0.6240608096122742,0.5647977590560913,0.6899999976158142,0.7114999890327454,0.2988744378089905,0.4470753073692322,6,6,0.3100000023841858,0.28850001096725464
8,0,4000,0.6051620841026306,0.7779216439350628,0.8286773562431335,1.1791151762008667,1.106695532798767,48.56161117553711,43.87190628051758,0.993094801902771,1.2641712427139282,gaussian,1.0,8.0,16000,linear,identity,1,1,finite_k_fixed,2000,1.0,0.7,bounded_heterogenous,1.0,0.75,0.25,4000,0.0001,0.05,1024,static_mask_mae_adam,jax,cuda:0,0.4.30,bool,matched_torch_cpu_bank,torch.float32,torch.bool,128000000,32000000,160000000,128000000,32000000,256000000,256000000,0.375,0.375,0.25,2.5,1.0,2.0,100,10000,22402953,22246813.0,16000,22402741,22258773.5,16000,16000,1,1,1391.0063925373734,Empirical loss on all K fixed training masks,Monte Carlo population risk; independent test samples and one independent mask per sample,0.9928026551753231,0.9935961420411707,2.8296867640165146e-06,5.827003235481243e-08,4000,8.0,1390.106951385498,1390.4258125,0.9930303830928003,-0.31886111450195315,0.4555158778599331,0.45865246694276607,1391.2048142967224,1391.17334375,0.9935736658295519,0.03147054672241211,-0.04495792388916016,-0.04524317097320818,7.369469851255417e-06,1390.1069587549678,-0.3188537450321019,3.7021054624664096e-12,fixed_training_mask_bank,fixed_training_mask_bank,-0.04292632266879082,1.2605162858963013,-0.011226904578506947,1.3322958946228027,0.631060779094696,0.6298602819442749,0.5684153437614441,0.6299999952316284,0.708299994468689,0.2721124291419983,0.41338199377059937,6,6,0.3700000047683716,0.29170000553131104
8,0,4000,0.5394984483718872,0.7345055808990747,0.8301889896392822,1.3274576663970947,1.3032594919204712,51.5258674621582,43.87190628051758,0.993094801902771,1.2641712427139282,gaussian,1.0,8.0,16000,linear,identity,1,1,finite_k_fixed,2000,1.0,0.8,bounded_heterogenous,1.0,0.75,0.25,4000,0.0001,0.05,1024,static_mask_mae_adam,jax,cuda:0,0.4.30,bool,matched_torch_cpu_bank,torch.float32,torch.bool,128000000,32000000,160000000,128000000,32000000,256000000,256000000,0.375,0.375,0.25,2.5,1.0,2.0,100,10000,25603558,25426060.1875,16000,25601545,25434091.0,16000,16000,1,1,1589.7215914712842,Empirical loss on all K fixed training masks,Monte Carlo population risk; independent test samples and one independent mask per sample,0.9928803645562293,0.9935209797841379,2.94718734039634e-06,5.719821061234143e-08,4000,8.0,1588.829375061035,1589.12876171875,0.9930674552146229,-0.29938665771484374,0.37423332214355465,0.37679345428376365,1589.729504524231,1589.6306875,0.9934592228711197,0.09881702423095703,-0.12352128028869629,-0.12432702137399332,8.296610414981841e-06,1588.8293833576454,-0.2993783611044288,3.4350812125327757e-12,fixed_training_mask_bank,fixed_training_mask_bank,0.015452425926923752,1.3865337371826172,0.0037486241199076176,1.3982014656066895,0.511587917804718,0.6399366855621338,0.5885733962059021,0.6200000047683716,0.6955000162124634,0.22442626953125,0.3299330770969391,5,6,0.3799999952316284,0.3044999837875366
8,0,4000,0.39974090456962585,0.6322506659305516,0.8067004680633545,1.6916208267211914,1.7453829050064087,58.16564178466797,43.87190628051758,0.993094801902771,1.2641712427139282,gaussian,1.0,8.0,16000,linear,identity,1,1,finite_k_fixed,2000,1.0,0.9,bounded_heterogenous,1.0,0.75,0.25,4000,0.0001,0.05,1024,static_mask_mae_adam,jax,cuda:0,0.4.30,bool,matched_torch_cpu_bank,torch.float32,torch.bool,128000000,32000000,160000000,128000000,32000000,256000000,256000000,0.375,0.375,0.25,2.5,1.0,2.0,100,10000,28801329,28608123.0,16000,28803903,28614418.25,16000,16000,1,1,1788.4367904051946,Empirical loss on all K fixed training masks,Monte Carlo population risk; independent test samples and one independent mask per sample,0.9931460934941253,0.9935042957203984,3.3425419587729266e-06,5.746591824618008e-08,4000,8.0,1787.7454614868163,1788.0076875,0.9932917678902943,-0.26222601318359373,0.2913622368706597,0.2933164270118027,1788.5500852508544,1788.401140625,0.9934215599184597,0.1489446258544922,-0.16549402872721355,-0.16656735725684158,1.0572630167007448e-05,1787.7454720594465,-0.2622154405534267,3.4800370050935836e-12,fixed_training_mask_bank,fixed_training_mask_bank,-0.05219388008117676,1.4089574813842773,-0.012731306254863739,1.53695547580719,0.3491114675998688,0.6653453707695007,0.6177091598510742,0.6299999952316284,0.6769999861717224,0.11405567824840546,0.2204778790473938,5,5,0.3700000047683716,0.3230000138282776
8,0,4000,0.06709323078393936,0.2590236104758394,-0.36966368556022644,2.1163716316223145,2.625805616378784,65.05953216552734,43.87190628051758,0.993094801902771,1.2641712427139282,gaussian,1.0,8.0,16000,linear,identity,1,1,finite_k_fixed,2000,1.0,0.95,bounded_heterogenous,1.0,0.75,0.25,4000,0.0001,0.05,1024,static_mask_mae_adam,jax,cuda:0,0.4.30,bool,matched_torch_cpu_bank,torch.float32,torch.bool,128000000,32000000,160000000,128000000,32000000,256000000,256000000,0.375,0.375,0.25,2.5,1.0,2.0,100,10000,30400137,30200426.125,16000,30401689,30205835.25,16000,16000,1,1,1887.7943898721496,Empirical loss on all K fixed training masks,Monte Carlo population risk; independent test samples and one independent mask per sample,0.9932987831067638,0.9936971530794052,3.5899638533010148e-06,5.517967593959838e-08,4000,8.0,1887.2761930236816,1887.5266328125,0.99343059292792,-0.2504397888183594,0.26362083033511513,0.26536291935141954,1888.1294880065918,1887.864703125,0.9935578003577367,0.26478488159179686,-0.2787209279913651,-0.28051256125882773,1.3227322697639468e-05,1887.2762062510042,-0.2504265614956617,3.3480594598817026e-12,fixed_training_mask_bank,fixed_training_mask_bank,-0.1914198100566864,1.7339476346969604,0.015591324307024479,1.6451656818389893,0.07309957593679428,0.6911470293998718,0.7051801681518555,0.5799999833106995,0.4311000108718872,0.008017102256417274,-0.020456809550523758,4,4,0.42000001668930054,0.5688999891281128
9,0,4000,0.0032228671479970217,0.0567703016373616,0.08149880915880203,2.02690052986145,2.609832763671875,63.66946792602539,45.09504318237305,0.9891563057899475,1.2600688934326172,gaussian,1.0,8.0,16000,linear,identity,1,1,finite_k_fixed,2000,1.0,0.05,bounded_heterogenous,1.0,0.75,0.25,4000,0.0001,0.05,1024,static_mask_mae_adam,jax,cuda:0,0.4.30,bool,matched_torch_cpu_bank,torch.float32,torch.bool,128000000,32000000,160000000,128000000,32000000,256000000,256000000,0.375,0.375,0.25,2.5,1.0,2.0,100,10000,1601104,1585524.109375,16000,1600067,1584336.80078125,16000,16000,1,1,98.96647538399233,Empirical loss on all K fixed training masks,Monte Carlo population risk; independent test samples and one independent mask per sample,0.9878452591771736,0.9926714583109059,7.135445230233017e-06,1.12070118518659e-07,4000,8.0,98.85268724060059,99.0952568359375,0.9902692825544125,-0.24256959533691405,4.8513919067382805,4.895685284685536,99.27130264282226,99.02105004882813,0.9901690371598502,0.2502525939941406,-5.005051879882812,-5.054533230474334,1.2668128311634065e-05,98.8526999087289,-0.24255692720860242,2.623530732936974e-11,fixed_training_mask_bank,fixed_training_mask_bank,0.04446069896221161,1.594518780708313,-0.025752881541848183,1.6485365629196167,-0.08772532641887665,0.6907445788383484,0.6975769400596619,0.5299999713897705,0.48660001158714294,0.00963790062814951,-0.003643709933385253,4,4,0.4700000286102295,0.5133999884128571
9,0,4000,0.0020135287195444107,0.04487236030725831,-0.05509483069181442,1.4826414585113525,1.9358733892440796,54.454410552978516,45.09504318237305,0.9891563057899475,1.2600688934326172,gaussian,1.0,8.0,16000,linear,identity,1,1,finite_k_fixed,2000,1.0,0.1,bounded_heterogenous,1.0,0.75,0.25,4000,0.0001,0.05,1024,static_mask_mae_adam,jax,cuda:0,0.4.30,bool,matched_torch_cpu_bank,torch.float32,torch.bool,128000000,32000000,160000000,128000000,32000000,256000000,256000000,0.375,0.375,0.25,2.5,1.0,2.0,100,10000,3201236,3167336.4921875,16000,3199812,3168510.75,16000,16000,1,1,197.93295076798466,Empirical loss on all K fixed training masks,Monte Carlo population risk; independent test samples and one independent mask per sample,0.9881790324014693,0.991566650231619,5.228226655162871e-06,9.601108530432612e-08,4000,8.0,197.71214331054688,197.95853076171875,0.9894104940052842,-0.246387451171875,2.4638745117187497,2.489283490070493,198.3016791381836,198.031921875,0.9902177846698493,0.2697572631835938,-2.6975726318359374,-2.724381611100668,9.266509115695954e-06,197.712152577056,-0.2463781846627593,1.4861308364477743e-11,fixed_training_mask_bank,fixed_training_mask_bank,0.12931013107299805,1.4162847995758057,0.020368508994579315,1.3925753831863403,0.013078873977065086,0.6931043267250061,0.6932910084724426,0.5299999713897705,0.49790000915527344,0.00017127041064668447,-0.00020464096451178193,3,3,0.4700000286102295,0.5020999908447266
9,0,4000,0.2784886956214905,0.5277202816090077,-0.5574209690093994,1.0973150730133057,1.2985312938690186,46.84688186645508,45.09504318237305,0.9891563057899475,1.2600688934326172,gaussian,1.0,8.0,16000,linear,identity,1,1,finite_k_fixed,2000,1.0,0.2,bounded_heterogenous,1.0,0.75,0.25,4000,0.0001,0.05,1024,static_mask_mae_adam,jax,cuda:0,0.4.30,bool,matched_torch_cpu_bank,torch.float32,torch.bool,128000000,32000000,160000000,128000000,32000000,256000000,256000000,0.375,0.375,0.25,2.5,1.0,2.0,100,10000,6399736,6331269.671875,16000,6401773,6342042.859375,16000,16000,1,1,395.86590153596933,Empirical loss on all K fixed training masks,Monte Carlo population risk; independent test samples and one independent mask per sample,0.9886543163838614,0.9910969731762933,3.8980056160653476e-06,8.320736100131398e-08,4000,8.0,395.4454137573242,395.7043544921875,0.9893016949253844,-0.25894073486328123,1.294703674316406,1.3087585816213831,396.5486152038574,396.3776787109375,0.9906697502980815,0.17093649291992188,-0.8546824645996094,-0.8624930317764345,6.858219206333161e-06,395.4454206155434,-0.2589338766440749,8.745300490720087e-12,fixed_training_mask_bank,fixed_training_mask_bank,0.11842254549264908,1.1857898235321045,0.0025144361425191164,1.277330756187439,-0.43933215737342834,0.661985456943512,0.6300721764564514,0.6299999952316284,0.6480000019073486,0.12824085354804993,0.20203852653503418,5,5,0.3700000047683716,0.35199999809265137
9,0,4000,0.49163001775741577,0.7011633317262218,-0.7035958170890808,0.9903311133384705,1.0401304960250854,44.50463104248047,45.09504318237305,0.9891563057899475,1.2600688934326172,gaussian,1.0,8.0,16000,linear,identity,1,1,finite_k_fixed,2000,1.0,0.3,bounded_heterogenous,1.0,0.75,0.25,4000,0.0001,0.05,1024,static_mask_mae_adam,jax,cuda:0,0.4.30,bool,matched_torch_cpu_bank,torch.float32,torch.bool,128000000,32000000,160000000,128000000,32000000,256000000,256000000,0.375,0.375,0.25,2.5,1.0,2.0,100,10000,9596415,9497338.96875,16000,9599975,9502416.0625,16000,16000,1,1,593.7988523039539,Empirical loss on all K fixed training masks,Monte Carlo population risk; independent test samples and one independent mask per sample,0.989208960638719,0.9899695556102116,3.1093688903638395e-06,6.986618217297291e-08,4000,8.0,593.3037317504883,593.583685546875,0.9896757246065327,-0.27995379638671875,0.9331793212890626,0.9432664785211653,593.9801865386963,593.90100390625,0.9898375842124589,0.07918263244628906,-0.2639421081542969,-0.2666526304064831,6.189569458365441e-06,593.3037379400578,-0.2799476068172604,6.1483188332212e-12,fixed_training_mask_bank,fixed_training_mask_bank,-0.0435059629380703,1.2425016164779663,0.004977894946932793,1.2441431283950806,-0.9387303590774536,0.5734891295433044,0.5744743347167969,0.75,0.694599986076355,0.5373116135597229,0.5367233157157898,6,7,0.25,0.305400013923645
9,0,4000,0.5616803169250488,0.7494533453958617,-0.7507598400115967,0.9869272708892822,1.0056941509246826,44.42808532714844,45.09504318237305,0.9891563057899475,1.2600688934326172,gaussian,1.0,8.0,16000,linear,identity,1,1,finite_k_fixed,2000,1.0,0.4,bounded_heterogenous,1.0,0.75,0.25,4000,0.0001,0.05,1024,static_mask_mae_adam,jax,cuda:0,0.4.30,bool,matched_torch_cpu_bank,torch.float32,torch.bool,128000000,32000000,160000000,128000000,32000000,256000000,256000000,0.375,0.375,0.25,2.5,1.0,2.0,100,10000,12796937,12661313.1875,16000,12798303,12664010.09375,16000,16000,1,1,791.7318030719387,Empirical loss on all K fixed training masks,Monte Carlo population risk; independent test samples and one independent mask per sample,0.9890156884822932,0.9895554196575387,3.0132775918900734e-06,6.782371286817579e-08,4000,8.0,791.0232160949707,791.33207421875,0.98940185354511,-0.3088581237792969,0.7721453094482422,0.7806030713066736,791.5393810043334,791.500630859375,0.989506975553712,0.038750144958496095,-0.09687536239624023,-0.09791563884542498,6.1682954430580145e-06,791.0232222632662,-0.30885195548385386,5.0848505094014396e-12,fixed_training_mask_bank,fixed_training_mask_bank,0.008162906393408775,1.2936967611312866,0.002446503145620227,1.254684567451477,-1.0564571619033813,0.5470308661460876,0.564407229423523,0.7599999904632568,0.70169997215271,0.6821800470352173,0.6316260099411011,6,7,0.24000000953674316,0.29830002784729004
9,0,4000,0.6266573071479797,0.7916168941779728,-0.8081811666488647,1.025084376335144,0.991534948348999,45.27878952026367,45.09504318237305,0.9891563057899475,1.2600688934326172,gaussian,1.0,8.0,16000,linear,identity,1,1,finite_k_fixed,2000,1.0,0.5,bounded_heterogenous,1.0,0.75,0.25,4000,0.0001,0.05,1024,static_mask_mae_adam,jax,cuda:0,0.4.30,bool,matched_torch_cpu_bank,torch.float32,torch.bool,128000000,32000000,160000000,128000000,32000000,256000000,256000000,0.375,0.375,0.25,2.5,1.0,2.0,100,10000,15997826,15828785.9375,16000,15998317,15830689.5,16000,16000,1,1,989.6647538399233,Empirical loss on all K fixed training masks,Monte Carlo population risk; independent test samples and one independent mask per sample,0.9891043761855322,0.9895254719143428,2.653461024237913e-06,5.8602743990832096e-08,4000,8.0,988.9699816284179,989.29912109375,0.9894335603787665,-0.32913946533203126,0.6582789306640625,0.6653992878677961,989.4213862037659,989.41809375,0.9895221791142156,0.0032924537658691405,-0.006584907531738281,-0.006655333648630801,6.406777352094651e-06,988.9699880351953,-0.32913305855467917,4.375980047072181e-12,fixed_training_mask_bank,fixed_training_mask_bank,0.0550108440220356,1.3421955108642578,0.0017238553846254945,1.286976933479309,-1.0829415321350098,0.5328717231750488,0.5494180917739868,0.75,0.7139999866485596,0.7558149695396423,0.6959648728370667,6,7,0.25,0.28600001335144043
9,0,4000,0.6379134654998779,0.7986948513042249,-0.8380380272865295,1.0827744007110596,1.023827075958252,46.53545379638672,45.09504318237305,0.9891563057899475,1.2600688934326172,gaussian,1.0,8.0,16000,linear,identity,1,1,finite_k_fixed,2000,1.0,0.6,bounded_heterogenous,1.0,0.75,0.25,4000,0.0001,0.05,1024,static_mask_mae_adam,jax,cuda:0,0.4.30,bool,matched_torch_cpu_bank,torch.float32,torch.bool,128000000,32000000,160000000,128000000,32000000,256000000,256000000,0.375,0.375,0.25,2.5,1.0,2.0,100,10000,19199130,18993328.0,16000,19198535,18996551.4375,16000,16000,1,1,1187.5977046079079,Empirical loss on all K fixed training masks,Monte Carlo population risk; independent test samples and one independent mask per sample,0.9890034998798611,0.9894742408882312,2.7398139081924455e-06,5.887584109132149e-08,4000,8.0,1186.7504227905274,1187.083,0.9892806601132447,-0.33257720947265623,0.5542953491210938,0.5603268001861395,1187.278490330696,1187.28446484375,0.9894792200290282,-0.005974513053894043,0.009957521756490072,0.010064164454037794,6.7673400044441225e-06,1186.7504295578674,-0.3325704421326518,4.032022112021583e-12,fixed_training_mask_bank,fixed_training_mask_bank,0.12131952494382858,1.3471193313598633,0.0034605625551193953,1.320486068725586,-1.2413716316223145,0.49807894229888916,0.546375036239624,0.8100000023841858,0.7172999978065491,0.950965940952301,0.8321280479431152,7,7,0.1899999976158142,0.2827000021934509
9,0,4000,0.6165394186973572,0.785200241147032,-0.8570765256881714,1.1717925071716309,1.129105806350708,48.410587310791016,45.09504318237305,0.9891563057899475,1.2600688934326172,gaussian,1.0,8.0,16000,linear,identity,1,1,finite_k_fixed,2000,1.0,0.7,bounded_heterogenous,1.0,0.75,0.25,4000,0.0001,0.05,1024,static_mask_mae_adam,jax,cuda:0,0.4.30,bool,matched_torch_cpu_bank,torch.float32,torch.bool,128000000,32000000,160000000,128000000,32000000,256000000,256000000,0.375,0.375,0.25,2.5,1.0,2.0,100,10000,22399156,22160569.125,16000,22396361,22164665.5,16000,16000,1,1,1385.5306553758926,Empirical loss on all K fixed training masks,Monte Carlo population risk; independent test samples and one independent mask per sample,0.9891135353004483,0.9896603059072788,2.728024583120714e-06,5.6351815658217674e-08,4000,8.0,1384.7067736816407,1385.0355703125,0.9893483988861009,-0.328796630859375,0.46970947265625,0.4747843851911071,1385.2993424043655,1385.29159375,0.9896547702548641,0.007748654365539551,-0.011069506236485073,-0.01118703730051962,7.323703169822693e-06,1384.7067810053438,-0.3287893071562052,3.74061849203744e-12,fixed_training_mask_bank,fixed_training_mask_bank,0.013425259850919247,1.4578629732131958,0.008726164698600769,1.3745843172073364,-1.1331851482391357,0.5128649473190308,0.5483236312866211,0.7699999809265137,0.7174999713897705,0.8936717510223389,0.7841371893882751,7,7,0.23000001907348633,0.2825000286102295
9,0,4000,0.5715305209159851,0.755996376258501,-0.8865841031074524,1.352610468864441,1.3175519704818726,52.01173782348633,45.09504318237305,0.9891563057899475,1.2600688934326172,gaussian,1.0,8.0,16000,linear,identity,1,1,finite_k_fixed,2000,1.0,0.8,bounded_heterogenous,1.0,0.75,0.25,4000,0.0001,0.05,1024,static_mask_mae_adam,jax,cuda:0,0.4.30,bool,matched_torch_cpu_bank,torch.float32,torch.bool,128000000,32000000,160000000,128000000,32000000,256000000,256000000,0.375,0.375,0.25,2.5,1.0,2.0,100,10000,25599073,25325882.5625,16000,25597144,25329766.6875,16000,16000,1,1,1583.4636061438773,Empirical loss on all K fixed training masks,Monte Carlo population risk; independent test samples and one independent mask per sample,0.989131666040639,0.9895834226278742,2.9115003599144984e-06,5.597775754040413e-08,4000,8.0,1582.553357849121,1582.86766015625,0.9893281120960904,-0.3143023071289063,0.3928778839111328,0.39713024031073907,1583.1568355636596,1583.11041796875,0.9895544083941552,0.046417594909667965,-0.058021993637084955,-0.0586410074530086,8.453815430402756e-06,1582.5533663029364,-0.31429385331347587,3.4402812629924506e-12,fixed_training_mask_bank,fixed_training_mask_bank,0.0030904412269592285,1.4555333852767944,0.013287501409649849,1.4610596895217896,-0.9935778379440308,0.5320576429367065,0.557543933391571,0.7400000095367432,0.7116000056266785,0.757311224937439,0.7098163366317749,6,7,0.25999999046325684,0.28839999437332153
9,0,4000,0.4208630919456482,0.6487396179867915,-0.851876974105835,1.6958413124084473,1.776737093925476,58.238155364990234,45.09504318237305,0.9891563057899475,1.2600688934326172,gaussian,1.0,8.0,16000,linear,identity,1,1,finite_k_fixed,2000,1.0,0.9,bounded_heterogenous,1.0,0.75,0.25,4000,0.0001,0.05,1024,static_mask_mae_adam,jax,cuda:0,0.4.30,bool,matched_torch_cpu_bank,torch.float32,torch.bool,128000000,32000000,160000000,128000000,32000000,256000000,256000000,0.375,0.375,0.25,2.5,1.0,2.0,100,10000,28801186,28500836.625,16000,28796989,28497046.375,16000,16000,1,1,1781.3965569118618,Empirical loss on all K fixed training masks,Monte Carlo population risk; independent test samples and one independent mask per sample,0.9894218358628856,0.9896610290263875,3.176339077981538e-06,5.454051787978642e-08,4000,8.0,1781.0326454467775,1781.3022890625,0.9895716317029445,-0.26964361572265627,0.29960401746961807,0.30274885669689944,1781.2036104125978,1781.0653984375,0.9895842365672328,0.13821197509765626,-0.15356886121961807,-0.15520146000147506,1.0599008202552796e-05,1781.0326560457856,-0.2696330167144537,3.4004652392505275e-12,fixed_training_mask_bank,fixed_training_mask_bank,0.11723668873310089,1.6821515560150146,0.011957810260355473,1.5812307596206665,-0.7527812123298645,0.5576624870300293,0.5942388772964478,0.7200000286102295,0.6798999905586243,0.6183806657791138,0.5070198774337769,6,6,0.2799999713897705,0.32010000944137573
9,0,4000,0.14664749801158905,0.3829458160256997,-0.5671143531799316,2.156944513320923,2.5595974922180176,65.68020629882812,45.09504318237305,0.9891563057899475,1.2600688934326172,gaussian,1.0,8.0,16000,linear,identity,1,1,finite_k_fixed,2000,1.0,0.95,bounded_heterogenous,1.0,0.75,0.25,4000,0.0001,0.05,1024,static_mask_mae_adam,jax,cuda:0,0.4.30,bool,matched_torch_cpu_bank,torch.float32,torch.bool,128000000,32000000,160000000,128000000,32000000,256000000,256000000,0.375,0.375,0.25,2.5,1.0,2.0,100,10000,30402192,30085996.125,16000,30398140,30083694.125,16000,16000,1,1,1880.363032295854,Empirical loss on all K fixed training masks,Monte Carlo population risk; independent test samples and one independent mask per sample,0.989468911981343,0.9897799026214191,3.5729972296394408e-06,5.4399908577806855e-08,4000,8.0,1880.1264900054932,1880.3747578125,0.9895995698270703,-0.24826780700683593,0.26133453369140625,0.2640620503708835,1880.4667530670165,1880.2308828125,0.9896557527861902,0.23587025451660157,-0.24828447843852797,-0.250894990261763,1.3480903208255769e-05,1880.1265034863964,-0.24825432610362766,3.4500462382791586e-12,fixed_training_mask_bank,fixed_training_mask_bank,0.06205971539020538,1.4094070196151733,0.025563210248947144,1.6968215703964233,-0.35445430874824524,0.6644591689109802,0.6581257581710815,0.6299999952316284,0.6087999939918518,0.11770231276750565,0.15684068202972412,5,5,0.3700000047683716,0.3912000060081482
10,0,4000,0.004024472553282976,0.06343873070359286,-0.09043465554714203,2.0477521419525146,2.616692304611206,63.996124267578125,44.55092239379883,1.0008671283721924,1.2813241481781006,gaussian,1.0,8.0,16000,linear,identity,1,1,finite_k_fixed,2000,1.0,0.05,bounded_heterogenous,1.0,0.75,0.25,4000,0.0001,0.05,1024,static_mask_mae_adam,jax,cuda:0,0.4.30,bool,matched_torch_cpu_bank,torch.float32,torch.bool,128000000,32000000,160000000,128000000,32000000,256000000,256000000,0.375,0.375,0.25,2.5,1.0,2.0,100,10000,1601360,1601436.171875,16000,1599509,1598734.30078125,16000,16000,1,1,100.13633382998125,Empirical loss on all K fixed training masks,Monte Carlo population risk; independent test samples and one independent mask per sample,0.9975782140661394,1.0020089264258203,6.816734185122186e-06,1.0651792337057486e-07,4000,8.0,99.84261555480957,100.0897607421875,1.0000475669899336,-0.24714518737792968,4.942903747558593,4.9384709393907045,100.17014349365235,99.92089379882813,0.999515664357781,0.24924969482421874,-4.984993896484375,-4.988940457759217,1.2798450887203217e-05,99.84262835326045,-0.24713238892704248,2.5900509167953167e-11,fixed_training_mask_bank,fixed_training_mask_bank,-0.16998963057994843,1.8522871732711792,-0.0028092453721910715,1.6168054342269897,0.10636155307292938,0.688376247882843,0.7018864154815674,0.5299999713897705,0.47859999537467957,0.01918061077594757,-0.01011301577091217,4,4,0.4700000286102295,0.5214000046253204
10,0,4000,0.02715909853577614,0.1648001775963125,0.20100262761116028,1.4990105628967285,1.9212726354599,54.754188537597656,44.55092239379883,1.0008671283721924,1.2813241481781006,gaussian,1.0,8.0,16000,linear,identity,1,1,finite_k_fixed,2000,1.0,0.1,bounded_heterogenous,1.0,0.75,0.25,4000,0.0001,0.05,1024,static_mask_mae_adam,jax,cuda:0,0.4.30,bool,matched_torch_cpu_bank,torch.float32,torch.bool,128000000,32000000,160000000,128000000,32000000,256000000,256000000,0.375,0.375,0.25,2.5,1.0,2.0,100,10000,3203308,3206937.84375,16000,3198877,3201677.328125,16000,16000,1,1,200.2726676599625,Empirical loss on all K fixed training masks,Monte Carlo population risk; independent test samples and one independent mask per sample,0.9998792268694874,1.0021770808528079,5.218251317273825e-06,9.530323552553455e-08,4000,8.0,200.18257040405274,200.433615234375,1.0011331547731284,-0.2510448303222656,2.5104483032226557,2.5050172350451483,200.36507586669921,200.1048330078125,1.0008754097531727,0.2602428588867188,-2.6024285888671876,-2.601065201424113,9.368816018104553e-06,200.18257977286876,-0.2510354615062475,1.469710811385916e-11,fixed_training_mask_bank,fixed_training_mask_bank,-0.3011165261268616,1.3865336179733276,-0.020029984414577484,1.4034103155136108,0.3294399082660675,0.6680364012718201,0.7003494501113892,0.6399999856948853,0.536300003528595,0.10297750681638718,0.03772788494825363,5,5,0.36000001430511475,0.46369999647140503
10,0,4000,0.24120506644248962,0.49112632432245945,0.5129412412643433,1.0991712808609009,1.311836838722229,46.88648986816406,44.55092239379883,1.0008671283721924,1.2813241481781006,gaussian,1.0,8.0,16000,linear,identity,1,1,finite_k_fixed,2000,1.0,0.2,bounded_heterogenous,1.0,0.75,0.25,4000,0.0001,0.05,1024,static_mask_mae_adam,jax,cuda:0,0.4.30,bool,matched_torch_cpu_bank,torch.float32,torch.bool,128000000,32000000,160000000,128000000,32000000,256000000,256000000,0.375,0.375,0.25,2.5,1.0,2.0,100,10000,6402104,6407047.734375,16000,6398830,6407359.140625,16000,16000,1,1,400.545335319925,Empirical loss on all K fixed training masks,Monte Carlo population risk; independent test samples and one independent mask per sample,1.0001325041992544,1.0017842964141614,3.665162239485653e-06,7.817097014140018e-08,4000,8.0,400.184519104004,400.4404833984375,1.0007722046338203,-0.2559642944335355,1.2798214721676775,1.2784136721704087,400.6404630889893,400.4599462890625,1.0013329218974407,0.18051679992681602,-0.9025839996340801,-0.9015473412490316,6.869820505380631e-06,400.18452597382446,-0.2559574246130301,8.05368965961506e-12,fixed_training_mask_bank,fixed_training_mask_bank,0.15173259377479553,1.3661692142486572,0.020392535254359245,1.2556513547897339,0.6138865351676941,0.6221922636032104,0.6438339948654175,0.6499999761581421,0.6298999786376953,0.3052528500556946,0.23770248889923096,5,6,0.3500000238418579,0.3701000213623047
10,0,4000,0.4855668246746063,0.6968262514247051,0.68326735496521,0.9688330292701721,1.0366812944412231,44.018924713134766,44.55092239379883,1.0008671283721924,1.2813241481781006,gaussian,1.0,8.0,16000,linear,identity,1,1,finite_k_fixed,2000,1.0,0.3,bounded_heterogenous,1.0,0.75,0.25,4000,0.0001,0.05,1024,static_mask_mae_adam,jax,cuda:0,0.4.30,bool,matched_torch_cpu_bank,torch.float32,torch.bool,128000000,32000000,160000000,128000000,32000000,256000000,256000000,0.375,0.375,0.25,2.5,1.0,2.0,100,10000,9602681,9607455.0625,16000,9600404,9614962.0625,16000,16000,1,1,600.8180029798875,Empirical loss on all K fixed training masks,Monte Carlo population risk; independent test samples and one independent mask per sample,1.0000380032011047,1.001636705146955,3.2222544632531935e-06,7.320156925061383e-08,4000,8.0,600.1903707885742,600.46594140625,1.0004971593349816,-0.2755706176757812,0.9185687255859375,0.9178559471014758,601.007314414978,600.93512890625,1.00151640102854,0.07218550872802734,-0.24061836242675783,-0.2402439306865567,6.055206432938576e-06,600.1903768437807,-0.2755645624693483,6.168277694174051e-12,fixed_training_mask_bank,fixed_training_mask_bank,0.06648463010787964,1.399619221687317,0.020663846284151077,1.2227065563201904,0.7793254256248474,0.5902645587921143,0.5919085741043091,0.7099999785423279,0.6796000003814697,0.46574199199676514,0.4088849723339081,6,7,0.2900000214576721,0.3203999996185303
10,0,4000,0.5850261449813843,0.7648700183569652,0.7531662583351135,0.9770640730857849,1.0087673664093018,44.20552062988281,44.55092239379883,1.0008671283721924,1.2813241481781006,gaussian,1.0,8.0,16000,linear,identity,1,1,finite_k_fixed,2000,1.0,0.4,bounded_heterogenous,1.0,0.75,0.25,4000,0.0001,0.05,1024,static_mask_mae_adam,jax,cuda:0,0.4.30,bool,matched_torch_cpu_bank,torch.float32,torch.bool,128000000,32000000,160000000,128000000,32000000,256000000,256000000,0.375,0.375,0.25,2.5,1.0,2.0,100,10000,12803141,12814359.875,16000,12801468,12821970.5625,16000,16000,1,1,801.09067063985,Empirical loss on all K fixed training masks,Monte Carlo population risk; independent test samples and one independent mask per sample,1.0004864971342775,1.001659180998118,2.7896771825908218e-06,6.310698807965309e-08,4000,8.0,800.5856057128906,800.8974921875,1.0008762595834881,-0.311886474609375,0.7797161865234375,0.7788424302779262,801.4192470283509,801.37316015625,1.0016015790142192,0.046086872100946495,-0.11521718025236623,-0.11501975457228752,6.106650456786156e-06,800.585611819541,-0.3118803679589182,5.119095685540698e-12,fixed_training_mask_bank,fixed_training_mask_bank,0.039821382611989975,1.4464166164398193,0.02053678408265114,1.2556031942367554,0.86117023229599,0.5648048520088196,0.5702798962593079,0.699999988079071,0.6988999843597412,0.5895917415618896,0.5061653256416321,6,7,0.30000001192092896,0.3011000156402588
10,0,4000,0.6281945705413818,0.7925872636759828,-0.791300892829895,1.0043977499008179,0.9979014992713928,44.8195915222168,44.55092239379883,1.0008671283721924,1.2813241481781006,gaussian,1.0,8.0,16000,linear,identity,1,1,finite_k_fixed,2000,1.0,0.5,bounded_heterogenous,1.0,0.75,0.25,4000,0.0001,0.05,1024,static_mask_mae_adam,jax,cuda:0,0.4.30,bool,matched_torch_cpu_bank,torch.float32,torch.bool,128000000,32000000,160000000,128000000,32000000,256000000,256000000,0.375,0.375,0.25,2.5,1.0,2.0,100,10000,16002170,16016059.8125,16000,16000090,16026159.5,16000,16000,1,1,1001.3633382998125,Empirical loss on all K fixed training masks,Monte Carlo population risk; independent test samples and one independent mask per sample,1.0005425308809193,1.00164045024417,2.8467045467550633e-06,6.351474723942374e-08,4000,8.0,1000.6782294616701,1001.00373828125,1.0008679955593522,-0.3255088195799617,0.6510176391599234,0.6503648430702391,1001.6460844717027,1001.63496875,1.001629334584993,0.0111157217026921,-0.0222314434053842,-0.02219515502055458,6.2774859368801115e-06,1000.678235739156,-0.3255025420940248,4.410985032093917e-12,fixed_training_mask_bank,fixed_training_mask_bank,-0.02427024580538273,1.4070665836334229,-0.018614359200000763,1.2708795070648193,-1.0181478261947632,0.538074254989624,0.5569646954536438,0.75,0.708899974822998,0.7352654933929443,0.6315454244613647,6,7,0.25,0.29110002517700195
10,0,4000,0.6319111585617065,0.7949283983867393,-0.8207382559776306,1.0741623640060425,1.0593202114105225,46.35002517700195,44.55092239379883,1.0008671283721924,1.2813241481781006,gaussian,1.0,8.0,16000,linear,identity,1,1,finite_k_fixed,2000,1.0,0.6,bounded_heterogenous,1.0,0.75,0.25,4000,0.0001,0.05,1024,static_mask_mae_adam,jax,cuda:0,0.4.30,bool,matched_torch_cpu_bank,torch.float32,torch.bool,128000000,32000000,160000000,128000000,32000000,256000000,256000000,0.375,0.375,0.25,2.5,1.0,2.0,100,10000,19202447,19215274.625,16000,19199744,19229466.8125,16000,16000,1,1,1201.636005959775,Empirical loss on all K fixed training masks,Monte Carlo population risk; independent test samples and one independent mask per sample,1.0003852585422202,1.0015593884310694,2.7398134534450946e-06,5.911137179737125e-08,4000,8.0,1200.6153066711427,1200.9546640625,1.0006680203309506,-0.3393573913574219,0.5655956522623699,0.5651460484104032,1201.8552411670685,1201.84167578125,1.0015480837921589,0.013565385818481445,-0.022608976364135742,-0.022574330865499093,6.713514775037766e-06,1200.6153133846574,-0.33935067784264683,4.1695874183900195e-12,fixed_training_mask_bank,fixed_training_mask_bank,0.009878423064947128,1.3996055126190186,-0.018251987174153328,1.316552996635437,-1.1543936729431152,0.5160766243934631,0.5599279403686523,0.7699999809265137,0.7116000056266785,0.8708503842353821,0.7413330078125,7,7,0.23000001907348633,0.28839999437332153
10,0,4000,0.6387208104133606,0.7992001066149582,0.8617727756500244,1.1716315746307373,1.142982006072998,48.407264709472656,44.55092239379883,1.0008671283721924,1.2813241481781006,gaussian,1.0,8.0,16000,linear,identity,1,1,finite_k_fixed,2000,1.0,0.7,bounded_heterogenous,1.0,0.75,0.25,4000,0.0001,0.05,1024,static_mask_mae_adam,jax,cuda:0,0.4.30,bool,matched_torch_cpu_bank,torch.float32,torch.bool,128000000,32000000,160000000,128000000,32000000,256000000,256000000,0.375,0.375,0.25,2.5,1.0,2.0,100,10000,22399433,22416049.0,16000,22400709,22433049.6875,16000,16000,1,1,1401.9086736197376,Empirical loss on all K fixed training masks,Monte Carlo population risk; independent test samples and one independent mask per sample,1.0005050657542731,1.001465060774882,2.8344959446258144e-06,5.8555180260100315e-08,4000,8.0,1400.6716366577145,1401.0030625,1.000741804491212,-0.33142584228538907,0.47346548897912727,0.47312650651032406,1402.0954625053405,1402.06560546875,1.0014437349951737,0.02985703659057617,-0.04265290941510882,-0.04259007064177922,7.322697341442109e-06,1400.6716439804118,-0.33141851958804763,3.629678588940033e-12,fixed_training_mask_bank,fixed_training_mask_bank,-0.06933443993330002,1.4274836778640747,0.01801416091620922,1.3656712770462036,1.1276805400848389,0.5157028436660767,0.5548542141914368,0.7799999713897705,0.7135999798774719,0.8708977699279785,0.7614157795906067,7,7,0.2200000286102295,0.2864000201225281
10,0,4000,0.5940709114074707,0.770759957060219,0.8906204700469971,1.345438003540039,1.3037025928497314,51.873653411865234,44.55092239379883,1.0008671283721924,1.2813241481781006,gaussian,1.0,8.0,16000,linear,identity,1,1,finite_k_fixed,2000,1.0,0.8,bounded_heterogenous,1.0,0.75,0.25,4000,0.0001,0.05,1024,static_mask_mae_adam,jax,cuda:0,0.4.30,bool,matched_torch_cpu_bank,torch.float32,torch.bool,128000000,32000000,160000000,128000000,32000000,256000000,256000000,0.375,0.375,0.25,2.5,1.0,2.0,100,10000,25598270,25619747.0,16000,25602622,25641364.875,16000,16000,1,1,1602.1813412797,Empirical loss on all K fixed training masks,Monte Carlo population risk; independent test samples and one independent mask per sample,1.0006472469562884,1.0015621850927545,2.996181592607172e-06,5.7759219629360814e-08,4000,8.0,1600.9274001464842,1601.2341875,1.0008390020106828,-0.30678735351585784,0.3834841918948223,0.38318861277231164,1602.6636271514892,1602.5853046875,1.0015132385659562,0.07832246398925781,-0.09790307998657226,-0.09774514187821381,8.408987522125244e-06,1600.9274085554716,-0.3067789445283357,3.493467667925465e-12,fixed_training_mask_bank,fixed_training_mask_bank,0.0370493121445179,1.6318066120147705,0.012920468114316463,1.4332890510559082,1.019923448562622,0.5059348940849304,0.5572966933250427,0.7599999904632568,0.711899995803833,0.9239305257797241,0.7154015898704529,7,7,0.24000000953674316,0.288100004196167
10,0,4000,0.4701460003852844,0.6856719334968323,-0.8948978185653687,1.7164483070373535,1.7478129863739014,58.5909309387207,44.55092239379883,1.0008671283721924,1.2813241481781006,gaussian,1.0,8.0,16000,linear,identity,1,1,finite_k_fixed,2000,1.0,0.9,bounded_heterogenous,1.0,0.75,0.25,4000,0.0001,0.05,1024,static_mask_mae_adam,jax,cuda:0,0.4.30,bool,matched_torch_cpu_bank,torch.float32,torch.bool,128000000,32000000,160000000,128000000,32000000,256000000,256000000,0.375,0.375,0.25,2.5,1.0,2.0,100,10000,28800169,28822909.125,16000,28800134,28840392.25,16000,16000,1,1,1802.4540089396626,Empirical loss on all K fixed training masks,Monte Carlo population risk; independent test samples and one independent mask per sample,1.0006367290008622,1.001479363225562,3.3119301861006534e-06,5.652633561226139e-08,4000,8.0,1801.156681427002,1801.4318203125,1.000789583040294,-0.2751388854980469,0.3057098727756076,0.3054668873898603,1802.6712411956787,1802.524515625,1.001397849398895,0.14672557067871095,-0.1630284118652344,-0.16280008333513507,1.0727801918983462e-05,1801.156692154804,-0.2751281576961279,3.3830939352025302e-12,fixed_training_mask_bank,fixed_training_mask_bank,0.03279738500714302,1.7814403772354126,-0.0169522725045681,1.5811147689819336,-0.8565176129341125,0.5202170014381409,0.5884559154510498,0.7699999809265137,0.6866999864578247,0.8252121210098267,0.5975821018218994,6,7,0.23000001907348633,0.3133000135421753
10,0,4000,0.2055203914642334,0.4533435689013724,0.669051468372345,2.194728136062622,2.5691909790039062,66.25296020507812,44.55092239379883,1.0008671283721924,1.2813241481781006,gaussian,1.0,8.0,16000,linear,identity,1,1,finite_k_fixed,2000,1.0,0.95,bounded_heterogenous,1.0,0.75,0.25,4000,0.0001,0.05,1024,static_mask_mae_adam,jax,cuda:0,0.4.30,bool,matched_torch_cpu_bank,torch.float32,torch.bool,128000000,32000000,160000000,128000000,32000000,256000000,256000000,0.375,0.375,0.25,2.5,1.0,2.0,100,10000,30400834,30424491.625,16000,30400046,30444126.125,16000,16000,1,1,1902.5903427696437,Empirical loss on all K fixed training masks,Monte Carlo population risk; independent test samples and one independent mask per sample,1.0006436650021133,1.0015767383930188,3.5842592751578195e-06,5.4099604795965206e-08,4000,8.0,1901.2751220550535,1901.5307265625,1.000778189999656,-0.2556045074465219,0.26905737625949677,0.26884078587419147,1902.9986824798584,1902.7578828125,1.0014500019177603,0.24079966735839844,-0.25347333406147204,-0.25310594640926,1.3717050850391388e-05,1901.2751357721045,-0.2555907903956715,3.3583780287976817e-12,fixed_training_mask_bank,fixed_training_mask_bank,-0.133340984582901,1.861292839050293,-0.009027859196066856,1.7282942533493042,0.5504046678543091,0.5975731015205383,0.655526876449585,0.6800000071525574,0.623199999332428,0.4248981773853302,0.28091108798980713,5,6,0.3199999928474426,0.376800000667572
11,0,4000,0.0026278195437043905,0.05126226237403486,0.07457879185676575,2.073838233947754,2.6405141353607178,64.40245056152344,45.17988204956055,1.0005030632019043,1.2819180488586426,gaussian,1.0,8.0,16000,linear,identity,1,1,finite_k_fixed,2000,1.0,0.05,bounded_heterogenous,1.0,0.75,0.25,4000,0.0001,0.05,1024,static_mask_mae_adam,jax,cuda:0,0.4.30,bool,matched_torch_cpu_bank,torch.float32,torch.bool,128000000,32000000,160000000,128000000,32000000,256000000,256000000,0.375,0.375,0.25,2.5,1.0,2.0,100,10000,1600061,1599604.62890625,16000,1599598,1604449.984375,16000,16000,1,1,100.10134249434029,Empirical loss on all K fixed training masks,Monte Carlo population risk; independent test samples and one independent mask per sample,0.99722852241063,1.0054741805636478,7.244626885949401e-06,1.1248990716694607e-07,4000,8.0,99.7266541748047,99.97528930664062,0.9997147789404591,-0.2486351318359375,4.97270263671875,4.973931729736369,100.52215551757811,100.2781240234375,1.003033252339025,0.24403149414061046,-4.880629882812209,-4.867093327026506,1.2961488962173463e-05,99.72666713629366,-0.2486221703469753,2.7250654857646772e-11,fixed_training_mask_bank,fixed_training_mask_bank,-0.14700107276439667,1.6063519716262817,-0.017897939309477806,1.632921576499939,-0.3912698030471802,0.6501440405845642,0.7496450543403625,0.6299999952316284,0.4860999882221222,0.1800578087568283,-0.01560584269464016,5,5,0.3700000047683716,0.5139000117778778
11,0,4000,0.02083873189985752,0.14435626726906428,-0.17891573905944824,1.5051008462905884,1.8932430744171143,54.86530303955078,45.17988204956055,1.0005030632019043,1.2819180488586426,gaussian,1.0,8.0,16000,linear,identity,1,1,finite_k_fixed,2000,1.0,0.1,bounded_heterogenous,1.0,0.75,0.25,4000,0.0001,0.05,1024,static_mask_mae_adam,jax,cuda:0,0.4.30,bool,matched_torch_cpu_bank,torch.float32,torch.bool,128000000,32000000,160000000,128000000,32000000,256000000,256000000,0.375,0.375,0.25,2.5,1.0,2.0,100,10000,3200158,3201291.390625,16000,3200866,3207787.109375,16000,16000,1,1,200.20268498868057,Empirical loss on all K fixed training masks,Monte Carlo population risk; independent test samples and one independent mask per sample,0.9991124789714972,1.0034662001736894,5.378256901167333e-06,9.802655398516436e-08,4000,8.0,199.8323620300293,200.0807119140625,1.0003541670833127,-0.24834988403320313,2.483498840332031,2.4824970049073247,200.74755264282226,200.4866943359375,1.0021622615176642,0.26085830688476563,-2.6085830688476563,-2.602250565792552,9.406880289316178e-06,199.83237143690957,-0.24834047715291382,1.5342359327430444e-11,fixed_training_mask_bank,fixed_training_mask_bank,0.1229940727353096,1.6162868738174438,0.010092978365719318,1.3937979936599731,-0.06283076852560043,0.6918683052062988,0.6896858811378479,0.5,0.5422000288963318,0.005121980793774128,0.008837838657200336,3,4,0.5,0.4577999711036682
11,0,4000,0.13476307690143585,0.36710090833643527,-0.39068230986595154,1.1097275018692017,1.359568476676941,47.11109161376953,45.17988204956055,1.0005030632019043,1.2819180488586426,gaussian,1.0,8.0,16000,linear,identity,1,1,finite_k_fixed,2000,1.0,0.2,bounded_heterogenous,1.0,0.75,0.25,4000,0.0001,0.05,1024,static_mask_mae_adam,jax,cuda:0,0.4.30,bool,matched_torch_cpu_bank,torch.float32,torch.bool,128000000,32000000,160000000,128000000,32000000,256000000,256000000,0.375,0.375,0.25,2.5,1.0,2.0,100,10000,6400421,6403244.6875,16000,6399006,6410244.703125,16000,16000,1,1,400.40536997736115,Empirical loss on all K fixed training masks,Monte Carlo population risk; independent test samples and one independent mask per sample,0.9998120538748667,1.0023020052886802,3.7906254419795005e-06,8.046142596640493e-08,4000,8.0,399.95112910461427,400.20279296875,1.0004411721510194,-0.2516638641357422,1.2583193206787109,1.2576816981655359,400.8585341033935,400.6402939453125,1.0017563201417532,0.21824015808099648,-1.0912007904049823,-1.0894568588288855,6.935796886682511e-06,399.95113604041114,-0.2516569283388555,8.562916868626314e-12,fixed_training_mask_bank,fixed_training_mask_bank,-0.07267215102910995,1.4195613861083984,0.0009846851462498307,1.2291783094406128,-0.6218245625495911,0.617388904094696,0.6584500074386597,0.6600000262260437,0.609499990940094,0.32845208048820496,0.2063518613576889,5,6,0.3399999737739563,0.390500009059906
11,0,4000,0.4470357894897461,0.6686073507595816,-0.6661091446876526,0.9724969267845154,1.04498291015625,44.10208511352539,45.17988204956055,1.0005030632019043,1.2819180488586426,gaussian,1.0,8.0,16000,linear,identity,1,1,finite_k_fixed,2000,1.0,0.3,bounded_heterogenous,1.0,0.75,0.25,4000,0.0001,0.05,1024,static_mask_mae_adam,jax,cuda:0,0.4.30,bool,matched_torch_cpu_bank,torch.float32,torch.bool,128000000,32000000,160000000,128000000,32000000,256000000,256000000,0.375,0.375,0.25,2.5,1.0,2.0,100,10000,9601304,9606058.6875,16000,9596996,9609250.28125,16000,16000,1,1,600.6080549660417,Empirical loss on all K fixed training masks,Monte Carlo population risk; independent test samples and one independent mask per sample,1.000049265006168,1.0014226757087257,3.0758865250390954e-06,6.974469357601265e-08,4000,8.0,600.1110630187989,600.37866796875,1.0004952126815274,-0.2676049499511719,0.8920164998372397,0.8914538914466252,600.6655883178711,600.578142578125,1.0012768871894915,0.08744573974609375,-0.29148579915364586,-0.2912052022763234,6.078105792403222e-06,600.1110690969047,-0.2675988718453795,6.038840434652304e-12,fixed_training_mask_bank,fixed_training_mask_bank,-0.014196118339896202,1.1579080820083618,0.028704209253191948,1.2188585996627808,-1.004699945449829,0.5731987953186035,0.5843877196311951,0.699999988079071,0.6915000081062317,0.5375162959098816,0.5431315898895264,6,7,0.30000001192092896,0.3084999918937683
11,0,4000,0.5911694765090942,0.7688754622883307,-0.7635861039161682,0.9663707613945007,0.9251556396484375,43.96295928955078,45.17988204956055,1.0005030632019043,1.2819180488586426,gaussian,1.0,8.0,16000,linear,identity,1,1,finite_k_fixed,2000,1.0,0.4,bounded_heterogenous,1.0,0.75,0.25,4000,0.0001,0.05,1024,static_mask_mae_adam,jax,cuda:0,0.4.30,bool,matched_torch_cpu_bank,torch.float32,torch.bool,128000000,32000000,160000000,128000000,32000000,256000000,256000000,0.375,0.375,0.25,2.5,1.0,2.0,100,10000,12802163,12811999.53125,16000,12796299,12815162.09375,16000,16000,1,1,800.8107399547223,Empirical loss on all K fixed training masks,Monte Carlo population risk; independent test samples and one independent mask per sample,1.0004035697272162,1.0014957036745973,2.942641685876879e-06,6.693457521578239e-08,4000,8.0,800.4580978393554,800.749970703125,1.0007683491649029,-0.29187286376953125,0.7296821594238281,0.7289987497927086,800.9649044647216,800.947630859375,1.001474105422982,0.017273605346563272,-0.043184013366408175,-0.043132920757749105,6.03981725871563e-06,800.4581038791727,-0.29186682395227254,4.894314120651444e-12,fixed_training_mask_bank,fixed_training_mask_bank,0.0011268043890595436,1.10481858253479,0.02007274515926838,1.223036527633667,-1.3903319835662842,0.5190309286117554,0.5515385866165161,0.7099999785423279,0.7218999862670898,0.8323399424552917,0.8561598658561707,7,7,0.2900000214576721,0.27810001373291016
11,0,4000,0.6422907114028931,0.8014304158209202,-0.8138271570205688,1.0103514194488525,0.9500925540924072,44.95222854614258,45.17988204956055,1.0005030632019043,1.2819180488586426,gaussian,1.0,8.0,16000,linear,identity,1,1,finite_k_fixed,2000,1.0,0.5,bounded_heterogenous,1.0,0.75,0.25,4000,0.0001,0.05,1024,static_mask_mae_adam,jax,cuda:0,0.4.30,bool,matched_torch_cpu_bank,torch.float32,torch.bool,128000000,32000000,160000000,128000000,32000000,256000000,256000000,0.375,0.375,0.25,2.5,1.0,2.0,100,10000,16002494,16018579.9375,16000,15994225,16010335.75,16000,16000,1,1,1001.0134249434028,Empirical loss on all K fixed training masks,Monte Carlo population risk; independent test samples and one independent mask per sample,1.0006891030657958,1.0010062716579788,2.7644082365441136e-06,6.149657849618961e-08,4000,8.0,1000.8450854797362,1001.16124609375,1.0010052144059545,-0.3161606140137883,0.6323212280275766,0.631587799162947,1000.6449709568022,1000.645984375,1.0010072854420893,-0.0010134181977482512,0.0020268363954965025,0.002025527936044824,6.314696371555329e-06,1000.8450917944326,-0.31615429931741673,4.391758224447928e-12,fixed_training_mask_bank,fixed_training_mask_bank,-0.031217189505696297,1.283812165260315,0.02145218849182129,1.2690643072128296,-1.3810769319534302,0.4818991422653198,0.5435702800750732,0.7200000286102295,0.73089998960495,1.0463365316390991,0.902127742767334,7,7,0.2799999713897705,0.26910001039505005
11,0,4000,0.648090660572052,0.8050407819309852,-0.8465209007263184,1.0833762884140015,1.0023691654205322,46.54839324951172,45.17988204956055,1.0005030632019043,1.2819180488586426,gaussian,1.0,8.0,16000,linear,identity,1,1,finite_k_fixed,2000,1.0,0.6,bounded_heterogenous,1.0,0.75,0.25,4000,0.0001,0.05,1024,static_mask_mae_adam,jax,cuda:0,0.4.30,bool,matched_torch_cpu_bank,torch.float32,torch.bool,128000000,32000000,160000000,128000000,32000000,256000000,256000000,0.375,0.375,0.25,2.5,1.0,2.0,100,10000,19205841,19227545.4375,16000,19194177,19214300.8125,16000,16000,1,1,1201.2161099320833,Empirical loss on all K fixed training masks,Monte Carlo population risk; independent test samples and one independent mask per sample,1.0008580356054264,1.0010459473294973,2.6731640900834464e-06,5.7427641309004684e-08,4000,8.0,1201.395018463135,1201.72158984375,1.001130095656837,-0.32657138061500157,0.544285634358336,0.5435058891760658,1200.8908186359406,1200.89380078125,1.0010484332045078,-0.002982145309448242,0.004970242182413737,0.004966542932471896,6.7711018025875095e-06,1201.395025234237,-0.326564609513199,3.91506965735644e-12,fixed_training_mask_bank,fixed_training_mask_bank,-0.0023597192484885454,1.3087363243103027,0.025547124445438385,1.311502456665039,-1.487104892730713,0.45626476407051086,0.5495126247406006,0.7699999809265137,0.7246999740600586,1.2053711414337158,1.003775954246521,7,11,0.23000001907348633,0.2753000259399414
11,0,4000,0.647316038608551,0.8045595308046205,0.8848781585693359,1.1851963996887207,1.1083170175552368,48.686676025390625,45.17988204956055,1.0005030632019043,1.2819180488586426,gaussian,1.0,8.0,16000,linear,identity,1,1,finite_k_fixed,2000,1.0,0.7,bounded_heterogenous,1.0,0.75,0.25,4000,0.0001,0.05,1024,static_mask_mae_adam,jax,cuda:0,0.4.30,bool,matched_torch_cpu_bank,torch.float32,torch.bool,128000000,32000000,160000000,128000000,32000000,256000000,256000000,0.375,0.375,0.25,2.5,1.0,2.0,100,10000,22402976,22422032.6875,16000,22397720,22425687.9375,16000,16000,1,1,1401.418794920764,Empirical loss on all K fixed training masks,Monte Carlo population risk; independent test samples and one independent mask per sample,1.0006163591959139,1.0012596369931217,2.8653184926952235e-06,5.885220488721643e-08,4000,8.0,1401.0490175170899,1401.37704296875,1.000850631965146,-0.32802545166015623,0.4686077880859375,0.46814731739175386,1401.6208122920987,1401.60549609375,1.0012486957377804,0.015316198348766193,-0.021880283355380278,-0.02185522016207031,7.407477498054505e-06,1401.0490249245674,-0.3280180441826582,3.7841557144757676e-12,fixed_training_mask_bank,fixed_training_mask_bank,0.033150848001241684,1.3440884351730347,-0.021325433626770973,1.3686861991882324,1.5064059495925903,0.45167651772499084,0.5543940663337708,0.7900000214576721,0.72079998254776,1.2541160583496094,1.0628621578216553,7,11,0.20999997854232788,0.27920001745224
11,0,4000,0.603930652141571,0.7771297524490818,-0.916490375995636,1.362725853919983,1.3101071119308472,52.20585632324219,45.17988204956055,1.0005030632019043,1.2819180488586426,gaussian,1.0,8.0,16000,linear,identity,1,1,finite_k_fixed,2000,1.0,0.8,bounded_heterogenous,1.0,0.75,0.25,4000,0.0001,0.05,1024,static_mask_mae_adam,jax,cuda:0,0.4.30,bool,matched_torch_cpu_bank,torch.float32,torch.bool,128000000,32000000,160000000,128000000,32000000,256000000,256000000,0.375,0.375,0.25,2.5,1.0,2.0,100,10000,25602163,25625404.75,16000,25598099,25631579.25,16000,16000,1,1,1601.6214799094446,Empirical loss on all K fixed training masks,Monte Carlo population risk; independent test samples and one independent mask per sample,1.0007131919991488,1.001344954626406,3.0237458759074798e-06,5.791967083723648e-08,4000,8.0,1601.2763911132815,1601.587796875,1.0009078041570159,-0.3114057617185172,0.38925720214814646,0.3888712967545782,1602.0329551048278,1601.973703125,1.0013079193888577,0.05925197982788086,-0.07406497478485106,-0.07397372342898834,8.517036586999894e-06,1601.276399630318,-0.3113972446819302,3.371299116608495e-12,fixed_training_mask_bank,fixed_training_mask_bank,-0.05502811446785927,1.3539918661117554,0.012209199368953705,1.4620462656021118,-1.2436515092849731,0.49407196044921875,0.5580432415008545,0.7699999809265137,0.7146999835968018,0.9688276648521423,0.9113202095031738,7,7,0.23000001907348633,0.28530001640319824
11,0,4000,0.4422001838684082,0.6649813409926689,0.8785423040390015,1.7101970911026,1.7711378335952759,58.484130859375,45.17988204956055,1.0005030632019043,1.2819180488586426,gaussian,1.0,8.0,16000,linear,identity,1,1,finite_k_fixed,2000,1.0,0.9,bounded_heterogenous,1.0,0.75,0.25,4000,0.0001,0.05,1024,static_mask_mae_adam,jax,cuda:0,0.4.30,bool,matched_torch_cpu_bank,torch.float32,torch.bool,128000000,32000000,160000000,128000000,32000000,256000000,256000000,0.375,0.375,0.25,2.5,1.0,2.0,100,10000,28803473,28832282.75,16000,28797534,28833650.25,16000,16000,1,1,1801.824164898125,Empirical loss on all K fixed training masks,Monte Carlo population risk; independent test samples and one independent mask per sample,1.0008502561845471,1.0013388759751447,3.401358526389231e-06,5.8158651228268354e-08,4000,8.0,1801.747708190918,1802.017671875,1.0010002179251092,-0.26996368408203125,0.29995964898003474,0.29962379203651857,1802.2556454010007,1802.103140625,1.0012541438444,0.15250477600074372,-0.16944975111193747,-0.16925199514128408,1.0688731819391251e-05,1801.74771887965,-0.2699529953502119,3.4447720283908856e-12,fixed_training_mask_bank,fixed_training_mask_bank,0.054404400289058685,1.5824713706970215,-0.0019436313305050135,1.6002312898635864,0.8473619818687439,0.5512022972106934,0.5866846442222595,0.699999988079071,0.6863999962806702,0.6629642248153687,0.6014740467071533,6,7,0.30000001192092896,0.31360000371932983
11,0,4000,0.08242012560367584,0.28708905517918276,0.4215128719806671,2.1121666431427,2.607435703277588,64.994873046875,45.17988204956055,1.0005030632019043,1.2819180488586426,gaussian,1.0,8.0,16000,linear,identity,1,1,finite_k_fixed,2000,1.0,0.95,bounded_heterogenous,1.0,0.75,0.25,4000,0.0001,0.05,1024,static_mask_mae_adam,jax,cuda:0,0.4.30,bool,matched_torch_cpu_bank,torch.float32,torch.bool,128000000,32000000,160000000,128000000,32000000,256000000,256000000,0.375,0.375,0.25,2.5,1.0,2.0,100,10000,30402018,30425833.5,16000,30397485,30435020.125,16000,16000,1,1,1901.9255073924653,Empirical loss on all K fixed training masks,Monte Carlo population risk; independent test samples and one independent mask per sample,1.0006517677922677,1.0013680637803486,4.283717134967446e-05,6.590854013666103e-07,4000,8.0,1901.3645660095215,1901.61459375,1.0007833526050804,-0.2500277404785156,0.2631870952405428,0.2629636323787654,1902.441918640137,1902.1887578125,1.0012348102153845,0.2531608276369516,-0.2664850817231069,-0.2661784500590514,1.3201041519641877e-05,1901.364579210563,-0.250014539436996,1.0143539654061673e-11,fixed_training_mask_bank,fixed_training_mask_bank,0.011520156636834145,1.8445965051651,0.05880225822329521,1.6485563516616821,0.3247147798538208,0.6550174951553345,0.6704156398773193,0.6600000262260437,0.5875999927520752,0.16043733060359955,0.11480803042650223,5,5,0.3399999737739563,0.4124000072479248
12,0,4000,0.008724971674382687,0.09340755683767073,0.13524280488491058,2.075910806655884,2.662426233291626,64.43463134765625,44.94100570678711,1.0037769079208374,1.2938884496688843,gaussian,1.0,8.0,16000,linear,identity,1,1,finite_k_fixed,2000,1.0,0.05,bounded_heterogenous,1.0,0.75,0.25,4000,0.0001,0.05,1024,static_mask_mae_adam,jax,cuda:0,0.4.30,bool,matched_torch_cpu_bank,torch.float32,torch.bool,128000000,32000000,160000000,128000000,32000000,256000000,256000000,0.375,0.375,0.25,2.5,1.0,2.0,100,10000,1599632,1610271.41015625,16000,1601692,1609429.16796875,16000,16000,1,1,100.42817954237167,Empirical loss on all K fixed training masks,Monte Carlo population risk; independent test samples and one independent mask per sample,1.004147080232262,1.0075528466049497,7.023777016001986e-06,1.0900625113663409e-07,4000,8.0,100.39161264038086,100.64196313476563,1.0066511611147126,-0.25035049438476564,5.007009887695313,4.975071761061267,100.86183337402343,100.58932299804688,1.0048306215981286,0.2725103759765625,-5.45020751953125,-5.418276370780628,1.2974442541599276e-05,100.3916256148234,-0.25033751994222403,2.6358778007495864e-11,fixed_training_mask_bank,fixed_training_mask_bank,0.15707272291183472,1.744293212890625,-0.007428102660924196,1.636910080909729,0.20679070055484772,0.6777722239494324,0.6949222087860107,0.6000000238418579,0.5288000106811523,0.06261394917964935,0.024708237498998642,5,14,0.3999999761581421,0.47119998931884766
12,0,4000,0.017123302444815636,0.13085603709732171,0.16109585762023926,1.5008097887039185,1.9420592784881592,54.787044525146484,44.94100570678711,1.0037769079208374,1.2938884496688843,gaussian,1.0,8.0,16000,linear,identity,1,1,finite_k_fixed,2000,1.0,0.1,bounded_heterogenous,1.0,0.75,0.25,4000,0.0001,0.05,1024,static_mask_mae_adam,jax,cuda:0,0.4.30,bool,matched_torch_cpu_bank,torch.float32,torch.bool,128000000,32000000,160000000,128000000,32000000,256000000,256000000,0.375,0.375,0.25,2.5,1.0,2.0,100,10000,3198977,3218057.96875,16000,3201689,3216751.421875,16000,16000,1,1,200.85635908474333,Empirical loss on all K fixed training masks,Monte Carlo population risk; independent test samples and one independent mask per sample,1.0047129183279482,1.0060585848874903,5.456523922475753e-06,9.959514812862835e-08,4000,8.0,200.87834483337406,201.128623046875,1.005964709577468,-0.2502782135009475,2.5027821350094746,2.488737900250282,201.31791903686528,201.0469638671875,1.0047045237295065,0.27095516967776345,-2.7095516967776345,-2.6954415472473237,9.38006117939949e-06,200.87835421343524,-0.2502688334397681,1.5431168495783076e-11,fixed_training_mask_bank,fixed_training_mask_bank,-0.07542234659194946,1.2460051774978638,0.02809184230864048,1.4108179807662964,0.09110333770513535,0.6915544271469116,0.6895502209663391,0.5,0.5408999919891357,0.006381227169185877,0.01131659559905529,4,4,0.5,0.45910000801086426
12,0,4000,0.29452067613601685,0.5426975917912451,-0.5697699189186096,1.0915098190307617,1.2703429460525513,46.72279357910156,44.94100570678711,1.0037769079208374,1.2938884496688843,gaussian,1.0,8.0,16000,linear,identity,1,1,finite_k_fixed,2000,1.0,0.2,bounded_heterogenous,1.0,0.75,0.25,4000,0.0001,0.05,1024,static_mask_mae_adam,jax,cuda:0,0.4.30,bool,matched_torch_cpu_bank,torch.float32,torch.bool,128000000,32000000,160000000,128000000,32000000,256000000,256000000,0.375,0.375,0.25,2.5,1.0,2.0,100,10000,6398133,6430353.71875,16000,6401700,6429586.953125,16000,16000,1,1,401.71271816948666,Empirical loss on all K fixed training masks,Monte Carlo population risk; independent test samples and one independent mask per sample,1.0043912582004635,1.004754735215292,3.7327611153159523e-06,7.989165595745362e-08,4000,8.0,401.63930337524414,401.897107421875,1.00503595638759,-0.2578040466308594,1.2890202331542968,1.2829355666910125,402.0086492767334,401.8491845703125,1.0043561793156506,0.15946470642089844,-0.7973235321044921,-0.7936544979747495,6.821936368942261e-06,401.6393101971805,-0.25779722469449046,8.51146583769058e-12,fixed_training_mask_bank,fixed_training_mask_bank,-0.01788746751844883,1.3075555562973022,-0.00782414898276329,1.2790261507034302,-0.6291791200637817,0.6249272227287292,0.6254311800003052,0.6299999952316284,0.6489999890327454,0.29244300723075867,0.2863403260707855,5,6,0.3700000047683716,0.35100001096725464
12,0,4000,0.4986051917076111,0.7061198139888237,-0.7101978063583374,1.0017199516296387,1.0534625053405762,44.759803771972656,44.94100570678711,1.0037769079208374,1.2938884496688843,gaussian,1.0,8.0,16000,linear,identity,1,1,finite_k_fixed,2000,1.0,0.3,bounded_heterogenous,1.0,0.75,0.25,4000,0.0001,0.05,1024,static_mask_mae_adam,jax,cuda:0,0.4.30,bool,matched_torch_cpu_bank,torch.float32,torch.bool,128000000,32000000,160000000,128000000,32000000,256000000,256000000,0.375,0.375,0.25,2.5,1.0,2.0,100,10000,9599863,9644675.09375,16000,9598543,9641353.0625,16000,16000,1,1,602.5690772542299,Empirical loss on all K fixed training masks,Monte Carlo population risk; independent test samples and one independent mask per sample,1.0041906602375634,1.0045944791097827,3.173535105815972e-06,7.090146425525745e-08,4000,8.0,602.5057977600097,602.792193359375,1.0046679930484426,-0.2863955993652344,0.9546519978841147,0.9502299549339899,602.6652065811157,602.58456640625,1.0044600584171994,0.08064017486572266,-0.2688005828857422,-0.26764766096354364,6.260749697685242e-06,602.5058040207595,-0.2863893386155367,6.005408843823279e-12,fixed_training_mask_bank,fixed_training_mask_bank,0.017119664698839188,1.2984715700149536,-0.006761161144822836,1.246836543083191,-0.9333416223526001,0.5735113620758057,0.579510509967804,0.699999988079071,0.6912000179290771,0.5519946813583374,0.5247204303741455,6,7,0.30000001192092896,0.30879998207092285
12,0,4000,0.6004418730735779,0.7748818445889527,0.7748027443885803,0.9900467395782471,0.9947857856750488,44.49824523925781,44.94100570678711,1.0037769079208374,1.2938884496688843,gaussian,1.0,8.0,16000,linear,identity,1,1,finite_k_fixed,2000,1.0,0.4,bounded_heterogenous,1.0,0.75,0.25,4000,0.0001,0.05,1024,static_mask_mae_adam,jax,cuda:0,0.4.30,bool,matched_torch_cpu_bank,torch.float32,torch.bool,128000000,32000000,160000000,128000000,32000000,256000000,256000000,0.375,0.375,0.25,2.5,1.0,2.0,100,10000,12799861,12855412.65625,16000,12796504,12850355.25,16000,16000,1,1,803.4254363389733,Empirical loss on all K fixed training masks,Monte Carlo population risk; independent test samples and one independent mask per sample,1.003952780275187,1.0042506582650013,2.9713987714785617e-06,6.677564812207493e-08,4000,8.0,803.1535023803709,803.463291015625,1.004340020274439,-0.30978863525402267,0.7744715881350567,0.7711332645015112,803.18109784317,803.147203125,1.0042082782922586,0.033894718170049604,-0.08473679542512401,-0.08440474682158694,6.187792122364044e-06,803.153508568163,-0.3097824474619003,5.243712582203575e-12,fixed_training_mask_bank,fixed_training_mask_bank,-0.06252245604991913,1.358094334602356,0.0126121174544096,1.2624670267105103,0.9613665342330933,0.5564489960670471,0.5616530179977417,0.699999988079071,0.7077000141143799,0.635399580001831,0.5838459134101868,6,10,0.30000001192092896,0.2922999858856201
12,0,4000,0.6549254059791565,0.8092746171598096,-0.8190668821334839,1.0143581628799438,0.9859282970428467,45.0412712097168,44.94100570678711,1.0037769079208374,1.2938884496688843,gaussian,1.0,8.0,16000,linear,identity,1,1,finite_k_fixed,2000,1.0,0.5,bounded_heterogenous,1.0,0.75,0.25,4000,0.0001,0.05,1024,static_mask_mae_adam,jax,cuda:0,0.4.30,bool,matched_torch_cpu_bank,torch.float32,torch.bool,128000000,32000000,160000000,128000000,32000000,256000000,256000000,0.375,0.375,0.25,2.5,1.0,2.0,100,10000,16001585,16066780.375,16000,15994634,16061682.375,16000,16000,1,1,1004.2817954237166,Empirical loss on all K fixed training masks,Monte Carlo population risk; independent test samples and one independent mask per sample,1.003746989470594,1.0041977003471652,2.7946211957896594e-06,6.204579250379538e-08,4000,8.0,1003.8464231567384,1004.1737734375,1.0040743073264304,-0.32735028076160233,0.6547005615232047,0.6519793474411006,1003.8609175434112,1003.8551484375,1.0041919293057908,0.005769105911254882,-0.011538211822509765,-0.011493901127757056,6.339738517999649e-06,1003.846429496477,-0.32734394102308434,4.291849861615127e-12,fixed_training_mask_bank,fixed_training_mask_bank,0.08101122826337814,1.3635112047195435,-0.008376413024961948,1.2881585359573364,-1.0816292762756348,0.5354524850845337,0.5485930442810059,0.7300000190734863,0.7196000218391418,0.7598199248313904,0.6974033713340759,6,7,0.26999998092651367,0.28039997816085815
12,0,4000,0.6665253639221191,0.8164100464362986,-0.8549255132675171,1.0858863592147827,1.0086758136749268,46.60227584838867,44.94100570678711,1.0037769079208374,1.2938884496688843,gaussian,1.0,8.0,16000,linear,identity,1,1,finite_k_fixed,2000,1.0,0.6,bounded_heterogenous,1.0,0.75,0.25,4000,0.0001,0.05,1024,static_mask_mae_adam,jax,cuda:0,0.4.30,bool,matched_torch_cpu_bank,torch.float32,torch.bool,128000000,32000000,160000000,128000000,32000000,256000000,256000000,0.375,0.375,0.25,2.5,1.0,2.0,100,10000,19201045,19283005.125,16000,19196695,19276553.25,16000,16000,1,1,1205.1381545084598,Empirical loss on all K fixed training masks,Monte Carlo population risk; independent test samples and one independent mask per sample,1.0039918539376291,1.0041466481076748,2.7203930130781373e-06,5.8374681088935176e-08,4000,8.0,1204.8557979431152,1205.1878203125,1.004268524187095,-0.33202236938476565,0.5533706156412761,0.5509885908052681,1204.76855868721,1204.784578125,1.0041599999374893,-0.016019437789916994,0.02669906298319499,0.0265930326146524,6.786789745092392e-06,1204.855804729905,-0.33201558259502056,3.960391476570679e-12,fixed_training_mask_bank,fixed_training_mask_bank,0.08812223374843597,1.385521411895752,-0.009877903386950493,1.323100209236145,-1.088631272315979,0.5245875716209412,0.5428760051727295,0.7400000095367432,0.7192999720573425,0.8062481880187988,0.7333869338035583,7,7,0.25999999046325684,0.28070002794265747
12,0,4000,0.6292204856872559,0.7932341934682694,-0.8736625909805298,1.2012379169464111,1.14444100856781,49.01505661010742,44.94100570678711,1.0037769079208374,1.2938884496688843,gaussian,1.0,8.0,16000,linear,identity,1,1,finite_k_fixed,2000,1.0,0.7,bounded_heterogenous,1.0,0.75,0.25,4000,0.0001,0.05,1024,static_mask_mae_adam,jax,cuda:0,0.4.30,bool,matched_torch_cpu_bank,torch.float32,torch.bool,128000000,32000000,160000000,128000000,32000000,256000000,256000000,0.375,0.375,0.25,2.5,1.0,2.0,100,10000,22400890,22498899.25,16000,22397931,22490791.0,16000,16000,1,1,1405.9945135932032,Empirical loss on all K fixed training masks,Monte Carlo population risk; independent test samples and one independent mask per sample,1.0041352179315963,1.0041605481606215,2.822318265316426e-06,5.7580646029009586e-08,4000,8.0,1405.8451601257323,1406.181203125,1.0043752391088032,-0.33604299926781095,0.48006142752544423,0.4779512036159339,1405.694916913986,1405.6744375,1.0041459186565045,0.020479413985973225,-0.029256305694247465,-0.0291382036117227,7.50773698091507e-06,1405.8451676334691,-0.33603549153083,3.76009032937441e-12,fixed_training_mask_bank,fixed_training_mask_bank,0.08818123489618301,1.3986310958862305,-0.011876133270561695,1.3827121257781982,-1.0364853143692017,0.5338355898857117,0.5504599809646606,0.7300000190734863,0.7177000045776367,0.7551755309104919,0.7149493098258972,7,7,0.26999998092651367,0.2822999954223633
12,0,4000,0.5941858887672424,0.7708345404606896,-0.9009642004966736,1.3528109788894653,1.302995204925537,52.015594482421875,44.94100570678711,1.0037769079208374,1.2938884496688843,gaussian,1.0,8.0,16000,linear,identity,1,1,finite_k_fixed,2000,1.0,0.8,bounded_heterogenous,1.0,0.75,0.25,4000,0.0001,0.05,1024,static_mask_mae_adam,jax,cuda:0,0.4.30,bool,matched_torch_cpu_bank,torch.float32,torch.bool,128000000,32000000,160000000,128000000,32000000,256000000,256000000,0.375,0.375,0.25,2.5,1.0,2.0,100,10000,25599559,25715580.9375,16000,25599785,25707589.375,16000,16000,1,1,1606.8508726779467,Empirical loss on all K fixed training masks,Monte Carlo population risk; independent test samples and one independent mask per sample,1.004339035451469,1.0042387575752207,3.0058515676500974e-06,5.7787506335671424e-08,4000,8.0,1606.9147746276858,1607.22380859375,1.0045321850075621,-0.3090339660642203,0.38629245758027536,0.38455623219602053,1606.7685176620485,1606.7243359375,1.0042111437654653,0.044181724548339844,-0.0552271556854248,-0.05499602335046205,8.45506861805916e-06,1606.9147830827544,-0.3090255109956022,3.522495663210723e-12,fixed_training_mask_bank,fixed_training_mask_bank,0.04010757803916931,1.4522910118103027,-0.013407418504357338,1.4652354717254639,-1.0723007917404175,0.5165070295333862,0.5643748044967651,0.7799999713897705,0.7056999802589417,0.8506518602371216,0.7610403895378113,7,7,0.2200000286102295,0.29430001974105835
12,0,4000,0.48114314675331116,0.6936448275258104,-0.927705705165863,1.7712937593460083,1.787927269935608,59.5196418762207,44.94100570678711,1.0037769079208374,1.2938884496688843,gaussian,1.0,8.0,16000,linear,identity,1,1,finite_k_fixed,2000,1.0,0.9,bounded_heterogenous,1.0,0.75,0.25,4000,0.0001,0.05,1024,static_mask_mae_adam,jax,cuda:0,0.4.30,bool,matched_torch_cpu_bank,torch.float32,torch.bool,128000000,32000000,160000000,128000000,32000000,256000000,256000000,0.375,0.375,0.25,2.5,1.0,2.0,100,10000,28800945,28926833.875,16000,28800364,28925453.25,16000,16000,1,1,1807.70723176269,Empirical loss on all K fixed training masks,Monte Carlo population risk; independent test samples and one independent mask per sample,1.0042123991816392,1.0044127169154373,3.3029853057087166e-06,5.5494037809467045e-08,4000,8.0,1807.641629821777,1807.9271171875,1.0043709980696813,-0.2854873657228891,0.3172081841365434,0.31581733910490684,1807.965740837097,1807.840828125,1.004343321841349,0.12491271209693514,-0.1387919023299279,-0.1381899447712165,1.1070585995912553e-05,1807.641640892363,-0.28547629513689315,3.477570878832048e-12,fixed_training_mask_bank,fixed_training_mask_bank,0.019599642604589462,1.5661283731460571,0.011593054048717022,1.630797028541565,-0.7061011791229248,0.5876328945159912,0.5824875235557556,0.699999988079071,0.6883999705314636,0.47700706124305725,0.5129404067993164,6,6,0.30000001192092896,0.3116000294685364
12,0,4000,0.16513478755950928,0.4063677983791399,-0.5970735549926758,2.137772798538208,2.530651807785034,65.38764953613281,44.94100570678711,1.0037769079208374,1.2938884496688843,gaussian,1.0,8.0,16000,linear,identity,1,1,finite_k_fixed,2000,1.0,0.95,bounded_heterogenous,1.0,0.75,0.25,4000,0.0001,0.05,1024,static_mask_mae_adam,jax,cuda:0,0.4.30,bool,matched_torch_cpu_bank,torch.float32,torch.bool,128000000,32000000,160000000,128000000,32000000,256000000,256000000,0.375,0.375,0.25,2.5,1.0,2.0,100,10000,30399630,30529269.75,16000,30400492,30528391.75,16000,16000,1,1,1908.1354113050616,Empirical loss on all K fixed training masks,Monte Carlo population risk; independent test samples and one independent mask per sample,1.004133415617885,1.004318288370611,3.6483347685134504e-06,5.5795464248831195e-08,4000,8.0,1907.8302690887451,1908.079359375,1.0042645173641915,-0.2490902862548828,0.26220030132092925,0.2610900694786089,1908.2356306915283,1908.024484375,1.0042071605288494,0.2111463165283203,-0.22225928055612665,-0.22132453567280663,1.3361079990863801e-05,1907.830282449825,-0.24907692517489194,3.4528018465207477e-12,fixed_training_mask_bank,fixed_training_mask_bank,0.10376615822315216,1.5048799514770508,-0.010224046185612679,1.6955004930496216,-0.3990001380443573,0.6532835960388184,0.6549720168113708,0.6000000238418579,0.6086000204086304,0.16584010422229767,0.18506063520908356,5,5,0.3999999761581421,0.39139997959136963
13,0,4000,0.0002004631533054635,0.01415850109670736,0.020186621695756912,2.1087260246276855,2.654340982437134,64.9419174194336,43.90877151489258,0.9987151026725769,1.269613265991211,gaussian,1.0,8.0,16000,linear,identity,1,1,finite_k_fixed,2000,1.0,0.05,bounded_heterogenous,1.0,0.75,0.25,4000,0.0001,0.05,1024,static_mask_mae_adam,jax,cuda:0,0.4.30,bool,matched_torch_cpu_bank,torch.float32,torch.bool,128000000,32000000,160000000,128000000,32000000,256000000,256000000,0.375,0.375,0.25,2.5,1.0,2.0,100,10000,1599178,1598187.07421875,16000,1597584,1600578.5546875,16000,16000,1,1,99.91971464532409,Empirical loss on all K fixed training masks,Monte Carlo population risk; independent test samples and one independent mask per sample,0.9968987082250225,1.0046191447083141,7.227772584883496e-06,1.1129595378633894e-07,4000,8.0,99.63865515136719,99.88669213867188,0.9993803530430947,-0.2480369873046875,4.96073974609375,4.966367030361463,100.31021697998045,100.03615966796875,1.001874427064555,0.2740573120117042,-5.481146240234083,-5.479164992365337,1.3179537653923035e-05,99.63866833090485,-0.2480238077670336,2.7276571626377866e-11,fixed_training_mask_bank,fixed_training_mask_bank,0.36693841218948364,1.5016913414001465,-0.017456134781241417,1.6301642656326294,0.02676055021584034,0.6929353475570679,0.6931307315826416,0.5600000023841858,0.5030999779701233,0.0008475064532831311,0.0005086216842755675,3,3,0.4399999976158142,0.4969000220298767
13,0,4000,0.02842560037970543,0.1685989335070226,0.20346654951572418,1.510788917541504,1.8940134048461914,54.9688835144043,43.90877151489258,0.9987151026725769,1.269613265991211,gaussian,1.0,8.0,16000,linear,identity,1,1,finite_k_fixed,2000,1.0,0.1,bounded_heterogenous,1.0,0.75,0.25,4000,0.0001,0.05,1024,static_mask_mae_adam,jax,cuda:0,0.4.30,bool,matched_torch_cpu_bank,torch.float32,torch.bool,128000000,32000000,160000000,128000000,32000000,256000000,256000000,0.375,0.375,0.25,2.5,1.0,2.0,100,10000,3202314,3203677.25,16000,3197419,3199078.0078125,16000,16000,1,1,199.83942929064818,Empirical loss on all K fixed training masks,Monte Carlo population risk; independent test samples and one independent mask per sample,0.9991861055914616,1.001796731463819,5.322208380675875e-06,9.682220536433306e-08,4000,8.0,199.98172840881347,200.229828125,1.000425707785058,-0.24809971618652343,2.480997161865234,2.478149419692155,200.19774395751952,199.94237548828124,1.0005188584331612,0.25536846923828127,-2.5536846923828125,-2.554420678604341,9.442430734634401e-06,199.9817378512442,-0.2480902737557888,1.516408873469821e-11,fixed_training_mask_bank,fixed_training_mask_bank,0.18610264360904694,1.5112197399139404,0.010524257086217403,1.3609580993652344,0.2213870882987976,0.6797236800193787,0.6871609091758728,0.550000011920929,0.5498999953269958,0.05453421175479889,0.0344238206744194,4,5,0.44999998807907104,0.45010000467300415
13,0,4000,0.22121885418891907,0.4703390842667863,-0.490608274936676,1.1286909580230713,1.3242135047912598,47.51191329956055,43.90877151489258,0.9987151026725769,1.269613265991211,gaussian,1.0,8.0,16000,linear,identity,1,1,finite_k_fixed,2000,1.0,0.2,bounded_heterogenous,1.0,0.75,0.25,4000,0.0001,0.05,1024,static_mask_mae_adam,jax,cuda:0,0.4.30,bool,matched_torch_cpu_bank,torch.float32,torch.bool,128000000,32000000,160000000,128000000,32000000,256000000,256000000,0.375,0.375,0.25,2.5,1.0,2.0,100,10000,6402379,6397871.1875,16000,6399748,6397992.5,16000,16000,1,1,399.67885858129637,Empirical loss on all K fixed training masks,Monte Carlo population risk; independent test samples and one independent mask per sample,0.9986498330896316,1.0002275165878602,3.759365199584863e-06,7.912468902304681e-08,4000,8.0,399.60841998291016,399.86694921875,0.9992959160180926,-0.2585292358398438,1.2926461791992188,1.293076291226214,400.07525305175784,399.87453125,0.9997256923241352,0.2007218017578125,-1.0036090087890626,-1.0039239114845167,7.054318487644196e-06,399.60842703722864,-0.25852218152135614,8.631154818639075e-12,fixed_training_mask_bank,fixed_training_mask_bank,-0.2133563607931137,1.3498157262802124,0.008018558844923973,1.2343231439590454,-0.6451210975646973,0.6153808832168579,0.6405399441719055,0.6600000262260437,0.6351000070571899,0.33433547616004944,0.25317835807800293,5,6,0.3399999737739563,0.36489999294281006
13,0,4000,0.4516754150390625,0.6720680137002969,-0.6545195579528809,0.9838891625404358,1.05262291431427,44.35964584350586,43.90877151489258,0.9987151026725769,1.269613265991211,gaussian,1.0,8.0,16000,linear,identity,1,1,finite_k_fixed,2000,1.0,0.3,bounded_heterogenous,1.0,0.75,0.25,4000,0.0001,0.05,1024,static_mask_mae_adam,jax,cuda:0,0.4.30,bool,matched_torch_cpu_bank,torch.float32,torch.bool,128000000,32000000,160000000,128000000,32000000,256000000,256000000,0.375,0.375,0.25,2.5,1.0,2.0,100,10000,9601741,9599986.15625,16000,9601535,9597405.4375,16000,16000,1,1,599.5182878719445,Empirical loss on all K fixed training masks,Monte Carlo population risk; independent test samples and one independent mask per sample,0.9993619180869777,0.9997375516537281,3.322364818814094e-06,7.48961070939913e-08,4000,8.0,599.7258939208984,599.999134765625,0.9998172369208875,-0.2732408447265625,0.9108028157552084,0.9108041291869817,599.9384433135987,599.83783984375,0.9995699060098203,0.10060346984863282,-0.3353448994954427,-0.33543555663273494,6.149307265877724e-06,599.7259000702057,-0.2732346954192966,6.041393947608942e-12,fixed_training_mask_bank,fixed_training_mask_bank,-0.10469290614128113,1.1764302253723145,0.011289051733911037,1.2040860652923584,-0.8996396064758301,0.5919091701507568,0.5900862216949463,0.699999988079071,0.684499979019165,0.4519596993923187,0.4672178626060486,6,6,0.30000001192092896,0.31550002098083496
13,0,4000,0.5768933892250061,0.759534982225971,-0.74098801612854,0.9873115420341492,0.9824610948562622,44.436729431152344,43.90877151489258,0.9987151026725769,1.269613265991211,gaussian,1.0,8.0,16000,linear,identity,1,1,finite_k_fixed,2000,1.0,0.4,bounded_heterogenous,1.0,0.75,0.25,4000,0.0001,0.05,1024,static_mask_mae_adam,jax,cuda:0,0.4.30,bool,matched_torch_cpu_bank,torch.float32,torch.bool,128000000,32000000,160000000,128000000,32000000,256000000,256000000,0.375,0.375,0.25,2.5,1.0,2.0,100,10000,12803324,12798783.96875,16000,12800695,12796382.3125,16000,16000,1,1,799.3577171625927,Empirical loss on all K fixed training masks,Monte Carlo population risk; independent test samples and one independent mask per sample,0.9992654588862163,0.9997478415455726,2.9109560273354873e-06,6.550788356207704e-08,4000,8.0,799.6199645080567,799.923998046875,0.9996454021432247,-0.3040335388183594,0.7600838470458984,0.7601560637278126,799.8416997833252,799.77389453125,0.9996630895822454,0.06780525207519532,-0.16951313018798828,-0.16956105353971296,6.170697137713433e-06,799.6199706787538,-0.30402736812122166,4.987001697015492e-12,fixed_training_mask_bank,fixed_training_mask_bank,-0.06155141815543175,1.164015531539917,0.009089465253055096,1.2291314601898193,-0.732227087020874,0.6191612482070923,0.5689638257026672,0.6100000143051147,0.704200029373169,0.316355437040329,0.4344502389431,6,6,0.38999998569488525,0.29579997062683105
13,0,4000,0.6040633320808411,0.7772151131320344,-0.7728322744369507,1.0256885290145874,0.9885996580123901,45.2921257019043,43.90877151489258,0.9987151026725769,1.269613265991211,gaussian,1.0,8.0,16000,linear,identity,1,1,finite_k_fixed,2000,1.0,0.5,bounded_heterogenous,1.0,0.75,0.25,4000,0.0001,0.05,1024,static_mask_mae_adam,jax,cuda:0,0.4.30,bool,matched_torch_cpu_bank,torch.float32,torch.bool,128000000,32000000,160000000,128000000,32000000,256000000,256000000,0.375,0.375,0.25,2.5,1.0,2.0,100,10000,16002978,15997223.5625,16000,15997989,15992092.4375,16000,16000,1,1,999.1971464532409,Empirical loss on all K fixed training masks,Monte Carlo population risk; independent test samples and one independent mask per sample,0.9993166556603656,0.9996709234371631,2.772548668872332e-06,6.121480566889659e-08,4000,8.0,999.5026534729004,999.82647265625,0.9996404145840856,-0.32381918334960935,0.6476383666992187,0.6477507691695639,999.5452772979736,999.50577734375,0.9996314185176649,0.03949995422363281,-0.07899990844726562,-0.07903897129768467,6.410553306341171e-06,999.5026598834537,-0.323812772796303,4.349527248787011e-12,fixed_training_mask_bank,fixed_training_mask_bank,-0.038203008472919464,1.3084555864334106,0.017851969227194786,1.2514092922210693,-0.613969624042511,0.6263313889503479,0.5728525519371033,0.6399999856948853,0.7110000252723694,0.2839004099369049,0.37897083163261414,5,13,0.36000001430511475,0.2889999747276306
13,0,4000,0.6337029337882996,0.7960546047780263,-0.8109630346298218,1.0765737295150757,1.0029431581497192,46.40202713012695,43.90877151489258,0.9987151026725769,1.269613265991211,gaussian,1.0,8.0,16000,linear,identity,1,1,finite_k_fixed,2000,1.0,0.6,bounded_heterogenous,1.0,0.75,0.25,4000,0.0001,0.05,1024,static_mask_mae_adam,jax,cuda:0,0.4.30,bool,matched_torch_cpu_bank,torch.float32,torch.bool,128000000,32000000,160000000,128000000,32000000,256000000,256000000,0.375,0.375,0.25,2.5,1.0,2.0,100,10000,19202659,19191467.1875,16000,19198259,19189584.625,16000,16000,1,1,1199.036575743889,Empirical loss on all K fixed training masks,Monte Carlo population risk; independent test samples and one independent mask per sample,0.9991467319382696,0.9995629581581139,2.8172437396278838e-06,6.07138090913395e-08,4000,8.0,1199.1421240234374,1199.46669921875,0.9994171738143139,-0.3245751953125,0.5409586588541667,0.5411991771409053,1199.3667848453522,1199.3490390625,0.999548168664669,0.01774578285217285,-0.02957630475362142,-0.029592357644325773,6.728585809469223e-06,1199.1421307520231,-0.32456846672669054,3.8202132429665525e-12,fixed_training_mask_bank,fixed_training_mask_bank,-0.058028049767017365,1.265350103378296,0.014791414141654968,1.2853946685791016,-0.6327552795410156,0.6268989443778992,0.5658470392227173,0.699999988079071,0.7139999866485596,0.2818194627761841,0.4087461531162262,5,6,0.30000001192092896,0.28600001335144043
13,0,4000,0.6162207722663879,0.7849973071714246,-0.8295215368270874,1.15836763381958,1.0935364961624146,48.132476806640625,43.90877151489258,0.9987151026725769,1.269613265991211,gaussian,1.0,8.0,16000,linear,identity,1,1,finite_k_fixed,2000,1.0,0.7,bounded_heterogenous,1.0,0.75,0.25,4000,0.0001,0.05,1024,static_mask_mae_adam,jax,cuda:0,0.4.30,bool,matched_torch_cpu_bank,torch.float32,torch.bool,128000000,32000000,160000000,128000000,32000000,256000000,256000000,0.375,0.375,0.25,2.5,1.0,2.0,100,10000,22401309,22388297.1875,16000,22398806,22387139.0625,16000,16000,1,1,1398.8760050345372,Empirical loss on all K fixed training masks,Monte Carlo population risk; independent test samples and one independent mask per sample,0.9991920782667418,0.9995028232873714,2.8571973871294176e-06,5.936110980542253e-08,4000,8.0,1398.9506559753418,1399.26857421875,0.9994191494568465,-0.3179182434082031,0.4541689191545759,0.45440632236837253,1399.229364704132,1399.19619140625,0.9994791268114916,0.03317329788208008,-0.04739042554582869,-0.047417650342218565,7.239797711372376e-06,1398.9506632151395,-0.31791100361049174,3.733413751760839e-12,fixed_training_mask_bank,fixed_training_mask_bank,-0.1652359813451767,1.3354359865188599,0.01835092157125473,1.333406686782837,-0.6417726874351501,0.6178267598152161,0.5644807815551758,0.6800000071525574,0.7174999713897705,0.3227809965610504,0.4267991781234741,5,6,0.3199999928474426,0.2825000286102295
13,0,4000,0.5670468807220459,0.7530251527817952,-0.857997715473175,1.3467305898666382,1.2584694623947144,51.89856719970703,43.90877151489258,0.9987151026725769,1.269613265991211,gaussian,1.0,8.0,16000,linear,identity,1,1,finite_k_fixed,2000,1.0,0.8,bounded_heterogenous,1.0,0.75,0.25,4000,0.0001,0.05,1024,static_mask_mae_adam,jax,cuda:0,0.4.30,bool,matched_torch_cpu_bank,torch.float32,torch.bool,128000000,32000000,160000000,128000000,32000000,256000000,256000000,0.375,0.375,0.25,2.5,1.0,2.0,100,10000,25598811,25581940.5625,16000,25595823,25579846.5,16000,16000,1,1,1598.7154343251855,Empirical loss on all K fixed training masks,Monte Carlo population risk; independent test samples and one independent mask per sample,0.9991529245054279,0.9994303127167209,3.0000824153830763e-06,5.780665190968648e-08,4000,8.0,1598.5704296569825,1598.87128515625,0.9993409679262056,-0.30085549926757815,0.37606937408447266,0.3763348582974668,1598.8275865707396,1598.74040625,0.9993758161243731,0.08718032073974609,-0.10897540092468261,-0.10906125897491847,8.417066186666488e-06,1598.5704380740488,-0.3008470822013915,3.6017185327946732e-12,fixed_training_mask_bank,fixed_training_mask_bank,-0.11605937033891678,1.4027973413467407,0.00879743043333292,1.4069772958755493,-0.64061039686203,0.6131733059883118,0.5654309988021851,0.6600000262260437,0.714900016784668,0.34575599431991577,0.4417387843132019,6,6,0.3399999737739563,0.28509998321533203
13,0,4000,0.3834006190299988,0.6191935230846644,-0.799936056137085,1.7313511371612549,1.767486572265625,58.844730377197266,43.90877151489258,0.9987151026725769,1.269613265991211,gaussian,1.0,8.0,16000,linear,identity,1,1,finite_k_fixed,2000,1.0,0.9,bounded_heterogenous,1.0,0.75,0.25,4000,0.0001,0.05,1024,static_mask_mae_adam,jax,cuda:0,0.4.30,bool,matched_torch_cpu_bank,torch.float32,torch.bool,128000000,32000000,160000000,128000000,32000000,256000000,256000000,0.375,0.375,0.25,2.5,1.0,2.0,100,10000,28799403,28782123.0,16000,28798817,28775790.5,16000,16000,1,1,1798.5548636158335,Empirical loss on all K fixed training masks,Monte Carlo population risk; independent test samples and one independent mask per sample,0.9992489677555664,0.9993031886253619,3.2472025850438513e-06,5.518256074310557e-08,4000,8.0,1798.6108574829102,1798.8826875,0.9993999875622421,-0.2718300170898437,0.3020333523220486,0.30222094968035407,1798.6718535461425,1798.48690625,0.9992004359067944,0.18494729614257813,-0.2054969957139757,-0.2056698833889925,1.0820944607257844e-05,1798.6108683038549,-0.2718191961452365,3.380488380541613e-12,fixed_training_mask_bank,fixed_training_mask_bank,-0.01738830842077732,1.4992942810058594,0.0348738469183445,1.5635569095611572,-0.38854366540908813,0.6549920439720154,0.6107316017150879,0.5899999737739563,0.6718999743461609,0.1576182246208191,0.25325074791908264,5,5,0.4100000262260437,0.3281000256538391
13,0,4000,0.12401536107063293,0.3521581478123613,-0.5089902281761169,2.1670594215393066,2.5991463661193848,65.83402252197266,43.90877151489258,0.9987151026725769,1.269613265991211,gaussian,1.0,8.0,16000,linear,identity,1,1,finite_k_fixed,2000,1.0,0.95,bounded_heterogenous,1.0,0.75,0.25,4000,0.0001,0.05,1024,static_mask_mae_adam,jax,cuda:0,0.4.30,bool,matched_torch_cpu_bank,torch.float32,torch.bool,128000000,32000000,160000000,128000000,32000000,256000000,256000000,0.375,0.375,0.25,2.5,1.0,2.0,100,10000,30400817,30383189.75,16000,30398675,30373130.5,16000,16000,1,1,1898.4745782611576,Empirical loss on all K fixed training masks,Monte Carlo population risk; independent test samples and one independent mask per sample,0.9992882181503261,0.999286607523678,3.4845545542339096e-06,5.2929387095446145e-08,4000,8.0,1898.6986406402589,1898.949359375,0.999420171832882,-0.2507187347412109,0.2639144576223273,0.2640604748129771,1898.5618008728027,1898.32065625,0.9991596837691117,0.24114462280273438,-0.2538364450555099,-0.2540610007151223,1.3544121384620669e-05,1898.6986541843803,-0.2507051906198263,3.447110218796068e-12,fixed_training_mask_bank,fixed_training_mask_bank,-0.042953915894031525,1.870125651359558,0.009471017867326736,1.6922428607940674,-0.25136545300483704,0.667621374130249,0.6655409932136536,0.5799999833106995,0.5942999720573425,0.10449692606925964,0.09948500245809555,4,8,0.42000001668930054,0.40570002794265747
14,0,4000,0.0026673832908272743,0.05164671616692851,-0.07627759128808975,2.0918970108032227,2.5110867023468018,64.6822509765625,45.66664505004883,0.9698012471199036,1.2092278003692627,gaussian,1.0,8.0,16000,linear,identity,1,1,finite_k_fixed,2000,1.0,0.05,bounded_heterogenous,1.0,0.75,0.25,4000,0.0001,0.05,1024,static_mask_mae_adam,jax,cuda:0,0.4.30,bool,matched_torch_cpu_bank,torch.float32,torch.bool,128000000,32000000,160000000,128000000,32000000,256000000,256000000,0.375,0.375,0.25,2.5,1.0,2.0,100,10000,1600213,1548370.6953125,16000,1600303,1549471.87890625,16000,16000,1,1,97.03226191849492,Empirical loss on all K fixed training masks,Monte Carlo population risk; independent test samples and one independent mask per sample,0.9652176598790091,0.9707768653078901,6.5253107095486484e-06,1.0088255919527e-07,4000,8.0,96.53461544799805,96.77316845703125,0.9676028724379192,-0.23855300903320312,4.771060180664062,4.930147743155144,97.09607061767578,96.84199243164062,0.9682365645170008,0.25407818603515625,-5.081563720703125,-5.247272999148844,1.3074356317520142e-05,96.53462852235437,-0.23853993467688558,2.528247056154953e-11,fixed_training_mask_bank,fixed_training_mask_bank,-0.10756515711545944,1.5529546737670898,-0.009980509988963604,1.5904184579849243,0.016165144741535187,0.6930688619613647,0.6936257481575012,0.5299999713897705,0.4885999858379364,0.0003134429862257093,-0.0007919479394331574,3,3,0.4700000286102295,0.5114000141620636
14,0,4000,0.003286725841462612,0.05732997332515176,0.07147812098264694,1.490783452987671,1.8677089214324951,54.60372543334961,45.66664505004883,0.9698012471199036,1.2092278003692627,gaussian,1.0,8.0,16000,linear,identity,1,1,finite_k_fixed,2000,1.0,0.1,bounded_heterogenous,1.0,0.75,0.25,4000,0.0001,0.05,1024,static_mask_mae_adam,jax,cuda:0,0.4.30,bool,matched_torch_cpu_bank,torch.float32,torch.bool,128000000,32000000,160000000,128000000,32000000,256000000,256000000,0.375,0.375,0.25,2.5,1.0,2.0,100,10000,3199741,3099210.375,16000,3199710,3102208.78125,16000,16000,1,1,194.06452383698985,Empirical loss on all K fixed training masks,Monte Carlo population risk; independent test samples and one independent mask per sample,0.9673990631744198,0.9707746068503571,5.330358817445813e-06,9.761897246107765e-08,4000,8.0,193.46415286254881,193.7006484375,0.9685816367637256,-0.23649557495117188,2.3649557495117186,2.44186663141166,194.13732608032225,193.888048828125,0.9695281076253786,0.24927725219726563,-2.492772521972656,-2.5713524242871877,9.317396581172943e-06,193.4641621799454,-0.2364862575545907,1.462216805969696e-11,fixed_training_mask_bank,fixed_training_mask_bank,-0.007015359587967396,1.2479193210601807,0.009058056399226189,1.3715585470199585,0.0882706344127655,0.6916506886482239,0.6926281452178955,0.5299999713897705,0.519599974155426,0.0059928433038294315,0.0046955314464867115,3,4,0.4700000286102295,0.480400025844574
14,0,4000,0.3302919268608093,0.5747102982031985,0.6185081005096436,1.1107712984085083,1.2097519636154175,47.13323974609375,45.66664505004883,0.9698012471199036,1.2092278003692627,gaussian,1.0,8.0,16000,linear,identity,1,1,finite_k_fixed,2000,1.0,0.2,bounded_heterogenous,1.0,0.75,0.25,4000,0.0001,0.05,1024,static_mask_mae_adam,jax,cuda:0,0.4.30,bool,matched_torch_cpu_bank,torch.float32,torch.bool,128000000,32000000,160000000,128000000,32000000,256000000,256000000,0.375,0.375,0.25,2.5,1.0,2.0,100,10000,6398806,6205956.4375,16000,6400200,6213619.46875,16000,16000,1,1,388.1290476739797,Empirical loss on all K fixed training masks,Monte Carlo population risk; independent test samples and one independent mask per sample,0.9692113451486838,0.9712269381672766,3.8412022149714176e-06,8.149667252155268e-08,4000,8.0,387.6122106628418,387.87227734375,0.9698616331703134,-0.2600666809082031,1.3003334045410155,1.3409913319364364,388.5029156036377,388.351216796875,0.9708477030014687,0.15169880676269532,-0.7584940338134766,-0.7812454304323424,6.942320615053177e-06,387.6122176051624,-0.2600597385875881,8.231522234669608e-12,fixed_training_mask_bank,fixed_training_mask_bank,-0.2525561451911926,1.2518203258514404,-0.01917317882180214,1.2680753469467163,0.9798235893249512,0.5621692538261414,0.6125174164772034,0.7200000286102295,0.6650999784469604,0.5991010069847107,0.495053231716156,7,7,0.2799999713897705,0.33490002155303955
14,0,4000,0.505855917930603,0.7112354869736205,0.7356117367744446,1.0258934497833252,1.0193551778793335,45.29665756225586,45.66664505004883,0.9698012471199036,1.2092278003692627,gaussian,1.0,8.0,16000,linear,identity,1,1,finite_k_fixed,2000,1.0,0.3,bounded_heterogenous,1.0,0.75,0.25,4000,0.0001,0.05,1024,static_mask_mae_adam,jax,cuda:0,0.4.30,bool,matched_torch_cpu_bank,torch.float32,torch.bool,128000000,32000000,160000000,128000000,32000000,256000000,256000000,0.375,0.375,0.25,2.5,1.0,2.0,100,10000,9599751,9311183.5625,16000,9600589,9316215.40625,16000,16000,1,1,582.1935715109695,Empirical loss on all K fixed training masks,Monte Carlo population risk; independent test samples and one independent mask per sample,0.969457794542503,0.970503434861787,3.1636898256692803e-06,6.984379297136911e-08,4000,8.0,581.6595895385742,581.94897265625,0.9699401122487448,-0.28938311767578123,0.9646103922526041,0.9945308996934799,582.3377875747681,582.263462890625,0.9703795679879641,0.07432468414306641,-0.2477489471435547,-0.25529571707672005,6.411834061145783e-06,581.6595959504083,-0.2893767058417201,6.1417130062246805e-12,fixed_training_mask_bank,fixed_training_mask_bank,-0.08916088193655014,1.4324915409088135,-0.025676779448986053,1.2422540187835693,1.062942624092102,0.5120054483413696,0.5657902359962463,0.7300000190734863,0.7053999900817871,0.8515423536300659,0.6267282962799072,6,7,0.26999998092651367,0.2946000099182129
14,0,4000,0.6261290907859802,0.7912831925334824,0.8136374950408936,1.0139811038970947,0.940834641456604,45.032901763916016,45.66664505004883,0.9698012471199036,1.2092278003692627,gaussian,1.0,8.0,16000,linear,identity,1,1,finite_k_fixed,2000,1.0,0.4,bounded_heterogenous,1.0,0.75,0.25,4000,0.0001,0.05,1024,static_mask_mae_adam,jax,cuda:0,0.4.30,bool,matched_torch_cpu_bank,torch.float32,torch.bool,128000000,32000000,160000000,128000000,32000000,256000000,256000000,0.375,0.375,0.25,2.5,1.0,2.0,100,10000,12798510,12413833.96875,16000,12800746,12422031.71875,16000,16000,1,1,776.2580953479594,Empirical loss on all K fixed training masks,Monte Carlo population risk; independent test samples and one independent mask per sample,0.9695498536594177,0.9704301155881773,2.7685880468197865e-06,6.147922704258235e-08,4000,8.0,775.5495935974121,775.864623046875,0.969943686315829,-0.31502944946289063,0.7875736236572265,0.8120732408851694,776.389338774681,776.376982421875,0.9704146710472967,0.01235635280609131,-0.03089088201522827,-0.0318308066464823,6.3373818993568425e-06,775.5495999347941,-0.31502311208099126,4.950281070476015e-12,fixed_training_mask_bank,fixed_training_mask_bank,-0.1181308850646019,1.478831171989441,-0.025931967422366142,1.2542827129364014,1.3656407594680786,0.44220396876335144,0.5369190573692322,0.7799999713897705,0.7243000268936157,1.289180874824524,0.8925793170928955,7,8,0.2200000286102295,0.2756999731063843
14,0,4000,0.6522743701934814,0.8076350476505347,0.8544366359710693,1.0733991861343384,0.9808897972106934,46.33355712890625,45.66664505004883,0.9698012471199036,1.2092278003692627,gaussian,1.0,8.0,16000,linear,identity,1,1,finite_k_fixed,2000,1.0,0.5,bounded_heterogenous,1.0,0.75,0.25,4000,0.0001,0.05,1024,static_mask_mae_adam,jax,cuda:0,0.4.30,bool,matched_torch_cpu_bank,torch.float32,torch.bool,128000000,32000000,160000000,128000000,32000000,256000000,256000000,0.375,0.375,0.25,2.5,1.0,2.0,100,10000,15999783,15525149.25,16000,16002509,15523653.6875,16000,16000,1,1,970.3226191849492,Empirical loss on all K fixed training masks,Monte Carlo population risk; independent test samples and one independent mask per sample,0.9699907689641596,0.9700747393668547,2.668137085493072e-06,5.7585420876193893e-08,4000,8.0,969.9776134643555,970.321828125,0.9703349882932787,-0.34421466064453127,0.6884293212890625,0.709485555549394,970.2268592119217,970.22835546875,0.970076235389088,-0.0014962568283081055,0.002992513656616211,0.0030843395162349907,6.708744913339615e-06,969.9776201731004,-0.34420795189961795,4.472016073425733e-12,fixed_training_mask_bank,fixed_training_mask_bank,-0.17647527158260345,1.505735993385315,-0.027107343077659607,1.2974475622177124,1.234106421470642,0.4628825783729553,0.5276445150375366,0.7699999809265137,0.7325999736785889,1.1513386964797974,0.8486465811729431,7,7,0.23000001907348633,0.26740002632141113
14,0,4000,0.6688379049301147,0.8178251065662602,0.8936777114868164,1.1451773643493652,1.0173190832138062,47.85764694213867,45.66664505004883,0.9698012471199036,1.2092278003692627,gaussian,1.0,8.0,16000,linear,identity,1,1,finite_k_fixed,2000,1.0,0.6,bounded_heterogenous,1.0,0.75,0.25,4000,0.0001,0.05,1024,static_mask_mae_adam,jax,cuda:0,0.4.30,bool,matched_torch_cpu_bank,torch.float32,torch.bool,128000000,32000000,160000000,128000000,32000000,256000000,256000000,0.375,0.375,0.25,2.5,1.0,2.0,100,10000,19201164,18632894.0,16000,19203578,18629507.5,16000,16000,1,1,1164.387143021939,Empirical loss on all K fixed training masks,Monte Carlo population risk; independent test samples and one independent mask per sample,0.9701099565388409,0.9700874812038456,2.732795337578864e-06,5.710258577096283e-08,4000,8.0,1164.2025233459472,1164.555875,0.9704043984000137,-0.3533516540527344,0.588919423421224,0.6068436244894837,1164.321913257599,1164.34421875,0.9701060656508906,-0.022305492401123048,0.03717582066853842,0.03831425800360222,7.157358527183533e-06,1164.2025305033058,-0.3533444966942072,3.914669803595228e-12,fixed_training_mask_bank,fixed_training_mask_bank,-0.16716618835926056,1.5868197679519653,-0.021368280053138733,1.333174228668213,1.4501835107803345,0.4034785032272339,0.5252711176872253,0.7799999713897705,0.7383999824523926,1.561599850654602,1.0436705350875854,7,8,0.2200000286102295,0.2616000175476074
14,0,4000,0.6771227717399597,0.8228746999027007,-0.9386158585548401,1.2477861642837524,1.0968981981277466,49.95570373535156,45.66664505004883,0.9698012471199036,1.2092278003692627,gaussian,1.0,8.0,16000,linear,identity,1,1,finite_k_fixed,2000,1.0,0.7,bounded_heterogenous,1.0,0.75,0.25,4000,0.0001,0.05,1024,static_mask_mae_adam,jax,cuda:0,0.4.30,bool,matched_torch_cpu_bank,torch.float32,torch.bool,128000000,32000000,160000000,128000000,32000000,256000000,256000000,0.375,0.375,0.25,2.5,1.0,2.0,100,10000,22398584,21735835.375,16000,22402665,21731758.3125,16000,16000,1,1,1358.4516668589288,Empirical loss on all K fixed training masks,Monte Carlo population risk; independent test samples and one independent mask per sample,0.970164160505463,0.9700447154797742,2.9078760235279333e-06,5.8209089104366285e-08,4000,8.0,1358.1439651794433,1358.4897109375,0.970411137373684,-0.34574575805664065,0.4939225115094867,0.5090149086488527,1358.224174744606,1358.23489453125,0.9700523715593659,-0.010719786643981934,0.015313980919974192,0.0157848788706616,7.798663526773453e-06,1358.1439729781068,-0.34573795939311386,3.653460780433937e-12,fixed_training_mask_bank,fixed_training_mask_bank,0.11721876263618469,1.6578187942504883,0.02387203276157379,1.3938387632369995,-1.3400096893310547,0.4113900661468506,0.5220183730125427,0.800000011920929,0.7350999712944031,1.4902772903442383,1.0118141174316406,7,14,0.19999998807907104,0.2649000287055969
14,0,4000,0.6161921620368958,0.7849790838212798,-0.9549240469932556,1.419231653213501,1.2718106508255005,53.2772331237793,45.66664505004883,0.9698012471199036,1.2092278003692627,gaussian,1.0,8.0,16000,linear,identity,1,1,finite_k_fixed,2000,1.0,0.8,bounded_heterogenous,1.0,0.75,0.25,4000,0.0001,0.05,1024,static_mask_mae_adam,jax,cuda:0,0.4.30,bool,matched_torch_cpu_bank,torch.float32,torch.bool,128000000,32000000,160000000,128000000,32000000,256000000,256000000,0.375,0.375,0.25,2.5,1.0,2.0,100,10000,25599187,24840990.0625,16000,25602969,24834051.5,16000,16000,1,1,1552.5161906959188,Empirical loss on all K fixed training masks,Monte Carlo population risk; independent test samples and one independent mask per sample,0.9701829461458154,0.9699955703028645,2.9094665023876587e-06,5.460993790507018e-08,4000,8.0,1552.2434164123536,1552.56187890625,0.9703819915257466,-0.3184624938964844,0.3980781173706055,0.4102412898618901,1552.1729072875976,1552.12821875,0.9699676432057548,0.04468853759765625,-0.05586067199707031,-0.0575835643701339,8.870197832584382e-06,1552.2434252825515,-0.3184536236986518,3.392055733519861e-12,fixed_training_mask_bank,fixed_training_mask_bank,0.08294425904750824,1.7830522060394287,0.02291853167116642,1.4609640836715698,-1.1363996267318726,0.4467681646347046,0.5371280312538147,0.800000011920929,0.7253999710083008,1.275315761566162,0.862903892993927,7,7,0.19999998807907104,0.2746000289916992
14,0,4000,0.4347144067287445,0.6593287546654889,-0.8915605545043945,1.7535955905914307,1.7008439302444458,59.2215461730957,45.66664505004883,0.9698012471199036,1.2092278003692627,gaussian,1.0,8.0,16000,linear,identity,1,1,finite_k_fixed,2000,1.0,0.9,bounded_heterogenous,1.0,0.75,0.25,4000,0.0001,0.05,1024,static_mask_mae_adam,jax,cuda:0,0.4.30,bool,matched_torch_cpu_bank,torch.float32,torch.bool,128000000,32000000,160000000,128000000,32000000,256000000,256000000,0.375,0.375,0.25,2.5,1.0,2.0,100,10000,28799862,27945756.0,16000,28802221,27940148.375,16000,16000,1,1,1746.5807145329086,Empirical loss on all K fixed training masks,Monte Carlo population risk; independent test samples and one independent mask per sample,0.9701926625693608,0.9701422837498473,3.1501203920925036e-06,5.3192135140989194e-08,4000,8.0,1746.3384247131348,1746.60975,0.9703433995621229,-0.2713252868652344,0.30147254096137155,0.310687933426701,1746.3907786254883,1746.2592734375,0.9700692309457662,0.13150518798828126,-0.14611687554253472,-0.15061358870216424,1.0959972441196442e-05,1746.3384356731074,-0.27131432689279317,3.215385423194217e-12,fixed_training_mask_bank,fixed_training_mask_bank,0.12501674890518188,1.7264370918273926,0.01976034790277481,1.5592440366744995,-1.065860390663147,0.4802781939506531,0.5872659087181091,0.800000011920929,0.6953999996185303,1.0834640264511108,0.7636528611183167,7,7,0.19999998807907104,0.3046000003814697
14,0,4000,0.10962987691164017,0.33110402732621685,-0.49354296922683716,2.130849599838257,2.466923236846924,65.28169250488281,45.66664505004883,0.9698012471199036,1.2092278003692627,gaussian,1.0,8.0,16000,linear,identity,1,1,finite_k_fixed,2000,1.0,0.95,bounded_heterogenous,1.0,0.75,0.25,4000,0.0001,0.05,1024,static_mask_mae_adam,jax,cuda:0,0.4.30,bool,matched_torch_cpu_bank,torch.float32,torch.bool,128000000,32000000,160000000,128000000,32000000,256000000,256000000,0.375,0.375,0.25,2.5,1.0,2.0,100,10000,30399158,29497557.875,16000,30400701,29488948.5,16000,16000,1,1,1843.6129764514035,Empirical loss on all K fixed training masks,Monte Carlo population risk; independent test samples and one independent mask per sample,0.9702142635465841,0.9701232849273078,3.587998662624159e-06,5.496179156239123e-08,4000,8.0,1843.3560432128907,1843.5973671875,0.9703412796828123,-0.241323974609375,0.25402523643092106,0.2617968314606589,1843.2767448883058,1843.05928125,0.9700088330200017,0.21746363830566406,-0.22890909295333062,-0.23598116513978695,1.3317809998989107e-05,1843.3560565307007,-0.241310656799376,3.3363843372075097e-12,fixed_training_mask_bank,fixed_training_mask_bank,0.15407830476760864,1.7972623109817505,0.02445228025317192,1.6379063129425049,-0.33893656730651855,0.6512312889099121,0.6613448262214661,0.6000000238418579,0.5986999869346619,0.1733165681362152,0.13790923357009888,5,5,0.3999999761581421,0.40130001306533813
15,0,4000,0.0002724652295000851,0.01650652081754617,0.02365892380475998,2.0682880878448486,2.6841440200805664,64.31622314453125,44.57064437866211,1.0074071884155273,1.2957239151000977,gaussian,1.0,8.0,16000,linear,identity,1,1,finite_k_fixed,2000,1.0,0.05,bounded_heterogenous,1.0,0.75,0.25,4000,0.0001,0.05,1024,static_mask_mae_adam,jax,cuda:0,0.4.30,bool,matched_torch_cpu_bank,torch.float32,torch.bool,128000000,32000000,160000000,128000000,32000000,256000000,256000000,0.375,0.375,0.25,2.5,1.0,2.0,100,10000,1598960,1611052.8515625,16000,1600382,1615843.0859375,16000,16000,1,1,100.79038112208019,Empirical loss on all K fixed training masks,Monte Carlo population risk; independent test samples and one independent mask per sample,1.0050944842052607,1.0123707259935635,7.16584145266097e-06,1.1141577971329752e-07,4000,8.0,100.44411727905273,100.69080322265626,1.0075629481428554,-0.24668594360351562,4.933718872070312,4.899870409376339,101.26124295043944,100.99019287109375,1.0096608721777052,0.2710500793456886,-5.421001586913771,-5.367849523600032,1.2926800549030305e-05,100.44413020585328,-0.24667301680296658,2.580639001104057e-11,fixed_training_mask_bank,fixed_training_mask_bank,-0.19478237628936768,1.6226606369018555,0.008589317090809345,1.63929283618927,0.07768179476261139,0.6911631226539612,0.6948630809783936,0.5699999928474426,0.5011000037193298,0.00795062631368637,0.0006135643343441188,3,4,0.4300000071525574,0.49889999628067017
15,0,4000,0.00024083707830868661,0.015518926454774075,-0.019053496420383453,1.5176030397415161,1.921583652496338,55.092708587646484,44.57064437866211,1.0074071884155273,1.2957239151000977,gaussian,1.0,8.0,16000,linear,identity,1,1,finite_k_fixed,2000,1.0,0.1,bounded_heterogenous,1.0,0.75,0.25,4000,0.0001,0.05,1024,static_mask_mae_adam,jax,cuda:0,0.4.30,bool,matched_torch_cpu_bank,torch.float32,torch.bool,128000000,32000000,160000000,128000000,32000000,256000000,256000000,0.375,0.375,0.25,2.5,1.0,2.0,100,10000,3197357,3222780.03125,16000,3200930,3231862.671875,16000,16000,1,1,201.58076224416038,Empirical loss on all K fixed training masks,Monte Carlo population risk; independent test samples and one independent mask per sample,1.006706094616414,1.0109387926541076,5.3849921641813125e-06,9.774418430197329e-08,4000,8.0,201.17492366027832,201.423751953125,1.0079512645131588,-0.24882829284667968,2.4882829284667967,2.470694646821814,202.24651934814455,201.9914169921875,1.0096636514622312,0.25510235595703123,-2.551023559570312,-2.5258732252657623,9.485018998384478e-06,201.17493314529733,-0.2488188078276813,1.5926504906560446e-11,fixed_training_mask_bank,fixed_training_mask_bank,-0.03422945365309715,1.284657597541809,0.006526770070195198,1.3712626695632935,0.13241836428642273,0.6895959973335266,0.6970107555389404,0.5400000214576721,0.49970000982284546,0.01424773782491684,0.00048165908083319664,4,4,0.4599999785423279,0.5002999901771545
15,0,4000,0.025277914479374886,0.15899029680887725,0.16770371794700623,1.1201503276824951,1.4478082656860352,47.33181381225586,44.57064437866211,1.0074071884155273,1.2957239151000977,gaussian,1.0,8.0,16000,linear,identity,1,1,finite_k_fixed,2000,1.0,0.2,bounded_heterogenous,1.0,0.75,0.25,4000,0.0001,0.05,1024,static_mask_mae_adam,jax,cuda:0,0.4.30,bool,matched_torch_cpu_bank,torch.float32,torch.bool,128000000,32000000,160000000,128000000,32000000,256000000,256000000,0.375,0.375,0.25,2.5,1.0,2.0,100,10000,6400721,6450265.890625,16000,6400643,6457833.375,16000,16000,1,1,403.16152448832077,Empirical loss on all K fixed training masks,Monte Carlo population risk; independent test samples and one independent mask per sample,1.007107996732724,1.009586780816152,4.051374162372667e-06,8.559515407569052e-08,4000,8.0,402.88858149719243,403.1416181640625,1.007740517142522,-0.253036666870059,1.265183334350295,1.255323962940924,403.87528509521485,403.6145859375,1.0089350983955832,0.26069915771484375,-1.3034957885742187,-1.2918222819391367,7.000939548015595e-06,402.888588498132,-0.25302966593051096,9.042699748718075e-12,fixed_training_mask_bank,fixed_training_mask_bank,0.02841678075492382,1.0673264265060425,-0.00464032543823123,1.2083454132080078,0.14271554350852966,0.6902977228164673,0.6888148188591003,0.49000000953674316,0.5358999967575073,0.011429420672357082,0.01607154682278633,4,4,0.5099999904632568,0.4641000032424927
15,0,4000,0.4283697009086609,0.6544995805259625,0.6481943130493164,0.9874699115753174,1.0633015632629395,44.44029235839844,44.57064437866211,1.0074071884155273,1.2957239151000977,gaussian,1.0,8.0,16000,linear,identity,1,1,finite_k_fixed,2000,1.0,0.3,bounded_heterogenous,1.0,0.75,0.25,4000,0.0001,0.05,1024,static_mask_mae_adam,jax,cuda:0,0.4.30,bool,matched_torch_cpu_bank,torch.float32,torch.bool,128000000,32000000,160000000,128000000,32000000,256000000,256000000,0.375,0.375,0.25,2.5,1.0,2.0,100,10000,9596041,9670120.0,16000,9601392,9685845.0625,16000,16000,1,1,604.7422867324811,Empirical loss on all K fixed training masks,Monte Carlo population risk; independent test samples and one independent mask per sample,1.007265728238783,1.0089908605809939,3.211631110389135e-06,7.226844900287688e-08,4000,8.0,604.1102016296387,604.3825,1.0077197460911225,-0.27229837036132815,0.9076612345377605,0.901079598967014,605.4822985534669,605.36531640625,1.0087959186022193,0.11698214721691329,-0.3899404907230443,-0.38648447159594923,6.171686947345734e-06,604.1102078013256,-0.2722921986743808,6.136367455833458e-12,fixed_training_mask_bank,fixed_training_mask_bank,-0.003306814469397068,1.0829392671585083,-0.02119574509561062,1.2172960042953491,0.6682878732681274,0.6379519701004028,0.5980331897735596,0.6100000143051147,0.6802999973297119,0.2330150157213211,0.344409704208374,5,6,0.38999998569488525,0.3197000026702881
15,0,4000,0.5381526350975037,0.7335888733463067,0.7236252427101135,0.9796119332313538,0.9834802746772766,44.263126373291016,44.57064437866211,1.0074071884155273,1.2957239151000977,gaussian,1.0,8.0,16000,linear,identity,1,1,finite_k_fixed,2000,1.0,0.4,bounded_heterogenous,1.0,0.75,0.25,4000,0.0001,0.05,1024,static_mask_mae_adam,jax,cuda:0,0.4.30,bool,matched_torch_cpu_bank,torch.float32,torch.bool,128000000,32000000,160000000,128000000,32000000,256000000,256000000,0.375,0.375,0.25,2.5,1.0,2.0,100,10000,12794720,12895854.59375,16000,12799565,12909545.53125,16000,16000,1,1,806.3230489766415,Empirical loss on all K fixed training masks,Monte Carlo population risk; independent test samples and one independent mask per sample,1.0075357937947866,1.0086593278855143,2.895112629630603e-06,6.540687991218874e-08,4000,8.0,805.6961482238771,805.990912109375,1.0079044007020084,-0.2947638854979305,0.7369097137448262,0.7314322806108997,806.9000393829346,806.846595703125,1.0085925210153626,0.053443679809570314,-0.13360919952392578,-0.13247544228134345,6.122574582695961e-06,805.6961543464517,-0.29475776292334777,4.9193340373454575e-12,fixed_training_mask_bank,fixed_training_mask_bank,-0.004767801612615585,1.1517322063446045,-0.010895059444010258,1.2247843742370605,0.7954345941543579,0.610615074634552,0.5723643898963928,0.6499999761581421,0.7059000134468079,0.3569096326828003,0.45688822865486145,6,6,0.3500000238418579,0.29409998655319214
15,0,4000,0.5938741564750671,0.7706323095193109,0.7684645056724548,1.0011180639266968,0.9852462410926819,44.7463493347168,44.57064437866211,1.0074071884155273,1.2957239151000977,gaussian,1.0,8.0,16000,linear,identity,1,1,finite_k_fixed,2000,1.0,0.5,bounded_heterogenous,1.0,0.75,0.25,4000,0.0001,0.05,1024,static_mask_mae_adam,jax,cuda:0,0.4.30,bool,matched_torch_cpu_bank,torch.float32,torch.bool,128000000,32000000,160000000,128000000,32000000,256000000,256000000,0.375,0.375,0.25,2.5,1.0,2.0,100,10000,15993851,16126460.5625,16000,15999561,16138335.6875,16000,16000,1,1,1007.9038112208019,Empirical loss on all K fixed training masks,Monte Carlo population risk; independent test samples and one independent mask per sample,1.0079780382583146,1.0087048594488646,2.8276197099330602e-06,6.319218215367073e-08,4000,8.0,1007.5906596984864,1007.90378515625,1.0082912841003708,-0.31312545776355544,0.6262509155271109,0.6213399778334239,1008.6771831092834,1008.64598046875,1.0086736559521852,0.031202640533447266,-0.06240528106689453,-0.06187035121874018,6.256987899541855e-06,1007.5906659554744,-0.3131192007756559,4.3515607783817245e-12,fixed_training_mask_bank,fixed_training_mask_bank,-0.03807174786925316,1.161017656326294,-0.01235412247478962,1.2490445375442505,0.7623642683029175,0.6148812174797058,0.5623464584350586,0.6600000262260437,0.713100016117096,0.3366878628730774,0.4679514765739441,5,6,0.3399999737739563,0.28689998388290405
15,0,4000,0.6191023588180542,0.7868305782174801,0.8120300769805908,1.0722941160202026,1.036991000175476,46.309696197509766,44.57064437866211,1.0074071884155273,1.2957239151000977,gaussian,1.0,8.0,16000,linear,identity,1,1,finite_k_fixed,2000,1.0,0.6,bounded_heterogenous,1.0,0.75,0.25,4000,0.0001,0.05,1024,static_mask_mae_adam,jax,cuda:0,0.4.30,bool,matched_torch_cpu_bank,torch.float32,torch.bool,128000000,32000000,160000000,128000000,32000000,256000000,256000000,0.375,0.375,0.25,2.5,1.0,2.0,100,10000,19194147,19349705.0,16000,19199403,19362156.375,16000,16000,1,1,1209.4845734649623,Empirical loss on all K fixed training masks,Monte Carlo population risk; independent test samples and one independent mask per sample,1.0078330767479535,1.0084990061295405,2.766345005511539e-06,5.973576122642044e-08,4000,8.0,1209.0310141601565,1209.3565625,1.0081044497575224,-0.32554833984351716,0.5425805664058619,0.5383827234055616,1210.1611777362823,1210.1347734375,1.0084770018630267,0.026404298782348633,-0.04400716463724772,-0.04363860846234857,6.701838225126266e-06,1209.0310208619946,-0.325541638005292,4.096347393234279e-12,fixed_training_mask_bank,fixed_training_mask_bank,-0.06517007201910019,1.1913995742797852,-0.014885548502206802,1.288543701171875,0.8084564208984375,0.6035865545272827,0.5566888451576233,0.6800000071525574,0.7141000032424927,0.3902473449707031,0.5161222815513611,6,6,0.3199999928474426,0.2858999967575073
15,0,4000,0.5661856532096863,0.7524530903715435,0.8032011985778809,1.1471545696258545,1.1277992725372314,47.89894485473633,44.57064437866211,1.0074071884155273,1.2957239151000977,gaussian,1.0,8.0,16000,linear,identity,1,1,finite_k_fixed,2000,1.0,0.7,bounded_heterogenous,1.0,0.75,0.25,4000,0.0001,0.05,1024,static_mask_mae_adam,jax,cuda:0,0.4.30,bool,matched_torch_cpu_bank,torch.float32,torch.bool,128000000,32000000,160000000,128000000,32000000,256000000,256000000,0.375,0.375,0.25,2.5,1.0,2.0,100,10000,22393407,22574202.25,16000,22399054,22587553.375,16000,16000,1,1,1411.0653357091226,Empirical loss on all K fixed training masks,Monte Carlo population risk; independent test samples and one independent mask per sample,1.0078484628423852,1.008457863637819,2.9051720957795624e-06,6.065210556016609e-08,4000,8.0,1410.5725514221192,1410.887640625,1.0080735928213156,-0.3150892028808594,0.45012743268694205,0.44665385649178546,1411.781384021759,1411.7220859375,1.0084155060744977,0.059298084259033206,-0.08471154894147602,-0.08400815550002605,7.1697160601615906e-06,1410.5725585918353,-0.3150820331647992,3.780240877271357e-12,fixed_training_mask_bank,fixed_training_mask_bank,-0.10893835872411728,1.2275116443634033,-0.015068850480020046,1.323322057723999,0.8071344494819641,0.5975224375724792,0.5615894794464111,0.6700000166893005,0.7077000141143799,0.4160803556442261,0.5178269743919373,6,6,0.32999998331069946,0.2922999858856201
15,0,4000,0.5053548812866211,0.7108831699278166,0.8163260221481323,1.3275870084762573,1.321986436843872,51.528385162353516,44.57064437866211,1.0074071884155273,1.2957239151000977,gaussian,1.0,8.0,16000,linear,identity,1,1,finite_k_fixed,2000,1.0,0.8,bounded_heterogenous,1.0,0.75,0.25,4000,0.0001,0.05,1024,static_mask_mae_adam,jax,cuda:0,0.4.30,bool,matched_torch_cpu_bank,torch.float32,torch.bool,128000000,32000000,160000000,128000000,32000000,256000000,256000000,0.375,0.375,0.25,2.5,1.0,2.0,100,10000,25596414,25806026.25,16000,25597555,25808040.625,16000,16000,1,1,1612.646097953283,Empirical loss on all K fixed training masks,Monte Carlo population risk; independent test samples and one independent mask per sample,1.0080011613760622,1.0082807025186264,2.9726982120337198e-06,5.7690503041385455e-08,4000,8.0,1612.5759399414062,1612.876640625,1.0081891256329891,-0.30070068359375,0.3758758544921875,0.37287499368487964,1613.0950461349487,1613.0025390625,1.008222880075851,0.09250707244873047,-0.11563384056091308,-0.11470170716831873,8.297418802976608e-06,1612.575948238825,-0.30069238617494704,3.463856805552279e-12,fixed_training_mask_bank,fixed_training_mask_bank,-0.024217957630753517,1.302962303161621,-0.01676184870302677,1.4087793827056885,0.7275334596633911,0.6024810671806335,0.576209306716919,0.699999988079071,0.6930999755859375,0.38870102167129517,0.4703744649887085,5,10,0.30000001192092896,0.3069000244140625
15,0,4000,0.33737507462501526,0.5808399733360431,-0.7483869791030884,1.6713660955429077,1.8372972011566162,57.81636428833008,44.57064437866211,1.0074071884155273,1.2957239151000977,gaussian,1.0,8.0,16000,linear,identity,1,1,finite_k_fixed,2000,1.0,0.9,bounded_heterogenous,1.0,0.75,0.25,4000,0.0001,0.05,1024,static_mask_mae_adam,jax,cuda:0,0.4.30,bool,matched_torch_cpu_bank,torch.float32,torch.bool,128000000,32000000,160000000,128000000,32000000,256000000,256000000,0.375,0.375,0.25,2.5,1.0,2.0,100,10000,28797870,29036048.5,16000,28799251,29033921.125,16000,16000,1,1,1814.2268601974436,Empirical loss on all K fixed training masks,Monte Carlo population risk; independent test samples and one independent mask per sample,1.0081184551603501,1.0082478557640049,3.2626687698211754e-06,5.6431577633020424e-08,4000,8.0,1814.479013519287,1814.75303125,1.0082706984926315,-0.27401773071289065,0.30446414523654514,0.3019890045579121,1814.798941772461,1814.6200703125,1.008148480146237,0.1788714599609375,-0.19874606662326388,-0.1971448050062108,1.0446038097143173e-05,1814.479023965325,-0.2740072846747935,3.2260988585414152e-12,fixed_training_mask_bank,fixed_training_mask_bank,0.05229668319225311,1.493605375289917,0.009925502352416515,1.5512501001358032,-0.4400961697101593,0.6457141637802124,0.614650309085846,0.6399999856948853,0.6638000011444092,0.19756954908370972,0.26767608523368835,5,5,0.36000001430511475,0.3361999988555908
15,0,4000,0.017252231016755104,0.13134774842666738,0.18835406005382538,2.070317029953003,2.6711385250091553,64.34776306152344,44.57064437866211,1.0074071884155273,1.2957239151000977,gaussian,1.0,8.0,16000,linear,identity,1,1,finite_k_fixed,2000,1.0,0.95,bounded_heterogenous,1.0,0.75,0.25,4000,0.0001,0.05,1024,static_mask_mae_adam,jax,cuda:0,0.4.30,bool,matched_torch_cpu_bank,torch.float32,torch.bool,128000000,32000000,160000000,128000000,32000000,256000000,256000000,0.375,0.375,0.25,2.5,1.0,2.0,100,10000,30399671,30650574.625,16000,30399987,30649210.375,16000,16000,1,1,1915.0172413195235,Empirical loss on all K fixed training masks,Monte Carlo population risk; independent test samples and one independent mask per sample,1.008119360757291,1.008335173499108,3.5473419757181546e-06,5.5127664211340743e-08,4000,8.0,1915.406055984497,1915.6609140625,1.0082534980395017,-0.2548580780029297,0.2682716610557155,0.2660784861581167,1915.8360103759765,1915.5756484375,1.0081981408413103,0.2603619384765625,-0.2740651983963816,-0.2718367595546667,1.293948143720627e-05,1915.4060689239784,-0.2548451385214925,3.366276224783804e-12,fixed_training_mask_bank,fixed_training_mask_bank,-0.09683503955602646,1.4685167074203491,0.020648052915930748,1.6489310264587402,0.07534317672252655,0.6916314959526062,0.6899250745773315,0.5299999713897705,0.532800018787384,0.006070481613278389,0.01029552798718214,4,4,0.4700000286102295,0.46719998121261597
16,0,4000,8.574145613238215e-05,0.009259668251745424,0.013297677971422672,2.0951056480407715,2.6560277938842773,64.73184204101562,44.370304107666016,0.9925064444541931,1.2669812440872192,gaussian,1.0,8.0,16000,linear,identity,1,1,finite_k_fixed,2000,1.0,0.05,bounded_heterogenous,1.0,0.75,0.25,4000,0.0001,0.05,1024,static_mask_mae_adam,jax,cuda:0,0.4.30,bool,matched_torch_cpu_bank,torch.float32,torch.bool,128000000,32000000,160000000,128000000,32000000,256000000,256000000,0.375,0.375,0.25,2.5,1.0,2.0,100,10000,1599299,1587593.375,16000,1601800,1591218.14453125,16000,16000,1,1,99.29986670657604,Empirical loss on all K fixed training masks,Monte Carlo population risk; independent test samples and one independent mask per sample,0.9902202193229463,0.9961569985475325,7.380147053481778e-06,1.1401107968822544e-07,4000,8.0,98.97863790893555,99.2245859375,0.9926807776407038,-0.24594802856445314,4.9189605712890625,4.9574009554320675,99.72776751708984,99.45113403320312,0.9933937723381508,0.27663348388671877,-5.532669677734375,-5.5632042123190395,1.3094410300254821e-05,98.97865100334586,-0.24593493415415288,2.5931154792879774e-11,fixed_training_mask_bank,fixed_training_mask_bank,-0.2830504775047302,1.6364890336990356,-0.028996212407946587,1.639695167541504,0.36088138818740845,0.6547996997833252,0.732400119304657,0.6000000238418579,0.5038999915122986,0.1611568033695221,0.005573043134063482,5,5,0.3999999761581421,0.4961000084877014
16,0,4000,0.008852596394717693,0.09408823728138227,-0.11406881362199783,1.4931670427322388,1.9088115692138672,54.647361755371094,44.370304107666016,0.9925064444541931,1.2669812440872192,gaussian,1.0,8.0,16000,linear,identity,1,1,finite_k_fixed,2000,1.0,0.1,bounded_heterogenous,1.0,0.75,0.25,4000,0.0001,0.05,1024,static_mask_mae_adam,jax,cuda:0,0.4.30,bool,matched_torch_cpu_bank,torch.float32,torch.bool,128000000,32000000,160000000,128000000,32000000,256000000,256000000,0.375,0.375,0.25,2.5,1.0,2.0,100,10000,3200983,3176651.5390625,16000,3203198,3181180.6328125,16000,16000,1,1,198.59973341315208,Empirical loss on all K fixed training masks,Monte Carlo population risk; independent test samples and one independent mask per sample,0.9911711564005543,0.9944362984444569,5.348934337234823e-06,9.788092825147032e-08,4000,8.0,198.29512635803223,198.54072119140625,0.9923987534649512,-0.24559483337402344,2.4559483337402344,2.4739996097551398,199.08602264404297,198.82378955078124,0.9931264420159166,0.26223309326171873,-2.6223309326171873,-2.6378442323649054,9.332294017076493e-06,198.29513569032625,-0.24558550108000635,1.5511859158268138e-11,fixed_training_mask_bank,fixed_training_mask_bank,0.19341272115707397,1.2683318853378296,-0.029175467789173126,1.392885446548462,-0.13526321947574615,0.6894584894180298,0.6907756924629211,0.5699999928474426,0.5249999761581421,0.014806441962718964,0.013581758365035057,4,4,0.4300000071525574,0.4750000238418579
16,0,4000,0.26011526584625244,0.5100149662963357,0.5252131223678589,1.0773344039916992,1.291121482849121,46.41841125488281,44.370304107666016,0.9925064444541931,1.2669812440872192,gaussian,1.0,8.0,16000,linear,identity,1,1,finite_k_fixed,2000,1.0,0.2,bounded_heterogenous,1.0,0.75,0.25,4000,0.0001,0.05,1024,static_mask_mae_adam,jax,cuda:0,0.4.30,bool,matched_torch_cpu_bank,torch.float32,torch.bool,128000000,32000000,160000000,128000000,32000000,256000000,256000000,0.375,0.375,0.25,2.5,1.0,2.0,100,10000,6401967,6355918.4375,16000,6403709,6362815.71875,16000,16000,1,1,397.19946682630416,Empirical loss on all K fixed training masks,Monte Carlo population risk; independent test samples and one independent mask per sample,0.9921680999108604,0.9940578302697312,3.8131897781568114e-06,8.214821178853526e-08,4000,8.0,396.989214630127,397.24490234375,0.9928071227952284,-0.2556877136230469,1.2784385681152344,1.2873051969426452,397.85356713867185,397.675982421875,0.9936141256184502,0.177584716796875,-0.8879235839843749,-0.8931126074820384,6.733340024948121e-06,396.989221363467,-0.25568098028302194,8.538162364624124e-12,fixed_training_mask_bank,fixed_training_mask_bank,-0.032727278769016266,1.3020644187927246,0.002342469757422805,1.2448413372039795,0.8332602977752686,0.5827792882919312,0.6394509673118591,0.7099999785423279,0.6402000188827515,0.48538559675216675,0.3486854135990143,6,6,0.2900000214576721,0.35979998111724854
16,0,4000,0.49147504568099976,0.701052812333707,-0.6905777454376221,0.9857547879219055,1.0318468809127808,44.40167999267578,44.370304107666016,0.9925064444541931,1.2669812440872192,gaussian,1.0,8.0,16000,linear,identity,1,1,finite_k_fixed,2000,1.0,0.3,bounded_heterogenous,1.0,0.75,0.25,4000,0.0001,0.05,1024,static_mask_mae_adam,jax,cuda:0,0.4.30,bool,matched_torch_cpu_bank,torch.float32,torch.bool,128000000,32000000,160000000,128000000,32000000,256000000,256000000,0.375,0.375,0.25,2.5,1.0,2.0,100,10000,9603340,9536260.6875,16000,9604171,9538485.03125,16000,16000,1,1,595.7992002394562,Empirical loss on all K fixed training masks,Monte Carlo population risk; independent test samples and one independent mask per sample,0.9925408978091379,0.9933133357303374,2.9821524094586493e-06,6.71630573378934e-08,4000,8.0,595.7317315979004,596.01629296875,0.9930150018118696,-0.28456137084960936,0.9485379028320312,0.9548778253434254,596.2469458084106,596.155314453125,0.9931606831292362,0.09163135528564453,-0.3054378509521485,-0.3074076606015552,6.16096742451191e-06,595.7317377588679,-0.28455520988218486,5.963064243774685e-12,fixed_training_mask_bank,fixed_training_mask_bank,-0.05572810024023056,1.3685113191604614,-0.015094389207661152,1.2295244932174683,-0.8745408654212952,0.5672236084938049,0.5833528637886047,0.6600000262260437,0.6834999918937683,0.566392183303833,0.4770027697086334,6,6,0.3399999737739563,0.3165000081062317
16,0,4000,0.6100154519081116,0.7810348595985404,-0.7762246131896973,1.0034116506576538,0.9759372472763062,44.79758071899414,44.370304107666016,0.9925064444541931,1.2669812440872192,gaussian,1.0,8.0,16000,linear,identity,1,1,finite_k_fixed,2000,1.0,0.4,bounded_heterogenous,1.0,0.75,0.25,4000,0.0001,0.05,1024,static_mask_mae_adam,jax,cuda:0,0.4.30,bool,matched_torch_cpu_bank,torch.float32,torch.bool,128000000,32000000,160000000,128000000,32000000,256000000,256000000,0.375,0.375,0.25,2.5,1.0,2.0,100,10000,12801617,12710853.25,16000,12803406,12714661.3125,16000,16000,1,1,794.3989336526083,Empirical loss on all K fixed training masks,Monte Carlo population risk; independent test samples and one independent mask per sample,0.9925118802557814,0.9931190000803897,2.9057164283585735e-06,6.486324366505869e-08,4000,8.0,794.1098099365234,794.428328125,0.9929099777004733,-0.3185181884765625,0.7962954711914062,0.8018802381539736,794.7066102714539,794.66633203125,0.9930686656738058,0.040278240203857424,-0.10069560050964356,-0.10137145259658809,6.2713228166103365e-06,794.1098162078463,-0.3185119171537459,5.0935995872525286e-12,fixed_training_mask_bank,fixed_training_mask_bank,-0.08152345567941666,1.328053593635559,-0.020387372002005577,1.257452368736267,-1.1292163133621216,0.5221259593963623,0.5570485591888428,0.75,0.7074999809265137,0.8101335167884827,0.6948546171188354,7,7,0.25,0.29250001907348633
16,0,4000,0.6492816805839539,0.8057801688946892,-0.8176944255828857,1.0461503267288208,0.982024073600769,45.741676330566406,44.370304107666016,0.9925064444541931,1.2669812440872192,gaussian,1.0,8.0,16000,linear,identity,1,1,finite_k_fixed,2000,1.0,0.5,bounded_heterogenous,1.0,0.75,0.25,4000,0.0001,0.05,1024,static_mask_mae_adam,jax,cuda:0,0.4.30,bool,matched_torch_cpu_bank,torch.float32,torch.bool,128000000,32000000,160000000,128000000,32000000,256000000,256000000,0.375,0.375,0.25,2.5,1.0,2.0,100,10000,16000906,15889295.875,16000,16001730,15893472.1875,16000,16000,1,1,992.9986670657604,Empirical loss on all K fixed training masks,Monte Carlo population risk; independent test samples and one independent mask per sample,0.9926855840701595,0.993246570595223,2.7397488793212688e-06,5.989613072188149e-08,4000,8.0,992.7417948913575,993.0809921875,0.9930247621603426,-0.3391972961425781,0.6783945922851562,0.6831211126001602,993.3539653806687,993.34201171875,0.9932346182256544,0.011953661918640137,-0.023907323837280274,-0.02406756540551669,6.53843954205513e-06,992.741801429797,-0.339190757703036,4.487150234711024e-12,fixed_training_mask_bank,fixed_training_mask_bank,-0.03506321832537651,1.4015624523162842,-0.019418874755501747,1.2857145071029663,-1.098050594329834,0.5171397924423218,0.545939564704895,0.75,0.718500018119812,0.8394584059715271,0.7124060392379761,6,7,0.25,0.281499981880188
16,0,4000,0.6725869178771973,0.820113966395645,-0.8639781475067139,1.1274628639221191,1.021699070930481,47.48605728149414,44.370304107666016,0.9925064444541931,1.2669812440872192,gaussian,1.0,8.0,16000,linear,identity,1,1,finite_k_fixed,2000,1.0,0.6,bounded_heterogenous,1.0,0.75,0.25,4000,0.0001,0.05,1024,static_mask_mae_adam,jax,cuda:0,0.4.30,bool,matched_torch_cpu_bank,torch.float32,torch.bool,128000000,32000000,160000000,128000000,32000000,256000000,256000000,0.375,0.375,0.25,2.5,1.0,2.0,100,10000,19201222,19065608.25,16000,19202350,19072298.125,16000,16000,1,1,1191.5984004789125,Empirical loss on all K fixed training masks,Monte Carlo population risk; independent test samples and one independent mask per sample,0.9926449096746046,0.9932232199249177,2.7897058316739276e-06,5.874789366089317e-08,4000,8.0,1191.249704864502,1191.600515625,0.9929372333698345,-0.3508107604980469,0.5846846008300781,0.5888059897558584,1192.0137435703277,1192.0186328125,0.9932272937947699,-0.004889242172241211,0.008148736953735353,0.008203298233144807,7.046642899513245e-06,1191.249711911145,-0.35080371385514736,4.076882494791212e-12,fixed_training_mask_bank,fixed_training_mask_bank,-0.024871444329619408,1.405937671661377,-0.01248560193926096,1.326238989830017,-1.1167840957641602,0.5136410593986511,0.5353235006332397,0.75,0.7236999869346619,0.862801730632782,0.7697919607162476,7,7,0.25,0.27630001306533813
16,0,4000,0.6521888375282288,0.8075820933677448,0.8918623924255371,1.238988995552063,1.1304959058761597,49.779296875,44.370304107666016,0.9925064444541931,1.2669812440872192,gaussian,1.0,8.0,16000,linear,identity,1,1,finite_k_fixed,2000,1.0,0.7,bounded_heterogenous,1.0,0.75,0.25,4000,0.0001,0.05,1024,static_mask_mae_adam,jax,cuda:0,0.4.30,bool,matched_torch_cpu_bank,torch.float32,torch.bool,128000000,32000000,160000000,128000000,32000000,256000000,256000000,0.375,0.375,0.25,2.5,1.0,2.0,100,10000,22403515,22246468.125,16000,22400374,22244595.1875,16000,16000,1,1,1390.1981338920646,Empirical loss on all K fixed training masks,Monte Carlo population risk; independent test samples and one independent mask per sample,0.9927411278553137,0.9930555383034968,2.8620445391425164e-06,5.749468101612365e-08,4000,8.0,1390.0556718139649,1390.4042578125,0.9929900787889757,-0.34858599853515626,0.49797999790736613,0.5014167593007102,1390.3009662981033,1390.28719921875,0.993045704839571,0.01376707935333252,-0.01966725621904646,-0.019804655269961557,7.743681222200394e-06,1390.055679557646,-0.34857825485393407,3.727124078117816e-12,fixed_training_mask_bank,fixed_training_mask_bank,0.03461800143122673,1.4566024541854858,0.012107889167964458,1.3830664157867432,1.0540786981582642,0.5125434398651123,0.5397405028343201,0.75,0.7218999862670898,0.8534776568412781,0.7485337257385254,7,7,0.25,0.27810001373291016
16,0,4000,0.6081505417823792,0.7798400744911608,-0.922321617603302,1.4210155010223389,1.2741271257400513,53.310699462890625,44.370304107666016,0.9925064444541931,1.2669812440872192,gaussian,1.0,8.0,16000,linear,identity,1,1,finite_k_fixed,2000,1.0,0.8,bounded_heterogenous,1.0,0.75,0.25,4000,0.0001,0.05,1024,static_mask_mae_adam,jax,cuda:0,0.4.30,bool,matched_torch_cpu_bank,torch.float32,torch.bool,128000000,32000000,160000000,128000000,32000000,256000000,256000000,0.375,0.375,0.25,2.5,1.0,2.0,100,10000,25604113,25423293.0625,16000,25600509,25427899.5625,16000,16000,1,1,1588.7978673052166,Empirical loss on all K fixed training masks,Monte Carlo population risk; independent test samples and one independent mask per sample,0.9927341167948718,0.993292649997831,2.9943812478450127e-06,5.616848142153685e-08,4000,8.0,1588.6297815856933,1588.95581640625,0.9929378558241795,-0.3260348205566406,0.40754352569580077,0.4103761944671547,1589.2998391189576,1589.24372265625,0.9932575779059706,0.05611646270751953,-0.0701455783843994,-0.07062033583338234,8.881346881389618e-06,1588.6297904670403,-0.32602593920975925,3.6073693945176677e-12,fixed_training_mask_bank,fixed_training_mask_bank,-0.03598298877477646,1.5413825511932373,-0.01505240611732006,1.4508240222930908,-0.8700628280639648,0.544874370098114,0.5462188720703125,0.7400000095367432,0.7192999720573425,0.6820523738861084,0.6373578906059265,6,7,0.25999999046325684,0.28070002794265747
16,0,4000,0.45678746700286865,0.6758605381311064,-0.8954578638076782,1.7832874059677124,1.7215616703033447,59.72080612182617,44.370304107666016,0.9925064444541931,1.2669812440872192,gaussian,1.0,8.0,16000,linear,identity,1,1,finite_k_fixed,2000,1.0,0.9,bounded_heterogenous,1.0,0.75,0.25,4000,0.0001,0.05,1024,static_mask_mae_adam,jax,cuda:0,0.4.30,bool,matched_torch_cpu_bank,torch.float32,torch.bool,128000000,32000000,160000000,128000000,32000000,256000000,256000000,0.375,0.375,0.25,2.5,1.0,2.0,100,10000,28802932,28602386.125,16000,28799173,28603399.125,16000,16000,1,1,1787.3976007183687,Empirical loss on all K fixed training masks,Monte Carlo population risk; independent test samples and one independent mask per sample,0.9928810198397564,0.9932851644237916,3.26844224218803e-06,5.4728705123352483e-08,4000,8.0,1787.3677811584473,1787.6491328125,0.9930373104029826,-0.2813516540527344,0.31261294894748265,0.3147727916943399,1787.8619555358887,1787.7124453125,0.9932021008033807,0.14951022338867187,-0.16612247043185763,-0.16726428658131454,1.1145546287298203e-05,1787.3677923039936,-0.2813405085064471,3.445714850600079e-12,fixed_training_mask_bank,fixed_training_mask_bank,-0.07083719968795776,1.656208872795105,-0.022151559591293335,1.5653889179229736,-0.6707580089569092,0.5805943012237549,0.5797610878944397,0.6600000262260437,0.6897000074386597,0.4999682307243347,0.4735456109046936,6,6,0.3399999737739563,0.31029999256134033
16,0,4000,0.23976090550422668,0.48965386295241936,-0.7286518216133118,2.249608039855957,2.4915056228637695,67.0761947631836,44.370304107666016,0.9925064444541931,1.2669812440872192,gaussian,1.0,8.0,16000,linear,identity,1,1,finite_k_fixed,2000,1.0,0.95,bounded_heterogenous,1.0,0.75,0.25,4000,0.0001,0.05,1024,static_mask_mae_adam,jax,cuda:0,0.4.30,bool,matched_torch_cpu_bank,torch.float32,torch.bool,128000000,32000000,160000000,128000000,32000000,256000000,256000000,0.375,0.375,0.25,2.5,1.0,2.0,100,10000,30400248,30187712.5,16000,30399743,30194351.375,16000,16000,1,1,1886.6974674249448,Empirical loss on all K fixed training masks,Monte Carlo population risk; independent test samples and one independent mask per sample,0.9928744142249422,0.9933596624748039,3.570442686395836e-06,5.3229655350151006e-08,4000,8.0,1886.4767765808106,1886.73203125,0.9930087576917136,-0.2552546691894531,0.2686891254625822,0.2705786141981026,1887.3674028625487,1887.1469609375,0.993243639428136,0.22044192504882812,-0.2320441316303454,-0.2336245450003105,1.4060050249099731e-05,1886.4767906408608,-0.255240609139204,3.4207411209186134e-12,fixed_training_mask_bank,fixed_training_mask_bank,-0.17952276766300201,1.6717971563339233,-0.010071500204503536,1.7409119606018066,-0.45918846130371094,0.6314640045166016,0.6345492601394653,0.6100000143051147,0.6385999917984009,0.26210924983024597,0.2662563621997833,5,6,0.38999998569488525,0.3614000082015991
17,0,4000,0.0003649176505859941,0.019102817870303695,-0.027283845469355583,2.046210527420044,2.6278669834136963,63.97202682495117,44.652732849121094,0.9895520210266113,1.2648743391036987,gaussian,1.0,8.0,16000,linear,identity,1,1,finite_k_fixed,2000,1.0,0.05,bounded_heterogenous,1.0,0.75,0.25,4000,0.0001,0.05,1024,static_mask_mae_adam,jax,cuda:0,0.4.30,bool,matched_torch_cpu_bank,torch.float32,torch.bool,128000000,32000000,160000000,128000000,32000000,256000000,256000000,0.375,0.375,0.25,2.5,1.0,2.0,100,10000,1599528,1585212.328125,16000,1599337,1581580.56640625,16000,16000,1,1,99.00504596073758,Empirical loss on all K fixed training masks,Monte Carlo population risk; independent test samples and one independent mask per sample,0.9886088255776665,0.9916014719473405,7.274496965692379e-06,1.1371371755330983e-07,4000,8.0,98.8317185974121,99.0757705078125,0.9910500648472549,-0.24405191040039062,4.881038208007812,4.926571030424487,99.11905770874023,98.84878540039062,0.9888976284586988,0.27027230834960936,-5.405446166992187,-5.468399176678851,1.2788815796375276e-05,98.8317313862279,-0.24403912158459423,2.6289892138264825e-11,fixed_training_mask_bank,fixed_training_mask_bank,-0.11173944175243378,1.8543766736984253,-0.004881826229393482,1.6365456581115723,-0.23223499953746796,0.6716545224189758,0.7106062769889832,0.5699999928474426,0.49729999899864197,0.08798757195472717,0.000570611678995192,5,5,0.4300000071525574,0.502700001001358
17,0,4000,7.5488337643037084e-06,0.0027475141062974925,0.0033496932592242956,1.490953803062439,1.9000741243362427,54.606849670410156,44.652732849121094,0.9895520210266113,1.2648743391036987,gaussian,1.0,8.0,16000,linear,identity,1,1,finite_k_fixed,2000,1.0,0.1,bounded_heterogenous,1.0,0.75,0.25,4000,0.0001,0.05,1024,static_mask_mae_adam,jax,cuda:0,0.4.30,bool,matched_torch_cpu_bank,torch.float32,torch.bool,128000000,32000000,160000000,128000000,32000000,256000000,256000000,0.375,0.375,0.25,2.5,1.0,2.0,100,10000,3199520,3163073.3203125,16000,3198782,3165877.1796875,16000,16000,1,1,198.01009192147515,Empirical loss on all K fixed training masks,Monte Carlo population risk; independent test samples and one independent mask per sample,0.98739353818417,0.9910013078439895,5.41784766028286e-06,9.921554067204852e-08,4000,8.0,197.4490858306885,197.69208251953125,0.9886087039032417,-0.24299668884277345,2.4299668884277343,2.4583350607252363,198.12482159423828,197.86732373046874,0.9897133282879234,0.25749786376953127,-2.5749786376953123,-2.602732567609678,9.318461269140244e-06,197.44909514914977,-0.2429873703815043,1.542165527224082e-11,fixed_training_mask_bank,fixed_training_mask_bank,0.05377684533596039,1.1997404098510742,-0.007045859470963478,1.3837127685546875,0.04883503541350365,0.6927214860916138,0.693315863609314,0.5400000214576721,0.5045999884605408,0.0017024674452841282,0.0008034761413000524,3,3,0.4599999785423279,0.49540001153945923
17,0,4000,0.2660543620586395,0.5158045773920967,-0.5444502234458923,1.1175832748413086,1.2602148056030273,47.27754592895508,44.652732849121094,0.9895520210266113,1.2648743391036987,gaussian,1.0,8.0,16000,linear,identity,1,1,finite_k_fixed,2000,1.0,0.2,bounded_heterogenous,1.0,0.75,0.25,4000,0.0001,0.05,1024,static_mask_mae_adam,jax,cuda:0,0.4.30,bool,matched_torch_cpu_bank,torch.float32,torch.bool,128000000,32000000,160000000,128000000,32000000,256000000,256000000,0.375,0.375,0.25,2.5,1.0,2.0,100,10000,6398312,6327257.46875,16000,6399424,6330502.125,16000,16000,1,1,396.0201838429503,Empirical loss on all K fixed training masks,Monte Carlo population risk; independent test samples and one independent mask per sample,0.9882513586170022,0.9896626918117577,3.854521764878882e-06,8.152964880991931e-08,4000,8.0,395.1962829284668,395.453591796875,0.9888948004958182,-0.2573088684082031,1.2865443420410154,1.3013353462743016,395.82944886779785,395.6563828125,0.9892299877301457,0.17306605529785157,-0.8653302764892579,-0.8748300940712994,6.984895467758179e-06,395.1962899133623,-0.25730188351273536,8.477375919302421e-12,fixed_training_mask_bank,fixed_training_mask_bank,0.0216994509100914,1.1905601024627686,-0.0012634361628443003,1.252611756324768,-0.5136964917182922,0.6520782709121704,0.6293824911117554,0.6800000071525574,0.6503999829292297,0.17099569737911224,0.2264159619808197,5,5,0.3199999928474426,0.34960001707077026
17,0,4000,0.46999454498291016,0.6855614815484532,0.6917577981948853,1.0212905406951904,1.0417025089263916,45.194923400878906,44.652732849121094,0.9895520210266113,1.2648743391036987,gaussian,1.0,8.0,16000,linear,identity,1,1,finite_k_fixed,2000,1.0,0.3,bounded_heterogenous,1.0,0.75,0.25,4000,0.0001,0.05,1024,static_mask_mae_adam,jax,cuda:0,0.4.30,bool,matched_torch_cpu_bank,torch.float32,torch.bool,128000000,32000000,160000000,128000000,32000000,256000000,256000000,0.375,0.375,0.25,2.5,1.0,2.0,100,10000,9598742,9495585.0625,16000,9602656,9501211.75,16000,16000,1,1,594.0302757644254,Empirical loss on all K fixed training masks,Monte Carlo population risk; independent test samples and one independent mask per sample,0.9887786551669675,0.9896013438855565,3.325619672978064e-06,7.35839194021537e-08,4000,8.0,593.189450378418,593.47406640625,0.989253077382432,-0.28461602783203127,0.9487200927734376,0.9591523671979019,593.925080154419,593.825734375,0.9894358133832973,0.09934577941894532,-0.33115259806315106,-0.3345957363181107,6.383065879344941e-06,593.1894567614838,-0.2846096447661519,6.180636731578648e-12,fixed_training_mask_bank,fixed_training_mask_bank,0.08248386532068253,1.062086820602417,-0.009045396000146866,1.2292821407318115,1.0738426446914673,0.575657069683075,0.5861508250236511,0.7099999785423279,0.6912000179290771,0.5241811871528625,0.5861325263977051,6,12,0.2900000214576721,0.30879998207092285
17,0,4000,0.5650538206100464,0.7517006190033678,0.7472888827323914,0.9913367629051208,0.947365939617157,44.5272216796875,44.652732849121094,0.9895520210266113,1.2648743391036987,gaussian,1.0,8.0,16000,linear,identity,1,1,finite_k_fixed,2000,1.0,0.4,bounded_heterogenous,1.0,0.75,0.25,4000,0.0001,0.05,1024,static_mask_mae_adam,jax,cuda:0,0.4.30,bool,matched_torch_cpu_bank,torch.float32,torch.bool,128000000,32000000,160000000,128000000,32000000,256000000,256000000,0.375,0.375,0.25,2.5,1.0,2.0,100,10000,12795787,12657456.34375,16000,12802174,12669702.0625,16000,16000,1,1,792.0403676859006,Empirical loss on all K fixed training masks,Monte Carlo population risk; independent test samples and one independent mask per sample,0.9888143520249819,0.9896921730927942,2.9269219794514356e-06,6.573331035042429e-08,4000,8.0,790.791114440918,791.091021484375,0.9891893592594188,-0.29990704345703123,0.7497676086425781,0.7582112179564948,791.8882128982544,791.85637890625,0.9896523873601468,0.03183399200439453,-0.07958498001098632,-0.08040344904047814,6.195854768157006e-06,790.7911206367728,-0.2999008476022631,4.946589145238267e-12,fixed_training_mask_bank,fixed_training_mask_bank,0.056854214519262314,1.1379261016845703,-0.01673397608101368,1.228293538093567,1.0492430925369263,0.5725672841072083,0.5596939325332642,0.699999988079071,0.7059000134468079,0.5494178533554077,0.6231162548065186,6,7,0.30000001192092896,0.29409998655319214
17,0,4000,0.6016324758529663,0.7756497120820495,0.7816329002380371,1.0186108350753784,0.9454944729804993,45.13559341430664,44.652732849121094,0.9895520210266113,1.2648743391036987,gaussian,1.0,8.0,16000,linear,identity,1,1,finite_k_fixed,2000,1.0,0.5,bounded_heterogenous,1.0,0.75,0.25,4000,0.0001,0.05,1024,static_mask_mae_adam,jax,cuda:0,0.4.30,bool,matched_torch_cpu_bank,torch.float32,torch.bool,128000000,32000000,160000000,128000000,32000000,256000000,256000000,0.375,0.375,0.25,2.5,1.0,2.0,100,10000,15996930,15825192.9375,16000,16004691,15841221.6875,16000,16000,1,1,990.0504596073757,Empirical loss on all K fixed training masks,Monte Carlo population risk; independent test samples and one independent mask per sample,0.9889479867557986,0.9897916414320989,2.7532219064596575e-06,6.099891436406324e-08,4000,8.0,988.7582323608399,989.07455859375,0.9892643736954528,-0.31632623291015627,0.6326524658203125,0.639640824165788,990.0818359689713,990.07635546875,0.9897861625382208,0.005480500221252441,-0.010961000442504882,-0.011070863759066185,6.366317719221115e-06,988.7582387271576,-0.31631986659243705,4.46859823449719e-12,fixed_training_mask_bank,fixed_training_mask_bank,0.03669861704111099,1.1053903102874756,-0.01355248223990202,1.2439836263656616,1.254091501235962,0.5492958426475525,0.5535199046134949,0.7699999809265137,0.7124000191688538,0.6841716170310974,0.7757013440132141,7,7,0.23000001907348633,0.28759998083114624
17,0,4000,0.625986635684967,0.7911931721678133,0.8231436610221863,1.0857257843017578,0.9979844093322754,46.598838806152344,44.652732849121094,0.9895520210266113,1.2648743391036987,gaussian,1.0,8.0,16000,linear,identity,1,1,finite_k_fixed,2000,1.0,0.6,bounded_heterogenous,1.0,0.75,0.25,4000,0.0001,0.05,1024,static_mask_mae_adam,jax,cuda:0,0.4.30,bool,matched_torch_cpu_bank,torch.float32,torch.bool,128000000,32000000,160000000,128000000,32000000,256000000,256000000,0.375,0.375,0.25,2.5,1.0,2.0,100,10000,19197520,18993187.5,16000,19204462,19010122.625,16000,16000,1,1,1188.0605515288507,Empirical loss on all K fixed training masks,Monte Carlo population risk; independent test samples and one independent mask per sample,0.9890818988425572,0.989874510940739,2.7753046651923796e-06,5.9557375919894184e-08,4000,8.0,1186.7449709167481,1187.07421875,0.989356307481383,-0.3292478332519531,0.5487463887532552,0.5547215634058578,1188.1254643831253,1188.1326640625,0.9898805092795622,-0.007199679374694824,0.011999465624491374,0.012119318982595217,6.785786151885987e-06,1186.7449777025342,-0.32924104746580124,4.040752541595305e-12,fixed_training_mask_bank,fixed_training_mask_bank,0.05279100313782692,1.099358320236206,-0.007556256838142872,1.2860068082809448,1.4683994054794312,0.5171549320220947,0.5570963621139526,0.7699999809265137,0.7226999998092651,0.868577241897583,0.9545943140983582,7,7,0.23000001907348633,0.27730000019073486
17,0,4000,0.6391857266426086,0.7994909171733027,0.8777378797531128,1.2090286016464233,1.0741183757781982,49.173744201660156,44.652732849121094,0.9895520210266113,1.2648743391036987,gaussian,1.0,8.0,16000,linear,identity,1,1,finite_k_fixed,2000,1.0,0.7,bounded_heterogenous,1.0,0.75,0.25,4000,0.0001,0.05,1024,static_mask_mae_adam,jax,cuda:0,0.4.30,bool,matched_torch_cpu_bank,torch.float32,torch.bool,128000000,32000000,160000000,128000000,32000000,256000000,256000000,0.375,0.375,0.25,2.5,1.0,2.0,100,10000,22396893,22165209.625,16000,22403904,22174240.0625,16000,16000,1,1,1386.0706434503259,Empirical loss on all K fixed training masks,Monte Carlo population risk; independent test samples and one independent mask per sample,0.9894209795762045,0.9897425163073524,2.8158108307252405e-06,5.7262486308218286e-08,4000,8.0,1384.9972382202147,1385.3256015625,0.9896555573578889,-0.32836334228515623,0.46909048897879463,0.4740594440972856,1385.8810200042724,1385.89000390625,0.9897489322619843,-0.008983901977539063,0.012834145682198662,0.012964812434290707,7.556428760290146e-06,1384.9972457766435,-0.32835578585639597,3.6352125736688334e-12,fixed_training_mask_bank,fixed_training_mask_bank,0.018688641488552094,1.1386489868164062,-0.00838784221559763,1.3480818271636963,1.1178210973739624,0.558032751083374,0.5387399196624756,0.6899999976158142,0.7257000207901001,0.6186526417732239,0.7764760851860046,6,7,0.3100000023841858,0.2742999792098999
17,0,4000,0.5833494663238525,0.7637731772744134,-0.8959833383560181,1.3804001808166504,1.2689404487609863,52.54331970214844,44.652732849121094,0.9895520210266113,1.2648743391036987,gaussian,1.0,8.0,16000,linear,identity,1,1,finite_k_fixed,2000,1.0,0.8,bounded_heterogenous,1.0,0.75,0.25,4000,0.0001,0.05,1024,static_mask_mae_adam,jax,cuda:0,0.4.30,bool,matched_torch_cpu_bank,torch.float32,torch.bool,128000000,32000000,160000000,128000000,32000000,256000000,256000000,0.375,0.375,0.25,2.5,1.0,2.0,100,10000,25597622,25330296.25,16000,25601340,25340169.8125,16000,16000,1,1,1584.0807353718012,Empirical loss on all K fixed training masks,Monte Carlo population risk; independent test samples and one independent mask per sample,0.9893613243888436,0.9898394845715657,2.923040483437944e-06,5.563105887063102e-08,4000,8.0,1582.8310751953125,1583.143515625,0.9895566177983252,-0.3124404296875,0.390550537109375,0.3947089150211358,1583.8260743713379,1583.76061328125,0.989798573531698,0.06546109008789062,-0.08182636260986327,-0.08266538457757378,8.627501130104065e-06,1582.8310838228135,-0.3124318021863699,3.4344072724623587e-12,fixed_training_mask_bank,fixed_training_mask_bank,-0.12755964696407318,1.1350064277648926,0.007700147107243538,1.431028962135315,-0.883390486240387,0.5975582003593445,0.5541612505912781,0.6399999856948853,0.7064999938011169,0.4200916588306427,0.622695803642273,6,6,0.36000001430511475,0.29350000619888306
17,0,4000,0.46813514828681946,0.6842040253366093,-0.9089519381523132,1.7702906131744385,1.7108895778656006,59.502784729003906,44.652732849121094,0.9895520210266113,1.2648743391036987,gaussian,1.0,8.0,16000,linear,identity,1,1,finite_k_fixed,2000,1.0,0.9,bounded_heterogenous,1.0,0.75,0.25,4000,0.0001,0.05,1024,static_mask_mae_adam,jax,cuda:0,0.4.30,bool,matched_torch_cpu_bank,torch.float32,torch.bool,128000000,32000000,160000000,128000000,32000000,256000000,256000000,0.375,0.375,0.25,2.5,1.0,2.0,100,10000,28798688,28500762.125,16000,28801248,28512708.75,16000,16000,1,1,1782.0908272932763,Empirical loss on all K fixed training masks,Monte Carlo population risk; independent test samples and one independent mask per sample,0.989499619271664,0.9900640943861373,3.3798692129494157e-06,5.6801862768907085e-08,4000,8.0,1781.018175720215,1781.2976328125,0.9896548802848241,-0.27945709228515625,0.3105078803168403,0.3137679937788018,1782.1925948944092,1782.044296875,0.9899817101675594,0.1482980194091797,-0.16477557712131077,-0.1664358396356036,1.1064316332340242e-05,1781.0181867845313,-0.2794460279688239,3.3433631297513644e-12,fixed_training_mask_bank,fixed_training_mask_bank,-0.003268692409619689,1.2267688512802124,0.0005242956103757024,1.5786405801773071,-0.727068305015564,0.6160904765129089,0.5788372755050659,0.6399999856948853,0.6890000104904175,0.3348621428012848,0.5183767676353455,6,6,0.36000001430511475,0.3109999895095825
17,0,4000,0.2916012406349182,0.5400011487348135,0.8123111128807068,2.2698090076446533,2.4652631282806396,67.3766860961914,44.652732849121094,0.9895520210266113,1.2648743391036987,gaussian,1.0,8.0,16000,linear,identity,1,1,finite_k_fixed,2000,1.0,0.95,bounded_heterogenous,1.0,0.75,0.25,4000,0.0001,0.05,1024,static_mask_mae_adam,jax,cuda:0,0.4.30,bool,matched_torch_cpu_bank,torch.float32,torch.bool,128000000,32000000,160000000,128000000,32000000,256000000,256000000,0.375,0.375,0.25,2.5,1.0,2.0,100,10000,30399770,30083827.75,16000,30400426,30094528.625,16000,16000,1,1,1881.095873254014,Empirical loss on all K fixed training masks,Monte Carlo population risk; independent test samples and one independent mask per sample,0.989470867893542,0.9900495363779503,3.7062022784084547e-06,5.500719169049262e-08,4000,8.0,1879.980425354004,1880.239234375,0.9896070841983344,-0.25880902099609376,0.2724305484169408,0.27529371397472246,1881.1204791870118,1880.9080390625,0.9899377273528996,0.21244012451171876,-0.22362118369654607,-0.22589102720571574,1.4186306297779084e-05,1879.9804395403103,-0.25879483468979597,3.4623384888299302e-12,fixed_training_mask_bank,fixed_training_mask_bank,0.05130833014845848,1.5102158784866333,-0.007947210222482681,1.750415325164795,0.2930823266506195,0.6700504422187805,0.630210280418396,0.5699999928474426,0.6506999731063843,0.09390831738710403,0.18966002762317657,4,10,0.4300000071525574,0.3493000268936157
18,0,4000,0.0078734140843153,0.08873226067398092,0.12569783627986908,2.0820443630218506,2.6434147357940674,64.52975463867188,43.90522766113281,1.0071698427200317,1.3007214069366455,gaussian,1.0,8.0,16000,linear,identity,1,1,finite_k_fixed,2000,1.0,0.05,bounded_heterogenous,1.0,0.75,0.25,4000,0.0001,0.05,1024,static_mask_mae_adam,jax,cuda:0,0.4.30,bool,matched_torch_cpu_bank,torch.float32,torch.bool,128000000,32000000,160000000,128000000,32000000,256000000,256000000,0.375,0.375,0.25,2.5,1.0,2.0,100,10000,1598998,1614013.60546875,16000,1597974,1608019.6484375,16000,16000,1,1,100.7651746526743,Empirical loss on all K fixed training masks,Monte Carlo population risk; independent test samples and one independent mask per sample,1.0068966427835295,1.0087910897557333,7.379539056273643e-06,1.1435871982712342e-07,4000,8.0,100.62660737609863,100.87585034179688,1.0093906343027008,-0.2492429656982422,4.984859313964844,4.941578481940656,100.75137080383301,100.50122802734376,1.0062864905420865,0.2501427764892578,-5.002855529785156,-4.977904875375305,1.3012777268886568e-05,100.6266203888759,-0.2492299529209733,2.597062669085215e-11,fixed_training_mask_bank,fixed_training_mask_bank,-0.23233459889888763,1.4956234693527222,-0.029017498716711998,1.6211150884628296,0.09071572124958038,0.690814733505249,0.6913125514984131,0.5400000214576721,0.5264999866485596,0.009323725476861,0.009062781929969788,3,7,0.4599999785423279,0.47350001335144043
18,0,4000,0.000848684401717037,0.029132188412768392,0.03486548736691475,1.4860820770263672,1.929397702217102,54.51756286621094,43.90522766113281,1.0071698427200317,1.3007214069366455,gaussian,1.0,8.0,16000,linear,identity,1,1,finite_k_fixed,2000,1.0,0.1,bounded_heterogenous,1.0,0.75,0.25,4000,0.0001,0.05,1024,static_mask_mae_adam,jax,cuda:0,0.4.30,bool,matched_torch_cpu_bank,torch.float32,torch.bool,128000000,32000000,160000000,128000000,32000000,256000000,256000000,0.375,0.375,0.25,2.5,1.0,2.0,100,10000,3199573,3231453.8515625,16000,3198118,3219664.5234375,16000,16000,1,1,201.5303493053486,Empirical loss on all K fixed training masks,Monte Carlo population risk; independent test samples and one independent mask per sample,1.008733021620556,1.00802863755291,5.440467703010654e-06,9.979294901540925e-08,4000,8.0,201.71968376159668,201.96586572265625,1.0099640956973008,-0.24618196105957033,2.461819610595703,2.4378571119303416,201.4871581420898,201.22903271484375,1.006737250919916,0.25812542724606463,-2.581254272460646,-2.5654889233788225,9.288012981414795e-06,201.71969304960967,-0.2461726730465889,1.5868223401938053e-11,fixed_training_mask_bank,fixed_training_mask_bank,-0.08324997127056122,1.340145468711853,0.014379539526998997,1.3882112503051758,-0.03084508329629898,0.6929348707199097,0.6939854621887207,0.4699999988079071,0.4844000041484833,0.0008490493637509644,-0.0012181915808469057,3,3,0.5300000011920929,0.5155999958515167
18,0,4000,0.020170414820313454,0.1420225855993104,0.14903448522090912,1.1425000429153442,1.4734182357788086,47.801673889160156,43.90522766113281,1.0071698427200317,1.3007214069366455,gaussian,1.0,8.0,16000,linear,identity,1,1,finite_k_fixed,2000,1.0,0.2,bounded_heterogenous,1.0,0.75,0.25,4000,0.0001,0.05,1024,static_mask_mae_adam,jax,cuda:0,0.4.30,bool,matched_torch_cpu_bank,torch.float32,torch.bool,128000000,32000000,160000000,128000000,32000000,256000000,256000000,0.375,0.375,0.25,2.5,1.0,2.0,100,10000,6399748,6452114.34375,16000,6397019,6445813.578125,16000,16000,1,1,403.0606986106972,Empirical loss on all K fixed training masks,Monte Carlo population risk; independent test samples and one independent mask per sample,1.0075608986777926,1.0083334450848074,3.883529188897228e-06,8.124253980668072e-08,4000,8.0,403.0084903869629,403.257146484375,1.0081825633993713,-0.24865609741210937,1.2432804870605467,1.2332383918296497,403.1455129089356,402.8633486328125,1.0076277056743148,0.2821642761231051,-1.4108213806155252,-1.400793976819692,7.140625268220902e-06,403.00849752758813,-0.24864895678684115,8.64053967264411e-12,fixed_training_mask_bank,fixed_training_mask_bank,0.021802254021167755,1.1499156951904297,-0.00023095187498256564,1.21966552734375,0.22197139263153076,0.6852806806564331,0.6901599168777466,0.5400000214576721,0.53329998254776,0.03172916918992996,0.0241341982036829,4,5,0.4599999785423279,0.46670001745224
18,0,4000,0.4270029067993164,0.6534545942904652,-0.6377360820770264,0.9882086515426636,1.041332721710205,44.45691680908203,43.90522766113281,1.0071698427200317,1.3007214069366455,gaussian,1.0,8.0,16000,linear,identity,1,1,finite_k_fixed,2000,1.0,0.3,bounded_heterogenous,1.0,0.75,0.25,4000,0.0001,0.05,1024,static_mask_mae_adam,jax,cuda:0,0.4.30,bool,matched_torch_cpu_bank,torch.float32,torch.bool,128000000,32000000,160000000,128000000,32000000,256000000,256000000,0.375,0.375,0.25,2.5,1.0,2.0,100,10000,9598798,9681286.0625,16000,9596210,9676546.0,16000,16000,1,1,604.5910479160458,Empirical loss on all K fixed training masks,Monte Carlo population risk; independent test samples and one independent mask per sample,1.0081438201705697,1.00853136615914,3.206273959222017e-06,7.212092612007837e-08,4000,8.0,604.8105552978515,605.08037890625,1.0085935824985586,-0.2698236083985539,0.8994120279951797,0.8918603802234859,604.879923828125,604.784125,1.0083716383864045,0.095798828125,-0.31932942708333334,-0.3168033821157046,6.176304072141648e-06,604.8105614741555,-0.2698174320944818,5.960161184037638e-12,fixed_training_mask_bank,fixed_training_mask_bank,0.00909033790230751,1.1547565460205078,-0.0034762087743729353,1.1998200416564941,-1.0786958932876587,0.5611608028411865,0.6025863289833069,0.6899999976158142,0.6794000267982483,0.6003226041793823,0.5397769808769226,6,7,0.3100000023841858,0.3205999732017517
18,0,4000,0.5101208686828613,0.7142274628455989,-0.6936767101287842,0.9786753058433533,0.9679465889930725,44.2419548034668,43.90522766113281,1.0071698427200317,1.3007214069366455,gaussian,1.0,8.0,16000,linear,identity,1,1,finite_k_fixed,2000,1.0,0.4,bounded_heterogenous,1.0,0.75,0.25,4000,0.0001,0.05,1024,static_mask_mae_adam,jax,cuda:0,0.4.30,bool,matched_torch_cpu_bank,torch.float32,torch.bool,128000000,32000000,160000000,128000000,32000000,256000000,256000000,0.375,0.375,0.25,2.5,1.0,2.0,100,10000,12799698,12901554.84375,16000,12796380,12899311.34375,16000,16000,1,1,806.1213972213944,Empirical loss on all K fixed training masks,Monte Carlo population risk; independent test samples and one independent mask per sample,1.007598697233728,1.0081107192488075,2.9629172786371782e-06,6.697075605188729e-08,4000,8.0,806.0599393615721,806.347177734375,1.0079577536712194,-0.2872383728028508,0.718095932007127,0.7124434256964296,806.2604903488159,806.206958984375,1.008043786113729,0.05353136444091797,-0.1338284111022949,-0.1327980708785148,6.116720661520959e-06,806.0599454782928,-0.2872322560821893,4.826633884236209e-12,fixed_training_mask_bank,fixed_training_mask_bank,0.044803112745285034,1.182479739189148,-0.0027753415051847696,1.2022314071655273,-1.0569947957992554,0.5614671111106873,0.580726683139801,0.6700000166893005,0.6891000270843506,0.6006170511245728,0.5724593997001648,6,7,0.32999998331069946,0.3108999729156494
18,0,4000,0.589236855506897,0.7676176492935118,-0.7528647184371948,0.9980251789093018,0.9599055647850037,44.67718505859375,43.90522766113281,1.0071698427200317,1.3007214069366455,gaussian,1.0,8.0,16000,linear,identity,1,1,finite_k_fixed,2000,1.0,0.5,bounded_heterogenous,1.0,0.75,0.25,4000,0.0001,0.05,1024,static_mask_mae_adam,jax,cuda:0,0.4.30,bool,matched_torch_cpu_bank,torch.float32,torch.bool,128000000,32000000,160000000,128000000,32000000,256000000,256000000,0.375,0.375,0.25,2.5,1.0,2.0,100,10000,15997426,16124189.5625,16000,15997815,16125459.6875,16000,16000,1,1,1007.651746526743,Empirical loss on all K fixed training masks,Monte Carlo population risk; independent test samples and one independent mask per sample,1.0076186011917831,1.007993543879307,2.8266329081816366e-06,6.326793311473011e-08,4000,8.0,1007.4565005493164,1007.76184765625,1.0079239974293364,-0.30534710693359374,0.6106942138671875,0.6059906070938759,1007.8558897609711,1007.84123046875,1.007978882584903,0.014659292221069336,-0.02931858444213867,-0.029090479289450855,6.237657368183136e-06,1007.4565067869737,-0.30534086927622556,4.459554687336054e-12,fixed_training_mask_bank,fixed_training_mask_bank,-0.0486791618168354,1.186679482460022,0.003674259874969721,1.2357813119888306,-1.1121034622192383,0.5501388311386108,0.5639477372169495,0.6800000071525574,0.7027999758720398,0.6589353680610657,0.6568480730056763,7,7,0.3199999928474426,0.2972000241279602
18,0,4000,0.5954208970069885,0.7716352098025261,0.7720069289207458,1.038522481918335,0.9863689541816711,45.57461166381836,43.90522766113281,1.0071698427200317,1.3007214069366455,gaussian,1.0,8.0,16000,linear,identity,1,1,finite_k_fixed,2000,1.0,0.6,bounded_heterogenous,1.0,0.75,0.25,4000,0.0001,0.05,1024,static_mask_mae_adam,jax,cuda:0,0.4.30,bool,matched_torch_cpu_bank,torch.float32,torch.bool,128000000,32000000,160000000,128000000,32000000,256000000,256000000,0.375,0.375,0.25,2.5,1.0,2.0,100,10000,19198239,19342026.3125,16000,19198709,19351453.4375,16000,16000,1,1,1209.1820958320916,Empirical loss on all K fixed training masks,Monte Carlo population risk; independent test samples and one independent mask per sample,1.0072359623133518,1.0079573764861118,2.636817498569144e-06,5.7857160840057986e-08,4000,8.0,1208.5722958679198,1208.87664453125,1.0074896094636596,-0.30434866333007815,0.507247772216797,0.5035231091723436,1209.467522222519,1209.46583984375,1.0079559744095292,0.0016823787689208985,-0.002803964614868164,-0.0027820194890004757,6.490765511989594e-06,1208.5723023586854,-0.30434217256456614,3.7827466853324054e-12,fixed_training_mask_bank,fixed_training_mask_bank,0.07295897603034973,1.2273473739624023,0.0067930519580841064,1.2640142440795898,1.1412583589553833,0.5372961163520813,0.5634822249412537,0.6899999976158142,0.7024999856948853,0.726818859577179,0.6938203573226929,7,7,0.3100000023841858,0.29750001430511475
18,0,4000,0.5923263430595398,0.7696274053459504,0.8081471920013428,1.1439772844314575,1.1109422445297241,47.83256530761719,43.90522766113281,1.0071698427200317,1.3007214069366455,gaussian,1.0,8.0,16000,linear,identity,1,1,finite_k_fixed,2000,1.0,0.7,bounded_heterogenous,1.0,0.75,0.25,4000,0.0001,0.05,1024,static_mask_mae_adam,jax,cuda:0,0.4.30,bool,matched_torch_cpu_bank,torch.float32,torch.bool,128000000,32000000,160000000,128000000,32000000,256000000,256000000,0.375,0.375,0.25,2.5,1.0,2.0,100,10000,22400128,22569683.8125,16000,22398644,22577303.75,16000,16000,1,1,1410.71244513744,Empirical loss on all K fixed training masks,Monte Carlo population risk; independent test samples and one independent mask per sample,1.007348522897531,1.0079988452120547,2.8238903269084403e-06,5.9036981525650845e-08,4000,8.0,1410.2959908447265,1410.60523828125,1.0075694126613919,-0.3092474365234375,0.4417820521763393,0.43846063821550985,1411.1129553947449,1411.081484375,1.0079763645513542,0.03147101974487305,-0.04495859963553293,-0.04460553142182633,7.14985802769661e-06,1410.2959979945845,-0.3092402866654098,3.681592791043853e-12,fixed_training_mask_bank,fixed_training_mask_bank,0.06871425360441208,1.3100793361663818,0.004875232465565205,1.324433445930481,1.1545933485031128,0.5248550176620483,0.5656912326812744,0.6899999976158142,0.7037000060081482,0.8058168888092041,0.7350728511810303,7,7,0.3100000023841858,0.2962999939918518
18,0,4000,0.5538511872291565,0.7442117892301603,0.8477028012275696,1.346144437789917,1.3346308469772339,51.88726806640625,43.90522766113281,1.0071698427200317,1.3007214069366455,gaussian,1.0,8.0,16000,linear,identity,1,1,finite_k_fixed,2000,1.0,0.8,bounded_heterogenous,1.0,0.75,0.25,4000,0.0001,0.05,1024,static_mask_mae_adam,jax,cuda:0,0.4.30,bool,matched_torch_cpu_bank,torch.float32,torch.bool,128000000,32000000,160000000,128000000,32000000,256000000,256000000,0.375,0.375,0.25,2.5,1.0,2.0,100,10000,25599196,25796540.5625,16000,25598836,25800293.625,16000,16000,1,1,1612.2427944427889,Empirical loss on all K fixed training masks,Monte Carlo population risk; independent test samples and one independent mask per sample,1.0075174867102332,1.0079204209808312,2.933034011221025e-06,5.652704615499715e-08,4000,8.0,1611.977350982666,1612.28378515625,1.0077090140838798,-0.3064341735839844,0.3830427169799805,0.380124363223322,1612.5993473587037,1612.5183515625,1.0078697963063632,0.08099579620361329,-0.1012447452545166,-0.10045875896569356,8.413402736186982e-06,1611.9773593960688,-0.30642576018124823,3.4261087890341546e-12,fixed_training_mask_bank,fixed_training_mask_bank,-0.014037055894732475,1.4567995071411133,0.013367591425776482,1.428087592124939,0.9621753096580505,0.5360345244407654,0.571511447429657,0.7099999785423279,0.6970000267028809,0.7300208210945129,0.6425679922103882,6,7,0.2900000214576721,0.30299997329711914
18,0,4000,0.34482717514038086,0.5872198695040732,0.7336637377738953,1.6195342540740967,1.7984205484390259,56.912811279296875,43.90522766113281,1.0071698427200317,1.3007214069366455,gaussian,1.0,8.0,16000,linear,identity,1,1,finite_k_fixed,2000,1.0,0.9,bounded_heterogenous,1.0,0.75,0.25,4000,0.0001,0.05,1024,static_mask_mae_adam,jax,cuda:0,0.4.30,bool,matched_torch_cpu_bank,torch.float32,torch.bool,128000000,32000000,160000000,128000000,32000000,256000000,256000000,0.375,0.375,0.25,2.5,1.0,2.0,100,10000,28802240,29024533.625,16000,28799636,29022190.5,16000,16000,1,1,1813.7731437481373,Empirical loss on all K fixed training masks,Monte Carlo population risk; independent test samples and one independent mask per sample,1.0075724631444953,1.007813861694592,3.260793164372444e-06,5.72945424437421e-08,4000,8.0,1813.7714938049319,1814.0333515625,1.0077179283625162,-0.26185775756812657,0.2909530639645851,0.28870225273713856,1814.0420232849121,1813.88690625,1.007727684474901,0.15511703491210938,-0.17235226101345485,-0.17103275223773196,1.0122089087963105e-05,1813.771503927021,-0.2618476354790386,3.207240462793637e-12,fixed_training_mask_bank,fixed_training_mask_bank,-0.0469183586537838,1.5894345045089722,0.010297682136297226,1.514485239982605,0.5683001279830933,0.612285852432251,0.6182247400283813,0.6100000143051147,0.657800018787384,0.3488943874835968,0.3213828504085541,5,6,0.38999998569488525,0.34219998121261597
18,0,4000,0.00041290995432063937,0.02032018588302379,0.028875300660729408,2.0950539112091064,2.6678404808044434,64.73104858398438,43.90522766113281,1.0071698427200317,1.3007214069366455,gaussian,1.0,8.0,16000,linear,identity,1,1,finite_k_fixed,2000,1.0,0.95,bounded_heterogenous,1.0,0.75,0.25,4000,0.0001,0.05,1024,static_mask_mae_adam,jax,cuda:0,0.4.30,bool,matched_torch_cpu_bank,torch.float32,torch.bool,128000000,32000000,160000000,128000000,32000000,256000000,256000000,0.375,0.375,0.25,2.5,1.0,2.0,100,10000,30402315,30638195.5,16000,30400897,30639171.75,16000,16000,1,1,1914.5383184008115,Empirical loss on all K fixed training masks,Monte Carlo population risk; independent test samples and one independent mask per sample,1.007627180659585,1.0079795508313352,3.4180591228505364e-06,5.2804018935148633e-08,4000,8.0,1914.637434310913,1914.88721875,1.007758636143333,-0.24978443908691406,0.2629309885125411,0.2608868414193388,1915.2176564331053,1914.948234375,1.0078377539320633,0.2694220581052359,-0.2836021664265641,-0.2813883459289457,1.3094086945056916e-05,1914.6374474049999,-0.249771344999969,3.4160519465226136e-12,fixed_training_mask_bank,fixed_training_mask_bank,0.0053745461627841,1.6219900846481323,-0.0002791303559206426,1.626206398010254,0.2235814332962036,0.6775140166282654,0.7049777507781982,0.5899999737739563,0.5067999958992004,0.06337907910346985,0.008866745978593826,4,5,0.4100000262260437,0.49320000410079956
19,0,4000,0.0032127979211509228,0.05668154833057159,0.07873552292585373,2.07114577293396,2.705195426940918,64.36063385009766,43.16568374633789,1.0160800218582153,1.3179312944412231,gaussian,1.0,8.0,16000,linear,identity,1,1,finite_k_fixed,2000,1.0,0.05,bounded_heterogenous,1.0,0.75,0.25,4000,0.0001,0.05,1024,static_mask_mae_adam,jax,cuda:0,0.4.30,bool,matched_torch_cpu_bank,torch.float32,torch.bool,128000000,32000000,160000000,128000000,32000000,256000000,256000000,0.375,0.375,0.25,2.5,1.0,2.0,100,10000,1598165,1624458.34375,16000,1600833,1627071.125,16000,16000,1,1,101.65458616355102,Empirical loss on all K fixed training masks,Monte Carlo population risk; independent test samples and one independent mask per sample,1.0139262971920628,1.019014534761941,7.165097940742271e-06,1.1132733135355011e-07,4000,8.0,101.27634504699706,101.528646484375,1.0164522084703393,-0.2523014373779297,5.046028747558593,4.97005418892793,101.95450592041014,101.6919453125,1.0163902949277033,0.2625606079101417,-5.251212158202834,-5.163842762635706,1.294466108083725e-05,101.27635799165814,-0.2522884927168489,2.7105116762182746e-11,fixed_training_mask_bank,fixed_training_mask_bank,-0.1770574003458023,1.3278018236160278,0.021991189569234848,1.6339130401611328,-0.09830331057310104,0.6910116672515869,0.69871586561203,0.5099999904632568,0.4878999888896942,0.008556305430829525,-0.004708091728389263,3,4,0.49000000953674316,0.5121000111103058
19,0,4000,0.015333535149693489,0.1238286523777655,0.14636267721652985,1.499584674835205,1.9788906574249268,54.76467514038086,43.16568374633789,1.0160800218582153,1.3179312944412231,gaussian,1.0,8.0,16000,linear,identity,1,1,finite_k_fixed,2000,1.0,0.1,bounded_heterogenous,1.0,0.75,0.25,4000,0.0001,0.05,1024,static_mask_mae_adam,jax,cuda:0,0.4.30,bool,matched_torch_cpu_bank,torch.float32,torch.bool,128000000,32000000,160000000,128000000,32000000,256000000,256000000,0.375,0.375,0.25,2.5,1.0,2.0,100,10000,3198710,3253434.3515625,16000,3199893,3253060.453125,16000,16000,1,1,203.30917232710203,Empirical loss on all K fixed training masks,Monte Carlo population risk; independent test samples and one independent mask per sample,1.015841807829123,1.017947046484982,5.642693849949865e-06,1.0303529762722974e-07,4000,8.0,203.08645932006837,203.33964697265625,1.0171082566292349,-0.2531876525878906,2.5318765258789058,2.4902930280186197,203.58260177612306,203.3162783203125,1.0166153846784878,0.2663234558105469,-2.6632345581054686,-2.6197947160038204,9.372404217720032e-06,203.08646869247258,-0.2531782801836729,1.5655815185922073e-11,fixed_training_mask_bank,fixed_training_mask_bank,-0.1561170369386673,1.3266717195510864,-0.006327442359179258,1.3904805183410645,0.12481503188610077,0.6897518634796143,0.6906092762947083,0.5299999713897705,0.5340999960899353,0.013640934601426125,0.012577506713569164,4,4,0.4700000286102295,0.4659000039100647
19,0,4000,0.0836268961429596,0.28918315328345046,-0.2934471368789673,1.1052651405334473,1.4343394041061401,47.01628112792969,43.16568374633789,1.0160800218582153,1.3179312944412231,gaussian,1.0,8.0,16000,linear,identity,1,1,finite_k_fixed,2000,1.0,0.2,bounded_heterogenous,1.0,0.75,0.25,4000,0.0001,0.05,1024,static_mask_mae_adam,jax,cuda:0,0.4.30,bool,matched_torch_cpu_bank,torch.float32,torch.bool,128000000,32000000,160000000,128000000,32000000,256000000,256000000,0.375,0.375,0.25,2.5,1.0,2.0,100,10000,6397612,6505733.4375,16000,6399553,6507255.515625,16000,16000,1,1,406.61834465420407,Empirical loss on all K fixed training masks,Monte Carlo population risk; independent test samples and one independent mask per sample,1.0162697069564297,1.0174327044963019,3.968185865232954e-06,8.440025567324483e-08,4000,8.0,406.35620452880863,406.60833984375,1.0169002805265466,-0.25213531494134805,1.26067657470674,1.2401876215242247,406.9446572723389,406.7034697265625,1.0168296935153127,0.2411875457763672,-1.2059377288818358,-1.1860609202005712,6.907907128334046e-06,406.35621143671574,-0.25212840703421974,8.688007778479001e-12,fixed_training_mask_bank,fixed_training_mask_bank,0.15807150304317474,1.3146979808807373,-0.008274088613688946,1.231345534324646,0.024819403886795044,0.6930134296417236,0.6961575746536255,0.5899999737739563,0.42239999771118164,0.0005347098340280354,-0.00578736886382103,3,3,0.4100000262260437,0.5776000022888184
19,0,4000,0.36951348185539246,0.6078762060283265,-0.5810098648071289,0.9805944561958313,1.1531846523284912,44.285308837890625,43.16568374633789,1.0160800218582153,1.3179312944412231,gaussian,1.0,8.0,16000,linear,identity,1,1,finite_k_fixed,2000,1.0,0.3,bounded_heterogenous,1.0,0.75,0.25,4000,0.0001,0.05,1024,static_mask_mae_adam,jax,cuda:0,0.4.30,bool,matched_torch_cpu_bank,torch.float32,torch.bool,128000000,32000000,160000000,128000000,32000000,256000000,256000000,0.375,0.375,0.25,2.5,1.0,2.0,100,10000,9595972,9756273.75,16000,9603762,9763936.28125,16000,16000,1,1,609.9275169813061,Empirical loss on all K fixed training masks,Monte Carlo population risk; independent test samples and one independent mask per sample,1.0162449379517324,1.016909752198743,3.3060225632652873e-06,7.465281015583969e-08,4000,8.0,609.4911231079102,609.767109375,1.0167051081432918,-0.27598626708984375,0.9199542236328125,0.9052186083724489,610.3849522247315,610.246017578125,1.0166782851605445,0.1389346466064453,-0.46311548868815106,-0.4553397895419309,6.128715351223946e-06,609.4911292366255,-0.27598013837449253,6.462419575165024e-12,fixed_training_mask_bank,fixed_training_mask_bank,0.01374583039432764,1.2257781028747559,-0.014761865139007568,1.2130117416381836,-0.26936134696006775,0.680142343044281,0.6447679400444031,0.550000011920929,0.65829998254776,0.05266336351633072,0.12310314923524857,4,5,0.44999998807907104,0.34170001745224
19,0,4000,0.5443745851516724,0.737817447036645,-0.6998410820960999,0.9657254219055176,1.0043431520462036,43.948272705078125,43.16568374633789,1.0160800218582153,1.3179312944412231,gaussian,1.0,8.0,16000,linear,identity,1,1,finite_k_fixed,2000,1.0,0.4,bounded_heterogenous,1.0,0.75,0.25,4000,0.0001,0.05,1024,static_mask_mae_adam,jax,cuda:0,0.4.30,bool,matched_torch_cpu_bank,torch.float32,torch.bool,128000000,32000000,160000000,128000000,32000000,256000000,256000000,0.375,0.375,0.25,2.5,1.0,2.0,100,10000,12796665,13005329.53125,16000,12805639,13024731.5625,16000,16000,1,1,813.2366893084081,Empirical loss on all K fixed training masks,Monte Carlo population risk; independent test samples and one independent mask per sample,1.0159396076124252,1.017197947646849,2.8977603960811393e-06,6.593570844870555e-08,4000,8.0,812.5399261779784,812.833095703125,1.0163061650242466,-0.2931695251466008,0.7329238128665019,0.7213523334528293,814.116856819153,814.04572265625,1.017109069098387,0.07113416290294845,-0.17783540725737113,-0.17476699630769588,6.035783886909486e-06,812.5399322137623,-0.29316348936271386,5.0654849238773725e-12,fixed_training_mask_bank,fixed_training_mask_bank,0.15463358163833618,1.1796430349349976,-0.016364453360438347,1.215345859527588,-0.4531271457672119,0.6601466536521912,0.6061276197433472,0.5799999833106995,0.6905999779701233,0.13587865233421326,0.2472127377986908,5,5,0.42000001668930054,0.3094000220298767
19,0,4000,0.5738325119018555,0.7575173343903461,-0.7271623015403748,0.9890772700309753,0.9800240397453308,44.4764518737793,43.16568374633789,1.0160800218582153,1.3179312944412231,gaussian,1.0,8.0,16000,linear,identity,1,1,finite_k_fixed,2000,1.0,0.5,bounded_heterogenous,1.0,0.75,0.25,4000,0.0001,0.05,1024,static_mask_mae_adam,jax,cuda:0,0.4.30,bool,matched_torch_cpu_bank,torch.float32,torch.bool,128000000,32000000,160000000,128000000,32000000,256000000,256000000,0.375,0.375,0.25,2.5,1.0,2.0,100,10000,15996464,16249262.3125,16000,16003658,16276248.5,16000,16000,1,1,1016.5458616355102,Empirical loss on all K fixed training masks,Monte Carlo population risk; independent test samples and one independent mask per sample,1.015496844999278,1.017082974592922,2.8147376269771485e-06,6.328602353278256e-08,4000,8.0,1015.2724201965332,1015.57889453125,1.0158033870797947,-0.30647433471679686,0.6129486694335937,0.6035460885749355,1017.3155051879883,1017.26553125,1.0170330120776137,0.04997393798828125,-0.0999478759765625,-0.09825151143560973,6.181732937693596e-06,1015.2724263782661,-0.30646815298385915,4.444329453068274e-12,fixed_training_mask_bank,fixed_training_mask_bank,0.2285732626914978,1.1727617979049683,-0.01463040616363287,1.2245606184005737,-0.5883475542068481,0.6413763165473938,0.5869101881980896,0.6499999761581421,0.699400007724762,0.21902793645858765,0.3349769711494446,5,6,0.3500000238418579,0.30059999227523804
19,0,4000,0.601068377494812,0.7752859972260637,-0.7749138474464417,1.072347640991211,1.0349582433700562,46.31085205078125,43.16568374633789,1.0160800218582153,1.3179312944412231,gaussian,1.0,8.0,16000,linear,identity,1,1,finite_k_fixed,2000,1.0,0.6,bounded_heterogenous,1.0,0.75,0.25,4000,0.0001,0.05,1024,static_mask_mae_adam,jax,cuda:0,0.4.30,bool,matched_torch_cpu_bank,torch.float32,torch.bool,128000000,32000000,160000000,128000000,32000000,256000000,256000000,0.375,0.375,0.25,2.5,1.0,2.0,100,10000,19197009,19501079.625,16000,19202307,19527165.0625,16000,16000,1,1,1219.8550339626122,Empirical loss on all K fixed training masks,Monte Carlo population risk; independent test samples and one independent mask per sample,1.015573638137294,1.0169485909400238,2.809525994962314e-06,6.066668589710389e-08,4000,8.0,1218.4985169677734,1218.8174765625,1.015839479212621,-0.3189595947265625,0.5315993245442708,0.5233918956037975,1220.4849404029846,1220.44781640625,1.0169176579928652,0.03712399673461914,-0.06187332789103191,-0.06083668016865218,6.702172756195068e-06,1218.4985236699463,-0.3189528925538063,4.048181494881176e-12,fixed_training_mask_bank,fixed_training_mask_bank,0.3064168691635132,1.2644840478897095,-0.012201230973005295,1.2763736248016357,-0.628412127494812,0.6262608766555786,0.5783311724662781,0.6499999761581421,0.699999988079071,0.2872772514820099,0.37962737679481506,6,6,0.3500000238418579,0.30000001192092896
19,0,4000,0.5952929258346558,0.7715522832800482,-0.8074148893356323,1.1754807233810425,1.1374183893203735,48.48670959472656,43.16568374633789,1.0160800218582153,1.3179312944412231,gaussian,1.0,8.0,16000,linear,identity,1,1,finite_k_fixed,2000,1.0,0.7,bounded_heterogenous,1.0,0.75,0.25,4000,0.0001,0.05,1024,static_mask_mae_adam,jax,cuda:0,0.4.30,bool,matched_torch_cpu_bank,torch.float32,torch.bool,128000000,32000000,160000000,128000000,32000000,256000000,256000000,0.375,0.375,0.25,2.5,1.0,2.0,100,10000,22397767,22755943.25,16000,22401850,22776745.75,16000,16000,1,1,1423.1642062897142,Empirical loss on all K fixed training masks,Monte Carlo population risk; independent test samples and one independent mask per sample,1.0157635801206837,1.0167692763669849,2.7654414225253277e-06,5.703504157850148e-08,4000,8.0,1421.9272496643066,1422.246453125,1.01599160532387,-0.31920346069335936,0.4560049438476563,0.44887221900524743,1423.5945508613588,1423.546609375,1.0167350352761044,0.04794148635887541,-0.0684878376555363,-0.06735499356746999,7.346754521131516e-06,1421.927257011061,-0.31919611393883823,3.7003139267965945e-12,fixed_training_mask_bank,fixed_training_mask_bank,0.2447921186685562,1.3649846315383911,-0.00543317012488842,1.3277292251586914,-0.627249538898468,0.6193162202835083,0.5741513967514038,0.6700000166893005,0.7049999833106995,0.31977707147598267,0.398994117975235,5,6,0.32999998331069946,0.29500001668930054
19,0,4000,0.5448040962219238,0.7381084583053658,0.821991503238678,1.3312112092971802,1.2851386070251465,51.59866714477539,43.16568374633789,1.0160800218582153,1.3179312944412231,gaussian,1.0,8.0,16000,linear,identity,1,1,finite_k_fixed,2000,1.0,0.8,bounded_heterogenous,1.0,0.75,0.25,4000,0.0001,0.05,1024,static_mask_mae_adam,jax,cuda:0,0.4.30,bool,matched_torch_cpu_bank,torch.float32,torch.bool,128000000,32000000,160000000,128000000,32000000,256000000,256000000,0.375,0.375,0.25,2.5,1.0,2.0,100,10000,25598321,26006613.375,16000,25600839,26028551.6875,16000,16000,1,1,1626.4733786168163,Empirical loss on all K fixed training masks,Monte Carlo population risk; independent test samples and one independent mask per sample,1.0157677822870261,1.0167626349636782,2.961071004392579e-06,5.7386586149732466e-08,4000,8.0,1625.1218595275882,1625.4133359375,1.0159499669919758,-0.29147640991187657,0.3643455123898457,0.3586489706555174,1626.8735324325562,1626.78448046875,1.0167069793103265,0.08905196380615234,-0.11131495475769042,-0.10948219002004933,8.320070058107376e-06,1625.1218678476582,-0.29146808984181843,3.4102341176650564e-12,fixed_training_mask_bank,fixed_training_mask_bank,-0.2735942304134369,1.388127326965332,0.0030048424378037453,1.3855559825897217,0.6571838855743408,0.6111498475074768,0.579287588596344,0.6700000166893005,0.6937000155448914,0.3587206304073334,0.4178414046764374,6,6,0.32999998331069946,0.30629998445510864
19,0,4000,0.3695649802684784,0.6079185638459138,0.7565546631813049,1.6624265909194946,1.7584776878356934,57.66154098510742,43.16568374633789,1.0160800218582153,1.3179312944412231,gaussian,1.0,8.0,16000,linear,identity,1,1,finite_k_fixed,2000,1.0,0.9,bounded_heterogenous,1.0,0.75,0.25,4000,0.0001,0.05,1024,static_mask_mae_adam,jax,cuda:0,0.4.30,bool,matched_torch_cpu_bank,torch.float32,torch.bool,128000000,32000000,160000000,128000000,32000000,256000000,256000000,0.375,0.375,0.25,2.5,1.0,2.0,100,10000,28799851,29256800.75,16000,28801232,29280128.25,16000,16000,1,1,1829.7825509439183,Empirical loss on all K fixed training masks,Monte Carlo population risk; independent test samples and one independent mask per sample,1.015722512592844,1.0167198058515072,3.2622076560073765e-06,5.6575103712930286e-08,4000,8.0,1828.2910637512207,1828.550046875,1.0158663928504352,-0.2589831237792969,0.28775902642144097,0.2832661038967288,1830.1739379577637,1830.008015625,1.0166276307207969,0.16592233276367188,-0.18435814751519097,-0.18133508853201974,1.0390166193246841e-05,1828.2910741413868,-0.25897273361310363,3.251508003815351e-12,fixed_training_mask_bank,fixed_training_mask_bank,-0.13830307126045227,1.5216857194900513,0.002659357152879238,1.5029044151306152,0.4167887568473816,0.6492980122566223,0.6120598912239075,0.5799999833106995,0.6689000129699707,0.18355029821395874,0.25599345564842224,5,5,0.42000001668930054,0.3310999870300293
19,0,4000,0.08483368903398514,0.2912622341361563,0.4071871042251587,2.0978400707244873,2.6070728302001953,64.77406311035156,43.16568374633789,1.0160800218582153,1.3179312944412231,gaussian,1.0,8.0,16000,linear,identity,1,1,finite_k_fixed,2000,1.0,0.95,bounded_heterogenous,1.0,0.75,0.25,4000,0.0001,0.05,1024,static_mask_mae_adam,jax,cuda:0,0.4.30,bool,matched_torch_cpu_bank,torch.float32,torch.bool,128000000,32000000,160000000,128000000,32000000,256000000,256000000,0.375,0.375,0.25,2.5,1.0,2.0,100,10000,30399972,30882865.5,16000,30400019,30904141.5,16000,16000,1,1,1931.4371371074692,Empirical loss on all K fixed training masks,Monte Carlo population risk; independent test samples and one independent mask per sample,1.015752788556999,1.0167125039140086,2.5905654183588922e-05,3.999386990471976e-07,4000,8.0,1929.9285206909183,1930.17909375,1.0158846692358796,-0.25057305908179844,0.26376111482294573,0.259637108176225,1931.7549647827145,1931.50884375,1.01658296660933,0.24612103271461092,-0.25907477127853784,-0.25484846575896114,1.3111500442028046e-05,1929.9285338024188,-0.2505599475813564,6.6555667227463644e-12,fixed_training_mask_bank,fixed_training_mask_bank,-0.19506679475307465,1.5032052993774414,0.01506944838911295,1.6665000915527344,0.16352863609790802,0.6856877207756042,0.6747991442680359,0.5600000023841858,0.5823000073432922,0.030029697343707085,0.055090662091970444,4,4,0.4399999976158142,0.41769999265670776
20,0,4000,0.0005823239916935563,0.024131390173248543,-0.0352952741086483,2.0852582454681396,2.6152453422546387,64.57953643798828,45.2969856262207,0.9753574132919312,1.2243432998657227,gaussian,1.0,8.0,16000,linear,identity,1,1,finite_k_fixed,2000,1.0,0.05,bounded_heterogenous,1.0,0.75,0.25,4000,0.0001,0.05,1024,static_mask_mae_adam,jax,cuda:0,0.4.30,bool,matched_torch_cpu_bank,torch.float32,torch.bool,128000000,32000000,160000000,128000000,32000000,256000000,256000000,0.375,0.375,0.25,2.5,1.0,2.0,100,10000,1599541,1562316.1484375,16000,1598670,1562509.76171875,16000,16000,1,1,97.58703554095024,Empirical loss on all K fixed training masks,Monte Carlo population risk; independent test samples and one independent mask per sample,0.9742896516265253,0.9799526444125234,7.203948371170554e-06,1.1155157153552864e-07,4000,8.0,97.40101522827149,97.64475927734375,0.9767277915586409,-0.24374404907226563,4.874880981445313,4.9924655634605575,97.91380587768555,97.65686010742188,0.9773810490712592,0.2569457702636719,-5.138915405273437,-5.2622164993025855,1.3032864034175874e-05,97.40102826113552,-0.24373101620823145,2.5528185468304265e-11,fixed_training_mask_bank,fixed_training_mask_bank,0.14749683439731598,1.6289564371109009,-0.015180923044681549,1.5879725217819214,0.08216703683137894,0.6909308433532715,0.6966737508773804,0.5799999833106995,0.4943999946117401,0.008890323340892792,-0.0028059587348252535,4,4,0.42000001668930054,0.5056000053882599
20,0,4000,0.0018684903625398874,0.04322603801575952,-0.05383910983800888,1.5121551752090454,1.8905609846115112,54.99373245239258,45.2969856262207,0.9753574132919312,1.2243432998657227,gaussian,1.0,8.0,16000,linear,identity,1,1,finite_k_fixed,2000,1.0,0.1,bounded_heterogenous,1.0,0.75,0.25,4000,0.0001,0.05,1024,static_mask_mae_adam,jax,cuda:0,0.4.30,bool,matched_torch_cpu_bank,torch.float32,torch.bool,128000000,32000000,160000000,128000000,32000000,256000000,256000000,0.375,0.375,0.25,2.5,1.0,2.0,100,10000,3202343,3126786.90625,16000,3199083,3121374.5390625,16000,16000,1,1,195.17407108190048,Empirical loss on all K fixed training masks,Monte Carlo population risk; independent test samples and one independent mask per sample,0.9751861615464053,0.9769417166404599,5.314062946126796e-06,9.663033750939576e-08,4000,8.0,195.1800361328125,195.424181640625,0.9764059959379742,-0.2441455078125,2.4414550781249997,2.4986212633753,195.33235235595703,195.08590869140625,0.9757091451089265,0.24644366455078126,-2.4644366455078126,-2.5265142541956997,9.450969845056535e-06,195.18004558378234,-0.24413605684265494,1.4721640573256423e-11,fixed_training_mask_bank,fixed_training_mask_bank,-0.015979697927832603,1.4906595945358276,0.02013419382274151,1.3776181936264038,0.07460669428110123,0.6916220784187317,0.6970058679580688,0.5,0.4796000123023987,0.006107875145971775,-0.005079487804323435,3,4,0.5,0.5203999876976013
20,0,4000,0.25293996930122375,0.5029313763340122,0.5376107692718506,1.1138068437576294,1.2306691408157349,47.19760513305664,45.2969856262207,0.9753574132919312,1.2243432998657227,gaussian,1.0,8.0,16000,linear,identity,1,1,finite_k_fixed,2000,1.0,0.2,bounded_heterogenous,1.0,0.75,0.25,4000,0.0001,0.05,1024,static_mask_mae_adam,jax,cuda:0,0.4.30,bool,matched_torch_cpu_bank,torch.float32,torch.bool,128000000,32000000,160000000,128000000,32000000,256000000,256000000,0.375,0.375,0.25,2.5,1.0,2.0,100,10000,6399437,6246708.375,16000,6401321,6244770.28125,16000,16000,1,1,390.34814216380096,Empirical loss on all K fixed training masks,Monte Carlo population risk; independent test samples and one independent mask per sample,0.9755010677065347,0.9759636442298272,3.7324375625757966e-06,7.908108301535322e-08,4000,8.0,390.1661016387939,390.4192734375,0.9761340528862148,-0.25317179870605466,1.2658589935302733,1.2969226466561512,390.4660356903076,390.298142578125,0.9755439980669615,0.16789311218261718,-0.8394655609130859,-0.8603326219982499,6.9612927734851835e-06,390.1661086000867,-0.25316483741328116,8.328667616686047e-12,fixed_training_mask_bank,fixed_training_mask_bank,0.18522006273269653,1.187352180480957,-0.011267195455729961,1.2306816577911377,0.654778242111206,0.6297008395195007,0.6259274482727051,0.6499999761581421,0.6491000056266785,0.27047598361968994,0.2857557535171509,5,10,0.3500000238418579,0.35089999437332153
20,0,4000,0.5051356554031372,0.710728960577193,0.7157610654830933,0.9885975122451782,1.0097379684448242,44.465660095214844,45.2969856262207,0.9753574132919312,1.2243432998657227,gaussian,1.0,8.0,16000,linear,identity,1,1,finite_k_fixed,2000,1.0,0.3,bounded_heterogenous,1.0,0.75,0.25,4000,0.0001,0.05,1024,static_mask_mae_adam,jax,cuda:0,0.4.30,bool,matched_torch_cpu_bank,torch.float32,torch.bool,128000000,32000000,160000000,128000000,32000000,256000000,256000000,0.375,0.375,0.25,2.5,1.0,2.0,100,10000,9598832,9367202.5625,16000,9602877,9370839.875,16000,16000,1,1,585.5222132457013,Empirical loss on all K fixed training masks,Monte Carlo population risk; independent test samples and one independent mask per sample,0.9754043268623724,0.9759712468068733,3.0299318041215884e-06,6.814093467255589e-08,4000,8.0,585.1713916015625,585.45016015625,0.9758689976551314,-0.2787685546875,0.9292285156250001,0.9523220716622927,585.7582399139404,585.6774921875,0.9758367075825297,0.08074772644042968,-0.26915908813476563,-0.27574126551721534,6.178734451532365e-06,585.171397780297,-0.2787623759530485,6.059728240026541e-12,fixed_training_mask_bank,fixed_training_mask_bank,0.1569533497095108,1.2416696548461914,-0.0004254997184034437,1.238816738128662,1.168226957321167,0.5244108438491821,0.5752255916595459,0.7799999713897705,0.6980000138282776,0.787997841835022,0.6723677515983582,7,7,0.2200000286102295,0.3019999861717224
20,0,4000,0.5919806361198425,0.7694027788615287,0.7706026434898376,0.9777885675430298,0.9402925968170166,44.22190475463867,45.2969856262207,0.9753574132919312,1.2243432998657227,gaussian,1.0,8.0,16000,linear,identity,1,1,finite_k_fixed,2000,1.0,0.4,bounded_heterogenous,1.0,0.75,0.25,4000,0.0001,0.05,1024,static_mask_mae_adam,jax,cuda:0,0.4.30,bool,matched_torch_cpu_bank,torch.float32,torch.bool,128000000,32000000,160000000,128000000,32000000,256000000,256000000,0.375,0.375,0.25,2.5,1.0,2.0,100,10000,12797775,12490881.1875,16000,12801920,12491480.125,16000,16000,1,1,780.6962843276019,Empirical loss on all K fixed training masks,Monte Carlo population risk; independent test samples and one independent mask per sample,0.97564318400806,0.9757797159088055,2.8474480586737627e-06,6.438998667590567e-08,4000,8.0,780.3788718261719,780.68007421875,0.97601975245697,-0.301202392578125,0.7530059814453124,0.7716410409976948,780.7408662929535,780.7175078125,0.9757505221872969,0.02335848045349121,-0.05839620113372802,-0.059838495281017146,6.1111785471439366e-06,780.3788779373505,-0.3011962813995778,4.858240979649375e-12,fixed_training_mask_bank,fixed_training_mask_bank,0.14168787002563477,1.276790738105774,0.0020612601656466722,1.2455506324768066,1.451056718826294,0.4699065685272217,0.5596635937690735,0.7900000214576721,0.7139999866485596,1.125188946723938,0.90273517370224,7,11,0.20999997854232788,0.28600001335144043
20,0,4000,0.6220917701721191,0.7887279443332277,0.8071252703666687,1.0207487344741821,0.953101634979248,45.18293380737305,45.2969856262207,0.9753574132919312,1.2243432998657227,gaussian,1.0,8.0,16000,linear,identity,1,1,finite_k_fixed,2000,1.0,0.5,bounded_heterogenous,1.0,0.75,0.25,4000,0.0001,0.05,1024,static_mask_mae_adam,jax,cuda:0,0.4.30,bool,matched_torch_cpu_bank,torch.float32,torch.bool,128000000,32000000,160000000,128000000,32000000,256000000,256000000,0.375,0.375,0.25,2.5,1.0,2.0,100,10000,16000122,15618894.375,16000,16000281,15611872.3125,16000,16000,1,1,975.8703554095023,Empirical loss on all K fixed training masks,Monte Carlo population risk; independent test samples and one independent mask per sample,0.9758515713082825,0.9757212981798646,2.7870751182490494e-06,6.168424704355857e-08,4000,8.0,975.8590121765137,976.1808984375,0.9761734551149047,-0.3218862609863281,0.6437725219726562,0.6594807612021469,975.7384342851639,975.74201953125,0.9757248833629859,-0.0035852460861206053,0.0071704921722412105,0.007348758205294459,6.379679590463639e-06,975.8590185561933,-0.32187988130673767,4.355273086620315e-12,fixed_training_mask_bank,fixed_training_mask_bank,0.13518914580345154,1.3205968141555786,0.0006917274440638721,1.269292950630188,1.5113344192504883,0.4480036199092865,0.5543169379234314,0.800000011920929,0.7211999893188477,1.259037971496582,0.9768404364585876,7,8,0.19999998807907104,0.27880001068115234
20,0,4000,0.6566729545593262,0.8103535984737318,0.858974039554596,1.0952227115631104,0.9931811094284058,46.80219268798828,45.2969856262207,0.9753574132919312,1.2243432998657227,gaussian,1.0,8.0,16000,linear,identity,1,1,finite_k_fixed,2000,1.0,0.6,bounded_heterogenous,1.0,0.75,0.25,4000,0.0001,0.05,1024,static_mask_mae_adam,jax,cuda:0,0.4.30,bool,matched_torch_cpu_bank,torch.float32,torch.bool,128000000,32000000,160000000,128000000,32000000,256000000,256000000,0.375,0.375,0.25,2.5,1.0,2.0,100,10000,19199092,18737327.375,16000,19199294,18737061.625,16000,16000,1,1,1171.0444264914026,Empirical loss on all K fixed training masks,Monte Carlo population risk; independent test samples and one independent mask per sample,0.97566993444314,0.9759208506829758,2.716908056754619e-06,5.8050869000680905e-08,4000,8.0,1170.7485520629882,1171.0829609375,0.9759486216848172,-0.33440887451171875,0.557348124186198,0.5711104775087961,1171.0619583120347,1171.0663515625,0.9759245118596548,-0.0043932504653930666,0.0073220841089884445,0.007502991541841197,6.84514194726944e-06,1170.7485589081302,-0.3344020293697715,3.85165163652168e-12,fixed_training_mask_bank,fixed_training_mask_bank,0.1044914647936821,1.3894532918930054,0.0021430153865367174,1.323958396911621,1.3102943897247314,0.4735327959060669,0.5361207723617554,0.800000011920929,0.7285000085830688,1.0929700136184692,0.9066640734672546,7,7,0.19999998807907104,0.27149999141693115
20,0,4000,0.6538028120994568,0.8085807393819474,0.9050953388214111,1.2213307619094849,1.0967847108840942,49.42329406738281,45.2969856262207,0.9753574132919312,1.2243432998657227,gaussian,1.0,8.0,16000,linear,identity,1,1,finite_k_fixed,2000,1.0,0.7,bounded_heterogenous,1.0,0.75,0.25,4000,0.0001,0.05,1024,static_mask_mae_adam,jax,cuda:0,0.4.30,bool,matched_torch_cpu_bank,torch.float32,torch.bool,128000000,32000000,160000000,128000000,32000000,256000000,256000000,0.375,0.375,0.25,2.5,1.0,2.0,100,10000,22401095,21862697.75,16000,22401408,21866280.8125,16000,16000,1,1,1366.218497573303,Empirical loss on all K fixed training masks,Monte Carlo population risk; independent test samples and one independent mask per sample,0.9757219886103433,0.9761120247203731,2.741049911492155e-06,5.5460688486164145e-08,4000,8.0,1366.0775600280763,1366.418609375,0.9759655833788482,-0.3410493469238281,0.4872133527483259,0.4991872103963235,1366.6427324666977,1366.64255078125,0.97611189495321,0.0001816854476928711,-0.00025955063956124445,-0.00026588583468267757,7.63331726193428e-06,1366.0775676613935,-0.34104171360656615,3.67766581077511e-12,fixed_training_mask_bank,fixed_training_mask_bank,0.1515413224697113,1.430476188659668,0.009593482129275799,1.3805389404296875,1.3745421171188354,0.4679357409477234,0.5430388450622559,0.7799999713897705,0.7307000160217285,1.1791224479675293,0.98809415102005,7,8,0.2200000286102295,0.2692999839782715
20,0,4000,0.5920049548149109,0.7694185823171357,0.928320050239563,1.4189319610595703,1.3101691007614136,53.2716064453125,45.2969856262207,0.9753574132919312,1.2243432998657227,gaussian,1.0,8.0,16000,linear,identity,1,1,finite_k_fixed,2000,1.0,0.8,bounded_heterogenous,1.0,0.75,0.25,4000,0.0001,0.05,1024,static_mask_mae_adam,jax,cuda:0,0.4.30,bool,matched_torch_cpu_bank,torch.float32,torch.bool,128000000,32000000,160000000,128000000,32000000,256000000,256000000,0.375,0.375,0.25,2.5,1.0,2.0,100,10000,25599168,24986254.5625,16000,25599039,24986031.3125,16000,16000,1,1,1561.3925686552038,Empirical loss on all K fixed training masks,Monte Carlo population risk; independent test samples and one independent mask per sample,0.9758496176775769,0.9760841715901082,2.928569983851048e-06,5.4974314878109e-08,4000,8.0,1561.3086441040039,1561.64091015625,0.9760572907096043,-0.33226605224609373,0.41533256530761714,0.4255345131971566,1561.676048488617,1561.62695703125,0.976053488277431,0.04909145736694336,-0.0613643217086792,-0.06287219511147413,8.868324756622316e-06,1561.3086529723287,-0.33225718392133713,3.5091597596487167e-12,fixed_training_mask_bank,fixed_training_mask_bank,0.09389440715312958,1.4998416900634766,0.0081609096378088,1.473305106163025,1.3683701753616333,0.47129830718040466,0.5718105435371399,0.7799999713897705,0.7166000008583069,1.2031100988388062,1.0021146535873413,7,8,0.2200000286102295,0.2833999991416931
20,0,4000,0.4613263010978699,0.6792100566819295,0.9013417959213257,1.7165729999542236,1.7428767681121826,58.59305953979492,45.2969856262207,0.9753574132919312,1.2243432998657227,gaussian,1.0,8.0,16000,linear,identity,1,1,finite_k_fixed,2000,1.0,0.9,bounded_heterogenous,1.0,0.75,0.25,4000,0.0001,0.05,1024,static_mask_mae_adam,jax,cuda:0,0.4.30,bool,matched_torch_cpu_bank,torch.float32,torch.bool,128000000,32000000,160000000,128000000,32000000,256000000,256000000,0.375,0.375,0.25,2.5,1.0,2.0,100,10000,28801507,28109900.125,16000,28799839,28113646.25,16000,16000,1,1,1756.5666397371042,Empirical loss on all K fixed training masks,Monte Carlo population risk; independent test samples and one independent mask per sample,0.9758345647795389,0.9762477041321307,3.2911377729760716e-06,5.6169419337948057e-08,4000,8.0,1756.5941280212403,1756.8687578125,0.9759871289026647,-0.2746297912597656,0.30514421251085067,0.312635522760063,1757.2360439453125,1757.102890625,0.9761737296517525,0.1331533203125,-0.14794813368055554,-0.15156007200589627,1.0728581249713897e-05,1756.5941387498215,-0.2746190626785159,3.360194501117464e-12,fixed_training_mask_bank,fixed_training_mask_bank,0.1074281707406044,1.7201277017593384,0.009271788410842419,1.5982023477554321,0.8566902875900269,0.5276616811752319,0.5849244594573975,0.7300000190734863,0.6923999786376953,0.781731367111206,0.6125468015670776,6,7,0.26999998092651367,0.3076000213623047
20,0,4000,0.322818398475647,0.5681710996483779,0.8667007088661194,2.268148422241211,2.386854648590088,67.35203552246094,45.2969856262207,0.9753574132919312,1.2243432998657227,gaussian,1.0,8.0,16000,linear,identity,1,1,finite_k_fixed,2000,1.0,0.95,bounded_heterogenous,1.0,0.75,0.25,4000,0.0001,0.05,1024,static_mask_mae_adam,jax,cuda:0,0.4.30,bool,matched_torch_cpu_bank,torch.float32,torch.bool,128000000,32000000,160000000,128000000,32000000,256000000,256000000,0.375,0.375,0.25,2.5,1.0,2.0,100,10000,30401159,29672604.75,16000,30400510,29677565.125,16000,16000,1,1,1854.1536752780542,Empirical loss on all K fixed training masks,Monte Carlo population risk; independent test samples and one independent mask per sample,0.9759011855230585,0.9763207014795198,3.734442088898504e-06,5.544660552914138e-08,4000,8.0,1854.2829443359376,1854.537796875,0.9760353133247321,-0.2548525390625,0.2682658305921053,0.27484210835915235,1855.0404530334472,1854.8478203125,0.976219317537765,0.19263272094726563,-0.20277128520764803,-0.20770730497421397,1.417592763900757e-05,1854.2829585118652,-0.25483836313486097,3.4693816829828306e-12,fixed_training_mask_bank,fixed_training_mask_bank,0.05381901189684868,1.9290000200271606,0.010230408050119877,1.760108470916748,0.8030698299407959,0.5218756198883057,0.6298402547836304,0.6899999976158142,0.661300003528595,0.829486072063446,0.54451584815979,6,7,0.3100000023841858,0.33869999647140503
21,0,4000,0.0002811712911352515,0.016768163022085978,-0.024356525391340256,2.057697057723999,2.646170139312744,64.15133666992188,45.284976959228516,0.9910688996315002,1.2673094272613525,gaussian,1.0,8.0,16000,linear,identity,1,1,finite_k_fixed,2000,1.0,0.05,bounded_heterogenous,1.0,0.75,0.25,4000,0.0001,0.05,1024,static_mask_mae_adam,jax,cuda:0,0.4.30,bool,matched_torch_cpu_bank,torch.float32,torch.bool,128000000,32000000,160000000,128000000,32000000,256000000,256000000,0.375,0.375,0.25,2.5,1.0,2.0,100,10000,1601959,1589971.29296875,16000,1600273,1588158.171875,16000,16000,1,1,99.15815465709126,Empirical loss on all K fixed training masks,Monte Carlo population risk; independent test samples and one independent mask per sample,0.9900941583415895,0.9949469934558627,7.071229902066989e-06,1.1022731882803782e-07,4000,8.0,99.1306404876709,99.37320581054688,0.9925168452930131,-0.24256532287597657,4.851306457519531,4.881905960413935,99.5116756286621,99.2598857421875,0.9924295241343196,0.25178988647460937,-5.035797729492187,-5.073346288723357,1.2860606610774996e-05,99.13065334827752,-0.2425524622693658,2.526702111427248e-11,fixed_training_mask_bank,fixed_training_mask_bank,0.09987037628889084,1.5105957984924316,-0.010179348289966583,1.5958893299102783,0.02495655044913292,0.6929705142974854,0.6938440203666687,0.5199999809265137,0.4948999881744385,0.000706532911863178,-0.0009971645195037127,3,3,0.48000001907348633,0.5051000118255615
21,0,4000,1.5702831660746597e-05,0.003962679858472874,-0.004947740584611893,1.5203989744186401,1.9197250604629517,55.143428802490234,45.284976959228516,0.9910688996315002,1.2673094272613525,gaussian,1.0,8.0,16000,linear,identity,1,1,finite_k_fixed,2000,1.0,0.1,bounded_heterogenous,1.0,0.75,0.25,4000,0.0001,0.05,1024,static_mask_mae_adam,jax,cuda:0,0.4.30,bool,matched_torch_cpu_bank,torch.float32,torch.bool,128000000,32000000,160000000,128000000,32000000,256000000,256000000,0.375,0.375,0.25,2.5,1.0,2.0,100,10000,3201373,3174975.171875,16000,3201301,3176768.1875,16000,16000,1,1,198.31630931418252,Empirical loss on all K fixed training masks,Monte Carlo population risk; independent test samples and one independent mask per sample,0.9905282926989207,0.9936726972609143,5.558309112529969e-06,1.0079730827783351e-07,4000,8.0,198.19065824890137,198.4359482421875,0.9917542166673486,-0.24528999328613282,2.452899932861328,2.472233438134408,198.8153374633789,198.54801171875,0.9923366117400394,0.26732574462890624,-2.673257446289062,-2.6928070678198246,9.5024935901165e-06,198.19066775139495,-0.24528049079254272,1.517799427808164e-11,fixed_training_mask_bank,fixed_training_mask_bank,-0.004655159544199705,1.4307136535644531,-0.0008541450370103121,1.4161279201507568,-0.1359865516424179,0.6885218024253845,0.6965974569320679,0.550000011920929,0.5019999742507935,0.018579378724098206,0.0023267578799277544,4,4,0.44999998807907104,0.49800002574920654
21,0,4000,0.24150718748569489,0.49143380783753055,0.5257689356803894,1.116301417350769,1.2870566844940186,47.25042724609375,45.284976959228516,0.9910688996315002,1.2673094272613525,gaussian,1.0,8.0,16000,linear,identity,1,1,finite_k_fixed,2000,1.0,0.2,bounded_heterogenous,1.0,0.75,0.25,4000,0.0001,0.05,1024,static_mask_mae_adam,jax,cuda:0,0.4.30,bool,matched_torch_cpu_bank,torch.float32,torch.bool,128000000,32000000,160000000,128000000,32000000,256000000,256000000,0.375,0.375,0.25,2.5,1.0,2.0,100,10000,6398616,6350747.1875,16000,6400715,6345209.34375,16000,16000,1,1,396.63261862836504,Empirical loss on all K fixed training masks,Monte Carlo population risk; independent test samples and one independent mask per sample,0.9918644700922922,0.9918083148001459,3.80391679755121e-06,8.050545119431263e-08,4000,8.0,396.6599917602539,396.92169921875,0.9925188802547301,-0.2617074584960937,1.3085372924804686,1.3186855695277444,396.767647354126,396.575583984375,0.9913282100124752,0.19206336975097657,-0.9603168487548828,-0.9686091504743644,6.976883858442307e-06,396.65999873713776,-0.2617004816122353,8.053118068229725e-12,fixed_training_mask_bank,fixed_training_mask_bank,-0.197167307138443,1.1623854637145996,-0.01092919148504734,1.2433642148971558,0.7303446531295776,0.6198135614395142,0.6389822959899902,0.6800000071525574,0.636900007724762,0.3165275454521179,0.29731541872024536,5,6,0.3199999928474426,0.36309999227523804
21,0,4000,0.45064207911491394,0.6712988001738972,0.6740333437919617,0.9832245707511902,1.0550203323364258,44.34466552734375,45.284976959228516,0.9910688996315002,1.2673094272613525,gaussian,1.0,8.0,16000,linear,identity,1,1,finite_k_fixed,2000,1.0,0.3,bounded_heterogenous,1.0,0.75,0.25,4000,0.0001,0.05,1024,static_mask_mae_adam,jax,cuda:0,0.4.30,bool,matched_torch_cpu_bank,torch.float32,torch.bool,128000000,32000000,160000000,128000000,32000000,256000000,256000000,0.375,0.375,0.25,2.5,1.0,2.0,100,10000,9598329,9519605.90625,16000,9600800,9520258.0,16000,16000,1,1,594.9489279425475,Empirical loss on all K fixed training masks,Monte Carlo population risk; independent test samples and one independent mask per sample,0.9913311031205113,0.9917598295565416,3.1781926281837514e-06,7.167024307364045e-08,4000,8.0,594.6951297302246,594.975369140625,0.9917982501172861,-0.28023941040039063,0.9341313680013021,0.9420202076773077,595.1054857254028,595.016125,0.9916109074243813,0.08936072540283203,-0.2978690846761068,-0.3003640461098911,6.145153567194939e-06,594.6951358753781,-0.28023326524682346,6.080880590730864e-12,fixed_training_mask_bank,fixed_training_mask_bank,-0.10779033601284027,1.2629358768463135,-0.013734100386500359,1.221943974494934,0.8976316452026367,0.5830481648445129,0.5869282484054565,0.6700000166893005,0.6851000189781189,0.5003950595855713,0.47906026244163513,6,7,0.32999998331069946,0.3148999810218811
21,0,4000,0.5588104724884033,0.7475362683431509,0.7489434480667114,0.978938102722168,0.9906165599822998,44.247894287109375,45.284976959228516,0.9910688996315002,1.2673094272613525,gaussian,1.0,8.0,16000,linear,identity,1,1,finite_k_fixed,2000,1.0,0.4,bounded_heterogenous,1.0,0.75,0.25,4000,0.0001,0.05,1024,static_mask_mae_adam,jax,cuda:0,0.4.30,bool,matched_torch_cpu_bank,torch.float32,torch.bool,128000000,32000000,160000000,128000000,32000000,256000000,256000000,0.375,0.375,0.25,2.5,1.0,2.0,100,10000,12797625,12690772.0625,16000,12804596,12699169.03125,16000,16000,1,1,793.2652372567301,Empirical loss on all K fixed training masks,Monte Carlo population risk; independent test samples and one independent mask per sample,0.9912654090099116,0.9918245999083064,2.8503729936346645e-06,6.441827338221628e-08,4000,8.0,792.8651862487793,793.17325390625,0.9916505650462488,-0.30806765747070314,0.7701691436767578,0.776797896181014,793.7445815429687,793.698064453125,0.991766474416686,0.04651708984375,-0.116292724609375,-0.11721608487436086,6.11836314201355e-06,792.8651923671424,-0.3080615391075611,5.092013616314617e-12,fixed_training_mask_bank,fixed_training_mask_bank,-0.17173542082309723,1.1235833168029785,0.0012396719539538026,1.2441253662109375,1.3864164352416992,0.5190141797065735,0.5759704113006592,0.75,0.7085000276565552,0.8463897109031677,0.8214634656906128,7,7,0.25,0.2914999723434448
21,0,4000,0.62215256690979,0.7887664843981329,0.8002447485923767,1.0038539171218872,0.9847720861434937,44.80745315551758,45.284976959228516,0.9910688996315002,1.2673094272613525,gaussian,1.0,8.0,16000,linear,identity,1,1,finite_k_fixed,2000,1.0,0.5,bounded_heterogenous,1.0,0.75,0.25,4000,0.0001,0.05,1024,static_mask_mae_adam,jax,cuda:0,0.4.30,bool,matched_torch_cpu_bank,torch.float32,torch.bool,128000000,32000000,160000000,128000000,32000000,256000000,256000000,0.375,0.375,0.25,2.5,1.0,2.0,100,10000,15998724,15865369.3125,16000,16002375,15866641.0625,16000,16000,1,1,991.5815465709126,Empirical loss on all K fixed training masks,Monte Carlo population risk; independent test samples and one independent mask per sample,0.9913402828983033,0.9915272494046065,2.768201966318884e-06,6.17799500446381e-08,4000,8.0,991.2612235107422,991.58558203125,0.9916646672884663,-0.3243585205078125,0.648717041015625,0.6542219378449232,991.67442923069,991.66506640625,0.9915178879697545,0.009362824440002441,-0.018725648880004882,-0.018883037745442977,6.274086982011796e-06,991.2612297848292,-0.3243522464208305,4.276341867420763e-12,fixed_training_mask_bank,fixed_training_mask_bank,-0.18430650234222412,1.1449040174484253,0.0007589304586872458,1.2663031816482544,1.104449987411499,0.5560572743415833,0.5501606464385986,0.75,0.718999981880188,0.6280927062034607,0.6970540881156921,6,7,0.25,0.281000018119812
21,0,4000,0.6408710479736328,0.800544219873976,0.8461207151412964,1.0894712209701538,1.046048641204834,46.679141998291016,45.284976959228516,0.9910688996315002,1.2673094272613525,gaussian,1.0,8.0,16000,linear,identity,1,1,finite_k_fixed,2000,1.0,0.6,bounded_heterogenous,1.0,0.75,0.25,4000,0.0001,0.05,1024,static_mask_mae_adam,jax,cuda:0,0.4.30,bool,matched_torch_cpu_bank,torch.float32,torch.bool,128000000,32000000,160000000,128000000,32000000,256000000,256000000,0.375,0.375,0.25,2.5,1.0,2.0,100,10000,19197221,19038431.0625,16000,19200078,19038578.125,16000,16000,1,1,1189.897855885095,Empirical loss on all K fixed training masks,Monte Carlo population risk; independent test samples and one independent mask per sample,0.9914457646813339,0.9915980116505235,2.6833470201381715e-06,5.7484925264361664e-08,4000,8.0,1189.5627158813477,1189.90194140625,0.9917284935408099,-0.33922552490234376,0.5653758748372396,0.5701739161825259,1189.922448020935,1189.9111328125,0.9915885823484676,0.011315208435058594,-0.018858680725097658,-0.019018577309015683,6.809195131063462e-06,1189.5627226905428,-0.3392187157072127,4.2314333460746756e-12,fixed_training_mask_bank,fixed_training_mask_bank,-0.19097262620925903,1.1995680332183838,-0.0008520633564330637,1.3160916566848755,1.1319165229797363,0.5429061055183411,0.541404128074646,0.7900000214576721,0.7210999727249146,0.6998064517974854,0.7624787092208862,6,7,0.20999997854232788,0.27890002727508545
21,0,4000,0.6235946416854858,0.7896800881910888,0.8645949959754944,1.1690813302993774,1.120021939277649,48.354549407958984,45.284976959228516,0.9910688996315002,1.2673094272613525,gaussian,1.0,8.0,16000,linear,identity,1,1,finite_k_fixed,2000,1.0,0.7,bounded_heterogenous,1.0,0.75,0.25,4000,0.0001,0.05,1024,static_mask_mae_adam,jax,cuda:0,0.4.30,bool,matched_torch_cpu_bank,torch.float32,torch.bool,128000000,32000000,160000000,128000000,32000000,256000000,256000000,0.375,0.375,0.25,2.5,1.0,2.0,100,10000,22396144,22210476.0625,16000,22402163,22216465.375,16000,16000,1,1,1388.2141651992774,Empirical loss on all K fixed training masks,Monte Carlo population risk; independent test samples and one independent mask per sample,0.9914757083984176,0.9917209494213257,2.8687329631793546e-06,5.9327057044811227e-08,4000,8.0,1387.8270461120605,1388.15475390625,0.9917098256958876,-0.3277077941894531,0.4681539916992188,0.4721487907126676,1388.5433974657058,1388.5290859375,0.9917107278881955,0.014311528205871582,-0.02044504029410226,-0.02061394082542023,7.306758314371109e-06,1387.8270534188189,-0.3277004874311387,3.702990171439158e-12,fixed_training_mask_bank,fixed_training_mask_bank,-0.19589895009994507,1.2405779361724854,-0.004855325911194086,1.3516203165054321,1.115435004234314,0.5386507511138916,0.5485798120498657,0.7599999904632568,0.714900016784668,0.7215579152107239,0.7569901347160339,6,12,0.24000000953674316,0.28509998321533203
21,0,4000,0.5635114908218384,0.7506740243420165,0.8802817463874817,1.3411035537719727,1.2950190305709839,51.7900276184082,45.284976959228516,0.9910688996315002,1.2673094272613525,gaussian,1.0,8.0,16000,linear,identity,1,1,finite_k_fixed,2000,1.0,0.8,bounded_heterogenous,1.0,0.75,0.25,4000,0.0001,0.05,1024,static_mask_mae_adam,jax,cuda:0,0.4.30,bool,matched_torch_cpu_bank,torch.float32,torch.bool,128000000,32000000,160000000,128000000,32000000,256000000,256000000,0.375,0.375,0.25,2.5,1.0,2.0,100,10000,25600030,25387813.3125,16000,25602904,25388154.3125,16000,16000,1,1,1586.5304745134601,Empirical loss on all K fixed training masks,Monte Carlo population risk; independent test samples and one independent mask per sample,0.9915198261646629,0.9916399388372589,2.9871716833440587e-06,5.76785126327195e-08,4000,8.0,1586.4335809631348,1586.73833203125,0.9917102953590289,-0.3047510681152344,0.380938835144043,0.3841226520633345,1586.8038847885132,1586.75964453125,0.9916122918126787,0.04424025726318359,-0.05530032157897949,-0.05576176255273069,8.381897211074829e-06,1586.433589345032,-0.3047426862180233,3.481228109600276e-12,fixed_training_mask_bank,fixed_training_mask_bank,-0.2283622920513153,1.2726632356643677,-0.015964824706315994,1.42961585521698,1.1741853952407837,0.526441752910614,0.5635023713111877,0.7400000095367432,0.7103999853134155,0.8029606342315674,0.8206151127815247,7,7,0.25999999046325684,0.2896000146865845
21,0,4000,0.4332556426525116,0.6582215756510201,0.8706077933311462,1.7061711549758911,1.771896481513977,58.415252685546875,45.284976959228516,0.9910688996315002,1.2673094272613525,gaussian,1.0,8.0,16000,linear,identity,1,1,finite_k_fixed,2000,1.0,0.9,bounded_heterogenous,1.0,0.75,0.25,4000,0.0001,0.05,1024,static_mask_mae_adam,jax,cuda:0,0.4.30,bool,matched_torch_cpu_bank,torch.float32,torch.bool,128000000,32000000,160000000,128000000,32000000,256000000,256000000,0.375,0.375,0.25,2.5,1.0,2.0,100,10000,28799704,28565153.5,16000,28802542,28562349.875,16000,16000,1,1,1784.8467838276426,Empirical loss on all K fixed training masks,Monte Carlo population risk; independent test samples and one independent mask per sample,0.9917029474768809,0.9917408289909604,3.296751174275414e-06,5.643647327246981e-08,4000,8.0,1785.0469589538575,1785.32209375,0.9918558017124065,-0.27513479614257813,0.305705329047309,0.30821866497454664,1785.2910550079346,1785.1468671875,0.9916607317159715,0.14418782043457032,-0.1602086893717448,-0.16154168946513892,1.066356971859932e-05,1785.0469696174273,-0.27512413257285956,3.360899883050883e-12,fixed_training_mask_bank,fixed_training_mask_bank,-0.14163139462471008,1.575029969215393,-0.009011677466332912,1.585198163986206,0.7588565945625305,0.5713346600532532,0.5869469046592712,0.7099999785423279,0.6865000128746033,0.5553459525108337,0.5272623300552368,6,6,0.2900000214576721,0.31349998712539673
21,0,4000,0.22855068743228912,0.4780697516391192,0.7229129672050476,2.230032444000244,2.519805908203125,66.7837142944336,45.284976959228516,0.9910688996315002,1.2673094272613525,gaussian,1.0,8.0,16000,linear,identity,1,1,finite_k_fixed,2000,1.0,0.95,bounded_heterogenous,1.0,0.75,0.25,4000,0.0001,0.05,1024,static_mask_mae_adam,jax,cuda:0,0.4.30,bool,matched_torch_cpu_bank,torch.float32,torch.bool,128000000,32000000,160000000,128000000,32000000,256000000,256000000,0.375,0.375,0.25,2.5,1.0,2.0,100,10000,30399091,30147847.625,16000,30401195,30154530.125,16000,16000,1,1,1884.0049384847339,Empirical loss on all K fixed training masks,Monte Carlo population risk; independent test samples and one independent mask per sample,0.9916017041170404,0.9920013622973949,3.6955509585823165e-06,5.5336109028303326e-08,4000,8.0,1883.9869024505615,1884.2404765625,0.991735168166706,-0.25357411193847657,0.2669201178299753,0.26915260031046273,1884.8766784667969,1884.6581328125,0.9918863427901436,0.218545654296875,-0.23004805715460527,-0.23192073988598239,1.3937702775001525e-05,1883.9869163882643,-0.25356017423570154,3.386472309171995e-12,fixed_training_mask_bank,fixed_training_mask_bank,-0.012541389092803001,1.6949012279510498,0.00653971079736948,1.7242615222930908,0.6096913814544678,0.5930595397949219,0.6389390826225281,0.6700000166893005,0.6392999887466431,0.4399687647819519,0.35566848516464233,6,6,0.32999998331069946,0.36070001125335693
22,0,4000,0.00017697556177154183,0.013303216219078071,-0.019262239336967468,2.078674793243408,2.6085898876190186,64.4775161743164,44.9129753112793,1.009093165397644,1.2993767261505127,gaussian,1.0,8.0,16000,linear,identity,1,1,finite_k_fixed,2000,1.0,0.05,bounded_heterogenous,1.0,0.75,0.25,4000,0.0001,0.05,1024,static_mask_mae_adam,jax,cuda:0,0.4.30,bool,matched_torch_cpu_bank,torch.float32,torch.bool,128000000,32000000,160000000,128000000,32000000,256000000,256000000,0.375,0.375,0.25,2.5,1.0,2.0,100,10000,1599147,1616598.5546875,16000,1600057,1615295.8515625,16000,16000,1,1,100.95974234941981,Empirical loss on all K fixed training masks,Monte Carlo population risk; independent test samples and one independent mask per sample,1.0083829319802018,1.0121768586798783,7.040176569717005e-06,1.0918810033899717e-07,4000,8.0,100.78453378295899,101.03740966796875,1.0109130396939743,-0.2528758850097656,5.057517700195311,5.005589233547658,101.22129174804688,100.95599072265625,1.0095239429360954,0.265301025390625,-5.3060205078125,-5.255775778961969,1.2991717457771302e-05,100.78454677467644,-0.2528628932923078,2.6389826088268897e-11,fixed_training_mask_bank,fixed_training_mask_bank,0.022532034665346146,1.7946903705596924,-0.016694726422429085,1.6212859153747559,0.198261097073555,0.678191602230072,0.7045703530311584,0.5899999737739563,0.5001000165939331,0.060761481523513794,0.002659492427483201,4,5,0.4100000262260437,0.4998999834060669
22,0,4000,0.0007457890314981341,0.02730913824158745,-0.033623047173023224,1.502949595451355,1.8984029293060303,54.82607650756836,44.9129753112793,1.009093165397644,1.2993767261505127,gaussian,1.0,8.0,16000,linear,identity,1,1,finite_k_fixed,2000,1.0,0.1,bounded_heterogenous,1.0,0.75,0.25,4000,0.0001,0.05,1024,static_mask_mae_adam,jax,cuda:0,0.4.30,bool,matched_torch_cpu_bank,torch.float32,torch.bool,128000000,32000000,160000000,128000000,32000000,256000000,256000000,0.375,0.375,0.25,2.5,1.0,2.0,100,10000,3199048,3231400.3359375,16000,3200888,3234665.6015625,16000,16000,1,1,201.91948469883963,Empirical loss on all K fixed training masks,Monte Carlo population risk; independent test samples and one independent mask per sample,1.0088729063369741,1.0118518432546102,5.163024070498068e-06,9.417095014896404e-08,4000,8.0,201.71455332946778,201.96252099609376,1.0101131136317743,-0.24796766662597655,2.4796766662597656,2.455581019715769,202.42652642822264,202.16660009765624,1.0105525721495097,0.25992633056640624,-2.599263305664062,-2.5714072496727525,9.393434971570968e-06,201.71456272290274,-0.24795827319100497,1.5618711185494405e-11,fixed_training_mask_bank,fixed_training_mask_bank,-0.18642646074295044,1.4248628616333008,-0.007331213913857937,1.352851390838623,-0.17095184326171875,0.685870349407196,0.6968173384666443,0.550000011920929,0.5135999917984009,0.029362211003899574,0.0059420098550617695,4,5,0.44999998807907104,0.4864000082015991
22,0,4000,0.21011944115161896,0.4583878719508392,-0.48836633563041687,1.125411868095398,1.3240129947662354,47.442848205566406,44.9129753112793,1.009093165397644,1.2993767261505127,gaussian,1.0,8.0,16000,linear,identity,1,1,finite_k_fixed,2000,1.0,0.2,bounded_heterogenous,1.0,0.75,0.25,4000,0.0001,0.05,1024,static_mask_mae_adam,jax,cuda:0,0.4.30,bool,matched_torch_cpu_bank,torch.float32,torch.bool,128000000,32000000,160000000,128000000,32000000,256000000,256000000,0.375,0.375,0.25,2.5,1.0,2.0,100,10000,6402287,6465938.546875,16000,6398490,6455870.5,16000,16000,1,1,403.83896939767925,Empirical loss on all K fixed training masks,Monte Carlo population risk; independent test samples and one independent mask per sample,1.0092988693373848,1.0094964374956532,3.868887688440736e-06,8.154839292728866e-08,4000,8.0,403.86381439208986,404.1211591796875,1.0099420014871248,-0.2573447875976563,1.2867239379882813,1.2736021450598933,403.7033037719726,403.49190625,1.0089678189697882,0.21139752197265624,-1.056987609863281,-1.0478402104139306,7.033824175596237e-06,403.86382142591407,-0.25733775377348067,8.757875501197443e-12,fixed_training_mask_bank,fixed_training_mask_bank,0.06358391791582108,1.2992693185806274,0.007310108747333288,1.2477600574493408,-0.5265968441963196,0.643052875995636,0.644594132900238,0.6100000143051147,0.6187000274658203,0.21059206128120422,0.19983674585819244,5,6,0.38999998569488525,0.3812999725341797
22,0,4000,0.46614599227905273,0.6827488500752328,0.6838733553886414,0.9947540163993835,1.0493249893188477,44.60390090942383,44.9129753112793,1.009093165397644,1.2993767261505127,gaussian,1.0,8.0,16000,linear,identity,1,1,finite_k_fixed,2000,1.0,0.3,bounded_heterogenous,1.0,0.75,0.25,4000,0.0001,0.05,1024,static_mask_mae_adam,jax,cuda:0,0.4.30,bool,matched_torch_cpu_bank,torch.float32,torch.bool,128000000,32000000,160000000,128000000,32000000,256000000,256000000,0.375,0.375,0.25,2.5,1.0,2.0,100,10000,9601750,9694506.84375,16000,9595212,9676812.3125,16000,16000,1,1,605.7584540965188,Empirical loss on all K fixed training masks,Monte Carlo population risk; independent test samples and one independent mask per sample,1.009195187502441,1.0086705013611013,3.056592277062009e-06,6.852746992080938e-08,4000,8.0,605.6274932250976,605.906677734375,1.0096604102116802,-0.27918450927734373,0.9306150309244792,0.9215429356919103,604.9004561691285,604.80076953125,1.0085042740587702,0.09968663787841797,-0.3322887929280599,-0.32965116084637813,6.217212602496147e-06,605.6274994423102,-0.2791782920647412,6.129708286090052e-12,fixed_training_mask_bank,fixed_training_mask_bank,-0.07386769354343414,1.3251571655273438,-0.013202707283198833,1.2297636270523071,0.846121072769165,0.5793996453285217,0.5890664458274841,0.699999988079071,0.6780999898910522,0.5069022178649902,0.4507056176662445,6,6,0.30000001192092896,0.32190001010894775
22,0,4000,0.5610623955726624,0.7490409839071974,0.7474312782287598,0.9872283935546875,1.0024486780166626,44.43486022949219,44.9129753112793,1.009093165397644,1.2993767261505127,gaussian,1.0,8.0,16000,linear,identity,1,1,finite_k_fixed,2000,1.0,0.4,bounded_heterogenous,1.0,0.75,0.25,4000,0.0001,0.05,1024,static_mask_mae_adam,jax,cuda:0,0.4.30,bool,matched_torch_cpu_bank,torch.float32,torch.bool,128000000,32000000,160000000,128000000,32000000,256000000,256000000,0.375,0.375,0.25,2.5,1.0,2.0,100,10000,12800074,12923551.9375,16000,12796678,12913734.8125,16000,16000,1,1,807.6779387953585,Empirical loss on all K fixed training masks,Monte Carlo population risk; independent test samples and one independent mask per sample,1.0092582369955316,1.0091943797324354,2.9452121452777646e-06,6.628156512533678e-08,4000,8.0,807.4112574157714,807.72199609375,1.0096466580974455,-0.310738677978632,0.77684669494658,0.769419873375643,807.1459698028565,807.10842578125,1.009147437522457,0.037544021606445314,-0.09386005401611328,-0.09303340271804572,6.170177459716798e-06,807.4112635859489,-0.3107325078011723,5.186152288866319e-12,fixed_training_mask_bank,fixed_training_mask_bank,-0.047071028500795364,1.3283456563949585,-0.017512166872620583,1.2505425214767456,0.8965665102005005,0.5658352375030518,0.5691726207733154,0.699999988079071,0.6998999714851379,0.5685888528823853,0.5257540345191956,6,6,0.30000001192092896,0.30010002851486206
22,0,4000,0.611122190952301,0.7817430466286867,-0.7926705479621887,1.0193977355957031,0.9982648491859436,45.15302276611328,44.9129753112793,1.009093165397644,1.2993767261505127,gaussian,1.0,8.0,16000,linear,identity,1,1,finite_k_fixed,2000,1.0,0.5,bounded_heterogenous,1.0,0.75,0.25,4000,0.0001,0.05,1024,static_mask_mae_adam,jax,cuda:0,0.4.30,bool,matched_torch_cpu_bank,torch.float32,torch.bool,128000000,32000000,160000000,128000000,32000000,256000000,256000000,0.375,0.375,0.25,2.5,1.0,2.0,100,10000,16002902,16157319.125,16000,15995658,16144026.3125,16000,16000,1,1,1009.5974234941981,Empirical loss on all K fixed training masks,Monte Carlo population risk; independent test samples and one independent mask per sample,1.0093202212575159,1.0092817480194731,2.7557966859603766e-06,6.10323880323449e-08,4000,8.0,1009.5032867126465,1009.8324453125,1.0096493201670547,-0.32915859985351564,0.6583171997070313,0.6519073562776256,1009.0078541851044,1009.00164453125,1.0092755366800166,0.006209653854370117,-0.012419307708740234,-0.01230851086919671,6.371235847473145e-06,1009.5032930838823,-0.3291522286176682,4.600655360148531e-12,fixed_training_mask_bank,fixed_training_mask_bank,0.10217124968767166,1.3579148054122925,0.01912608928978443,1.265586495399475,-1.135103464126587,0.5179506540298462,0.5565727949142456,0.7200000286102295,0.7120000123977661,0.8416464328765869,0.7037114500999451,7,7,0.2799999713897705,0.2879999876022339
22,0,4000,0.6427676677703857,0.8017279262757321,-0.8439379930496216,1.0986347198486328,1.0424507856369019,46.875038146972656,44.9129753112793,1.009093165397644,1.2993767261505127,gaussian,1.0,8.0,16000,linear,identity,1,1,finite_k_fixed,2000,1.0,0.6,bounded_heterogenous,1.0,0.75,0.25,4000,0.0001,0.05,1024,static_mask_mae_adam,jax,cuda:0,0.4.30,bool,matched_torch_cpu_bank,torch.float32,torch.bool,128000000,32000000,160000000,128000000,32000000,256000000,256000000,0.375,0.375,0.25,2.5,1.0,2.0,100,10000,19204500,19387397.5,16000,19195988,19379112.125,16000,16000,1,1,1211.5169081930376,Empirical loss on all K fixed training masks,Monte Carlo population risk; independent test samples and one independent mask per sample,1.0092380865934742,1.0095381252752933,2.752088903434924e-06,5.8711176365022766e-08,4000,8.0,1211.3695521240234,1211.71234375,1.0095236793459865,-0.3427916259765625,0.5713193766276041,0.5657970354839836,1211.1926086454391,1211.1945078125,1.0095397082452855,-0.0018991670608520508,0.0031652784347534183,0.0031360232375376995,6.866466999053956e-06,1211.3695589904903,-0.34278475950956344,4.099288183206928e-12,fixed_training_mask_bank,fixed_training_mask_bank,0.12445750832557678,1.3984827995300293,0.014102591201663017,1.3160136938095093,-1.12628173828125,0.5150183439254761,0.5485300421714783,0.6899999976158142,0.7206000089645386,0.8636310696601868,0.7437011003494263,7,7,0.3100000023841858,0.2793999910354614
22,0,4000,0.6265020370483398,0.7915188166104075,-0.8638091683387756,1.1808627843856812,1.1340785026550293,48.597591400146484,44.9129753112793,1.009093165397644,1.2993767261505127,gaussian,1.0,8.0,16000,linear,identity,1,1,finite_k_fixed,2000,1.0,0.7,bounded_heterogenous,1.0,0.75,0.25,4000,0.0001,0.05,1024,static_mask_mae_adam,jax,cuda:0,0.4.30,bool,matched_torch_cpu_bank,torch.float32,torch.bool,128000000,32000000,160000000,128000000,32000000,256000000,256000000,0.375,0.375,0.25,2.5,1.0,2.0,100,10000,22402992,22615380.125,16000,22396368,22615381.625,16000,16000,1,1,1413.4363928918772,Empirical loss on all K fixed training masks,Monte Carlo population risk; independent test samples and one independent mask per sample,1.0092427894316667,1.009788372275802,2.799050207613618e-06,5.759648402658968e-08,4000,8.0,1413.128633605957,1413.4612578125,1.0094803464197997,-0.33262420654296876,0.47517743791852685,0.4706520319597285,1413.4744992256162,1413.4613515625,1.0097789795649008,0.013147663116222248,-0.018782375880317496,-0.018603498570080035,7.380392402410508e-06,1413.1286409863494,-0.33261682615056637,3.847169544740625e-12,fixed_training_mask_bank,fixed_training_mask_bank,0.12558692693710327,1.4340122938156128,0.011319834738969803,1.359367847442627,-1.100571870803833,0.5199720859527588,0.5548098683357239,0.7300000190734863,0.7124999761581421,0.8468562960624695,0.7379106283187866,7,7,0.26999998092651367,0.2875000238418579
22,0,4000,0.5831954479217529,0.763672343300288,-0.8969492316246033,1.3677536249160767,1.3302727937698364,52.30207824707031,44.9129753112793,1.009093165397644,1.2993767261505127,gaussian,1.0,8.0,16000,linear,identity,1,1,finite_k_fixed,2000,1.0,0.8,bounded_heterogenous,1.0,0.75,0.25,4000,0.0001,0.05,1024,static_mask_mae_adam,jax,cuda:0,0.4.30,bool,matched_torch_cpu_bank,torch.float32,torch.bool,128000000,32000000,160000000,128000000,32000000,256000000,256000000,0.375,0.375,0.25,2.5,1.0,2.0,100,10000,25600093,25848450.25,16000,25595777,25847092.9375,16000,16000,1,1,1615.355877590717,Empirical loss on all K fixed training masks,Monte Carlo population risk; independent test samples and one independent mask per sample,1.009502608281998,1.0098556634395754,2.994902615682804e-06,5.726164076236273e-08,4000,8.0,1615.2100409851075,1615.528140625,1.0097014198346859,-0.3180996398925781,0.3976245498657226,0.39380266043465006,1615.5025227241515,1615.44330859375,1.0098186485020557,0.05921413040161133,-0.07401766300201416,-0.07331006923827488,8.54846015572548e-06,1615.2100495335676,-0.31809109143242237,3.562814106239376e-12,fixed_training_mask_bank,fixed_training_mask_bank,0.017063722014427185,1.6005630493164062,0.007199896965175867,1.442083477973938,-0.8833998441696167,0.5374805927276611,0.5640976428985596,0.7200000286102295,0.6988000273704529,0.7312488555908203,0.6068288087844849,6,7,0.2799999713897705,0.3011999726295471
22,0,4000,0.4584028720855713,0.6770545562106286,-0.8878955841064453,1.7051506042480469,1.7945090532302856,58.39778137207031,44.9129753112793,1.009093165397644,1.2993767261505127,gaussian,1.0,8.0,16000,linear,identity,1,1,finite_k_fixed,2000,1.0,0.9,bounded_heterogenous,1.0,0.75,0.25,4000,0.0001,0.05,1024,static_mask_mae_adam,jax,cuda:0,0.4.30,bool,matched_torch_cpu_bank,torch.float32,torch.bool,128000000,32000000,160000000,128000000,32000000,256000000,256000000,0.375,0.375,0.25,2.5,1.0,2.0,100,10000,28801769,29079164.25,16000,28795669,29078529.375,16000,16000,1,1,1817.2753622895566,Empirical loss on all K fixed training masks,Monte Carlo population risk; independent test samples and one independent mask per sample,1.0094775232572304,1.009911839428467,3.3197179618582595e-06,5.6846644724828366e-08,4000,8.0,1817.17115222168,1817.447765625,1.009631187931547,-0.27661340332007966,0.30734822591119965,0.30439763777745377,1817.5679404602054,1817.4080859375,1.0098230180031587,0.15985452270531095,-0.17761613633923437,-0.1759148360154228,1.0657191276550293e-05,1817.1711628788712,-0.2766027461288031,3.4524241104838538e-12,fixed_training_mask_bank,fixed_training_mask_bank,0.04787757247686386,1.6806342601776123,-0.005160615313798189,1.5989019870758057,-0.6404350996017456,0.5828498601913452,0.5929485559463501,0.699999988079071,0.6816999912261963,0.4826545715332031,0.43592754006385803,6,6,0.30000001192092896,0.3183000087738037
22,0,4000,0.28434717655181885,0.5332421368870045,0.7972384095191956,2.2162249088287354,2.5014328956604004,66.57664489746094,44.9129753112793,1.009093165397644,1.2993767261505127,gaussian,1.0,8.0,16000,linear,identity,1,1,finite_k_fixed,2000,1.0,0.95,bounded_heterogenous,1.0,0.75,0.25,4000,0.0001,0.05,1024,static_mask_mae_adam,jax,cuda:0,0.4.30,bool,matched_torch_cpu_bank,torch.float32,torch.bool,128000000,32000000,160000000,128000000,32000000,256000000,256000000,0.375,0.375,0.25,2.5,1.0,2.0,100,10000,30401142,30694766.625,16000,30396861,30693417.875,16000,16000,1,1,1918.2351046389763,Empirical loss on all K fixed training masks,Monte Carlo population risk; independent test samples and one independent mask per sample,1.0095236622845503,1.009861060743233,3.6968851873098174e-06,5.552826110033493e-08,4000,8.0,1918.167013092041,1918.4229140625,1.0096583419464966,-0.25590097045898436,0.2693694425884046,0.2667826458735423,1918.537893295288,1918.3386171875,1.0097561677503477,0.19927610778808594,-0.2097643239874589,-0.20775905359204927,1.3851405680179598e-05,1918.1670269434467,-0.2558871190533042,3.452571995660181e-12,fixed_training_mask_bank,fixed_training_mask_bank,0.026033969596028328,1.830237627029419,0.017751354724168777,1.7727993726730347,0.5188407301902771,0.6035679578781128,0.6303451061248779,0.6800000071525574,0.6445000171661377,0.386167973279953,0.3193189799785614,5,6,0.3199999928474426,0.3554999828338623
23,0,4000,0.005101077724248171,0.07142182946584448,-0.10306345671415329,2.09653639793396,2.659048557281494,64.75395202636719,44.56947326660156,1.0051379203796387,1.2974340915679932,gaussian,1.0,8.0,16000,linear,identity,1,1,finite_k_fixed,2000,1.0,0.05,bounded_heterogenous,1.0,0.75,0.25,4000,0.0001,0.05,1024,static_mask_mae_adam,jax,cuda:0,0.4.30,bool,matched_torch_cpu_bank,torch.float32,torch.bool,128000000,32000000,160000000,128000000,32000000,256000000,256000000,0.375,0.375,0.25,2.5,1.0,2.0,100,10000,1600209,1610825.11328125,16000,1599631,1609041.4453125,16000,16000,1,1,100.56344879942475,Empirical loss on all K fixed training masks,Monte Carlo population risk; independent test samples and one independent mask per sample,1.0041297545876722,1.0085708426173756,7.086609002726618e-06,1.0943902850613085e-07,4000,8.0,100.42609190368653,100.67656958007812,1.0066342042078567,-0.25047767639160157,5.009553527832031,4.975888182053634,100.8338240966797,100.56509033203125,1.0058828850606796,0.26873376464845206,-5.374675292969041,-5.344474186046,1.3103352487087251e-05,100.42610500703901,-0.25046457303911446,2.61247343202875e-11,fixed_training_mask_bank,fixed_training_mask_bank,-0.12113568931818008,1.6439698934555054,0.0037275836803019047,1.644443392753601,-0.23704499006271362,0.6752721667289734,0.6988170742988586,0.5799999833106995,0.5260999798774719,0.07283929735422134,0.02594901993870735,4,5,0.42000001668930054,0.4739000201225281
23,0,4000,0.007000482641160488,0.08366888693630678,-0.10215678066015244,1.5009335279464722,1.9123950004577637,54.7892951965332,44.56947326660156,1.0051379203796387,1.2974340915679932,gaussian,1.0,8.0,16000,linear,identity,1,1,finite_k_fixed,2000,1.0,0.1,bounded_heterogenous,1.0,0.75,0.25,4000,0.0001,0.05,1024,static_mask_mae_adam,jax,cuda:0,0.4.30,bool,matched_torch_cpu_bank,torch.float32,torch.bool,128000000,32000000,160000000,128000000,32000000,256000000,256000000,0.375,0.375,0.25,2.5,1.0,2.0,100,10000,3199865,3220190.1328125,16000,3201433,3221062.90625,16000,16000,1,1,201.1268975988495,Empirical loss on all K fixed training masks,Monte Carlo population risk; independent test samples and one independent mask per sample,1.005112245015488,1.0075391240386045,5.414596671471372e-06,9.882581508691146e-08,4000,8.0,201.01396836853027,201.26188330078125,1.0063518719735052,-0.24791493225097655,2.479149322509765,2.463605409877667,201.5980625305176,201.316431640625,1.0061315998960465,0.2816308898926072,-2.816308898926072,-2.7978927263658804,9.380834549665451e-06,201.0139777493648,-0.2479055514164269,1.5195542740764623e-11,fixed_training_mask_bank,fixed_training_mask_bank,-0.04419265687465668,1.4894580841064453,0.0023746867664158344,1.3860454559326172,-0.1786847859621048,0.6845549941062927,0.691302478313446,0.550000011920929,0.5328999757766724,0.03460727632045746,0.018908614292740822,4,4,0.44999998807907104,0.46710002422332764
23,0,4000,0.18439193069934845,0.4294088153489032,0.4520907998085022,1.1160005331039429,1.3488603830337524,47.244056701660156,44.56947326660156,1.0051379203796387,1.2974340915679932,gaussian,1.0,8.0,16000,linear,identity,1,1,finite_k_fixed,2000,1.0,0.2,bounded_heterogenous,1.0,0.75,0.25,4000,0.0001,0.05,1024,static_mask_mae_adam,jax,cuda:0,0.4.30,bool,matched_torch_cpu_bank,torch.float32,torch.bool,128000000,32000000,160000000,128000000,32000000,256000000,256000000,0.375,0.375,0.25,2.5,1.0,2.0,100,10000,6402230,6444868.28125,16000,6404046,6443728.09375,16000,16000,1,1,402.253795197699,Empirical loss on all K fixed training masks,Monte Carlo population risk; independent test samples and one independent mask per sample,1.006010424892357,1.0067420868809318,3.847464540740475e-06,8.143806695670719e-08,4000,8.0,402.5443826599122,402.804267578125,1.0066599108826144,-0.25988491821283244,1.2994245910641622,1.2903781768520695,402.9514146575927,402.733005859375,1.006196409855582,0.21840879821771522,-1.092043991088576,-1.0846332187335328,6.9750033318996435e-06,402.5443896349155,-0.25987794320950053,8.447597656113803e-12,fixed_training_mask_bank,fixed_training_mask_bank,-0.116828553378582,1.2753483057022095,-0.011881276033818722,1.238234281539917,0.4953077733516693,0.6495331525802612,0.6492502689361572,0.5600000023841858,0.6176000237464905,0.1824224442243576,0.17789921164512634,5,6,0.4399999976158142,0.3823999762535095
23,0,4000,0.4578689932823181,0.6766601756290362,-0.6728066205978394,0.9953923225402832,1.043419361114502,44.61820983886719,44.56947326660156,1.0051379203796387,1.2974340915679932,gaussian,1.0,8.0,16000,linear,identity,1,1,finite_k_fixed,2000,1.0,0.3,bounded_heterogenous,1.0,0.75,0.25,4000,0.0001,0.05,1024,static_mask_mae_adam,jax,cuda:0,0.4.30,bool,matched_torch_cpu_bank,torch.float32,torch.bool,128000000,32000000,160000000,128000000,32000000,256000000,256000000,0.375,0.375,0.25,2.5,1.0,2.0,100,10000,9602034,9664656.8125,16000,9602760,9659985.0,16000,16000,1,1,603.3806927965485,Empirical loss on all K fixed training masks,Monte Carlo population risk; independent test samples and one independent mask per sample,1.006055624770898,1.0061372181954393,3.229959247619263e-06,7.239105315193228e-08,4000,8.0,603.7612696838378,604.04105078125,1.0065218278231467,-0.2797810974122258,0.9326036580407526,0.9263645146315724,603.8558895874023,603.7490625,1.005959224223036,0.10682708740234376,-0.3560902913411459,-0.3538790999026986,6.221202015876771e-06,603.7612759050398,-0.2797748762102099,6.171218050465832e-12,fixed_training_mask_bank,fixed_training_mask_bank,-0.03921448066830635,1.3111728429794312,0.011067995801568031,1.2088743448257446,-1.1063718795776367,0.5307048559188843,0.5837979912757874,0.75,0.6912000179290771,0.7643004059791565,0.5995897054672241,7,7,0.25,0.30879998207092285
23,0,4000,0.5762102007865906,0.7590851077360105,-0.7495584487915039,0.9817141890525818,0.9724422097206116,44.31058883666992,44.56947326660156,1.0051379203796387,1.2974340915679932,gaussian,1.0,8.0,16000,linear,identity,1,1,finite_k_fixed,2000,1.0,0.4,bounded_heterogenous,1.0,0.75,0.25,4000,0.0001,0.05,1024,static_mask_mae_adam,jax,cuda:0,0.4.30,bool,matched_torch_cpu_bank,torch.float32,torch.bool,128000000,32000000,160000000,128000000,32000000,256000000,256000000,0.375,0.375,0.25,2.5,1.0,2.0,100,10000,12800594,12882748.59375,16000,12804647,12884564.75,16000,16000,1,1,804.507590395398,Empirical loss on all K fixed training masks,Monte Carlo population risk; independent test samples and one independent mask per sample,1.0060371284775071,1.00630895525244,3.0083549518167274e-06,6.789245787786058e-08,4000,8.0,804.8670519104004,805.171787109375,1.0064180298000234,-0.3047351989746094,0.7618379974365234,0.7569445523385454,805.3394340591432,805.285296875,1.0062413083312645,0.054137184143182825,-0.13534296035795707,-0.1344546693036186,6.1357136815786365e-06,804.867058046114,-0.3047290632609278,5.04971325171466e-12,fixed_training_mask_bank,fixed_training_mask_bank,0.09636598825454712,1.377292513847351,0.011082879267632961,1.226714015007019,-1.0126467943191528,0.5430178642272949,0.5570169687271118,0.7200000286102295,0.7120000123977661,0.7079072594642639,0.6068540215492249,6,7,0.2799999713897705,0.2879999876022339
23,0,4000,0.6410531401634216,0.8006579420473026,-0.8086413741111755,1.0270057916641235,0.9891003370285034,45.321205139160156,44.56947326660156,1.0051379203796387,1.2974340915679932,gaussian,1.0,8.0,16000,linear,identity,1,1,finite_k_fixed,2000,1.0,0.5,bounded_heterogenous,1.0,0.75,0.25,4000,0.0001,0.05,1024,static_mask_mae_adam,jax,cuda:0,0.4.30,bool,matched_torch_cpu_bank,torch.float32,torch.bool,128000000,32000000,160000000,128000000,32000000,256000000,256000000,0.375,0.375,0.25,2.5,1.0,2.0,100,10000,16000294,16104589.9375,16000,16004899,16102971.375,16000,16000,1,1,1005.6344879942475,Empirical loss on all K fixed training masks,Monte Carlo population risk; independent test samples and one independent mask per sample,1.0061871058553868,1.0061509794666461,2.792503892123932e-06,6.161584309438695e-08,4000,8.0,1006.2055945434569,1006.53687109375,1.0065183763185852,-0.33127655029308517,0.6625531005861703,0.6582502038561255,1006.4590503196715,1006.4357109375,1.006127647228514,0.023339382171514444,-0.04667876434302889,-0.046380274304258506,6.418786197900772e-06,1006.205600962243,-0.3312701315068873,4.304474311711548e-12,fixed_training_mask_bank,fixed_training_mask_bank,0.09982959926128387,1.3907301425933838,-0.001155111356638372,1.2796006202697754,-1.1029584407806396,0.525052011013031,0.5473758578300476,0.7699999809265137,0.7192999720573425,0.8147441744804382,0.710105836391449,7,7,0.23000001907348633,0.28070002794265747
23,0,4000,0.6450814008712769,0.8031695965804961,-0.8356330394744873,1.089862585067749,1.0323264598846436,46.68752670288086,44.56947326660156,1.0051379203796387,1.2974340915679932,gaussian,1.0,8.0,16000,linear,identity,1,1,finite_k_fixed,2000,1.0,0.6,bounded_heterogenous,1.0,0.75,0.25,4000,0.0001,0.05,1024,static_mask_mae_adam,jax,cuda:0,0.4.30,bool,matched_torch_cpu_bank,torch.float32,torch.bool,128000000,32000000,160000000,128000000,32000000,256000000,256000000,0.375,0.375,0.25,2.5,1.0,2.0,100,10000,19201693,19321492.0625,16000,19203429,19321569.9375,16000,16000,1,1,1206.761385593097,Empirical loss on all K fixed training masks,Monte Carlo population risk; independent test samples and one independent mask per sample,1.0059590028524763,1.0061555548688474,2.798910600176896e-06,5.994986196355967e-08,4000,8.0,1207.257246459961,1207.59325390625,1.0062389843697637,-0.3360074462890625,0.5600124104817709,0.5564910953288482,1207.6022975549697,1207.59812109375,1.0061520751059616,0.004176461219787598,-0.006960768699645997,-0.006916972040471592,6.811641156673432e-06,1207.2572532716022,-0.3360006346479058,4.143171049297845e-12,fixed_training_mask_bank,fixed_training_mask_bank,0.07093314826488495,1.3318707942962646,0.0051838792860507965,1.3132752180099487,-0.9746707677841187,0.5566641092300415,0.5460399985313416,0.7099999785423279,0.7179999947547913,0.6320713758468628,0.6467348337173462,7,7,0.2900000214576721,0.28200000524520874
23,0,4000,0.6309943795204163,0.794351546558837,-0.8644444942474365,1.1923500299453735,1.1215739250183105,48.8333854675293,44.56947326660156,1.0051379203796387,1.2974340915679932,gaussian,1.0,8.0,16000,linear,identity,1,1,finite_k_fixed,2000,1.0,0.7,bounded_heterogenous,1.0,0.75,0.25,4000,0.0001,0.05,1024,static_mask_mae_adam,jax,cuda:0,0.4.30,bool,matched_torch_cpu_bank,torch.float32,torch.bool,128000000,32000000,160000000,128000000,32000000,256000000,256000000,0.375,0.375,0.25,2.5,1.0,2.0,100,10000,22402081,22538264.375,16000,22402675,22535077.0625,16000,16000,1,1,1407.8882831919464,Empirical loss on all K fixed training masks,Monte Carlo population risk; independent test samples and one independent mask per sample,1.0058426595903496,1.0059194186645353,2.8083820780011592e-06,5.750946385774114e-08,4000,8.0,1408.3105458374023,1408.6415234375,1.006079050200738,-0.33097760009765625,0.47282514299665185,0.46992452599292633,1408.4553632831573,1408.44231640625,1.0059101005795066,0.013046876907348633,-0.01863839558192662,-0.018526675541252757,7.452187687158585e-06,1408.31055328959,-0.3309701479099691,3.694903757955892e-12,fixed_training_mask_bank,fixed_training_mask_bank,0.020679932087659836,1.3718045949935913,-0.0005653217085637152,1.3656609058380127,-0.90230792760849,0.5661422610282898,0.5501700043678284,0.7400000095367432,0.7157999873161316,0.5824887752532959,0.6156820058822632,6,7,0.25999999046325684,0.2842000126838684
23,0,4000,0.5999903678894043,0.7745904517158757,-0.9064963459968567,1.3789318799972534,1.3382389545440674,52.51536560058594,44.56947326660156,1.0051379203796387,1.2974340915679932,gaussian,1.0,8.0,16000,linear,identity,1,1,finite_k_fixed,2000,1.0,0.8,bounded_heterogenous,1.0,0.75,0.25,4000,0.0001,0.05,1024,static_mask_mae_adam,jax,cuda:0,0.4.30,bool,matched_torch_cpu_bank,torch.float32,torch.bool,128000000,32000000,160000000,128000000,32000000,256000000,256000000,0.375,0.375,0.25,2.5,1.0,2.0,100,10000,25601778,25756256.0,16000,25604280,25755403.5,16000,16000,1,1,1609.015180790796,Empirical loss on all K fixed training masks,Monte Carlo population risk; independent test samples and one independent mask per sample,1.0058331455518807,1.0059444206626387,2.97307292385085e-06,5.66133948609604e-08,4000,8.0,1609.4448060913087,1609.766,1.0060338778033306,-0.32119390869140624,0.4014923858642578,0.39905664387429596,1609.7801631927491,1609.71271875,1.0059022749321598,0.06744444274902343,-0.08430555343627928,-0.08379686879944614,8.618324249982836e-06,1609.444814709633,-0.32118529036715626,3.5844426385378547e-12,fixed_training_mask_bank,fixed_training_mask_bank,0.007049801759421825,1.4567807912826538,0.000295593636110425,1.4632174968719482,-0.9350022077560425,0.5452387928962708,0.5557559132575989,0.75,0.7117999792098999,0.688467264175415,0.6708453297615051,6,7,0.25,0.2882000207901001
23,0,4000,0.45273759961128235,0.6728577855767758,0.8823663592338562,1.7314354181289673,1.8417364358901978,58.846160888671875,44.56947326660156,1.0051379203796387,1.2974340915679932,gaussian,1.0,8.0,16000,linear,identity,1,1,finite_k_fixed,2000,1.0,0.9,bounded_heterogenous,1.0,0.75,0.25,4000,0.0001,0.05,1024,static_mask_mae_adam,jax,cuda:0,0.4.30,bool,matched_torch_cpu_bank,torch.float32,torch.bool,128000000,32000000,160000000,128000000,32000000,256000000,256000000,0.375,0.375,0.25,2.5,1.0,2.0,100,10000,28800693,28974856.375,16000,28802934,28973593.625,16000,16000,1,1,1810.1420783896456,Empirical loss on all K fixed training masks,Monte Carlo population risk; independent test samples and one independent mask per sample,1.005888412844978,1.006009959312679,3.3047067518054973e-06,5.6158405925543775e-08,4000,8.0,1810.642710662842,1810.9285234375,1.0060471938991191,-0.2858127746579703,0.317569749619967,0.31565329162241973,1811.0024038391111,1810.8496015625,1.0059250778063096,0.1528022766110953,-0.16978030734566144,-0.16876307836843907,1.0821471363306047e-05,1810.6427214843134,-0.28580195318660695,3.434968889187706e-12,fixed_training_mask_bank,fixed_training_mask_bank,-0.16046208143234253,1.4602137804031372,-0.018138574436306953,1.6311722993850708,0.8178486824035645,0.5660802721977234,0.5958474278450012,0.7599999904632568,0.6852999925613403,0.5710424780845642,0.575287938117981,6,6,0.24000000953674316,0.31470000743865967
23,0,4000,0.30164092779159546,0.5492184700022346,-0.8107690811157227,2.1941134929656982,2.4750373363494873,66.24369812011719,44.56947326660156,1.0051379203796387,1.2974340915679932,gaussian,1.0,8.0,16000,linear,identity,1,1,finite_k_fixed,2000,1.0,0.95,bounded_heterogenous,1.0,0.75,0.25,4000,0.0001,0.05,1024,static_mask_mae_adam,jax,cuda:0,0.4.30,bool,matched_torch_cpu_bank,torch.float32,torch.bool,128000000,32000000,160000000,128000000,32000000,256000000,256000000,0.375,0.375,0.25,2.5,1.0,2.0,100,10000,30400064,30586293.0,16000,30400773,30580934.75,16000,16000,1,1,1910.7055271890702,Empirical loss on all K fixed training masks,Monte Carlo population risk; independent test samples and one independent mask per sample,1.0059922253753186,1.0060270609409647,3.6797703160118544e-06,5.554899118465073e-08,4000,8.0,1911.3892521820069,1911.6433125,1.0061259410506505,-0.2540603179931641,0.26743191367701485,0.26580305680656835,1911.5000194702145,1911.308421875,1.0059262226654566,0.19159759521461092,-0.20168167917327467,-0.2004884120445638,1.3713209331035615e-05,1911.389265895216,-0.25404660478383306,3.503275360777769e-12,fixed_training_mask_bank,fixed_training_mask_bank,-0.011041822843253613,1.7302320003509521,-0.016050100326538086,1.7865222692489624,-0.5632054805755615,0.600882887840271,0.6279155611991882,0.6700000166893005,0.6524999737739563,0.4007382094860077,0.3589582145214081,5,6,0.32999998331069946,0.3475000262260437
24,0,4000,0.00789632834494114,0.08886128709928266,-0.1299864649772644,2.0731751918792725,2.664081335067749,64.39216613769531,45.43416213989258,0.9982873201370239,1.264952540397644,gaussian,1.0,8.0,16000,linear,identity,1,1,finite_k_fixed,2000,1.0,0.05,bounded_heterogenous,1.0,0.75,0.25,4000,0.0001,0.05,1024,static_mask_mae_adam,jax,cuda:0,0.4.30,bool,matched_torch_cpu_bank,torch.float32,torch.bool,128000000,32000000,160000000,128000000,32000000,256000000,256000000,0.375,0.375,0.25,2.5,1.0,2.0,100,10000,1599415,1602797.83203125,16000,1598282,1597067.02734375,16000,16000,1,1,99.88033356605389,Empirical loss on all K fixed training masks,Monte Carlo population risk; independent test samples and one independent mask per sample,0.9996017829602445,1.001844499757689,7.289519544428913e-06,1.1320508264134332e-07,4000,8.0,99.92363035583496,100.17486450195312,1.0021150433322497,-0.2512341461181641,5.024682922363281,5.015911873048173,100.07687692260743,99.81668920898437,0.9992398258528532,0.2601877136230469,-5.203754272460937,-5.213310833788398,1.2957344949245454e-05,99.92364331317991,-0.2512211887732148,2.7040253716692497e-11,fixed_training_mask_bank,fixed_training_mask_bank,-0.216403067111969,1.6860207319259644,0.002156731905415654,1.633156657218933,-0.14378727972507477,0.6859085559844971,0.6926719546318054,0.5,0.5303999781608582,0.029159631580114365,0.014640011824667454,4,4,0.5,0.46960002183914185
24,0,4000,0.00016642341506667435,0.012900519953345848,-0.016125580295920372,1.5138444900512695,1.926008701324463,55.024444580078125,45.43416213989258,0.9982873201370239,1.264952540397644,gaussian,1.0,8.0,16000,linear,identity,1,1,finite_k_fixed,2000,1.0,0.1,bounded_heterogenous,1.0,0.75,0.25,4000,0.0001,0.05,1024,static_mask_mae_adam,jax,cuda:0,0.4.30,bool,matched_torch_cpu_bank,torch.float32,torch.bool,128000000,32000000,160000000,128000000,32000000,256000000,256000000,0.375,0.375,0.25,2.5,1.0,2.0,100,10000,3198436,3200904.296875,16000,3197656,3194167.78125,16000,16000,1,1,199.76066713210778,Empirical loss on all K fixed training masks,Monte Carlo population risk; independent test samples and one independent mask per sample,0.9995282653045358,1.0001929921663224,5.605470960290404e-06,1.0187238785874797e-07,4000,8.0,199.80794917297362,200.0565185546875,1.0007717199515638,-0.2485693817138672,2.4856938171386718,2.4849915764770802,199.89207015991212,199.635486328125,0.9989091325802401,0.25658383178710936,-2.5658383178710933,-2.570523272253933,9.461528062820435e-06,199.8079586345017,-0.24855992018580436,1.5342293407938357e-11,fixed_training_mask_bank,fixed_training_mask_bank,0.034322019666433334,1.364169716835022,-0.004843511618673801,1.392045259475708,-0.033131636679172516,0.6928941607475281,0.6935552954673767,0.5,0.5001000165939331,0.001011731568723917,-0.0002846603747457266,3,3,0.5,0.4998999834060669
24,0,4000,0.23971903324127197,0.48961110408289554,0.5196470022201538,1.09138822555542,1.2552237510681152,46.72018814086914,45.43416213989258,0.9982873201370239,1.264952540397644,gaussian,1.0,8.0,16000,linear,identity,1,1,finite_k_fixed,2000,1.0,0.2,bounded_heterogenous,1.0,0.75,0.25,4000,0.0001,0.05,1024,static_mask_mae_adam,jax,cuda:0,0.4.30,bool,matched_torch_cpu_bank,torch.float32,torch.bool,128000000,32000000,160000000,128000000,32000000,256000000,256000000,0.375,0.375,0.25,2.5,1.0,2.0,100,10000,6394185,6392069.921875,16000,6397966,6385594.8125,16000,16000,1,1,399.52133426421557,Empirical loss on all K fixed training masks,Monte Carlo population risk; independent test samples and one independent mask per sample,0.999045154008828,0.998507734510126,3.777821575567941e-06,8.086058755907288e-08,4000,8.0,399.2549711303711,399.5043701171875,0.9996692184969624,-0.24939898681640624,1.2469949340820312,1.2485419708587742,399.2761585083008,399.09967578125,0.9980663874268791,0.17648272705078125,-0.8824136352539061,-0.8844042616940051,6.821176409721375e-06,399.25497795154746,-0.24939216563999653,7.990320211037627e-12,fixed_training_mask_bank,fixed_training_mask_bank,0.14871202409267426,1.2267577648162842,0.007796544581651688,1.2327557802200317,0.6800679564476013,0.6221242547035217,0.6369149684906006,0.6700000166893005,0.6359999775886536,0.304778128862381,0.2755317986011505,5,6,0.32999998331069946,0.36400002241134644
24,0,4000,0.48161056637763977,0.6939816758226688,-0.7002130746841431,0.9863462448120117,1.028268575668335,44.41500473022461,45.43416213989258,0.9982873201370239,1.264952540397644,gaussian,1.0,8.0,16000,linear,identity,1,1,finite_k_fixed,2000,1.0,0.3,bounded_heterogenous,1.0,0.75,0.25,4000,0.0001,0.05,1024,static_mask_mae_adam,jax,cuda:0,0.4.30,bool,matched_torch_cpu_bank,torch.float32,torch.bool,128000000,32000000,160000000,128000000,32000000,256000000,256000000,0.375,0.375,0.25,2.5,1.0,2.0,100,10000,9596061,9594392.5,16000,9602576,9582904.125,16000,16000,1,1,599.2820013963233,Empirical loss on all K fixed training masks,Monte Carlo population risk; independent test samples and one independent mask per sample,0.9993580850029247,0.9980814612215815,3.0140147373458603e-06,6.786028450278536e-08,4000,8.0,599.3688215332031,599.64953125,0.9998261265742266,-0.280709716796875,0.9356990559895834,0.9362459308914772,599.0095678482056,598.9315078125,0.9979513960628897,0.07806003570556641,-0.2602001190185547,-0.26066431532623113,6.164664030075074e-06,599.3688276978671,-0.2807035521328449,6.023508948571621e-12,fixed_training_mask_bank,fixed_training_mask_bank,0.07442158460617065,1.20131254196167,-0.00705455569550395,1.2235054969787598,-1.108140230178833,0.5524739623069763,0.5858601331710815,0.6899999976158142,0.6858000159263611,0.6567424535751343,0.6040398478507996,7,7,0.3100000023841858,0.3141999840736389
24,0,4000,0.6313266158103943,0.7945606432553743,-0.7979708313941956,0.9772032499313354,0.9441098570823669,44.20867156982422,45.43416213989258,0.9982873201370239,1.264952540397644,gaussian,1.0,8.0,16000,linear,identity,1,1,finite_k_fixed,2000,1.0,0.4,bounded_heterogenous,1.0,0.75,0.25,4000,0.0001,0.05,1024,static_mask_mae_adam,jax,cuda:0,0.4.30,bool,matched_torch_cpu_bank,torch.float32,torch.bool,128000000,32000000,160000000,128000000,32000000,256000000,256000000,0.375,0.375,0.25,2.5,1.0,2.0,100,10000,12795077,12789501.59375,16000,12799783,12777938.1875,16000,16000,1,1,799.0426685284311,Empirical loss on all K fixed training masks,Monte Carlo population risk; independent test samples and one independent mask per sample,0.9991728396346183,0.9982997816725548,2.823597696988145e-06,6.386977702277363e-08,4000,8.0,799.0308387145996,799.343849609375,0.9995642537946431,-0.3130108947753906,0.7825272369384765,0.783169583223442,798.6262858972549,798.62113671875,0.9982933450903034,0.005149178504943848,-0.01287294626235962,-0.012895172111448971,6.107520312070846e-06,799.0308448221199,-0.3130047872550786,4.949711213814156e-12,fixed_training_mask_bank,fixed_training_mask_bank,0.06485223025083542,1.1702264547348022,-0.016197266057133675,1.2384570837020874,-1.7182239294052124,0.45500510931015015,0.575363039970398,0.7799999713897705,0.7139000296592712,1.2414997816085815,1.0624809265136719,7,8,0.2200000286102295,0.28609997034072876
24,0,4000,0.6654411554336548,0.8157457664209203,-0.8408151865005493,1.0293341875076294,0.9862990975379944,45.37255096435547,45.43416213989258,0.9982873201370239,1.264952540397644,gaussian,1.0,8.0,16000,linear,identity,1,1,finite_k_fixed,2000,1.0,0.5,bounded_heterogenous,1.0,0.75,0.25,4000,0.0001,0.05,1024,static_mask_mae_adam,jax,cuda:0,0.4.30,bool,matched_torch_cpu_bank,torch.float32,torch.bool,128000000,32000000,160000000,128000000,32000000,256000000,256000000,0.375,0.375,0.25,2.5,1.0,2.0,100,10000,15997249,15988720.5,16000,16002935,15980232.25,16000,16000,1,1,998.8033356605389,Empirical loss on all K fixed training masks,Monte Carlo population risk; independent test samples and one independent mask per sample,0.999125406906144,0.9985712853313805,2.8612412279471755e-06,6.306106570264092e-08,4000,8.0,998.9536197814941,999.29503125,0.999466877086179,-0.34141146850585935,0.6828229370117187,0.6833046454335356,998.7544607515335,998.764515625,0.9985813383607445,-0.0100548734664917,0.0201097469329834,0.020134622944922853,6.433338671922684e-06,998.9536262148328,-0.34140503516718745,4.506372271867454e-12,fixed_training_mask_bank,fixed_training_mask_bank,0.06736944615840912,1.2029215097427368,-0.018457215279340744,1.2848072052001953,-1.4129283428192139,0.49416518211364746,0.5541638731956482,0.800000011920929,0.7232999801635742,0.9779940247535706,0.9165855646133423,7,7,0.19999998807907104,0.2767000198364258
24,0,4000,0.6804921627044678,0.8249194886196275,-0.8849747776985168,1.115073800086975,1.0289371013641357,47.22444152832031,45.43416213989258,0.9982873201370239,1.264952540397644,gaussian,1.0,8.0,16000,linear,identity,1,1,finite_k_fixed,2000,1.0,0.6,bounded_heterogenous,1.0,0.75,0.25,4000,0.0001,0.05,1024,static_mask_mae_adam,jax,cuda:0,0.4.30,bool,matched_torch_cpu_bank,torch.float32,torch.bool,128000000,32000000,160000000,128000000,32000000,256000000,256000000,0.375,0.375,0.25,2.5,1.0,2.0,100,10000,19199896,19194748.625,16000,19201077,19169117.375,16000,16000,1,1,1198.5640027926465,Empirical loss on all K fixed training masks,Monte Carlo population risk; independent test samples and one independent mask per sample,0.9994367933411022,0.9983265930301872,2.9272257506818278e-06,6.198539637125577e-08,4000,8.0,1199.317655670166,1199.6717890625,0.999731906099908,-0.3541333923339844,0.5902223205566407,0.5903837959058134,1198.059111495018,1198.0698359375,0.9983355295643052,-0.010724442481994629,0.01787407080332438,0.017902867028851688,6.9692112505435945e-06,1199.3176626393772,-0.35412642312273385,4.101154745667079e-12,fixed_training_mask_bank,fixed_training_mask_bank,0.11215699464082718,1.255051612854004,-0.01992592215538025,1.3309074640274048,-1.4230998754501343,0.48269981145858765,0.5455953478813171,0.7799999713897705,0.7249000072479248,1.0540357828140259,0.9804667830467224,7,8,0.2200000286102295,0.2750999927520752
24,0,4000,0.6849799156188965,0.8276351343550469,-0.9366081953048706,1.2408037185668945,1.1471260786056519,49.815738677978516,45.43416213989258,0.9982873201370239,1.264952540397644,gaussian,1.0,8.0,16000,linear,identity,1,1,finite_k_fixed,2000,1.0,0.7,bounded_heterogenous,1.0,0.75,0.25,4000,0.0001,0.05,1024,static_mask_mae_adam,jax,cuda:0,0.4.30,bool,matched_torch_cpu_bank,torch.float32,torch.bool,128000000,32000000,160000000,128000000,32000000,256000000,256000000,0.375,0.375,0.25,2.5,1.0,2.0,100,10000,22399142,22393281.375,16000,22400196,22367233.25,16000,16000,1,1,1398.3246699247543,Empirical loss on all K fixed training masks,Monte Carlo population risk; independent test samples and one independent mask per sample,0.999483691684206,0.9985299988809632,2.8819424642279046e-06,5.785205203778787e-08,4000,8.0,1399.223571044922,1399.5800859375,0.9997383549334167,-0.356514892578125,0.5093069893973214,0.5094597960635383,1397.9542304258346,1397.952078125,0.9985284615366758,0.002152300834655762,-0.00307471547807966,-0.0030792197649454067,7.755023241043092e-06,1399.2235787999452,-0.356507137554884,3.8766789257904666e-12,fixed_training_mask_bank,fixed_training_mask_bank,0.11480147391557693,1.2636414766311646,-0.023637432605028152,1.4121121168136597,-1.3934237957000732,0.48786431550979614,0.5475560426712036,0.8100000023841858,0.7211999893188477,1.0277503728866577,1.0196411609649658,7,8,0.1899999976158142,0.27880001068115234
24,0,4000,0.6483790874481201,0.8052199000571957,0.9768089652061462,1.4257889986038208,1.3319734334945679,53.400169372558594,45.43416213989258,0.9982873201370239,1.264952540397644,gaussian,1.0,8.0,16000,linear,identity,1,1,finite_k_fixed,2000,1.0,0.8,bounded_heterogenous,1.0,0.75,0.25,4000,0.0001,0.05,1024,static_mask_mae_adam,jax,cuda:0,0.4.30,bool,matched_torch_cpu_bank,torch.float32,torch.bool,128000000,32000000,160000000,128000000,32000000,256000000,256000000,0.375,0.375,0.25,2.5,1.0,2.0,100,10000,25600298,25590404.5625,16000,25599133,25565669.5,16000,16000,1,1,1598.0853370568623,Empirical loss on all K fixed training masks,Monte Carlo population risk; independent test samples and one independent mask per sample,0.9994053130519833,0.9987155044957015,3.0589226298616268e-06,5.7283017440568074e-08,4000,8.0,1599.067114807129,1599.40028515625,0.9996135420962677,-0.3331703491210937,0.4164629364013671,0.41661909431067734,1597.8906892967225,1597.85434375,0.998692787759648,0.03634554672241211,-0.045431933403015136,-0.04549294103650681,8.91118124127388e-06,1599.0671237183103,-0.3331614379398524,3.5623030133352662e-12,fixed_training_mask_bank,fixed_training_mask_bank,-0.08924355357885361,1.4335538148880005,0.028534360229969025,1.5078139305114746,1.2475903034210205,0.47711777687072754,0.5550388693809509,0.7699999809265137,0.7174000144004822,1.071340560913086,0.9532493352890015,7,7,0.23000001907348633,0.2825999855995178
24,0,4000,0.4631134271621704,0.6805243766112794,0.9201019406318665,1.7711261510849,1.8153398036956787,59.51681900024414,45.43416213989258,0.9982873201370239,1.264952540397644,gaussian,1.0,8.0,16000,linear,identity,1,1,finite_k_fixed,2000,1.0,0.9,bounded_heterogenous,1.0,0.75,0.25,4000,0.0001,0.05,1024,static_mask_mae_adam,jax,cuda:0,0.4.30,bool,matched_torch_cpu_bank,torch.float32,torch.bool,128000000,32000000,160000000,128000000,32000000,256000000,256000000,0.375,0.375,0.25,2.5,1.0,2.0,100,10000,28799934,28784824.875,16000,28797961,28761103.125,16000,16000,1,1,1797.84600418897,Empirical loss on all K fixed training masks,Monte Carlo population risk; independent test samples and one independent mask per sample,0.9993164770441618,0.9987998983515274,3.442905608608271e-06,5.784761114568937e-08,4000,8.0,1798.7655364990235,1799.0515546875,0.9994753764019042,-0.2860181884765625,0.3177979871961806,0.3179655277041338,1797.712532470703,1797.5689453125,0.9987201220600306,0.143587158203125,-0.1595412868923611,-0.1597570525206926,1.1069538444280624e-05,1798.765547568562,-0.28600711893811825,3.488836389925476e-12,fixed_training_mask_bank,fixed_training_mask_bank,-0.06099723279476166,1.623759388923645,0.028081057593226433,1.6324455738067627,0.9677050709724426,0.5188329815864563,0.5908902287483215,0.699999988079071,0.6965000033378601,0.848081648349762,0.7112925052642822,7,7,0.30000001192092896,0.3034999966621399
24,0,4000,0.26766738295555115,0.5173658115449369,0.7821141481399536,2.2141637802124023,2.519331932067871,66.54568481445312,45.43416213989258,0.9982873201370239,1.264952540397644,gaussian,1.0,8.0,16000,linear,identity,1,1,finite_k_fixed,2000,1.0,0.95,bounded_heterogenous,1.0,0.75,0.25,4000,0.0001,0.05,1024,static_mask_mae_adam,jax,cuda:0,0.4.30,bool,matched_torch_cpu_bank,torch.float32,torch.bool,128000000,32000000,160000000,128000000,32000000,256000000,256000000,0.375,0.375,0.25,2.5,1.0,2.0,100,10000,30400028,30381905.5,16000,30400702,30356381.625,16000,16000,1,1,1897.726337755024,Empirical loss on all K fixed training masks,Monte Carlo population risk; independent test samples and one independent mask per sample,0.999271311280677,0.9986515585913217,3.723270083355601e-06,5.595059349161602e-08,4000,8.0,1898.6172401580811,1898.86909375,0.99940386568065,-0.2518535919189453,0.2651090441252056,0.2652669346696612,1897.4817771606445,1897.2738515625,0.9985421265929978,0.20792559814453124,-0.21886905067845394,-0.219183538499923,1.3838523626327516e-05,1898.6172539966049,-0.25183975339531894,3.471658941225919e-12,fixed_training_mask_bank,fixed_training_mask_bank,-0.11844637989997864,1.6946959495544434,0.03383952006697655,1.783699631690979,0.43758973479270935,0.6365046501159668,0.6270046830177307,0.6499999761581421,0.642799973487854,0.24143211543560028,0.274752676486969,5,6,0.3500000238418579,0.357200026512146
25,0,4000,0.00010077299521071836,0.010038575357625123,-0.014265423640608788,2.046689033508301,2.714958906173706,63.979515075683594,44.42236328125,1.0112740993499756,1.299826741218567,gaussian,1.0,8.0,16000,linear,identity,1,1,finite_k_fixed,2000,1.0,0.05,bounded_heterogenous,1.0,0.75,0.25,4000,0.0001,0.05,1024,static_mask_mae_adam,jax,cuda:0,0.4.30,bool,matched_torch_cpu_bank,torch.float32,torch.bool,128000000,32000000,160000000,128000000,32000000,256000000,256000000,0.375,0.375,0.25,2.5,1.0,2.0,100,10000,1600063,1622341.94140625,16000,1600413,1617896.5703125,16000,16000,1,1,101.17674273046006,Empirical loss on all K fixed training masks,Monte Carlo population risk; independent test samples and one independent mask per sample,1.011415061701379,1.0135119071364314,7.643940080015454e-06,1.194748193711348e-07,4000,8.0,101.14548861694335,101.39637133789063,1.0139237901296698,-0.2508827209472656,5.017654418945312,4.948554226092083,101.37735198974609,101.11853564453125,1.010924411581573,0.25881634521484376,-5.176326904296875,-5.119068300685647,1.279180645942688e-05,101.14550140874981,-0.2508699291408062,2.7078939784930256e-11,fixed_training_mask_bank,fixed_training_mask_bank,0.017747920006513596,1.6249943971633911,-0.010921824723482132,1.6592438220977783,0.15334932506084442,0.6856215000152588,0.702030599117279,0.5899999737739563,0.5029000043869019,0.030313534662127495,-0.0017085786676034331,4,4,0.4100000262260437,0.49709999561309814
25,0,4000,0.000491322367452085,0.02216579273231808,-0.027125675231218338,1.5178232192993164,1.9694907665252686,55.09669494628906,44.42236328125,1.0112740993499756,1.299826741218567,gaussian,1.0,8.0,16000,linear,identity,1,1,finite_k_fixed,2000,1.0,0.1,bounded_heterogenous,1.0,0.75,0.25,4000,0.0001,0.05,1024,static_mask_mae_adam,jax,cuda:0,0.4.30,bool,matched_torch_cpu_bank,torch.float32,torch.bool,128000000,32000000,160000000,128000000,32000000,256000000,256000000,0.375,0.375,0.25,2.5,1.0,2.0,100,10000,3201730,3242998.0,16000,3201618,3241577.984375,16000,16000,1,1,202.35348546092013,Empirical loss on all K fixed training masks,Monte Carlo population risk; independent test samples and one independent mask per sample,1.0116315453292293,1.013815708066642,5.502417479874566e-06,9.986836602138283e-08,4000,8.0,202.43569172668458,202.687375,1.0128892817320636,-0.25168327331542967,2.5168327331542963,2.4834627545542443,202.86566372680662,202.5986240234375,1.0124811843183665,0.26703970336911154,-2.670397033691115,-2.636145281403657,9.486395120620728e-06,202.4357012130797,-0.25167378692030906,1.594313743524811e-11,fixed_training_mask_bank,fixed_training_mask_bank,0.09411754459142685,1.4722121953964233,-0.004557461943477392,1.408785343170166,0.1135743260383606,0.6897081732749939,0.6976840496063232,0.49000000953674316,0.49779999256134033,0.013802562840282917,-0.0026952160988003016,3,4,0.5099999904632568,0.5022000074386597
25,0,4000,0.2065231204032898,0.4544481493012044,0.4792421758174896,1.1271145343780518,1.3319742679595947,47.47871780395508,44.42236328125,1.0112740993499756,1.299826741218567,gaussian,1.0,8.0,16000,linear,identity,1,1,finite_k_fixed,2000,1.0,0.2,bounded_heterogenous,1.0,0.75,0.25,4000,0.0001,0.05,1024,static_mask_mae_adam,jax,cuda:0,0.4.30,bool,matched_torch_cpu_bank,torch.float32,torch.bool,128000000,32000000,160000000,128000000,32000000,256000000,256000000,0.375,0.375,0.25,2.5,1.0,2.0,100,10000,6402411,6484537.984375,16000,6399874,6476810.75,16000,16000,1,1,404.70697092184025,Empirical loss on all K fixed training masks,Monte Carlo population risk; independent test samples and one independent mask per sample,1.012179689560381,1.0125655987951383,3.974917035520775e-06,8.371996784717339e-08,4000,8.0,405.02439865112297,405.2836240234375,1.0128275089454581,-0.2592253723145113,1.2961268615725565,1.279229443030827,405.0182655639648,404.800671875,1.012021603862826,0.21759368896478554,-1.0879684448239275,-1.075065848862966,7.044465839862824e-06,405.0244056955888,-0.25921832784867144,8.667713248533548e-12,fixed_training_mask_bank,fixed_training_mask_bank,0.013113261200487614,1.2639275789260864,-0.010099145583808422,1.2499005794525146,0.6139912009239197,0.6311085224151611,0.6444749236106873,0.6399999856948853,0.6306999921798706,0.26384732127189636,0.23544828593730927,6,6,0.36000001430511475,0.3693000078201294
25,0,4000,0.4042074382305145,0.6357731027894421,-0.6296347975730896,0.9940306544303894,1.1039386987686157,44.58768081665039,44.42236328125,1.0112740993499756,1.299826741218567,gaussian,1.0,8.0,16000,linear,identity,1,1,finite_k_fixed,2000,1.0,0.3,bounded_heterogenous,1.0,0.75,0.25,4000,0.0001,0.05,1024,static_mask_mae_adam,jax,cuda:0,0.4.30,bool,matched_torch_cpu_bank,torch.float32,torch.bool,128000000,32000000,160000000,128000000,32000000,256000000,256000000,0.375,0.375,0.25,2.5,1.0,2.0,100,10000,9598384,9716952.625,16000,9604254,9724213.90625,16000,16000,1,1,607.0604563827603,Empirical loss on all K fixed training masks,Monte Carlo population risk; independent test samples and one independent mask per sample,1.0118920415507087,1.0127358195289604,3.2506893603567732e-06,7.290555004146881e-08,4000,8.0,607.0330238342286,607.3095390625,1.012352977855439,-0.276515228271368,0.9217174275712267,0.9106236951199609,607.9107528533935,607.763369140625,1.0124902888084801,0.1473837127685547,-0.491279042561849,-0.4850036058505758,6.2126915901899345e-06,607.0330300469202,-0.2765090155797778,6.2273489316588826e-12,fixed_training_mask_bank,fixed_training_mask_bank,-0.08946704864501953,1.2534735202789307,0.007057834416627884,1.2202833890914917,-1.1701916456222534,0.5378091931343079,0.6176707744598389,0.7300000190734863,0.6650999784469604,0.7482060194015503,0.5770688652992249,7,7,0.26999998092651367,0.33490002155303955
25,0,4000,0.5316469669342041,0.7291412530739185,0.7119544744491577,0.9662904739379883,1.0137211084365845,43.96113204956055,44.42236328125,1.0112740993499756,1.299826741218567,gaussian,1.0,8.0,16000,linear,identity,1,1,finite_k_fixed,2000,1.0,0.4,bounded_heterogenous,1.0,0.75,0.25,4000,0.0001,0.05,1024,static_mask_mae_adam,jax,cuda:0,0.4.30,bool,matched_torch_cpu_bank,torch.float32,torch.bool,128000000,32000000,160000000,128000000,32000000,256000000,256000000,0.375,0.375,0.25,2.5,1.0,2.0,100,10000,12796955,12952152.0625,16000,12804853,12962627.125,16000,16000,1,1,809.4139418436805,Empirical loss on all K fixed training masks,Monte Carlo population risk; independent test samples and one independent mask per sample,1.0117549530322227,1.0124363693379055,2.9760135475953575e-06,6.769648308591059e-08,4000,8.0,809.2114128112793,809.50950390625,1.0121276555633743,-0.29809109497070313,0.7452277374267577,0.7364733669765755,810.2561800765992,810.1641953125,1.0123214319602107,0.0919847640992375,-0.22996191024809376,-0.22707684351264135,6.039315462112427e-06,809.2114188505948,-0.298085055655241,4.9713180620691855e-12,fixed_training_mask_bank,fixed_training_mask_bank,0.09009324759244919,1.3448275327682495,-0.00909749697893858,1.234935998916626,1.0290215015411377,0.5495758652687073,0.5762200951576233,0.7099999785423279,0.694599986076355,0.6793092489242554,0.5811352729797363,6,7,0.2900000214576721,0.305400013923645
25,0,4000,0.5733767151832581,0.7572164255899749,0.7510484457015991,0.9970628023147583,1.0281811952590942,44.65563201904297,44.42236328125,1.0112740993499756,1.299826741218567,gaussian,1.0,8.0,16000,linear,identity,1,1,finite_k_fixed,2000,1.0,0.5,bounded_heterogenous,1.0,0.75,0.25,4000,0.0001,0.05,1024,static_mask_mae_adam,jax,cuda:0,0.4.30,bool,matched_torch_cpu_bank,torch.float32,torch.bool,128000000,32000000,160000000,128000000,32000000,256000000,256000000,0.375,0.375,0.25,2.5,1.0,2.0,100,10000,15997188,16195799.3125,16000,16003588,16197315.5625,16000,16000,1,1,1011.7674273046006,Empirical loss on all K fixed training masks,Monte Carlo population risk; independent test samples and one independent mask per sample,1.0120967671811485,1.012163206200753,2.8616443614737364e-06,6.408249220157813e-08,4000,8.0,1011.9188911743164,1012.23745703125,1.0124153890358731,-0.31856585693359374,0.6371317138671875,0.6294291022739262,1012.3901837997436,1012.33222265625,1.012105258052132,0.05796114349353593,-0.11592228698707185,-0.11451012265784044,6.23164251446724e-06,1011.9188974059589,-0.3185596252910793,4.563877487734347e-12,fixed_training_mask_bank,fixed_training_mask_bank,0.0985572338104248,1.4911683797836304,0.0023234481923282146,1.258363962173462,1.1823457479476929,0.5061319470405579,0.5702021718025208,0.75,0.6985999941825867,0.9555036425590515,0.7034338712692261,7,7,0.25,0.30140000581741333
25,0,4000,0.5938057899475098,0.7705879508190546,-0.7834717035293579,1.047680377960205,1.0490000247955322,45.775115966796875,44.42236328125,1.0112740993499756,1.299826741218567,gaussian,1.0,8.0,16000,linear,identity,1,1,finite_k_fixed,2000,1.0,0.6,bounded_heterogenous,1.0,0.75,0.25,4000,0.0001,0.05,1024,static_mask_mae_adam,jax,cuda:0,0.4.30,bool,matched_torch_cpu_bank,torch.float32,torch.bool,128000000,32000000,160000000,128000000,32000000,256000000,256000000,0.375,0.375,0.25,2.5,1.0,2.0,100,10000,19196491,19433710.5,16000,19203547,19441876.375,16000,16000,1,1,1214.1209127655206,Empirical loss on all K fixed training masks,Monte Carlo population risk; independent test samples and one independent mask per sample,1.0120920154939548,1.0124424343610519,2.8057454528607195e-06,6.129412355448949e-08,4000,8.0,1214.2884541625976,1214.60690625,1.0123574407426856,-0.31845208740234376,0.5307534790039063,0.5243706186153219,1215.1553670654298,1215.1172734375,1.012410695534528,0.0380936279296875,-0.0634893798828125,-0.06269950853710071,6.548002362251281e-06,1214.2884607106,-0.3184455393999815,4.1068997161386456e-12,fixed_training_mask_bank,fixed_training_mask_bank,-0.14326778054237366,1.4918394088745117,0.001885739155113697,1.2883771657943726,-1.2569339275360107,0.48225441575050354,0.5692337155342102,0.75,0.7020999789237976,1.0861139297485352,0.7774096727371216,7,7,0.25,0.2979000210762024
25,0,4000,0.5914063453674316,0.7690294827686593,0.8166812658309937,1.1429990530014038,1.1219089031219482,47.81211471557617,44.42236328125,1.0112740993499756,1.299826741218567,gaussian,1.0,8.0,16000,linear,identity,1,1,finite_k_fixed,2000,1.0,0.7,bounded_heterogenous,1.0,0.75,0.25,4000,0.0001,0.05,1024,static_mask_mae_adam,jax,cuda:0,0.4.30,bool,matched_torch_cpu_bank,torch.float32,torch.bool,128000000,32000000,160000000,128000000,32000000,256000000,256000000,0.375,0.375,0.25,2.5,1.0,2.0,100,10000,22398979,22679445.25,16000,22404972,22679028.8125,16000,16000,1,1,1416.4743982264408,Empirical loss on all K fixed training masks,Monte Carlo population risk; independent test samples and one independent mask per sample,1.0122972226298936,1.0122655799662685,2.831550091286772e-06,5.922244383782527e-08,4000,8.0,1417.151514465332,1417.465328125,1.0125213854613642,-0.31381365966796876,0.4483052280970983,0.44278142603038084,1417.4863734817504,1417.43930078125,1.0122319640702966,0.04707270050048828,-0.06724671500069754,-0.06641935280704558,7.1437440812587745e-06,1417.151521609076,-0.3138065159238875,3.709782914890214e-12,fixed_training_mask_bank,fixed_training_mask_bank,0.10345116257667542,1.5091074705123901,0.0025239847600460052,1.3273615837097168,1.2822597026824951,0.4747493863105774,0.5703116655349731,0.75,0.7056999802589417,1.1346914768218994,0.8197815418243408,7,8,0.25,0.29430001974105835
25,0,4000,0.5221349000930786,0.722589025721453,-0.8198419809341431,1.3046807050704956,1.2972028255462646,51.0819091796875,44.42236328125,1.0112740993499756,1.299826741218567,gaussian,1.0,8.0,16000,linear,identity,1,1,finite_k_fixed,2000,1.0,0.8,bounded_heterogenous,1.0,0.75,0.25,4000,0.0001,0.05,1024,static_mask_mae_adam,jax,cuda:0,0.4.30,bool,matched_torch_cpu_bank,torch.float32,torch.bool,128000000,32000000,160000000,128000000,32000000,256000000,256000000,0.375,0.375,0.25,2.5,1.0,2.0,100,10000,25600276,25921608.9375,16000,25604851,25908462.4375,16000,16000,1,1,1618.827883687361,Empirical loss on all K fixed training masks,Monte Carlo population risk; independent test samples and one independent mask per sample,1.012368405337975,1.0119153863324724,2.9285240543686086e-06,5.732996655183342e-08,4000,8.0,1619.806911895752,1620.10055859375,1.012551932545571,-0.2936466979980469,0.36705837249755857,0.3625042858486083,1619.3714182281494,1619.27890234375,1.011857574859545,0.09251588439941406,-0.11564485549926758,-0.11426800443770091,8.154254406690598e-06,1619.8069200500063,-0.2936385437436402,3.484053757302208e-12,fixed_training_mask_bank,fixed_training_mask_bank,-0.011977744288742542,1.5934631824493408,-0.010063299909234047,1.4098236560821533,-1.1018004417419434,0.497640460729599,0.5829890966415405,0.7200000286102295,0.6937999725341797,0.9889596700668335,0.7124620676040649,7,7,0.2799999713897705,0.3062000274658203
25,0,4000,0.3569130301475525,0.5974219866623194,0.7582951784133911,1.6328293085098267,1.7801718711853027,57.145938873291016,44.42236328125,1.0112740993499756,1.299826741218567,gaussian,1.0,8.0,16000,linear,identity,1,1,finite_k_fixed,2000,1.0,0.9,bounded_heterogenous,1.0,0.75,0.25,4000,0.0001,0.05,1024,static_mask_mae_adam,jax,cuda:0,0.4.30,bool,matched_torch_cpu_bank,torch.float32,torch.bool,128000000,32000000,160000000,128000000,32000000,256000000,256000000,0.375,0.375,0.25,2.5,1.0,2.0,100,10000,28799795,29164739.5,16000,28800979,29142989.0,16000,16000,1,1,1821.181369148281,Empirical loss on all K fixed training masks,Monte Carlo population risk; independent test samples and one independent mask per sample,1.0125272779922891,1.0119748211089998,3.2673185614839895e-06,5.717499007573679e-08,4000,8.0,1822.536127380371,1822.79621875,1.0126717742261706,-0.2600913696289063,0.2889904106987847,0.2853762444243735,1821.6165982055663,1821.4368125,1.0118749435566061,0.17978570556640625,-0.19976189507378472,-0.19741086194446922,1.0205183178186417e-05,1822.5361375855541,-0.2600811644457281,3.341399205936124e-12,fixed_training_mask_bank,fixed_training_mask_bank,-0.0020522642880678177,1.7890757322311401,0.007877500727772713,1.5288373231887817,0.6562541127204895,0.5701221227645874,0.613517701625824,0.7200000286102295,0.6513000130653381,0.550471842288971,0.38666290044784546,6,6,0.2799999713897705,0.34869998693466187
25,0,4000,0.024012533947825432,0.15495978171069238,0.2233799397945404,2.1060903072357178,2.6749496459960938,64.90131378173828,44.42236328125,1.0112740993499756,1.299826741218567,gaussian,1.0,8.0,16000,linear,identity,1,1,finite_k_fixed,2000,1.0,0.95,bounded_heterogenous,1.0,0.75,0.25,4000,0.0001,0.05,1024,static_mask_mae_adam,jax,cuda:0,0.4.30,bool,matched_torch_cpu_bank,torch.float32,torch.bool,128000000,32000000,160000000,128000000,32000000,256000000,256000000,0.375,0.375,0.25,2.5,1.0,2.0,100,10000,30398569,30779456.75,16000,30401092,30760714.25,16000,16000,1,1,1922.358111878741,Empirical loss on all K fixed training masks,Monte Carlo population risk; independent test samples and one independent mask per sample,1.012396588560941,1.0119674989992444,0.00021655250748153776,3.336642748763552e-06,4000,8.0,1923.4629720458984,1923.716046875,1.012529792109622,-0.2530748291015625,0.26639455694901315,0.26311037901116663,1922.807314880371,1922.544640625,1.0118292543570475,0.26267425537109373,-0.2764992161800987,-0.2732568594980833,1.3163064420223238e-05,1923.462985208963,-0.25306166603714225,4.897780792045836e-11,fixed_training_mask_bank,fixed_training_mask_bank,0.028391150757670403,1.5217350721359253,0.0033596213907003403,1.66140878200531,0.06868249177932739,0.691799521446228,0.6882486343383789,0.47999998927116394,0.5424000024795532,0.005396677181124687,0.013046775944530964,4,4,0.5200000107288361,0.4575999975204468
26,0,4000,0.001251464942470193,0.03537605040801182,-0.05157217010855675,2.1069586277008057,2.6707396507263184,64.9146957397461,44.915164947509766,0.9961395263671875,1.2775483131408691,gaussian,1.0,8.0,16000,linear,identity,1,1,finite_k_fixed,2000,1.0,0.05,bounded_heterogenous,1.0,0.75,0.25,4000,0.0001,0.05,1024,static_mask_mae_adam,jax,cuda:0,0.4.30,bool,matched_torch_cpu_bank,torch.float32,torch.bool,128000000,32000000,160000000,128000000,32000000,256000000,256000000,0.375,0.375,0.25,2.5,1.0,2.0,100,10000,1598321,1595523.21875,16000,1599324,1593992.9765625,16000,16000,1,1,99.66438949571737,Empirical loss on all K fixed training masks,Monte Carlo population risk; independent test samples and one independent mask per sample,0.9957502197997442,0.9992005286173838,7.269739398907404e-06,1.1198910954135499e-07,4000,8.0,99.47053044128418,99.720201171875,0.9982495498401135,-0.24967073059082032,4.993414611816406,5.007425329206727,99.8778366394043,99.62456103515625,0.9966667020331715,0.25327560424804685,-5.065512084960937,-5.084601660802601,1.3168491423130035e-05,99.4705436097756,-0.24965756209939718,2.6984926446149693e-11,fixed_training_mask_bank,fixed_training_mask_bank,-0.2478061318397522,1.7893301248550415,-0.003913309890776873,1.630287766456604,-0.14484481513500214,0.6848707795143127,0.6953655481338501,0.5099999904632568,0.51419997215271,0.033366475254297256,0.009406515397131443,4,4,0.49000000953674316,0.48580002784729004
26,0,4000,0.0012762336991727352,0.03572441320963488,-0.04401206970214844,1.504725456237793,1.9101277589797974,54.85845947265625,44.915164947509766,0.9961395263671875,1.2775483131408691,gaussian,1.0,8.0,16000,linear,identity,1,1,finite_k_fixed,2000,1.0,0.1,bounded_heterogenous,1.0,0.75,0.25,4000,0.0001,0.05,1024,static_mask_mae_adam,jax,cuda:0,0.4.30,bool,matched_torch_cpu_bank,torch.float32,torch.bool,128000000,32000000,160000000,128000000,32000000,256000000,256000000,0.375,0.375,0.25,2.5,1.0,2.0,100,10000,3198489,3192285.1875,16000,3200852,3190768.5078125,16000,16000,1,1,199.32877899143475,Empirical loss on all K fixed training masks,Monte Carlo population risk; independent test samples and one independent mask per sample,0.996826455975213,0.99818449567661,5.328987299435539e-06,9.714066351307338e-08,4000,8.0,199.27115339660645,199.51782421875,0.9980603927354448,-0.24667082214355468,2.4667082214355465,2.472669528243321,199.6900524597168,199.42303173828125,0.9968497474461487,0.2670207214355469,-2.670207214355469,-2.6779326250139235,9.404534101486208e-06,199.27116280114055,-0.2466614176094532,1.482449579759404e-11,fixed_training_mask_bank,fixed_training_mask_bank,0.15482968091964722,1.4188170433044434,0.017594747245311737,1.3930213451385498,-0.07888926565647125,0.6915851831436157,0.6944222450256348,0.5099999904632568,0.49799999594688416,0.0062573812901973724,0.000464897631900385,3,4,0.49000000953674316,0.5020000040531158
26,0,4000,0.18151409924030304,0.4260447150714383,-0.449669748544693,1.1043858528137207,1.3211183547973633,46.9975700378418,44.915164947509766,0.9961395263671875,1.2775483131408691,gaussian,1.0,8.0,16000,linear,identity,1,1,finite_k_fixed,2000,1.0,0.2,bounded_heterogenous,1.0,0.75,0.25,4000,0.0001,0.05,1024,static_mask_mae_adam,jax,cuda:0,0.4.30,bool,matched_torch_cpu_bank,torch.float32,torch.bool,128000000,32000000,160000000,128000000,32000000,256000000,256000000,0.375,0.375,0.25,2.5,1.0,2.0,100,10000,6398706,6385403.296875,16000,6398361,6381060.640625,16000,16000,1,1,398.6575579828695,Empirical loss on all K fixed training masks,Monte Carlo population risk; independent test samples and one independent mask per sample,0.9972982851526689,0.9977948308540705,3.6323642689239932e-06,7.728834106046634e-08,4000,8.0,398.83865756225583,399.0877060546875,0.9979210322954359,-0.24904849243164062,1.245242462158203,1.2480890223038887,399.0157207336426,398.8162900390625,0.9972961264025272,0.19943069458007812,-0.9971534729003906,-1.0001130824446314,6.902411580085755e-06,398.83866446466743,-0.24904159002006054,8.413576259302946e-12,fixed_training_mask_bank,fixed_training_mask_bank,-0.08986549079418182,1.2700296640396118,-0.0016149915754795074,1.2395788431167603,-0.3891022503376007,0.6652673482894897,0.6522538661956787,0.5899999737739563,0.6189000010490417,0.11476346850395203,0.13839948177337646,5,5,0.4100000262260437,0.38109999895095825
26,0,4000,0.4825936555862427,0.6946896109675477,-0.6887281537055969,0.9744463562965393,1.0605840682983398,44.14626693725586,44.915164947509766,0.9961395263671875,1.2775483131408691,gaussian,1.0,8.0,16000,linear,identity,1,1,finite_k_fixed,2000,1.0,0.3,bounded_heterogenous,1.0,0.75,0.25,4000,0.0001,0.05,1024,static_mask_mae_adam,jax,cuda:0,0.4.30,bool,matched_torch_cpu_bank,torch.float32,torch.bool,128000000,32000000,160000000,128000000,32000000,256000000,256000000,0.375,0.375,0.25,2.5,1.0,2.0,100,10000,9600678,9580201.25,16000,9598650,9573229.3125,16000,16000,1,1,597.9863369743042,Empirical loss on all K fixed training masks,Monte Carlo population risk; independent test samples and one independent mask per sample,0.9974082270706558,0.9974943277138908,3.106895064775017e-06,7.037730398451458e-08,4000,8.0,598.4872014160156,598.762578125,0.997867155840452,-0.275376708984375,0.91792236328125,0.9198193709656355,598.4124330444336,598.32683203125,0.9973516392930256,0.08560101318359375,-0.2853367106119792,-0.2861346294400491,6.0902897268533715e-06,598.4872075063054,-0.27537061869464813,6.218352655712467e-12,fixed_training_mask_bank,fixed_training_mask_bank,0.1614263653755188,1.10435950756073,-0.0004793262341991067,1.2339799404144287,-1.021168828010559,0.5809233784675598,0.5841656923294067,0.7099999785423279,0.6870999932289124,0.5069217085838318,0.5602981448173523,6,7,0.2900000214576721,0.31290000677108765
26,0,4000,0.5866098999977112,0.7659046285261052,-0.7544888257980347,0.962055504322052,0.9759683012962341,43.864688873291016,44.915164947509766,0.9961395263671875,1.2775483131408691,gaussian,1.0,8.0,16000,linear,identity,1,1,finite_k_fixed,2000,1.0,0.4,bounded_heterogenous,1.0,0.75,0.25,4000,0.0001,0.05,1024,static_mask_mae_adam,jax,cuda:0,0.4.30,bool,matched_torch_cpu_bank,torch.float32,torch.bool,128000000,32000000,160000000,128000000,32000000,256000000,256000000,0.375,0.375,0.25,2.5,1.0,2.0,100,10000,12799628,12766608.53125,16000,12796219,12756067.5,16000,16000,1,1,797.315115965739,Empirical loss on all K fixed training masks,Monte Carlo population risk; independent test samples and one independent mask per sample,0.9970495119534675,0.9969047188845759,2.85535952571081e-06,6.509471717208726e-08,4000,8.0,797.6164281616211,797.913033203125,0.9974202790307656,-0.29660504150390626,0.7415126037597656,0.7434520534479461,797.2881940612793,797.25421875,0.9968622371967845,0.03397531127929688,-0.08493827819824219,-0.08523080964684127,6.012846902012825e-06,797.616434174468,-0.29659902865700427,5.086894447337009e-12,fixed_training_mask_bank,fixed_training_mask_bank,0.11123146116733551,1.2194209098815918,0.002661796985194087,1.234856367111206,-1.107405185699463,0.5502581000328064,0.5619187951087952,0.6899999976158142,0.70660001039505,0.671255886554718,0.6578301787376404,7,7,0.3100000023841858,0.29339998960494995
26,0,4000,0.6027726531028748,0.7763843462505376,-0.7763699889183044,0.9913519024848938,0.9935494661331177,44.527565002441406,44.915164947509766,0.9961395263671875,1.2775483131408691,gaussian,1.0,8.0,16000,linear,identity,1,1,finite_k_fixed,2000,1.0,0.5,bounded_heterogenous,1.0,0.75,0.25,4000,0.0001,0.05,1024,static_mask_mae_adam,jax,cuda:0,0.4.30,bool,matched_torch_cpu_bank,torch.float32,torch.bool,128000000,32000000,160000000,128000000,32000000,256000000,256000000,0.375,0.375,0.25,2.5,1.0,2.0,100,10000,15999844,15956498.875,16000,15997265,15951636.9375,16000,16000,1,1,996.6438949571736,Empirical loss on all K fixed training masks,Monte Carlo population risk; independent test samples and one independent mask per sample,0.9969758549750353,0.9971717176303414,2.736933765845606e-06,6.146606068568872e-08,4000,8.0,996.9661344604492,997.2811796875,0.9972909032738069,-0.31504522705078125,0.6300904541015625,0.6318082271430381,997.001263589859,996.97730859375,0.9971477585387252,0.023954996109008787,-0.047909992218017575,-0.04805524840456599,6.195949390530587e-06,996.9661406563986,-0.3150390311013907,4.448881801150106e-12,fixed_training_mask_bank,fixed_training_mask_bank,0.1002647876739502,1.2790104150772095,0.003296816721558571,1.2636853456497192,-1.0683964490890503,0.5482292771339417,0.5606093406677246,0.75,0.7031999826431274,0.682767927646637,0.6511396765708923,7,7,0.25,0.29680001735687256
26,0,4000,0.6151539087295532,0.7843174795512039,-0.813220202922821,1.065801739692688,1.0294609069824219,46.169288635253906,44.915164947509766,0.9961395263671875,1.2775483131408691,gaussian,1.0,8.0,16000,linear,identity,1,1,finite_k_fixed,2000,1.0,0.6,bounded_heterogenous,1.0,0.75,0.25,4000,0.0001,0.05,1024,static_mask_mae_adam,jax,cuda:0,0.4.30,bool,matched_torch_cpu_bank,torch.float32,torch.bool,128000000,32000000,160000000,128000000,32000000,256000000,256000000,0.375,0.375,0.25,2.5,1.0,2.0,100,10000,19200615,19147424.5625,16000,19195003,19134688.75,16000,16000,1,1,1195.9726739486084,Empirical loss on all K fixed training masks,Monte Carlo population risk; independent test samples and one independent mask per sample,0.9969587676872996,0.996873338593099,2.834246970451204e-06,6.138814256928526e-08,4000,8.0,1196.3888418273925,1196.71403515625,0.9972297534480016,-0.32519332885742186,0.5419888814290365,0.5434770869299221,1195.9366703071594,1195.918046875,0.9968578150261295,0.018623432159423827,-0.031039053599039714,-0.031144997281629117,6.6612608730793e-06,1196.3888484886534,-0.3251866675965488,4.0315095012344315e-12,fixed_training_mask_bank,fixed_training_mask_bank,0.002036702586337924,1.3078043460845947,-0.0009168594260700047,1.3010234832763672,-0.8751738667488098,0.5813549757003784,0.5547522902488708,0.7400000095367432,0.7102000117301941,0.5073910355567932,0.5619158744812012,6,13,0.25999999046325684,0.2897999882698059
26,0,4000,0.6210011839866638,0.7880362834201632,-0.8583623766899109,1.1762315034866333,1.116866946220398,48.502193450927734,44.915164947509766,0.9961395263671875,1.2775483131408691,gaussian,1.0,8.0,16000,linear,identity,1,1,finite_k_fixed,2000,1.0,0.7,bounded_heterogenous,1.0,0.75,0.25,4000,0.0001,0.05,1024,static_mask_mae_adam,jax,cuda:0,0.4.30,bool,matched_torch_cpu_bank,torch.float32,torch.bool,128000000,32000000,160000000,128000000,32000000,256000000,256000000,0.375,0.375,0.25,2.5,1.0,2.0,100,10000,22398758,22333983.8125,16000,22396788,22323533.375,16000,16000,1,1,1395.301452940043,Empirical loss on all K fixed training masks,Monte Carlo population risk; independent test samples and one independent mask per sample,0.9968763342632588,0.9967374545368846,2.8282563562243013e-06,5.831192950722652e-08,4000,8.0,1395.5494854431151,1395.87398828125,0.9971081348572988,-0.3245028381347656,0.46357548304966517,0.4649457484831032,1395.2323413076401,1395.2208359375,0.996729235236767,0.011505370140075683,-0.016436243057250978,-0.01649254346514084,7.351446896791458e-06,1395.549492794562,-0.3244954866878688,3.752399432843667e-12,fixed_training_mask_bank,fixed_training_mask_bank,0.0063248369842767715,1.3220399618148804,-0.0017615989781916142,1.362709641456604,-0.815215528011322,0.5880600810050964,0.5509378910064697,0.699999988079071,0.7160999774932861,0.4674692153930664,0.5573896169662476,6,6,0.30000001192092896,0.28390002250671387
26,0,4000,0.567267656326294,0.7531717309659822,-0.8725600838661194,1.330596923828125,1.3055671453475952,51.586761474609375,44.915164947509766,0.9961395263671875,1.2775483131408691,gaussian,1.0,8.0,16000,linear,identity,1,1,finite_k_fixed,2000,1.0,0.8,bounded_heterogenous,1.0,0.75,0.25,4000,0.0001,0.05,1024,static_mask_mae_adam,jax,cuda:0,0.4.30,bool,matched_torch_cpu_bank,torch.float32,torch.bool,128000000,32000000,160000000,128000000,32000000,256000000,256000000,0.375,0.375,0.25,2.5,1.0,2.0,100,10000,25600617,25520939.875,16000,25596617,25512254.5625,16000,16000,1,1,1594.630231931478,Empirical loss on all K fixed training masks,Monte Carlo population risk; independent test samples and one independent mask per sample,0.996695729624346,0.9967355302715333,2.9414898108370835e-06,5.702025163145663e-08,4000,8.0,1594.7516024780273,1595.0587421875,0.9968876873162862,-0.30713970947265623,0.3839246368408203,0.38511397900165,1594.5661011657714,1594.51591015625,0.9967041567446198,0.05019100952148438,-0.06273876190185547,-0.0629545421300115,8.316230773925781e-06,1594.751610794258,-0.3071313932418823,3.447287811111921e-12,fixed_training_mask_bank,fixed_training_mask_bank,-0.022220345214009285,1.4924747943878174,0.0005478820530697703,1.4383671283721924,-0.9043474197387695,0.5525163412094116,0.5558615922927856,0.7099999785423279,0.7077000141143799,0.6607121825218201,0.6365261077880859,6,7,0.2900000214576721,0.2922999858856201
26,0,4000,0.3801670968532562,0.6165769188456994,0.8084585070610046,1.7044521570205688,1.7826014757156372,58.38582229614258,44.915164947509766,0.9961395263671875,1.2775483131408691,gaussian,1.0,8.0,16000,linear,identity,1,1,finite_k_fixed,2000,1.0,0.9,bounded_heterogenous,1.0,0.75,0.25,4000,0.0001,0.05,1024,static_mask_mae_adam,jax,cuda:0,0.4.30,bool,matched_torch_cpu_bank,torch.float32,torch.bool,128000000,32000000,160000000,128000000,32000000,256000000,256000000,0.375,0.375,0.25,2.5,1.0,2.0,100,10000,28801126,28711145.5,16000,28797697,28708242.25,16000,16000,1,1,1793.9590109229125,Empirical loss on all K fixed training masks,Monte Carlo population risk; independent test samples and one independent mask per sample,0.9967252624969799,0.9969866679549633,3.2971370274026413e-06,5.6471531451052215e-08,4000,8.0,1794.1756170349122,1794.44659375,0.9968757992309051,-0.2709767150878906,0.3010852389865451,0.30201702968679633,1794.432498550415,1794.265140625,0.9968936838942364,0.16735792541503905,-0.1859532504611545,-0.18654759725933445,1.0652825981378557e-05,1794.1756276877381,-0.2709660622619092,3.277764344666867e-12,fixed_training_mask_bank,fixed_training_mask_bank,0.09152555465698242,1.6417081356048584,-0.011381378397345543,1.5621058940887451,0.7591391205787659,0.5756994485855103,0.6010634899139404,0.7200000286102295,0.675599992275238,0.5551707744598389,0.4916633665561676,6,7,0.2799999713897705,0.32440000772476196
26,0,4000,0.13394352793693542,0.36598296126587015,0.5412987470626831,2.1686835289001465,2.576896905899048,65.85868835449219,44.915164947509766,0.9961395263671875,1.2775483131408691,gaussian,1.0,8.0,16000,linear,identity,1,1,finite_k_fixed,2000,1.0,0.95,bounded_heterogenous,1.0,0.75,0.25,4000,0.0001,0.05,1024,static_mask_mae_adam,jax,cuda:0,0.4.30,bool,matched_torch_cpu_bank,torch.float32,torch.bool,128000000,32000000,160000000,128000000,32000000,256000000,256000000,0.375,0.375,0.25,2.5,1.0,2.0,100,10000,30401037,30308252.625,16000,30398184,30301587.625,16000,16000,1,1,1893.62340041863,Empirical loss on all K fixed training masks,Monte Carlo population risk; independent test samples and one independent mask per sample,0.9968148373424652,0.9969421540970229,3.56747705154703e-06,5.416866244445373e-08,4000,8.0,1894.0127970123292,1894.2657890625,0.996947986511118,-0.25299205017089843,0.26630742123252465,0.2671135715290873,1894.0769398498535,1893.8492265625,0.9968222978385815,0.22771328735351562,-0.23969819721422697,-0.24047668014937074,1.3554272055625916e-05,1894.0128105666013,-0.2529784958988428,3.3722651407441795e-12,fixed_training_mask_bank,fixed_training_mask_bank,-0.22249731421470642,1.7314724922180176,-0.011292802169919014,1.6994796991348267,0.15450279414653778,0.6843692064285278,0.6672526597976685,0.5600000023841858,0.6061000227928162,0.03540981933474541,0.06888040155172348,4,4,0.4399999976158142,0.39389997720718384
27,0,4000,0.0006140097975730896,0.02477922108487451,-0.03445681929588318,2.0414679050445557,2.6792683601379395,63.897850036621094,43.52424240112305,1.0049275159835815,1.2945940494537354,gaussian,1.0,8.0,16000,linear,identity,1,1,finite_k_fixed,2000,1.0,0.05,bounded_heterogenous,1.0,0.75,0.25,4000,0.0001,0.05,1024,static_mask_mae_adam,jax,cuda:0,0.4.30,bool,matched_torch_cpu_bank,torch.float32,torch.bool,128000000,32000000,160000000,128000000,32000000,256000000,256000000,0.375,0.375,0.25,2.5,1.0,2.0,100,10000,1600223,1607416.0859375,16000,1598844,1607191.06640625,16000,16000,1,1,100.54010866889246,Empirical loss on all K fixed training masks,Monte Carlo population risk; independent test samples and one independent mask per sample,1.0020005427075633,1.0078983707574425,7.037857358227484e-06,1.1014230238970413e-07,4000,8.0,100.21401965332032,100.46350537109375,1.0044950522130354,-0.24948571777342296,4.989714355468459,4.9666934644947425,100.71701641845702,100.44944165039063,1.0052206884513124,0.2675747680663917,-5.351495361327833,-5.327551127614516,1.2759174406528474e-05,100.21403241249473,-0.24947295859901644,2.5735419004191407e-11,fixed_training_mask_bank,fixed_training_mask_bank,-0.04616066813468933,1.562794804573059,0.00836093444377184,1.6334806680679321,0.03670908510684967,0.6927396655082703,0.6937729120254517,0.5099999904632568,0.4961000084877014,0.0016300895949825644,-0.0003531031543388963,3,3,0.49000000953674316,0.5038999915122986
27,0,4000,0.008380483835935593,0.09154498258198313,0.10946933180093765,1.5096745491027832,1.9250904321670532,54.94860076904297,43.52424240112305,1.0049275159835815,1.2945940494537354,gaussian,1.0,8.0,16000,linear,identity,1,1,finite_k_fixed,2000,1.0,0.1,bounded_heterogenous,1.0,0.75,0.25,4000,0.0001,0.05,1024,static_mask_mae_adam,jax,cuda:0,0.4.30,bool,matched_torch_cpu_bank,torch.float32,torch.bool,128000000,32000000,160000000,128000000,32000000,256000000,256000000,0.375,0.375,0.25,2.5,1.0,2.0,100,10000,3199011,3215795.6171875,16000,3198555,3215444.5,16000,16000,1,1,201.08021733778492,Empirical loss on all K fixed training masks,Monte Carlo population risk; independent test samples and one independent mask per sample,1.0040138516913166,1.006548426078827,5.356656402000226e-06,9.748484330884821e-08,4000,8.0,200.74070973205568,200.98722607421874,1.0052468144646893,-0.24651634216308593,2.465163421630859,2.4530548232160054,201.21878131103517,200.96528125,1.0052803531594736,0.25350006103518535,-2.535000610351853,-2.522824434732396,9.435465931892395e-06,200.7407191675216,-0.24650690669715403,1.4955051086396054e-11,fixed_training_mask_bank,fixed_training_mask_bank,0.12739071249961853,1.5557711124420166,0.011946211569011211,1.3863266706466675,0.14198601245880127,0.6871559619903564,0.6931520104408264,0.5400000214576721,0.5203999876976013,0.02408125437796116,0.009628771804273129,4,4,0.4599999785423279,0.4796000123023987
27,0,4000,0.08508364856243134,0.2916910155668689,-0.30256104469299316,1.135919213294983,1.410110592842102,47.6638069152832,43.52424240112305,1.0049275159835815,1.2945940494537354,gaussian,1.0,8.0,16000,linear,identity,1,1,finite_k_fixed,2000,1.0,0.2,bounded_heterogenous,1.0,0.75,0.25,4000,0.0001,0.05,1024,static_mask_mae_adam,jax,cuda:0,0.4.30,bool,matched_torch_cpu_bank,torch.float32,torch.bool,128000000,32000000,160000000,128000000,32000000,256000000,256000000,0.375,0.375,0.25,2.5,1.0,2.0,100,10000,6399735,6434767.375,16000,6400163,6438287.96875,16000,16000,1,1,402.16043467556983,Empirical loss on all K fixed training masks,Monte Carlo population risk; independent test samples and one independent mask per sample,1.004839358323406,1.0065586185513093,3.967961674788967e-06,8.324894906763802e-08,4000,8.0,401.91910067749023,402.1729609375,1.0054740352530223,-0.25386026000976564,1.269301300048828,1.2624432006467234,402.63370173645023,402.392998046875,1.005956874653036,0.2407036895752535,-1.2035184478762675,-1.1963612227030573,7.099495083093644e-06,401.9191077769853,-0.25385316051468254,8.568572934519736e-12,fixed_training_mask_bank,fixed_training_mask_bank,0.04227059707045555,1.0294581651687622,0.017229780554771423,1.2223427295684814,-0.3489244282245636,0.6779245138168335,0.6736136078834534,0.5199999809265137,0.5806999802589417,0.06190425902605057,0.08357219398021698,4,5,0.48000001907348633,0.41930001974105835
27,0,4000,0.3897923529148102,0.6243335269828221,-0.6012207865715027,0.9790439605712891,1.0534043312072754,44.25028610229492,43.52424240112305,1.0049275159835815,1.2945940494537354,gaussian,1.0,8.0,16000,linear,identity,1,1,finite_k_fixed,2000,1.0,0.3,bounded_heterogenous,1.0,0.75,0.25,4000,0.0001,0.05,1024,static_mask_mae_adam,jax,cuda:0,0.4.30,bool,matched_torch_cpu_bank,torch.float32,torch.bool,128000000,32000000,160000000,128000000,32000000,256000000,256000000,0.375,0.375,0.25,2.5,1.0,2.0,100,10000,9603167,9657449.0625,16000,9600595,9657068.75,16000,16000,1,1,603.2406520133547,Empirical loss on all K fixed training masks,Monte Carlo population risk; independent test samples and one independent mask per sample,1.0052111211438437,1.0060826922543602,3.1924398626870243e-06,7.21450703622395e-08,4000,8.0,603.3256416625976,603.59056640625,1.0056525167686867,-0.26492474365234375,0.8830824788411459,0.8778293048206098,603.6870290527344,603.566796875,1.005882317710517,0.120232177734375,-0.40077392578125004,-0.3984055397245889,6.119024753570558e-06,603.3256477816224,-0.2649186246275902,6.41331389036881e-12,fixed_training_mask_bank,fixed_training_mask_bank,0.011725861579179764,1.130536675453186,0.00468555698171258,1.1821547746658325,-0.5192627906799316,0.6563146710395813,0.6148625612258911,0.6200000047683716,0.6710000038146973,0.15471644699573517,0.2467673122882843,5,6,0.3799999952316284,0.32899999618530273
27,0,4000,0.4851709008216858,0.696542102691349,0.6642289757728577,0.9600822925567627,1.006110429763794,43.81968688964844,43.52424240112305,1.0049275159835815,1.2945940494537354,gaussian,1.0,8.0,16000,linear,identity,1,1,finite_k_fixed,2000,1.0,0.4,bounded_heterogenous,1.0,0.75,0.25,4000,0.0001,0.05,1024,static_mask_mae_adam,jax,cuda:0,0.4.30,bool,matched_torch_cpu_bank,torch.float32,torch.bool,128000000,32000000,160000000,128000000,32000000,256000000,256000000,0.375,0.375,0.25,2.5,1.0,2.0,100,10000,12804321,12880181.65625,16000,12804487,12874949.15625,16000,16000,1,1,804.3208693511397,Empirical loss on all K fixed training masks,Monte Carlo population risk; independent test samples and one independent mask per sample,1.0055659885138213,1.0056064538836378,2.885912181227468e-06,6.58588135138416e-08,4000,8.0,804.7243564758301,805.011353515625,1.0059246137495303,-0.28699703979492186,0.7174925994873046,0.7130260673755551,804.7671728668212,804.684322265625,1.005502926923195,0.08285060119617264,-0.2071265029904316,-0.20592075402392496,6.000514328479767e-06,804.7243624763444,-0.2869910392805934,4.967013779444418e-12,fixed_training_mask_bank,fixed_training_mask_bank,-0.023491159081459045,1.1817848682403564,-0.010201050899922848,1.1898013353347778,0.8882531523704529,0.5920347571372986,0.5864331722259521,0.6899999976158142,0.6881999969482422,0.4469687342643738,0.46342694759368896,6,6,0.3100000023841858,0.3118000030517578
27,0,4000,0.5372962355613708,0.7330049355641276,-0.7054545879364014,0.9778941869735718,0.9948272705078125,44.22429656982422,43.52424240112305,1.0049275159835815,1.2945940494537354,gaussian,1.0,8.0,16000,linear,identity,1,1,finite_k_fixed,2000,1.0,0.5,bounded_heterogenous,1.0,0.75,0.25,4000,0.0001,0.05,1024,static_mask_mae_adam,jax,cuda:0,0.4.30,bool,matched_torch_cpu_bank,torch.float32,torch.bool,128000000,32000000,160000000,128000000,32000000,256000000,256000000,0.375,0.375,0.25,2.5,1.0,2.0,100,10000,16001086,16098593.6875,16000,16005238,16086783.125,16000,16000,1,1,1005.4010866889246,Empirical loss on all K fixed training masks,Monte Carlo population risk; independent test samples and one independent mask per sample,1.0057962920320005,1.0051463963599907,2.821332827807055e-06,6.379598715966495e-08,4000,8.0,1005.8645604553221,1006.16210546875,1.0060938168509312,-0.2975450134278508,0.5950900268557016,0.5914454774447186,1005.475456161499,1005.4239453125,1.005094902368837,0.05151084899902344,-0.10302169799804688,-0.10246592840612578,6.111838668584824e-06,1005.8645665671608,-0.29753890158918217,4.464003819371065e-12,fixed_training_mask_bank,fixed_training_mask_bank,0.10786323249340057,1.2188637256622314,0.012322640977799892,1.2103272676467896,-1.1306535005569458,0.5401056408882141,0.5810604095458984,0.7099999785423279,0.6929000020027161,0.7100580334663391,0.6204530000686646,7,7,0.2900000214576721,0.30709999799728394
27,0,4000,0.5841962099075317,0.7643272924000108,-0.7619603276252747,1.04923677444458,1.0384564399719238,45.80909729003906,43.52424240112305,1.0049275159835815,1.2945940494537354,gaussian,1.0,8.0,16000,linear,identity,1,1,finite_k_fixed,2000,1.0,0.6,bounded_heterogenous,1.0,0.75,0.25,4000,0.0001,0.05,1024,static_mask_mae_adam,jax,cuda:0,0.4.30,bool,matched_torch_cpu_bank,torch.float32,torch.bool,128000000,32000000,160000000,128000000,32000000,256000000,256000000,0.375,0.375,0.25,2.5,1.0,2.0,100,10000,19199828,19311436.625,16000,19203475,19297958.1875,16000,16000,1,1,1206.4813040267095,Empirical loss on all K fixed training masks,Monte Carlo population risk; independent test samples and one independent mask per sample,1.0055535525327606,1.0049626146078583,2.852255420293659e-06,6.226394333452845e-08,4000,8.0,1206.653453338623,1206.9647890625,1.0058130012935533,-0.31133572387695313,0.5188928731282553,0.5158986023423573,1206.17340284729,1206.12238671875,1.0049201088605058,0.05101612854003906,-0.0850268809000651,-0.08459527673432277,6.557729840278626e-06,1206.6534598963528,-0.31132916614711287,3.858703721132395e-12,fixed_training_mask_bank,fixed_training_mask_bank,0.09632699191570282,1.3058582544326782,0.010195193812251091,1.2469812631607056,-0.9785035848617554,0.5608428120613098,0.5679886341094971,0.7099999785423279,0.699999988079071,0.613003671169281,0.5735399127006531,6,7,0.2900000214576721,0.30000001192092896
27,0,4000,0.5884969830513,0.7671355701903674,-0.7985265851020813,1.1439368724822998,1.0880628824234009,47.83171463012695,43.52424240112305,1.0049275159835815,1.2945940494537354,gaussian,1.0,8.0,16000,linear,identity,1,1,finite_k_fixed,2000,1.0,0.7,bounded_heterogenous,1.0,0.75,0.25,4000,0.0001,0.05,1024,static_mask_mae_adam,jax,cuda:0,0.4.30,bool,matched_torch_cpu_bank,torch.float32,torch.bool,128000000,32000000,160000000,128000000,32000000,256000000,256000000,0.375,0.375,0.25,2.5,1.0,2.0,100,10000,22399631,22527352.5,16000,22403878,22519995.8125,16000,16000,1,1,1407.5615213644944,Empirical loss on all K fixed training masks,Monte Carlo population risk; independent test samples and one independent mask per sample,1.0054866494168266,1.0052137370245748,2.7554447115107905e-06,5.760705690249779e-08,4000,8.0,1407.6581201477052,1407.95953125,1.0057019466079598,-0.30141110229492185,0.4305872889927455,0.4281530762852981,1407.5428705139161,1407.49973828125,1.0051829336197957,0.043132232666015624,-0.06161747523716518,-0.06128915195224849,7.1496054530143745e-06,1407.6581272973106,-0.30140395268946885,3.6972569103510544e-12,fixed_training_mask_bank,fixed_training_mask_bank,0.08650651574134827,1.3797359466552734,0.012672356329858303,1.2915620803833008,-0.8639672994613647,0.5724381804466248,0.563876748085022,0.7099999785423279,0.7059999704360962,0.5495172739028931,0.5342616438865662,6,13,0.2900000214576721,0.2940000295639038
27,0,4000,0.45212244987487793,0.6724005129942109,-0.7403459548950195,1.279914140701294,1.3075034618377686,50.594749450683594,43.52424240112305,1.0049275159835815,1.2945940494537354,gaussian,1.0,8.0,16000,linear,identity,1,1,finite_k_fixed,2000,1.0,0.8,bounded_heterogenous,1.0,0.75,0.25,4000,0.0001,0.05,1024,static_mask_mae_adam,jax,cuda:0,0.4.30,bool,matched_torch_cpu_bank,torch.float32,torch.bool,128000000,32000000,160000000,128000000,32000000,256000000,256000000,0.375,0.375,0.25,2.5,1.0,2.0,100,10000,25600964,25753367.75,16000,25602672,25736511.5,16000,16000,1,1,1608.6417387022793,Empirical loss on all K fixed training masks,Monte Carlo population risk; independent test samples and one independent mask per sample,1.0057757951166042,1.00530332187872,2.985462970173103e-06,5.9007366104424364e-08,4000,8.0,1609.3018701782223,1609.585484375,1.005953047314937,-0.2836141967775766,0.3545177459719707,0.35240650407297736,1608.6532006607056,1608.53196875,1.0052275598421914,0.12123191070556641,-0.151539888381958,-0.15073609112015163,7.999463379383088e-06,1609.3018781776857,-0.28360619731419723,3.3210658615528965e-12,fixed_training_mask_bank,fixed_training_mask_bank,0.009088031947612762,1.2663148641586304,0.023488366976380348,1.3469252586364746,-0.8215184807777405,0.5939018726348877,0.5950313210487366,0.6600000262260437,0.6787999868392944,0.4394723176956177,0.4676095247268677,6,6,0.3399999737739563,0.32120001316070557
27,0,4000,0.3889748156070709,0.6236784553013442,0.7843918800354004,1.6699838638305664,1.8064467906951904,57.79245376586914,43.52424240112305,1.0049275159835815,1.2945940494537354,gaussian,1.0,8.0,16000,linear,identity,1,1,finite_k_fixed,2000,1.0,0.9,bounded_heterogenous,1.0,0.75,0.25,4000,0.0001,0.05,1024,static_mask_mae_adam,jax,cuda:0,0.4.30,bool,matched_torch_cpu_bank,torch.float32,torch.bool,128000000,32000000,160000000,128000000,32000000,256000000,256000000,0.375,0.375,0.25,2.5,1.0,2.0,100,10000,28801277,28970281.875,16000,28801520,28953686.875,16000,16000,1,1,1809.7219560400642,Empirical loss on all K fixed training masks,Monte Carlo population risk; independent test samples and one independent mask per sample,1.0057190187085172,1.0053794666109825,3.3870844617922558e-06,5.860772844812345e-08,4000,8.0,1810.3745026245117,1810.6426171875,1.0058679646392068,-0.26811456298828124,0.29790506998697913,0.29615403994487366,1809.7785509490966,1809.6054296875,1.0052832932081361,0.17312126159667968,-0.19235695732964408,-0.1913359219161137,1.043739914894104e-05,1810.3745130619109,-0.26810412558913227,3.4396068892411646e-12,fixed_training_mask_bank,fixed_training_mask_bank,-0.13732677698135376,1.5661474466323853,-0.021829180419445038,1.5512440204620361,0.5508361458778381,0.6194639801979065,0.6088176369667053,0.699999988079071,0.6629999876022339,0.31861525774002075,0.33776307106018066,5,6,0.30000001192092896,0.3370000123977661
27,0,4000,0.004044172819703817,0.06359381117454604,-0.08865078538656235,2.0516486167907715,2.6870827674865723,64.0569839477539,43.52424240112305,1.0049275159835815,1.2945940494537354,gaussian,1.0,8.0,16000,linear,identity,1,1,finite_k_fixed,2000,1.0,0.95,bounded_heterogenous,1.0,0.75,0.25,4000,0.0001,0.05,1024,static_mask_mae_adam,jax,cuda:0,0.4.30,bool,matched_torch_cpu_bank,torch.float32,torch.bool,128000000,32000000,160000000,128000000,32000000,256000000,256000000,0.375,0.375,0.25,2.5,1.0,2.0,100,10000,30402442,30581359.75,16000,30402429,30561669.0,16000,16000,1,1,1910.2620647089566,Empirical loss on all K fixed training masks,Monte Carlo population risk; independent test samples and one independent mask per sample,1.0057541483951125,1.0053804699121964,0.00011230999371036887,1.7532825040689204e-06,4000,8.0,1911.0863851776126,1911.334984375,1.0058849795684175,-0.24859919738746247,0.26168336567101314,0.2601314781760511,1910.3755221557617,1910.1043125,1.0052377393924676,0.27120965576171874,-0.28548384817023026,-0.2839736594353326,1.2822803854942323e-05,1911.0863980004165,-0.24858637458360752,2.5519373073046303e-11,fixed_training_mask_bank,fixed_training_mask_bank,0.2702077329158783,1.647193193435669,0.019766388460993767,1.6586064100265503,-0.19285739958286285,0.6808986067771912,0.6974090337753296,0.6000000238418579,0.5223000049591064,0.049754925072193146,0.01673884317278862,4,5,0.3999999761581421,0.47769999504089355
28,0,4000,0.0006762497941963375,0.026004803290860277,0.03736158832907677,2.0692944526672363,2.651777982711792,64.33186340332031,44.66584777832031,0.9966944456100464,1.275508165359497,gaussian,1.0,8.0,16000,linear,identity,1,1,finite_k_fixed,2000,1.0,0.05,bounded_heterogenous,1.0,0.75,0.25,4000,0.0001,0.05,1024,static_mask_mae_adam,jax,cuda:0,0.4.30,bool,matched_torch_cpu_bank,torch.float32,torch.bool,128000000,32000000,160000000,128000000,32000000,256000000,256000000,0.375,0.375,0.25,2.5,1.0,2.0,100,10000,1599861,1595832.26953125,16000,1599340,1597222.11328125,16000,16000,1,1,99.71932198770867,Empirical loss on all K fixed training masks,Monte Carlo population risk; independent test samples and one independent mask per sample,0.9950048787014251,1.0012406280310355,7.059981726342812e-06,1.0974314790246353e-07,4000,8.0,99.49184376525879,99.73951684570312,0.9974818246905512,-0.24767308044433595,4.953461608886719,4.966398239676373,100.08276162719727,99.82638208007812,0.9986757745577863,0.2563795471191406,-5.127590942382812,-5.136508842191301,1.2933090329170226e-05,99.49185669834912,-0.24766014735400677,2.7049865819472885e-11,fixed_training_mask_bank,fixed_training_mask_bank,-0.12905187904834747,1.7484289407730103,-0.033036839216947556,1.6261850595474243,-0.014813940972089767,0.6930636763572693,0.6935022473335266,0.5299999713897705,0.49160000681877136,0.00033387227449566126,-0.0005649431841447949,3,3,0.4700000286102295,0.5083999931812286
28,0,4000,0.0007273206138052046,0.02696888232398971,0.033248528838157654,1.5236939191818237,1.9114452600479126,55.20314407348633,44.66584777832031,0.9966944456100464,1.275508165359497,gaussian,1.0,8.0,16000,linear,identity,1,1,finite_k_fixed,2000,1.0,0.1,bounded_heterogenous,1.0,0.75,0.25,4000,0.0001,0.05,1024,static_mask_mae_adam,jax,cuda:0,0.4.30,bool,matched_torch_cpu_bank,torch.float32,torch.bool,128000000,32000000,160000000,128000000,32000000,256000000,256000000,0.375,0.375,0.25,2.5,1.0,2.0,100,10000,3198753,3190978.953125,16000,3199687,3189849.4375,16000,16000,1,1,199.43864397541734,Empirical loss on all K fixed training masks,Monte Carlo population risk; independent test samples and one independent mask per sample,0.9963314475319318,0.9983372648844735,5.416356998466654e-06,9.81168071234606e-08,4000,8.0,199.18863792419432,199.4361845703125,0.9975696632797219,-0.24754664611816407,2.4754664611816404,2.482464720747757,199.64792300415039,199.36558984375,0.9969254609904031,0.28233316040039064,-2.823331604003906,-2.8323158537202353,9.5230869948864e-06,199.1886474472813,-0.24753712303116918,1.541968462637211e-11,fixed_training_mask_bank,fixed_training_mask_bank,0.09359931945800781,1.4061397314071655,0.011875971220433712,1.3617711067199707,0.0056894212029874325,0.6931391954421997,0.6931199431419373,0.5,0.5055999755859375,3.182241562171839e-05,6.951826071599498e-05,2,3,0.5,0.4944000244140625
28,0,4000,0.13969969749450684,0.37376422714661556,0.39577776193618774,1.1240513324737549,1.3849323987960815,47.41416549682617,44.66584777832031,0.9966944456100464,1.275508165359497,gaussian,1.0,8.0,16000,linear,identity,1,1,finite_k_fixed,2000,1.0,0.2,bounded_heterogenous,1.0,0.75,0.25,4000,0.0001,0.05,1024,static_mask_mae_adam,jax,cuda:0,0.4.30,bool,matched_torch_cpu_bank,torch.float32,torch.bool,128000000,32000000,160000000,128000000,32000000,256000000,256000000,0.375,0.375,0.25,2.5,1.0,2.0,100,10000,6397842,6381662.046875,16000,6398854,6374407.125,16000,16000,1,1,398.87728795083467,Empirical loss on all K fixed training masks,Monte Carlo population risk; independent test samples and one independent mask per sample,0.9968334923060043,0.9967355456389999,3.780703536904184e-06,7.973785898229835e-08,4000,8.0,398.59894900512694,398.8538779296875,0.9974710295870076,-0.2549289245605469,1.2746446228027344,1.278307363507647,398.62282707214354,398.4004453125,0.9961794916714775,0.2223817596435547,-1.1119087982177733,-1.116373047570729,7.025320827960969e-06,398.59895603044777,-0.2549218992397189,8.496222822507171e-12,fixed_training_mask_bank,fixed_training_mask_bank,0.226459801197052,1.1832664012908936,-0.010041851550340652,1.24433434009552,0.2701263129711151,0.6805493235588074,0.6642659306526184,0.5600000023841858,0.6018000245094299,0.05106830224394798,0.08561746031045914,5,5,0.4399999976158142,0.39819997549057007
28,0,4000,0.425132155418396,0.6520215912210239,0.6476227641105652,0.9890062212944031,1.0829883813858032,44.474853515625,44.66584777832031,0.9966944456100464,1.275508165359497,gaussian,1.0,8.0,16000,linear,identity,1,1,finite_k_fixed,2000,1.0,0.3,bounded_heterogenous,1.0,0.75,0.25,4000,0.0001,0.05,1024,static_mask_mae_adam,jax,cuda:0,0.4.30,bool,matched_torch_cpu_bank,torch.float32,torch.bool,128000000,32000000,160000000,128000000,32000000,256000000,256000000,0.375,0.375,0.25,2.5,1.0,2.0,100,10000,9601278,9575426.9375,16000,9598829,9565711.03125,16000,16000,1,1,598.3159319262519,Empirical loss on all K fixed training masks,Monte Carlo population risk; independent test samples and one independent mask per sample,0.9968501775191737,0.9967452901219042,3.2731841201893985e-06,7.359628995118328e-08,4000,8.0,598.1897299194336,598.46418359375,0.9973075394233976,-0.27445367431640627,0.9148455810546876,0.9171933152902767,597.9742247772217,597.856939453125,0.9965497907348907,0.11728532409667969,-0.39095108032226566,-0.3923524721614058,6.181288883090019e-06,598.1897361007225,-0.2744474930275232,5.9809002368738096e-12,fixed_training_mask_bank,fixed_training_mask_bank,0.06063704192638397,1.1470310688018799,0.010280675254762173,1.2318898439407349,0.6963146328926086,0.627690851688385,0.5932065844535828,0.5899999737739563,0.6830000281333923,0.27929961681365967,0.3697581887245178,6,6,0.4100000262260437,0.31699997186660767
28,0,4000,0.5811140537261963,0.7623083718064471,0.7519314289093018,0.9753802418708801,0.9637143015861511,44.16741180419922,44.66584777832031,0.9966944456100464,1.275508165359497,gaussian,1.0,8.0,16000,linear,identity,1,1,finite_k_fixed,2000,1.0,0.4,bounded_heterogenous,1.0,0.75,0.25,4000,0.0001,0.05,1024,static_mask_mae_adam,jax,cuda:0,0.4.30,bool,matched_torch_cpu_bank,torch.float32,torch.bool,128000000,32000000,160000000,128000000,32000000,256000000,256000000,0.375,0.375,0.25,2.5,1.0,2.0,100,10000,12797885,12757183.9375,16000,12800539,12758963.0625,16000,16000,1,1,797.7545759016693,Empirical loss on all K fixed training masks,Monte Carlo population risk; independent test samples and one independent mask per sample,0.996448580473148,0.9967847632249774,2.7920364118472207e-06,6.321484136151412e-08,4000,8.0,797.0271463317871,797.32399609375,0.9968197039979653,-0.29684976196289065,0.7421244049072265,0.7446151462071615,797.4613897666931,797.43519140625,0.9967520166533612,0.026198360443115236,-0.06549590110778808,-0.06570655703530548,6.096126511693001e-06,797.0271524279136,-0.29684366583637894,5.0272654962546515e-12,fixed_training_mask_bank,fixed_training_mask_bank,0.10643111914396286,1.1333370208740234,0.006264981813728809,1.239801287651062,1.026831865310669,0.5730587840080261,0.5487436056137085,0.699999988079071,0.715499997138977,0.5399133563041687,0.636669933795929,6,7,0.30000001192092896,0.28450000286102295
28,0,4000,0.6198912858963013,0.787331750849857,-0.7880454659461975,1.0043056011199951,0.9804881811141968,44.817527770996094,44.66584777832031,0.9966944456100464,1.275508165359497,gaussian,1.0,8.0,16000,linear,identity,1,1,finite_k_fixed,2000,1.0,0.5,bounded_heterogenous,1.0,0.75,0.25,4000,0.0001,0.05,1024,static_mask_mae_adam,jax,cuda:0,0.4.30,bool,matched_torch_cpu_bank,torch.float32,torch.bool,128000000,32000000,160000000,128000000,32000000,256000000,256000000,0.375,0.375,0.25,2.5,1.0,2.0,100,10000,15997987,15951175.875,16000,15999746,15954654.0,16000,16000,1,1,997.1932198770866,Empirical loss on all K fixed training masks,Monte Carlo population risk; independent test samples and one independent mask per sample,0.9967575154557922,0.9971881038282122,2.7190321816306096e-06,6.066893831757625e-08,4000,8.0,996.632110900879,996.9484921875,0.9970739365521425,-0.31638128662109377,0.6327625732421875,0.6346993633079556,997.1722734670639,997.165875,0.997181705259571,0.006398467063903809,-0.012796934127807618,-0.012833305319315258,6.27691000699997e-06,996.6321171777889,-0.3163750097110868,4.299305269434006e-12,fixed_training_mask_bank,fixed_training_mask_bank,-0.14092983305454254,1.2253252267837524,-0.017380358651280403,1.2681890726089478,-1.0353269577026367,0.559624433517456,0.5428913831710815,0.75,0.7196000218391418,0.6153204441070557,0.6682043671607971,6,7,0.25,0.28039997816085815
28,0,4000,0.6297313570976257,0.7935561461532673,0.821389377117157,1.0740429162979126,0.9877043962478638,46.34744644165039,44.66584777832031,0.9966944456100464,1.275508165359497,gaussian,1.0,8.0,16000,linear,identity,1,1,finite_k_fixed,2000,1.0,0.6,bounded_heterogenous,1.0,0.75,0.25,4000,0.0001,0.05,1024,static_mask_mae_adam,jax,cuda:0,0.4.30,bool,matched_torch_cpu_bank,torch.float32,torch.bool,128000000,32000000,160000000,128000000,32000000,256000000,256000000,0.375,0.375,0.25,2.5,1.0,2.0,100,10000,19197743,19142371.875,16000,19200554,19146016.0,16000,16000,1,1,1196.6318638525038,Empirical loss on all K fixed training masks,Monte Carlo population risk; independent test samples and one independent mask per sample,0.9968491640415832,0.9971452748237826,2.646169832587475e-06,5.7094194261253506e-08,4000,8.0,1196.0783788146973,1196.3982421875,0.9971157481897742,-0.31986337280273436,0.5331056213378906,0.5347105362139004,1196.6088559436798,1196.626,0.9971595611251634,-0.01714405632019043,0.028573427200317386,0.02865399267637514,6.7127682268619535e-06,1196.0783855274656,-0.3198566600345075,3.777245443509214e-12,fixed_training_mask_bank,fixed_training_mask_bank,0.06903638690710068,1.1686583757400513,0.023680642247200012,1.2983800172805786,1.240742802619934,0.5298818349838257,0.5343931913375854,0.75,0.7307999730110168,0.7682188153266907,0.8401395678520203,7,7,0.25,0.26920002698898315
28,0,4000,0.6227629780769348,0.7891533298902912,0.8542389869689941,1.174667239189148,1.083387017250061,48.46993637084961,44.66584777832031,0.9966944456100464,1.275508165359497,gaussian,1.0,8.0,16000,linear,identity,1,1,finite_k_fixed,2000,1.0,0.7,bounded_heterogenous,1.0,0.75,0.25,4000,0.0001,0.05,1024,static_mask_mae_adam,jax,cuda:0,0.4.30,bool,matched_torch_cpu_bank,torch.float32,torch.bool,128000000,32000000,160000000,128000000,32000000,256000000,256000000,0.375,0.375,0.25,2.5,1.0,2.0,100,10000,22397943,22328608.0,16000,22401668,22342380.25,16000,16000,1,1,1396.0705078279211,Empirical loss on all K fixed training masks,Monte Carlo population risk; independent test samples and one independent mask per sample,0.996677064892396,0.9973568972398635,2.7306534775561886e-06,5.633705768559594e-08,4000,8.0,1395.2197555541993,1395.538,0.9969044032302431,-0.31824444580078126,0.4546349225725447,0.4560885419111482,1396.4036305923462,1396.398765625,0.99735342252193,0.004864967346191406,-0.006949953351702009,-0.006967876892804981,7.3416702449321754e-06,1395.2197628958695,-0.31823710413053635,3.6120403543171697e-12,fixed_training_mask_bank,fixed_training_mask_bank,0.0765448585152626,1.3204612731933594,0.016446668654680252,1.3601186275482178,1.0951776504516602,0.5248567461967468,0.5354692339897156,0.7099999785423279,0.7319999933242798,0.7822974920272827,0.7730696201324463,6,7,0.2900000214576721,0.2680000066757202
28,0,4000,0.5800008177757263,0.7615778474822691,0.8809841871261597,1.3414868116378784,1.2739896774291992,51.79743194580078,44.66584777832031,0.9966944456100464,1.275508165359497,gaussian,1.0,8.0,16000,linear,identity,1,1,finite_k_fixed,2000,1.0,0.8,bounded_heterogenous,1.0,0.75,0.25,4000,0.0001,0.05,1024,static_mask_mae_adam,jax,cuda:0,0.4.30,bool,matched_torch_cpu_bank,torch.float32,torch.bool,128000000,32000000,160000000,128000000,32000000,256000000,256000000,0.375,0.375,0.25,2.5,1.0,2.0,100,10000,25599916,25524242.25,16000,25602417,25541344.375,16000,16000,1,1,1595.5091518033387,Empirical loss on all K fixed training masks,Monte Carlo population risk; independent test samples and one independent mask per sample,0.9968547642120131,0.9976507013333509,2.9085570076858858e-06,5.6152536842546397e-08,4000,8.0,1594.962389251709,1595.265140625,0.9970439844411989,-0.30275137329101565,0.37843921661376956,0.3795624508817763,1596.3918297424316,1596.3340234375,0.9976145758035266,0.05780630493164062,-0.07225788116455077,-0.07242382118377577,8.38429257273674e-06,1594.9623976360017,-0.30274298899844293,3.5625452241005995e-12,fixed_training_mask_bank,fixed_training_mask_bank,0.03317657858133316,1.3891539573669434,0.008946927264332771,1.435273289680481,0.9533510804176331,0.5498053431510925,0.5476953983306885,0.7200000286102295,0.7200999855995178,0.6614900827407837,0.6856217384338379,6,7,0.2799999713897705,0.2799000144004822
28,0,4000,0.39517441391944885,0.6286289954491829,0.8066898584365845,1.650833249092102,1.7908774614334106,57.46012878417969,44.66584777832031,0.9966944456100464,1.275508165359497,gaussian,1.0,8.0,16000,linear,identity,1,1,finite_k_fixed,2000,1.0,0.9,bounded_heterogenous,1.0,0.75,0.25,4000,0.0001,0.05,1024,static_mask_mae_adam,jax,cuda:0,0.4.30,bool,matched_torch_cpu_bank,torch.float32,torch.bool,128000000,32000000,160000000,128000000,32000000,256000000,256000000,0.375,0.375,0.25,2.5,1.0,2.0,100,10000,28800834,28717752.125,16000,28801256,28730447.0,16000,16000,1,1,1794.9477957787558,Empirical loss on all K fixed training masks,Monte Carlo population risk; independent test samples and one independent mask per sample,0.9969666291316479,0.9976280926467695,3.285361799498787e-06,5.717637208135784e-08,4000,8.0,1794.5918993225098,1794.8595078125,0.9971152962098251,-0.2676084899902344,0.297342766655816,0.29819435875100275,1795.808880569458,1795.6529375,0.9975414613862673,0.15594306945800782,-0.17327007717556422,-0.17368954345409193,1.0317707806825639e-05,1794.5919096402176,-0.26759817228242755,3.409912543300697e-12,fixed_training_mask_bank,fixed_training_mask_bank,-0.003958817571401596,1.579723596572876,0.010070877149701118,1.5734692811965942,0.6553093791007996,0.5994296073913574,0.5965424180030823,0.699999988079071,0.6789000034332275,0.4219911992549896,0.43174251914024353,6,6,0.30000001192092896,0.32109999656677246
28,0,4000,0.20943623781204224,0.4576420411326326,-0.6725549101829529,2.1651225090026855,2.543304681777954,65.80459594726562,44.66584777832031,0.9966944456100464,1.275508165359497,gaussian,1.0,8.0,16000,linear,identity,1,1,finite_k_fixed,2000,1.0,0.95,bounded_heterogenous,1.0,0.75,0.25,4000,0.0001,0.05,1024,static_mask_mae_adam,jax,cuda:0,0.4.30,bool,matched_torch_cpu_bank,torch.float32,torch.bool,128000000,32000000,160000000,128000000,32000000,256000000,256000000,0.375,0.375,0.25,2.5,1.0,2.0,100,10000,30399022,30308234.625,16000,30400797,30328857.625,16000,16000,1,1,1894.6671177664643,Empirical loss on all K fixed training masks,Monte Carlo population risk; independent test samples and one independent mask per sample,0.996879454959637,0.9977498236543971,3.663647930807201e-06,5.5674650667469905e-08,4000,8.0,1894.010030166626,1894.2646640625,0.9970134771112045,-0.25463389587402346,0.26803567986739313,0.2688472215153226,1895.7743653564453,1895.5536015625,0.9976336352300237,0.2207637939453125,-0.23238294099506582,-0.2329280414579138,1.3532015681266786e-05,1894.0100436986415,-0.2546203638583422,3.3559316350156854e-12,fixed_training_mask_bank,fixed_training_mask_bank,-0.024459371343255043,1.723035216331482,-0.0018442892469465733,1.7460033893585205,-0.5913360118865967,0.5991883277893066,0.6520714163780212,0.6200000047683716,0.6248999834060669,0.41784417629241943,0.32153359055519104,6,6,0.3799999952316284,0.3751000165939331
29,0,4000,0.0020829043351113796,0.045638846776746886,0.06567936390638351,2.080702304840088,2.6573269367218018,64.50894927978516,44.61741256713867,0.9847812652587891,1.2480051517486572,gaussian,1.0,8.0,16000,linear,identity,1,1,finite_k_fixed,2000,1.0,0.05,bounded_heterogenous,1.0,0.75,0.25,4000,0.0001,0.05,1024,static_mask_mae_adam,jax,cuda:0,0.4.30,bool,matched_torch_cpu_bank,torch.float32,torch.bool,128000000,32000000,160000000,128000000,32000000,256000000,256000000,0.375,0.375,0.25,2.5,1.0,2.0,100,10000,1599938,1578278.3515625,16000,1600743,1577798.1171875,16000,16000,1,1,98.5279017844959,Empirical loss on all K fixed training masks,Monte Carlo population risk; independent test samples and one independent mask per sample,0.9840172715994503,0.9882459249123884,7.124431249394547e-06,1.1044097902868089e-07,4000,8.0,98.39791409301758,98.64239697265624,0.986462195136624,-0.24448287963867188,4.889657592773437,4.956953341400228,98.87048416137695,98.61238232421876,0.9856661045448895,0.2581018371582031,-5.162036743164062,-5.234674004925832,1.300438940525055e-05,98.39792709740698,-0.24446987524926664,2.6199742028665263e-11,fixed_training_mask_bank,fixed_training_mask_bank,0.13219283521175385,1.5593293905258179,0.002511168597266078,1.617789387702942,0.07909340411424637,0.6912617683410645,0.6921306848526001,0.46000000834465027,0.5180000066757202,0.007555617019534111,0.006117532961070538,4,4,0.5399999916553497,0.4819999933242798
29,0,4000,0.00558137334883213,0.07470858952511505,0.09147858619689941,1.5063265562057495,1.8835145235061646,54.88764190673828,44.61741256713867,0.9847812652587891,1.2480051517486572,gaussian,1.0,8.0,16000,linear,identity,1,1,finite_k_fixed,2000,1.0,0.1,bounded_heterogenous,1.0,0.75,0.25,4000,0.0001,0.05,1024,static_mask_mae_adam,jax,cuda:0,0.4.30,bool,matched_torch_cpu_bank,torch.float32,torch.bool,128000000,32000000,160000000,128000000,32000000,256000000,256000000,0.375,0.375,0.25,2.5,1.0,2.0,100,10000,3200078,3156694.3828125,16000,3201786,3155849.6484375,16000,16000,1,1,197.0558035689918,Empirical loss on all K fixed training masks,Monte Carlo population risk; independent test samples and one independent mask per sample,0.9852239006642475,0.9869466201344343,5.2612240324378945e-06,9.585443194737309e-08,4000,8.0,197.04958309936524,197.29339892578125,0.986442950081998,-0.24381582641601562,2.438158264160156,2.4716065285868005,197.49949194335937,197.24060302734375,0.9856528976132384,0.258888916015625,-2.58888916015625,-2.625107731796472,9.414540976285935e-06,197.04959251390622,-0.24380641187503935,1.523597567554269e-11,fixed_training_mask_bank,fixed_training_mask_bank,-0.2136307656764984,1.4411332607269287,-0.001601182739250362,1.3741613626480103,0.24451778829097748,0.6781842112541199,0.6960512399673462,0.5699999928474426,0.5288000106811523,0.06081162020564079,0.022025983780622482,4,10,0.4300000071525574,0.47119998931884766
29,0,4000,0.29822686314582825,0.5461015135904937,-0.5651243925094604,1.0758771896362305,1.240179181098938,46.38700485229492,44.61741256713867,0.9847812652587891,1.2480051517486572,gaussian,1.0,8.0,16000,linear,identity,1,1,finite_k_fixed,2000,1.0,0.2,bounded_heterogenous,1.0,0.75,0.25,4000,0.0001,0.05,1024,static_mask_mae_adam,jax,cuda:0,0.4.30,bool,matched_torch_cpu_bank,torch.float32,torch.bool,128000000,32000000,160000000,128000000,32000000,256000000,256000000,0.375,0.375,0.25,2.5,1.0,2.0,100,10000,6399491,6312166.875,16000,6401553,6312634.09375,16000,16000,1,1,394.1116071379836,Empirical loss on all K fixed training masks,Monte Carlo population risk; independent test samples and one independent mask per sample,0.9857233872300718,0.9864897133683078,3.707887117343489e-06,7.993375561454741e-08,4000,8.0,394.2579965667725,394.5104296875,0.9863545202266868,-0.25243312072753904,1.2621656036376951,1.2797285026278082,394.69163650512695,394.539630859375,0.9861097914443573,0.15200564575195313,-0.7600282287597656,-0.7705469051151326,6.724232435226441e-06,394.2580032910049,-0.2524263964951038,8.504173060197573e-12,fixed_training_mask_bank,fixed_training_mask_bank,-0.14812982082366943,1.3854832649230957,-0.005363522097468376,1.2514032125473022,-1.040629506111145,0.540584921836853,0.6384705901145935,0.699999988079071,0.6498000025749207,0.731454074382782,0.47202807664871216,6,7,0.30000001192092896,0.35019999742507935
29,0,4000,0.49563291668891907,0.704012014591313,-0.696762204170227,0.9840799570083618,1.056383490562439,44.363948822021484,44.61741256713867,0.9847812652587891,1.2480051517486572,gaussian,1.0,8.0,16000,linear,identity,1,1,finite_k_fixed,2000,1.0,0.3,bounded_heterogenous,1.0,0.75,0.25,4000,0.0001,0.05,1024,static_mask_mae_adam,jax,cuda:0,0.4.30,bool,matched_torch_cpu_bank,torch.float32,torch.bool,128000000,32000000,160000000,128000000,32000000,256000000,256000000,0.375,0.375,0.25,2.5,1.0,2.0,100,10000,9597406,9460307.8125,16000,9603926,9465832.21875,16000,16000,1,1,591.1674107069754,Empirical loss on all K fixed training masks,Monte Carlo population risk; independent test samples and one independent mask per sample,0.9852349553183466,0.9857549156626317,3.223756721126847e-06,7.266613266665445e-08,4000,8.0,590.981241973877,591.26923828125,0.9857150788973604,-0.2879963073730469,0.9599876912434896,0.9741629996182777,591.6948290100098,591.614513671875,0.9856211114860735,0.08031533813476563,-0.2677177937825521,-0.27151239964107177,6.150499731302262e-06,590.9812481243767,-0.2879901568733156,5.896476015787577e-12,fixed_training_mask_bank,fixed_training_mask_bank,-0.08430984616279602,1.3300784826278687,0.014668538235127926,1.24541437625885,-1.62229585647583,0.4556233286857605,0.6212387681007385,0.7900000214576721,0.6962000131607056,1.3021167516708374,0.9056735634803772,8,8,0.20999997854232788,0.30379998683929443
29,0,4000,0.6062790751457214,0.7786392458293644,-0.7725369930267334,0.9889796376228333,0.990666925907135,44.4742546081543,44.61741256713867,0.9847812652587891,1.2480051517486572,gaussian,1.0,8.0,16000,linear,identity,1,1,finite_k_fixed,2000,1.0,0.4,bounded_heterogenous,1.0,0.75,0.25,4000,0.0001,0.05,1024,static_mask_mae_adam,jax,cuda:0,0.4.30,bool,matched_torch_cpu_bank,torch.float32,torch.bool,128000000,32000000,160000000,128000000,32000000,256000000,256000000,0.375,0.375,0.25,2.5,1.0,2.0,100,10000,12799538,12614007.0,16000,12799959,12612890.375,16000,16000,1,1,788.2232142759672,Empirical loss on all K fixed training masks,Monte Carlo population risk; independent test samples and one independent mask per sample,0.9851081161368139,0.9854265728635204,3.0121680083539104e-06,6.772835092760943e-08,4000,8.0,788.0580479125977,788.3754375,0.9855048674413092,-0.31738958740234374,0.7934739685058593,0.8051737086300914,788.3387331352234,788.3056484375,0.9853852168588978,0.03308469772338867,-0.08271174430847167,-0.08393875596102163,6.181122735142708e-06,788.0580540937204,-0.3173834062796086,5.091325364775523e-12,fixed_training_mask_bank,fixed_training_mask_bank,-0.12551836669445038,1.338535189628601,0.01695980504155159,1.263779640197754,-2.1302905082702637,0.3761766850948334,0.6361415982246399,0.8299999833106995,0.7124000191688538,1.935054063796997,1.305553674697876,8,9,0.17000001668930054,0.28759998083114624
29,0,4000,0.6303920149803162,0.793972301141744,-0.8025955557823181,1.0266069173812866,0.9877827167510986,45.31240463256836,44.61741256713867,0.9847812652587891,1.2480051517486572,gaussian,1.0,8.0,16000,linear,identity,1,1,finite_k_fixed,2000,1.0,0.5,bounded_heterogenous,1.0,0.75,0.25,4000,0.0001,0.05,1024,static_mask_mae_adam,jax,cuda:0,0.4.30,bool,matched_torch_cpu_bank,torch.float32,torch.bool,128000000,32000000,160000000,128000000,32000000,256000000,256000000,0.375,0.375,0.25,2.5,1.0,2.0,100,10000,15996319,15762347.0,16000,15998225,15763107.3125,16000,16000,1,1,985.279017844959,Empirical loss on all K fixed training masks,Monte Carlo population risk; independent test samples and one independent mask per sample,0.9850417699453914,0.9853256138205371,2.8869631023553666e-06,6.371242733393956e-08,4000,8.0,984.8151487731934,985.1466875,0.9853733849643783,-0.33153872680664065,0.6630774536132813,0.673074844616206,985.2163042602539,985.19420703125,0.9853035141398498,0.02209722900390625,-0.0441944580078125,-0.044858625530164176,6.416293233633042e-06,984.8151551894866,-0.33153231051340704,4.504468412852569e-12,fixed_training_mask_bank,fixed_training_mask_bank,-0.1301681250333786,1.3897730112075806,0.02300005778670311,1.2793513536453247,-2.1096231937408447,0.3694395422935486,0.6158808469772339,0.8199999928474426,0.7195000052452087,1.9904913902282715,1.3494962453842163,8,9,0.18000000715255737,0.28049999475479126
29,0,4000,0.6319966316223145,0.7949821580528172,-0.8243567943572998,1.0802817344665527,1.045737862586975,46.48186111450195,44.61741256713867,0.9847812652587891,1.2480051517486572,gaussian,1.0,8.0,16000,linear,identity,1,1,finite_k_fixed,2000,1.0,0.6,bounded_heterogenous,1.0,0.75,0.25,4000,0.0001,0.05,1024,static_mask_mae_adam,jax,cuda:0,0.4.30,bool,matched_torch_cpu_bank,torch.float32,torch.bool,128000000,32000000,160000000,128000000,32000000,256000000,256000000,0.375,0.375,0.25,2.5,1.0,2.0,100,10000,19194619,18911801.5625,16000,19203058,18917487.4375,16000,16000,1,1,1182.3348214139507,Empirical loss on all K fixed training masks,Monte Carlo population risk; independent test samples and one independent mask per sample,0.9849837175049392,0.9851391317852702,2.903225549744093e-06,6.24593212705804e-08,4000,8.0,1181.6491986694336,1181.98759765625,0.9852657957159764,-0.33839898681640623,0.5639983113606771,0.5725931261670869,1182.3552428588866,1182.34296484375,0.9851289017353382,0.01227801513671875,-0.02046335856119792,-0.020768957065264715,6.751760840415955e-06,1181.6492054211944,-0.3383922350555658,4.173207786284383e-12,fixed_training_mask_bank,fixed_training_mask_bank,-0.0998796746134758,1.4231688976287842,0.021544083952903748,1.31380295753479,-1.8160035610198975,0.384122759103775,0.5905469655990601,0.8100000023841858,0.720300018787384,1.7594935894012451,1.1946572065353394,8,8,0.1899999976158142,0.27969998121261597
29,0,4000,0.6273815035820007,0.7920741780805638,0.8618987798690796,1.189603567123413,1.1360585689544678,48.77711486816406,44.61741256713867,0.9847812652587891,1.2480051517486572,gaussian,1.0,8.0,16000,linear,identity,1,1,finite_k_fixed,2000,1.0,0.7,bounded_heterogenous,1.0,0.75,0.25,4000,0.0001,0.05,1024,static_mask_mae_adam,jax,cuda:0,0.4.30,bool,matched_torch_cpu_bank,torch.float32,torch.bool,128000000,32000000,160000000,128000000,32000000,256000000,256000000,0.375,0.375,0.25,2.5,1.0,2.0,100,10000,22394410,22067158.625,16000,22403895,22073170.375,16000,16000,1,1,1379.3906249829424,Empirical loss on all K fixed training masks,Monte Carlo population risk; independent test samples and one independent mask per sample,0.9851505307993156,0.9852515435648682,2.8493004720075987e-06,5.8414698855813185e-08,4000,8.0,1378.8665561523437,1379.1974140625,0.9853869168689865,-0.33085791015625,0.47265415736607147,0.47978325188657855,1379.5920081634522,1379.5731484375,0.985238074674069,0.018859725952148437,-0.02694246564592634,-0.027341393203261788,7.435022294521332e-06,1378.866563587366,-0.3308504751339555,3.906436805978242e-12,fixed_training_mask_bank,fixed_training_mask_bank,0.06946796178817749,1.5245071649551392,-0.02052265964448452,1.3745203018188477,2.1614928245544434,0.350093811750412,0.6356276273727417,0.8100000023841858,0.71670001745224,2.2513272762298584,1.490966558456421,9,9,0.1899999976158142,0.28329998254776
29,0,4000,0.5828045606613159,0.7634163743733271,-0.8841727375984192,1.3476362228393555,1.293975830078125,51.916011810302734,44.61741256713867,0.9847812652587891,1.2480051517486572,gaussian,1.0,8.0,16000,linear,identity,1,1,finite_k_fixed,2000,1.0,0.8,bounded_heterogenous,1.0,0.75,0.25,4000,0.0001,0.05,1024,static_mask_mae_adam,jax,cuda:0,0.4.30,bool,matched_torch_cpu_bank,torch.float32,torch.bool,128000000,32000000,160000000,128000000,32000000,256000000,256000000,0.375,0.375,0.25,2.5,1.0,2.0,100,10000,25597794,25230483.25,16000,25602688,25223541.25,16000,16000,1,1,1576.4464285519343,Empirical loss on all K fixed training masks,Monte Carlo population risk; independent test samples and one independent mask per sample,0.9854584906785876,0.9852223314222371,2.99696012007189e-06,5.7727085334136063e-08,4000,8.0,1576.5977149963378,1576.905203125,0.9856506873209465,-0.3074881286621094,0.38436016082763674,0.38998936404399664,1576.5212476272584,1576.471328125,0.9851911350089491,0.04991950225830078,-0.062399377822875975,-0.06333068209718462,8.422726392745972e-06,1576.597723419064,-0.30747970593571666,3.4822223229924454e-12,fixed_training_mask_bank,fixed_training_mask_bank,-0.15310387313365936,1.5786769390106201,0.022696517407894135,1.4519575834274292,-1.4541677236557007,0.43538641929626465,0.5865646004676819,0.7799999713897705,0.7077000141143799,1.4354333877563477,1.0259894132614136,7,8,0.2200000286102295,0.2922999858856201
29,0,4000,0.4607529044151306,0.6787878198782964,-0.8834272027015686,1.7017461061477661,1.7590922117233276,58.339454650878906,44.61741256713867,0.9847812652587891,1.2480051517486572,gaussian,1.0,8.0,16000,linear,identity,1,1,finite_k_fixed,2000,1.0,0.9,bounded_heterogenous,1.0,0.75,0.25,4000,0.0001,0.05,1024,static_mask_mae_adam,jax,cuda:0,0.4.30,bool,matched_torch_cpu_bank,torch.float32,torch.bool,128000000,32000000,160000000,128000000,32000000,256000000,256000000,0.375,0.375,0.25,2.5,1.0,2.0,100,10000,28799216,28387574.375,16000,28802192,28374928.625,16000,16000,1,1,1773.5022321209262,Empirical loss on all K fixed training masks,Monte Carlo population risk; independent test samples and one independent mask per sample,0.9855537750359246,0.9852440315878888,3.1829495128476992e-06,5.455912699403598e-08,4000,8.0,1773.9485029296875,1774.2233984375,0.9857064989199706,-0.2748955078125,0.305439453125,0.30987699525852896,1773.5742352905274,1773.4330390625,0.9851655952088647,0.14119622802734375,-0.15688469780815972,-0.15923491320757321,1.0635913163423538e-05,1773.9485135656007,-0.2748848718993366,3.440151809253056e-12,fixed_training_mask_bank,fixed_training_mask_bank,-0.08025761693716049,1.6371150016784668,0.031606387346982956,1.594799518585205,-1.1330965757369995,0.47926124930381775,0.6059800982475281,0.8100000023841858,0.6832000017166138,1.089813470840454,0.8064136505126953,7,7,0.1899999976158142,0.31679999828338623
29,0,4000,0.2936505079269409,0.5418952924015311,-0.8059980869293213,2.2225863933563232,2.4907114505767822,66.67213439941406,44.61741256713867,0.9847812652587891,1.2480051517486572,gaussian,1.0,8.0,16000,linear,identity,1,1,finite_k_fixed,2000,1.0,0.95,bounded_heterogenous,1.0,0.75,0.25,4000,0.0001,0.05,1024,static_mask_mae_adam,jax,cuda:0,0.4.30,bool,matched_torch_cpu_bank,torch.float32,torch.bool,128000000,32000000,160000000,128000000,32000000,256000000,256000000,0.375,0.375,0.25,2.5,1.0,2.0,100,10000,30399077,29962993.625,16000,30401706,29949319.0,16000,16000,1,1,1872.030133905422,Empirical loss on all K fixed training masks,Monte Carlo population risk; independent test samples and one independent mask per sample,0.9855191024250455,0.985224277580169,3.710214059537975e-06,5.564865546148212e-08,4000,8.0,1872.4294424743653,1872.6871015625,0.985654716588928,-0.2576590881347656,0.2712200927734375,0.27517580264180275,1872.031176940918,1871.8324375,0.9851196837440636,0.19873944091796875,-0.20919941149259869,-0.21234746971643403,1.3891164958477021e-05,1872.4294563655303,-0.25764519696980714,3.5161966654290167e-12,fixed_training_mask_bank,fixed_training_mask_bank,0.021725697442889214,2.009716510772705,0.009399103000760078,1.7756671905517578,-0.5717692375183105,0.5740293264389038,0.6232151389122009,0.6700000166893005,0.6499000191688538,0.5307034254074097,0.37233081459999084,5,6,0.32999998331069946,0.35009998083114624
0,0,4000,0.7874267101287842,0.8873706723397975,0.7140262126922607,0.6113819479942322,0.5431736707687378,34.968040466308594,46.022239685058594,0.9782412648200989,1.2444093227386475,gaussian,1.0,8.0,16000,linear,identity,dynamic,0,dynamic,2000,1.0,0.05,bounded_heterogenous,1.0,0.75,0.25,4000,0.0001,0.05,1024,dynamic_mask_mae_adam,jax,cuda:0,0.4.30,bool,jax_threefry,torch.float32,torch.bool,128000000,32000000,160000000,128000000,32000000,256000000,256000000,0.375,0.375,0.25,2.5,1.0,2.0,100,10000,1601057,1567309.6484375,16000,1600285,1564361.8515625,16000,16000,1,1,97.87708399310533,"Monte Carlo mask-averaged training risk; one fixed evaluation mask per training sample, independent of dynamic training masks",Monte Carlo population risk; independent test samples and one independent mask per sample,0.9785645501983221,0.9773697207729733,0.5111300945281982,0.014617064036428928,4000,8.0,97.92110144042968,97.95685302734375,0.9789218300394676,-0.0357515869140625,0.71503173828125,0.7299455997036297,97.75438147544861,97.77261572265625,0.9775520307710814,-0.0182342472076416,0.364684944152832,0.3729929300320123,3.8211371749639515e-06,97.92110526156685,-0.035747765776887534,4.4770673412131146e-05,fresh_dynamic_mask,original_fixed_evaluation_mask,0.11110763251781464,1.02695894241333,0.013719274662435055,1.0228683948516846,1.7406556606292725,0.4828501045703888,0.5101249814033508,0.75,0.7434999942779541,1.0532164573669434,0.985400378704071,7,8,0.25,0.2565000057220459
0,0,4000,0.7962710857391357,0.8923402298109929,0.7258067727088928,0.6247057914733887,0.5530579090118408,35.347015380859375,46.022239685058594,0.9782412648200989,1.2444093227386475,gaussian,1.0,8.0,16000,linear,identity,dynamic,0,dynamic,2000,1.0,0.1,bounded_heterogenous,1.0,0.75,0.25,4000,0.0001,0.05,1024,dynamic_mask_mae_adam,jax,cuda:0,0.4.30,bool,jax_threefry,torch.float32,torch.bool,128000000,32000000,160000000,128000000,32000000,256000000,256000000,0.375,0.375,0.25,2.5,1.0,2.0,100,10000,3201114,3133633.234375,16000,3202881,3133982.3359375,16000,16000,1,1,195.75416798621066,"Monte Carlo mask-averaged training risk; one fixed evaluation mask per training sample, independent of dynamic training masks",Monte Carlo population risk; independent test samples and one independent mask per sample,0.9785666197062691,0.9783073278828401,0.5066648125648499,0.01433402020484209,4000,8.0,195.78145664215089,195.8520771484375,0.9789195993566615,-0.07062050628662109,0.7062050628662109,0.7211616778830532,195.83762203979492,195.87389599609375,0.9784885345217321,-0.036273956298828125,0.36273956298828125,0.3703807096331335,3.904411196708679e-06,195.78146054656207,-0.07061660187542437,3.0428074751398526e-05,fresh_dynamic_mask,original_fixed_evaluation_mask,0.11306360363960266,1.0224299430847168,0.015052148140966892,1.0356208086013794,1.8528245687484741,0.4698295295238495,0.5101003050804138,0.7599999904632568,0.7426999807357788,1.1397316455841064,1.0664222240447998,7,8,0.24000000953674316,0.2573000192642212
0,0,4000,0.8042452931404114,0.89679724193399,0.7522221803665161,0.6643519401550293,0.5824645757675171,36.45138931274414,46.022239685058594,0.9782412648200989,1.2444093227386475,gaussian,1.0,8.0,16000,linear,identity,dynamic,0,dynamic,2000,1.0,0.2,bounded_heterogenous,1.0,0.75,0.25,4000,0.0001,0.05,1024,dynamic_mask_mae_adam,jax,cuda:0,0.4.30,bool,jax_threefry,torch.float32,torch.bool,128000000,32000000,160000000,128000000,32000000,256000000,256000000,0.375,0.375,0.25,2.5,1.0,2.0,100,10000,6400066,6262989.0,16000,6400883,6263815.46875,16000,16000,1,1,391.5083359724213,"Monte Carlo mask-averaged training risk; one fixed evaluation mask per training sample, independent of dynamic training masks",Monte Carlo population risk; independent test samples and one independent mask per sample,0.9782589154204498,0.9784144220362717,0.4852290153503418,0.013311673887073994,4000,8.0,391.30760148620607,391.4368125,0.9785819396237476,-0.1292110137939453,0.6460550689697265,0.6601883607662007,391.4197650604248,391.488466796875,0.9785861526839343,-0.06870173645019531,0.3435086822509765,0.3509770645981902,4.152199625968933e-06,391.3076056384057,-0.12920686159431935,1.8901402654591948e-05,fresh_dynamic_mask,original_fixed_evaluation_mask,0.11579529941082001,1.0442767143249512,0.014713019132614136,1.0667513608932495,1.8386038541793823,0.46544933319091797,0.5064752697944641,0.7699999809265137,0.7472000122070312,1.1660900115966797,1.0987458229064941,7,8,0.23000001907348633,0.25279998779296875
0,0,4000,0.8103889226913452,0.9002160422317218,0.7820385694503784,0.712618887424469,0.6140609383583069,37.7523193359375,46.022239685058594,0.9782412648200989,1.2444093227386475,gaussian,1.0,8.0,16000,linear,identity,dynamic,0,dynamic,2000,1.0,0.3,bounded_heterogenous,1.0,0.75,0.25,4000,0.0001,0.05,1024,dynamic_mask_mae_adam,jax,cuda:0,0.4.30,bool,jax_threefry,torch.float32,torch.bool,128000000,32000000,160000000,128000000,32000000,256000000,256000000,0.375,0.375,0.25,2.5,1.0,2.0,100,10000,9598987,9393548.46875,16000,9599898,9395790.1875,16000,16000,1,1,587.2625039586319,"Monte Carlo mask-averaged training risk; one fixed evaluation mask per training sample, independent of dynamic training masks",Monte Carlo population risk; independent test samples and one independent mask per sample,0.978290669164084,0.9785737865778463,0.4856424927711487,0.012863910757005215,4000,8.0,586.912463470459,587.096779296875,0.9785978946267976,-0.18431582641601563,0.6143860880533855,0.6278890735416098,587.1380335388184,587.23688671875,0.9787385436282761,-0.09885317993164063,0.3295105997721354,0.3366722430671043,4.453868046402931e-06,586.9124679243271,-0.18431137254796923,1.3964611753181089e-05,fresh_dynamic_mask,original_fixed_evaluation_mask,0.10043787956237793,1.0690494775772095,0.015743598341941833,1.1018762588500977,1.7934952974319458,0.4671534597873688,0.502999484539032,0.7799999713897705,0.7483999729156494,1.158345103263855,1.114466905593872,7,8,0.2200000286102295,0.2516000270843506
0,0,4000,0.8099825978279114,0.8999903320746904,0.8142582774162292,0.7729353904724121,0.6576365828514099,39.317562103271484,46.022239685058594,0.9782412648200989,1.2444093227386475,gaussian,1.0,8.0,16000,linear,identity,dynamic,0,dynamic,2000,1.0,0.4,bounded_heterogenous,1.0,0.75,0.25,4000,0.0001,0.05,1024,dynamic_mask_mae_adam,jax,cuda:0,0.4.30,bool,jax_threefry,torch.float32,torch.bool,128000000,32000000,160000000,128000000,32000000,256000000,256000000,0.375,0.375,0.25,2.5,1.0,2.0,100,10000,12800003,12528719.09375,16000,12802348,12527100.9375,16000,16000,1,1,783.0166719448426,"Monte Carlo mask-averaged training risk; one fixed evaluation mask per training sample, independent of dynamic training masks",Monte Carlo population risk; independent test samples and one independent mask per sample,0.9785278445596666,0.9783518648614514,0.47445613145828247,0.012067282572388649,4000,8.0,782.8224591217041,783.044943359375,0.9788059497915743,-0.22248423767089845,0.556210594177246,0.5682540690867821,782.8250650253295,782.94380859375,0.9785002670994415,-0.11874356842041016,0.2968589210510254,0.30332590185166985,4.830846190452576e-06,782.8224639525503,-0.222479406824708,1.0913744517893065e-05,fresh_dynamic_mask,original_fixed_evaluation_mask,0.10630790889263153,1.1105690002441406,0.016557058319449425,1.1444555521011353,1.7422492504119873,0.464558482170105,0.502016007900238,0.7799999713897705,0.7491999864578247,1.1745450496673584,1.1269580125808716,7,8,0.2200000286102295,0.2508000135421753
0,0,4000,0.8123023509979248,0.9012781762574332,0.8524458408355713,0.8447153568267822,0.7067994475364685,41.102684020996094,46.022239685058594,0.9782412648200989,1.2444093227386475,gaussian,1.0,8.0,16000,linear,identity,dynamic,0,dynamic,2000,1.0,0.5,bounded_heterogenous,1.0,0.75,0.25,4000,0.0001,0.05,1024,dynamic_mask_mae_adam,jax,cuda:0,0.4.30,bool,jax_threefry,torch.float32,torch.bool,128000000,32000000,160000000,128000000,32000000,256000000,256000000,0.375,0.375,0.25,2.5,1.0,2.0,100,10000,15999529,15656878.375,16000,16002589,15660792.9375,16000,16000,1,1,978.7708399310533,"Monte Carlo mask-averaged training risk; one fixed evaluation mask per training sample, independent of dynamic training masks",Monte Carlo population risk; independent test samples and one independent mask per sample,0.978335843218416,0.9785147804863843,0.4585984945297241,0.011157386004924774,4000,8.0,978.3070434570312,978.5548984375,0.9785837054953305,-0.24785498046875,0.4957099609375,0.5065734806795064,978.6731164093018,978.79955859375,0.9786412022142167,-0.12644218444824218,0.25288436889648436,0.25836175208304724,5.27947098016739e-06,978.3070487365022,-0.24784970099776985,8.787861588643864e-06,fresh_dynamic_mask,original_fixed_evaluation_mask,0.11399247497320175,1.1595338582992554,0.016518721356987953,1.1915968656539917,1.7248696088790894,0.4544718265533447,0.49985653162002563,0.7799999713897705,0.7527999877929688,1.2377753257751465,1.168286919593811,7,8,0.2200000286102295,0.24720001220703125
0,0,4000,0.8124749660491943,0.9013739324216085,0.8886458873748779,0.9177871346473694,0.7512091994285583,42.843605041503906,46.022239685058594,0.9782412648200989,1.2444093227386475,gaussian,1.0,8.0,16000,linear,identity,dynamic,0,dynamic,2000,1.0,0.6,bounded_heterogenous,1.0,0.75,0.25,4000,0.0001,0.05,1024,dynamic_mask_mae_adam,jax,cuda:0,0.4.30,bool,jax_threefry,torch.float32,torch.bool,128000000,32000000,160000000,128000000,32000000,256000000,256000000,0.375,0.375,0.25,2.5,1.0,2.0,100,10000,19200640,18790825.0625,16000,19201329,18789887.875,16000,16000,1,1,1174.5250079172638,"Monte Carlo mask-averaged training risk; one fixed evaluation mask per training sample, independent of dynamic training masks",Monte Carlo population risk; independent test samples and one independent mask per sample,0.9784371935730397,0.9784598474709786,0.46211764216423035,0.010786152444779873,4000,8.0,1174.1637697753906,1174.42656640625,0.9786561834657594,-0.262796630859375,0.437994384765625,0.44753182255319324,1174.233090286255,1174.3679921875,0.9785722579411039,-0.1349019012451172,0.22483650207519534,0.22974383181861846,5.736169591546059e-06,1174.1637755115603,-0.26279089468978345,7.342338449234376e-06,fresh_dynamic_mask,original_fixed_evaluation_mask,0.11134037375450134,1.2088085412979126,0.01571003347635269,1.2359492778778076,1.6794909238815308,0.45195358991622925,0.4971117079257965,0.7799999713897705,0.7541000247001648,1.259782075881958,1.1866066455841064,7,8,0.2200000286102295,0.2458999752998352
0,0,4000,0.8097177743911743,0.8998431943350876,0.9375264644622803,1.0250095129013062,0.8222042322158813,45.277137756347656,46.022239685058594,0.9782412648200989,1.2444093227386475,gaussian,1.0,8.0,16000,linear,identity,dynamic,0,dynamic,2000,1.0,0.7,bounded_heterogenous,1.0,0.75,0.25,4000,0.0001,0.05,1024,dynamic_mask_mae_adam,jax,cuda:0,0.4.30,bool,jax_threefry,torch.float32,torch.bool,128000000,32000000,160000000,128000000,32000000,256000000,256000000,0.375,0.375,0.25,2.5,1.0,2.0,100,10000,22399198,21921531.0,16000,22399427,21921554.8125,16000,16000,1,1,1370.2791759034744,"Monte Carlo mask-averaged training risk; one fixed evaluation mask per training sample, independent of dynamic training masks",Monte Carlo population risk; independent test samples and one independent mask per sample,0.9784955337415464,0.9785735560168082,0.4638785719871521,0.010245316661894321,4000,8.0,1369.844700149536,1370.0956875,0.9786748168394244,-0.25098735046386716,0.35855335780552455,0.36637930146588005,1369.9679332580567,1370.09717578125,0.9786658744663423,-0.12924252319335938,0.1846321759905134,0.1886618343251989,6.406309455633164e-06,1369.8447065558455,-0.2509809441544115,6.423232662200462e-06,fresh_dynamic_mask,original_fixed_evaluation_mask,0.09976483136415482,1.2658299207687378,0.017072753980755806,1.298615574836731,1.6104426383972168,0.45405226945877075,0.49497926235198975,0.7699999809265137,0.7552000284194946,1.2548521757125854,1.2008228302001953,8,8,0.23000001907348633,0.24479997158050537
0,0,4000,0.808575451374054,0.8992082358241911,0.9934648275375366,1.152600884437561,0.9095689654350281,48.012516021728516,46.022239685058594,0.9782412648200989,1.2444093227386475,gaussian,1.0,8.0,16000,linear,identity,dynamic,0,dynamic,2000,1.0,0.8,bounded_heterogenous,1.0,0.75,0.25,4000,0.0001,0.05,1024,dynamic_mask_mae_adam,jax,cuda:0,0.4.30,bool,jax_threefry,torch.float32,torch.bool,128000000,32000000,160000000,128000000,32000000,256000000,256000000,0.375,0.375,0.25,2.5,1.0,2.0,100,10000,25600438,25052886.0,16000,25599725,25055998.25,16000,16000,1,1,1566.0333438896853,"Monte Carlo mask-averaged training risk; one fixed evaluation mask per training sample, independent of dynamic training masks",Monte Carlo population risk; independent test samples and one independent mask per sample,0.9784795991957858,0.9786906480612371,0.469370037317276,0.009775993414223194,4000,8.0,1565.5941445922851,1565.805375,0.9786116159418835,-0.21123040771484375,0.26403800964355467,0.2698041673472318,1565.8882156524658,1565.999890625,0.97876044566885,-0.11167497253417968,0.1395937156677246,0.14262449595658921,7.203755527734757e-06,1565.5941517960407,-0.211223203959316,5.289398359309416e-06,fresh_dynamic_mask,original_fixed_evaluation_mask,0.09559518098831177,1.353603482246399,0.018228523433208466,1.3722366094589233,1.5604939460754395,0.4447896480560303,0.4933021366596222,0.7699999809265137,0.7562000155448914,1.3187109231948853,1.2350658178329468,8,8,0.23000001907348633,0.24379998445510864
0,0,4000,0.8034000396728516,0.8963258557426822,1.0623594522476196,1.3264951705932617,1.0231724977493286,51.50718688964844,46.022239685058594,0.9782412648200989,1.2444093227386475,gaussian,1.0,8.0,16000,linear,identity,dynamic,0,dynamic,2000,1.0,0.9,bounded_heterogenous,1.0,0.75,0.25,4000,0.0001,0.05,1024,dynamic_mask_mae_adam,jax,cuda:0,0.4.30,bool,jax_threefry,torch.float32,torch.bool,128000000,32000000,160000000,128000000,32000000,256000000,256000000,0.375,0.375,0.25,2.5,1.0,2.0,100,10000,28797985,28180388.0,16000,28798261,28187133.0,16000,16000,1,1,1761.787511875896,"Monte Carlo mask-averaged training risk; one fixed evaluation mask per training sample, independent of dynamic training masks",Monte Carlo population risk; independent test samples and one independent mask per sample,0.9784776469044161,0.9787400887370015,0.46265092492103577,0.008982259780168533,4000,8.0,1761.136537399292,1761.27425,0.9785541592580176,-0.1377126007080078,0.15301400078667535,0.15637837288307033,1761.625782913208,1761.6958125,0.9787789964123181,-0.07002958679199218,0.07781065199110243,0.07950247289589818,8.290594816207885e-06,1761.1365456898868,-0.1377043101131916,4.198354872642085e-06,fresh_dynamic_mask,original_fixed_evaluation_mask,0.10289029777050018,1.4259543418884277,0.01881472021341324,1.4623750448226929,1.4130715131759644,0.457599401473999,0.48993074893951416,0.7699999809265137,0.7577999830245972,1.2321292161941528,1.195502519607544,7,8,0.23000001907348633,0.24220001697540283
0,0,4000,0.7941813468933105,0.8911685288952425,1.0968918800354004,1.4305479526519775,1.0850334167480469,53.48921203613281,46.022239685058594,0.9782412648200989,1.2444093227386475,gaussian,1.0,8.0,16000,linear,identity,dynamic,0,dynamic,2000,1.0,0.95,bounded_heterogenous,1.0,0.75,0.25,4000,0.0001,0.05,1024,dynamic_mask_mae_adam,jax,cuda:0,0.4.30,bool,jax_threefry,torch.float32,torch.bool,128000000,32000000,160000000,128000000,32000000,256000000,256000000,0.375,0.375,0.25,2.5,1.0,2.0,100,10000,30400405,29744782.5,16000,30398328,29753233.0,16000,16000,1,1,1859.6645958690012,"Monte Carlo mask-averaged training risk; one fixed evaluation mask per training sample, independent of dynamic training masks",Monte Carlo population risk; independent test samples and one independent mask per sample,0.9783916206336443,0.9787615222270774,0.4355885088443756,0.00814348366111517,4000,8.0,1858.9688447418214,1859.04890625,0.9784337577081621,-0.08006150817871094,0.08427527176706415,0.08613168584159503,1859.5446116523742,1859.5770625,0.978778602559983,-0.03245084762573242,0.03415878697445518,0.03490132060690598,8.94092470407486e-06,1858.9688536827462,-0.08005256725400686,3.153671059408225e-06,fresh_dynamic_mask,original_fixed_evaluation_mask,0.0900651291012764,1.4745385646820068,0.01949457824230194,1.506912350654602,1.423982858657837,0.4476742148399353,0.49053648114204407,0.7599999904632568,0.7605000138282776,1.30275559425354,1.2432630062103271,7,8,0.24000000953674316,0.2394999861717224
1,0,4000,0.7463083863258362,0.8638914204492577,0.6347015500068665,0.5660961270332336,0.5425976514816284,33.648067474365234,43.66970443725586,1.001064658164978,1.28096604347229,gaussian,1.0,8.0,16000,linear,identity,dynamic,0,dynamic,2000,1.0,0.05,bounded_heterogenous,1.0,0.75,0.25,4000,0.0001,0.05,1024,dynamic_mask_mae_adam,jax,cuda:0,0.4.30,bool,jax_threefry,torch.float32,torch.bool,128000000,32000000,160000000,128000000,32000000,256000000,256000000,0.375,0.375,0.25,2.5,1.0,2.0,100,10000,1601026,1606351.3046875,16000,1599617,1604838.7421875,16000,16000,1,1,100.15414657687703,"Monte Carlo mask-averaged training risk; one fixed evaluation mask per training sample, independent of dynamic training masks",Monte Carlo population risk; independent test samples and one independent mask per sample,1.00304060209379,1.0031520678597552,0.488031804561615,0.014504007063806057,4000,8.0,100.36838018798827,100.39695654296875,1.0033261825151496,-0.0285763549804833,0.571527099609666,0.5692673555945937,100.29119383335112,100.30242138671875,1.0032643702758224,-0.011227553367629298,0.22455106735258595,0.22387402442336501,3.5381007939577104e-06,100.36838372608906,-0.028572816879689343,4.4182001147419214e-05,fresh_dynamic_mask,original_fixed_evaluation_mask,0.08462575823068619,0.9542080163955688,0.0030465100426226854,0.985015332698822,1.0557022094726562,0.5946051478385925,0.543790876865387,0.6600000262260437,0.7232000231742859,0.4293035566806793,0.5408902168273926,6,6,0.3399999737739563,0.2767999768257141
1,0,4000,0.7652685642242432,0.8747962987028712,0.6558932065963745,0.589551568031311,0.5583706498146057,34.338069915771484,43.66970443725586,1.001064658164978,1.28096604347229,gaussian,1.0,8.0,16000,linear,identity,dynamic,0,dynamic,2000,1.0,0.1,bounded_heterogenous,1.0,0.75,0.25,4000,0.0001,0.05,1024,dynamic_mask_mae_adam,jax,cuda:0,0.4.30,bool,jax_threefry,torch.float32,torch.bool,128000000,32000000,160000000,128000000,32000000,256000000,256000000,0.375,0.375,0.25,2.5,1.0,2.0,100,10000,3200354,3211738.453125,16000,3198988,3207388.015625,16000,16000,1,1,200.30829315375405,"Monte Carlo mask-averaged training risk; one fixed evaluation mask per training sample, independent of dynamic training masks",Monte Carlo population risk; independent test samples and one independent mask per sample,1.0032632945079938,1.0025058696430635,0.4948372542858124,0.014410745352506638,4000,8.0,200.67485610198975,200.7336533203125,1.0035572480809936,-0.058797218322753905,0.587972183227539,0.5858232274478237,200.4377654323578,200.4617509765625,1.0026258353032271,-0.023985544204711915,0.23985544204711914,0.23930295019236603,3.6846973001956943e-06,200.67485978668705,-0.05879353362545371,2.9937695217086002e-05,fresh_dynamic_mask,original_fixed_evaluation_mask,0.07805678993463516,0.9786983728408813,0.006188541185110807,1.0058612823486328,1.0008361339569092,0.5987763404846191,0.5433762073516846,0.6600000262260437,0.7267000079154968,0.40897250175476074,0.5278496146202087,6,6,0.3399999737739563,0.2732999920845032
1,0,4000,0.778300940990448,0.8822136594898359,0.6863937973976135,0.6348462700843811,0.5936765670776367,35.632747650146484,43.66970443725586,1.001064658164978,1.28096604347229,gaussian,1.0,8.0,16000,linear,identity,dynamic,0,dynamic,2000,1.0,0.2,bounded_heterogenous,1.0,0.75,0.25,4000,0.0001,0.05,1024,dynamic_mask_mae_adam,jax,cuda:0,0.4.30,bool,jax_threefry,torch.float32,torch.bool,128000000,32000000,160000000,128000000,32000000,256000000,256000000,0.375,0.375,0.25,2.5,1.0,2.0,100,10000,6399161,6415819.34375,16000,6398619,6413196.0625,16000,16000,1,1,400.6165863075081,"Monte Carlo mask-averaged training risk; one fixed evaluation mask per training sample, independent of dynamic training masks",Monte Carlo population risk; independent test samples and one independent mask per sample,1.0023050089555625,1.0021713577537597,0.4859021306037903,0.013636392541229725,4000,8.0,400.8694452133179,400.988708984375,1.0026032074751674,-0.1192637710571289,0.5963188552856444,0.5948485250828472,400.78204318618776,400.82475390625,1.0022781575993194,-0.04271072006225586,0.2135536003112793,0.21311418342317978,3.967789188027382e-06,400.8694491811071,-0.11925980326794088,1.936505395860877e-05,fresh_dynamic_mask,original_fixed_evaluation_mask,0.08211328834295273,0.9939107298851013,0.005325791426002979,1.0451291799545288,0.9774322509765625,0.5999739766120911,0.5400220155715942,0.6399999856948853,0.730400025844574,0.40331143140792847,0.5405913591384888,6,6,0.36000001430511475,0.269599974155426
1,0,4000,0.783002495765686,0.8848742824637216,0.7127186059951782,0.6803658604621887,0.6259369850158691,36.888099670410156,43.66970443725586,1.001064658164978,1.28096604347229,gaussian,1.0,8.0,16000,linear,identity,dynamic,0,dynamic,2000,1.0,0.3,bounded_heterogenous,1.0,0.75,0.25,4000,0.0001,0.05,1024,dynamic_mask_mae_adam,jax,cuda:0,0.4.30,bool,jax_threefry,torch.float32,torch.bool,128000000,32000000,160000000,128000000,32000000,256000000,256000000,0.375,0.375,0.25,2.5,1.0,2.0,100,10000,9599410,9620546.28125,16000,9600489,9619500.1875,16000,16000,1,1,600.9248794612621,"Monte Carlo mask-averaged training risk; one fixed evaluation mask per training sample, independent of dynamic training masks",Monte Carlo population risk; independent test samples and one independent mask per sample,1.0019290201758657,1.0018882898803994,0.4840567111968994,0.013122300617396832,4000,8.0,601.1204659729004,601.284142578125,1.0022018312844228,-0.16367660522460936,0.5455886840820312,0.5444234884453003,601.1635941390991,601.21876171875,1.001980231163225,-0.05516757965087891,0.18389193216959637,0.18351915530101515,4.25228662788868e-06,601.1204702251871,-0.16367235293798146,1.3815382772008888e-05,fresh_dynamic_mask,original_fixed_evaluation_mask,0.09400085359811783,1.0392152070999146,0.00449320999905467,1.0783209800720215,0.9303668141365051,0.6011244654655457,0.5396931767463684,0.6499999761581421,0.7321000099182129,0.3989538550376892,0.5335375070571899,6,6,0.3500000238418579,0.2678999900817871
1,0,4000,0.7860312461853027,0.8865840322187755,0.7407304644584656,0.7320656776428223,0.6670445799827576,38.26396942138672,43.66970443725586,1.001064658164978,1.28096604347229,gaussian,1.0,8.0,16000,linear,identity,dynamic,0,dynamic,2000,1.0,0.4,bounded_heterogenous,1.0,0.75,0.25,4000,0.0001,0.05,1024,dynamic_mask_mae_adam,jax,cuda:0,0.4.30,bool,jax_threefry,torch.float32,torch.bool,128000000,32000000,160000000,128000000,32000000,256000000,256000000,0.375,0.375,0.25,2.5,1.0,2.0,100,10000,12799931,12824760.65625,16000,12799879,12822564.0,16000,16000,1,1,801.2331726150162,"Monte Carlo mask-averaged training risk; one fixed evaluation mask per training sample, independent of dynamic training masks",Monte Carlo population risk; independent test samples and one independent mask per sample,1.0016830782638229,1.0016853166250206,0.47157734632492065,0.01232431922107935,4000,8.0,801.3421428527834,801.547541015625,1.001939827351413,-0.20539816284168047,0.5134954071042012,0.5125040058919783,801.3406780548095,801.41025,1.0017722823786068,-0.0695719451905461,0.17392986297636526,0.17362379677710038,4.57541048526764e-06,801.3421474281938,-0.2053935874311952,1.0582377399259713e-05,fresh_dynamic_mask,original_fixed_evaluation_mask,0.08809110522270203,1.073897361755371,0.005288410931825638,1.116618037223816,0.8867427706718445,0.6032078266143799,0.5393785238265991,0.6499999761581421,0.7333999872207642,0.38873112201690674,0.5287313461303711,6,6,0.3500000238418579,0.26660001277923584
1,0,4000,0.7873451709747314,0.8873247269037032,0.7737956643104553,0.7975479960441589,0.7160463929176331,39.93865203857422,43.66970443725586,1.001064658164978,1.28096604347229,gaussian,1.0,8.0,16000,linear,identity,dynamic,0,dynamic,2000,1.0,0.5,bounded_heterogenous,1.0,0.75,0.25,4000,0.0001,0.05,1024,dynamic_mask_mae_adam,jax,cuda:0,0.4.30,bool,jax_threefry,torch.float32,torch.bool,128000000,32000000,160000000,128000000,32000000,256000000,256000000,0.375,0.375,0.25,2.5,1.0,2.0,100,10000,16002193,16037978.4375,16000,15999460,16028209.0,16000,16000,1,1,1001.5414657687702,"Monte Carlo mask-averaged training risk; one fixed evaluation mask per training sample, independent of dynamic training masks",Monte Carlo population risk; independent test samples and one independent mask per sample,1.0020010823092975,1.0017177437648677,0.4724445343017578,0.011829256080091,4000,8.0,1002.1384190826415,1002.37365234375,1.0022362833331657,-0.23523326110851486,0.4704665222170297,0.4693524426913065,1001.6839357910156,1001.7630625,1.0017968731444686,-0.079126708984375,0.15825341796875,0.15797489834956657,4.984674975275993e-06,1002.1384240673165,-0.23522827643353958,8.954833901952952e-06,fresh_dynamic_mask,original_fixed_evaluation_mask,0.10498149693012238,1.098056674003601,0.004902125336229801,1.1609028577804565,0.8675443530082703,0.6034379601478577,0.5376777052879333,0.6299999952316284,0.7340999841690063,0.3884512186050415,0.5391504168510437,6,6,0.3700000047683716,0.26590001583099365
1,0,4000,0.7888048887252808,0.8881468846566319,0.8083454370498657,0.8687480688095093,0.7702406048774719,41.683284759521484,43.66970443725586,1.001064658164978,1.28096604347229,gaussian,1.0,8.0,16000,linear,identity,dynamic,0,dynamic,2000,1.0,0.6,bounded_heterogenous,1.0,0.75,0.25,4000,0.0001,0.05,1024,dynamic_mask_mae_adam,jax,cuda:0,0.4.30,bool,jax_threefry,torch.float32,torch.bool,128000000,32000000,160000000,128000000,32000000,256000000,256000000,0.375,0.375,0.25,2.5,1.0,2.0,100,10000,19202147,19240502.75,16000,19199006,19229617.875,16000,16000,1,1,1201.8497589225242,"Monte Carlo mask-averaged training risk; one fixed evaluation mask per training sample, independent of dynamic training masks",Monte Carlo population risk; independent test samples and one independent mask per sample,1.001798965475669,1.0015296118062111,0.47010472416877747,0.011278016492724419,4000,8.0,1202.2931874694825,1202.531421875,1.0019974719493607,-0.23823440551757813,0.3970573425292969,0.3962215060395735,1201.7733141403198,1201.8511171875,1.0015944510356423,-0.07780304718017578,0.12967174530029296,0.12947202206259334,5.429675430059434e-06,1202.293192899158,-0.23822897584214808,7.266378815984353e-06,fresh_dynamic_mask,original_fixed_evaluation_mask,0.11312627792358398,1.1507488489151,0.005046552047133446,1.2080503702163696,0.8260531425476074,0.6036254167556763,0.5367367267608643,0.6299999952316284,0.7371000051498413,0.3874109387397766,0.5372510552406311,6,6,0.3700000047683716,0.2628999948501587
1,0,4000,0.7885270118713379,0.8879904345607209,0.8472949266433716,0.9548212289810181,0.8334486484527588,43.699459075927734,43.66970443725586,1.001064658164978,1.28096604347229,gaussian,1.0,8.0,16000,linear,identity,dynamic,0,dynamic,2000,1.0,0.7,bounded_heterogenous,1.0,0.75,0.25,4000,0.0001,0.05,1024,dynamic_mask_mae_adam,jax,cuda:0,0.4.30,bool,jax_threefry,torch.float32,torch.bool,128000000,32000000,160000000,128000000,32000000,256000000,256000000,0.375,0.375,0.25,2.5,1.0,2.0,100,10000,22400835,22446328.0,16000,22398578,22435307.0,16000,16000,1,1,1402.1580520762782,"Monte Carlo mask-averaged training risk; one fixed evaluation mask per training sample, independent of dynamic training masks",Monte Carlo population risk; independent test samples and one independent mask per sample,1.0018645971546651,1.0015865775248918,0.46363040804862976,0.010609524324536324,4000,8.0,1402.6627208251953,1402.8955,1.002030861796,-0.2327791748046875,0.3325416782924107,0.3318553303572891,1402.132192527771,1402.2066875,1.0016397915974844,-0.0744949722290039,0.10642138889857701,0.10625391091489966,5.9676326811313635e-06,1402.662726792828,-0.23277320717200636,6.404807209037244e-06,fresh_dynamic_mask,original_fixed_evaluation_mask,0.11840479075908661,1.210696816444397,0.005656191147863865,1.2618358135223389,0.7831823825836182,0.6033062934875488,0.5356016755104065,0.6299999952316284,0.7384999990463257,0.38768383860588074,0.5355755686759949,6,6,0.3700000047683716,0.2615000009536743
1,0,4000,0.7874383330345154,0.8873772213858745,0.8931885957717896,1.0625251531600952,0.9076932668685913,46.0982666015625,43.66970443725586,1.001064658164978,1.28096604347229,gaussian,1.0,8.0,16000,linear,identity,dynamic,0,dynamic,2000,1.0,0.8,bounded_heterogenous,1.0,0.75,0.25,4000,0.0001,0.05,1024,dynamic_mask_mae_adam,jax,cuda:0,0.4.30,bool,jax_threefry,torch.float32,torch.bool,128000000,32000000,160000000,128000000,32000000,256000000,256000000,0.375,0.375,0.25,2.5,1.0,2.0,100,10000,25600742,25648099.375,16000,25599954,25644709.6875,16000,16000,1,1,1602.4663452300324,"Monte Carlo mask-averaged training risk; one fixed evaluation mask per training sample, independent of dynamic training masks",Monte Carlo population risk; independent test samples and one independent mask per sample,1.0017316946790515,1.0017120041067025,0.45761144161224365,0.009926869533956051,4000,8.0,1602.8171667938232,1603.0062109375,1.00184984384437,-0.18904414367675781,0.23630517959594727,0.23586202272563028,1602.736326648712,1602.79435546875,1.0017482721843953,-0.058028820037841794,0.07253602504730224,0.07240956375942353,6.640782207250596e-06,1602.8171734346054,-0.18903750289455057,5.486245299834991e-06,fresh_dynamic_mask,original_fixed_evaluation_mask,0.12059284001588821,1.2650442123413086,0.007363247685134411,1.3219032287597656,0.7821483016014099,0.5974550843238831,0.5309006571769714,0.6399999856948853,0.7400000095367432,0.41601628065109253,0.5639289617538452,6,6,0.36000001430511475,0.25999999046325684
1,0,4000,0.7851147055625916,0.8860669870628245,0.943691074848175,1.1895865201950073,0.9903625845909119,48.77677536010742,43.66970443725586,1.001064658164978,1.28096604347229,gaussian,1.0,8.0,16000,linear,identity,dynamic,0,dynamic,2000,1.0,0.9,bounded_heterogenous,1.0,0.75,0.25,4000,0.0001,0.05,1024,dynamic_mask_mae_adam,jax,cuda:0,0.4.30,bool,jax_threefry,torch.float32,torch.bool,128000000,32000000,160000000,128000000,32000000,256000000,256000000,0.375,0.375,0.25,2.5,1.0,2.0,100,10000,28800134,28850596.875,16000,28799643,28849886.5,16000,16000,1,1,1802.7746383837864,"Monte Carlo mask-averaged training risk; one fixed evaluation mask per training sample, independent of dynamic training masks",Monte Carlo population risk; independent test samples and one independent mask per sample,1.0016877689331427,1.0017239438660925,0.4568692147731781,0.009366532787680626,4000,8.0,1803.0463732147216,1803.1623046875,1.0017521750072413,-0.11593147277832032,0.12881274753146701,0.12858684154704036,1803.080747993469,1803.11790625,1.0017445875978392,-0.03715825653099455,0.04128695170110505,0.04121555933989107,7.434915751218796e-06,1803.0463806496373,-0.1159240378625691,4.2038359424623195e-06,fresh_dynamic_mask,original_fixed_evaluation_mask,0.10985817760229111,1.3463127613067627,0.006225443910807371,1.3871142864227295,0.7526898980140686,0.59441739320755,0.5286978483200073,0.6299999952316284,0.7398999929428101,0.4312562942504883,0.5726779103279114,5,6,0.3700000047683716,0.26010000705718994
1,0,4000,0.7797656059265137,0.8830433771488883,0.9721506834030151,1.2710789442062378,1.046082615852356,50.41981887817383,43.66970443725586,1.001064658164978,1.28096604347229,gaussian,1.0,8.0,16000,linear,identity,dynamic,0,dynamic,2000,1.0,0.95,bounded_heterogenous,1.0,0.75,0.25,4000,0.0001,0.05,1024,dynamic_mask_mae_adam,jax,cuda:0,0.4.30,bool,jax_threefry,torch.float32,torch.bool,128000000,32000000,160000000,128000000,32000000,256000000,256000000,0.375,0.375,0.25,2.5,1.0,2.0,100,10000,30400643,30452533.0,16000,30400390,30454507.5,16000,16000,1,1,1902.9287849606633,"Monte Carlo mask-averaged training risk; one fixed evaluation mask per training sample, independent of dynamic training masks",Monte Carlo population risk; independent test samples and one independent mask per sample,1.001674719314534,1.001769146350217,0.44228726625442505,0.008772091008722782,4000,8.0,1903.2222215003967,1903.2833125,1.0017068717921525,-0.06109099960327148,0.06430631537186472,0.06419538195090446,1903.3857961883546,1903.40671875,1.0017801580834982,-0.020922561645507813,0.02202374910053454,0.0219843309781087,7.944243401288986e-06,1903.22222944464,-0.06108305535987019,3.253272097936133e-06,fresh_dynamic_mask,original_fixed_evaluation_mask,0.10530513525009155,1.3922975063323975,0.006528780329972506,1.4236141443252563,0.7092798352241516,0.5980042815208435,0.5300087332725525,0.6299999952316284,0.7391999959945679,0.41341206431388855,0.555632472038269,6,6,0.3700000047683716,0.26080000400543213
2,0,4000,0.7665027379989624,0.8755014209005959,-0.69440758228302,0.6096400618553162,0.547716498374939,34.918190002441406,45.42927551269531,0.9827778339385986,1.2491780519485474,gaussian,1.0,8.0,16000,linear,identity,dynamic,0,dynamic,2000,1.0,0.05,bounded_heterogenous,1.0,0.75,0.25,4000,0.0001,0.05,1024,dynamic_mask_mae_adam,jax,cuda:0,0.4.30,bool,jax_threefry,torch.float32,torch.bool,128000000,32000000,160000000,128000000,32000000,256000000,256000000,0.375,0.375,0.25,2.5,1.0,2.0,100,10000,1600234,1573279.125,16000,1600662,1571974.42578125,16000,16000,1,1,98.32938039334795,"Monte Carlo mask-averaged training risk; one fixed evaluation mask per training sample, independent of dynamic training masks",Monte Carlo population risk; independent test samples and one independent mask per sample,0.9827939899965167,0.9819252685183408,0.5000923275947571,0.0143218282610178,4000,8.0,98.29377236175537,98.3299453125,0.9831556666087584,-0.03617295074462891,0.7234590148925781,0.7357463818304932,98.23315400981903,98.24840161132812,0.982077681472572,-0.015247601509094239,0.30495203018188477,0.3103887953193052,3.8102503865957263e-06,98.29377617200576,-0.036169140494242316,4.542865281109698e-05,fresh_dynamic_mask,original_fixed_evaluation_mask,-0.07721305638551712,1.0759601593017578,9.769668395165354e-05,1.014746904373169,-1.358228325843811,0.5388112664222717,0.5175440311431885,0.7799999713897705,0.7433000206947327,0.7439340353012085,0.7513167262077332,7,7,0.2200000286102295,0.25669997930526733
2,0,4000,0.7829030752182007,0.8848181028992347,-0.7093044519424438,0.6227527856826782,0.56130450963974,35.291725158691406,45.42927551269531,0.9827778339385986,1.2491780519485474,gaussian,1.0,8.0,16000,linear,identity,dynamic,0,dynamic,2000,1.0,0.1,bounded_heterogenous,1.0,0.75,0.25,4000,0.0001,0.05,1024,dynamic_mask_mae_adam,jax,cuda:0,0.4.30,bool,jax_threefry,torch.float32,torch.bool,128000000,32000000,160000000,128000000,32000000,256000000,256000000,0.375,0.375,0.25,2.5,1.0,2.0,100,10000,3200511,3149580.234375,16000,3198894,3144328.5,16000,16000,1,1,196.6587607866959,"Monte Carlo mask-averaged training risk; one fixed evaluation mask per training sample, independent of dynamic training masks",Monte Carlo population risk; independent test samples and one independent mask per sample,0.9837529296133541,0.9827958039351569,0.5002322793006897,0.014174210838973522,4000,8.0,196.78200453186034,196.8487646484375,0.9840866769009698,-0.06676011657714843,0.6676011657714843,0.6782883976577114,196.49122502708434,196.52053125,0.9829423857120617,-0.029306222915649414,0.2930622291564941,0.2982510044038378,3.892204910516739e-06,196.78200842406525,-0.06675622437223792,3.098431261605583e-05,fresh_dynamic_mask,original_fixed_evaluation_mask,-0.0916840061545372,1.0760148763656616,0.0012645378010347486,1.0312390327453613,-1.4704256057739258,0.5183122158050537,0.5134812593460083,0.75,0.7476000189781189,0.8546229600906372,0.8312262892723083,7,7,0.25,0.2523999810218811
2,0,4000,0.7925499081611633,0.8902527215129215,-0.7347638010978699,0.6601265072822571,0.5879624485969543,36.33528518676758,45.42927551269531,0.9827778339385986,1.2491780519485474,gaussian,1.0,8.0,16000,linear,identity,dynamic,0,dynamic,2000,1.0,0.2,bounded_heterogenous,1.0,0.75,0.25,4000,0.0001,0.05,1024,dynamic_mask_mae_adam,jax,cuda:0,0.4.30,bool,jax_threefry,torch.float32,torch.bool,128000000,32000000,160000000,128000000,32000000,256000000,256000000,0.375,0.375,0.25,2.5,1.0,2.0,100,10000,6398390,6293110.515625,16000,6399086,6292764.65625,16000,16000,1,1,393.3175215733918,"Monte Carlo mask-averaged training risk; one fixed evaluation mask per training sample, independent of dynamic training masks",Monte Carlo population risk; independent test samples and one independent mask per sample,0.9832400966954065,0.9832357575499692,0.48050084710121155,0.013224082998931408,4000,8.0,393.19710014343264,393.3194072265625,0.9835459413422751,-0.12230708312988281,0.611535415649414,0.6219224420798142,393.23813567733765,393.297791015625,0.9833849171975497,-0.05965533828735352,0.29827669143676755,0.3033596407104877,4.1257906705141064e-06,393.1971042692233,-0.1223029573392123,1.9273078578407876e-05,fresh_dynamic_mask,original_fixed_evaluation_mask,-0.09228590875864029,1.1024456024169922,0.0015679218340665102,1.062922716140747,-1.4677371978759766,0.5120062828063965,0.5110423564910889,0.7699999809265137,0.7473999857902527,0.8884826898574829,0.8595463633537292,7,7,0.23000001907348633,0.2526000142097473
2,0,4000,0.7976508140563965,0.8931129906436232,-0.7658365368843079,0.712553858757019,0.6279701590538025,37.7505989074707,45.42927551269531,0.9827778339385986,1.2491780519485474,gaussian,1.0,8.0,16000,linear,identity,dynamic,0,dynamic,2000,1.0,0.3,bounded_heterogenous,1.0,0.75,0.25,4000,0.0001,0.05,1024,dynamic_mask_mae_adam,jax,cuda:0,0.4.30,bool,jax_threefry,torch.float32,torch.bool,128000000,32000000,160000000,128000000,32000000,256000000,256000000,0.375,0.375,0.25,2.5,1.0,2.0,100,10000,9602412,9442886.40625,16000,9598029,9446055.15625,16000,16000,1,1,589.9762823600876,"Monte Carlo mask-averaged training risk; one fixed evaluation mask per training sample, independent of dynamic training masks",Monte Carlo population risk; independent test samples and one independent mask per sample,0.9830919506061098,0.9840142748969606,0.474269837141037,0.01256323978304863,4000,8.0,590.0033714752198,590.180400390625,0.9833869246862142,-0.17702891540527343,0.5900963846842449,0.5999145864148403,590.2873466796875,590.378447265625,0.9841661403867398,-0.0911005859375,0.3036686197916667,0.3086175871067631,4.453461617231369e-06,590.0033759286814,-0.1770244619436562,1.4154431482893415e-05,fresh_dynamic_mask,original_fixed_evaluation_mask,-0.0794394463300705,1.1434521675109863,0.002598678693175316,1.099912166595459,-1.4806932210922241,0.5048747062683105,0.5091447234153748,0.7599999904632568,0.7483000159263611,0.9405415058135986,0.9007747173309326,7,7,0.24000000953674316,0.2516999840736389
2,0,4000,0.7992357015609741,0.8939998330877775,-0.79499751329422,0.7663285136222839,0.6678394675254822,39.14916229248047,45.42927551269531,0.9827778339385986,1.2491780519485474,gaussian,1.0,8.0,16000,linear,identity,dynamic,0,dynamic,2000,1.0,0.4,bounded_heterogenous,1.0,0.75,0.25,4000,0.0001,0.05,1024,dynamic_mask_mae_adam,jax,cuda:0,0.4.30,bool,jax_threefry,torch.float32,torch.bool,128000000,32000000,160000000,128000000,32000000,256000000,256000000,0.375,0.375,0.25,2.5,1.0,2.0,100,10000,12805002,12593757.71875,16000,12801048,12600154.3125,16000,16000,1,1,786.6350431467836,"Monte Carlo mask-averaged training risk; one fixed evaluation mask per training sample, independent of dynamic training masks",Monte Carlo population risk; independent test samples and one independent mask per sample,0.9832275171251194,0.9841655306657742,0.48443761467933655,0.012374148704111576,4000,8.0,786.8893952026367,787.109857421875,0.9835029872506073,-0.22046221923828124,0.5511555480957031,0.5601815735363225,787.3968873748779,787.50964453125,0.9843064655721938,-0.11275715637207032,0.2818928909301758,0.2863638741572583,4.789553210139275e-06,786.88939999219,-0.2204574296850711,1.0746469342848286e-05,fresh_dynamic_mask,original_fixed_evaluation_mask,-0.08424676954746246,1.1872555017471313,0.00022657241788692772,1.1388509273529053,-1.4124469757080078,0.5055151581764221,0.5078614950180054,0.7799999713897705,0.7526000142097473,0.9322643876075745,0.892342209815979,7,7,0.2200000286102295,0.24739998579025269
2,0,4000,0.8011279106140137,0.895057490116704,-0.8321772813796997,0.8376993536949158,0.7184047698974609,40.93163299560547,45.42927551269531,0.9827778339385986,1.2491780519485474,gaussian,1.0,8.0,16000,linear,identity,dynamic,0,dynamic,2000,1.0,0.5,bounded_heterogenous,1.0,0.75,0.25,4000,0.0001,0.05,1024,dynamic_mask_mae_adam,jax,cuda:0,0.4.30,bool,jax_threefry,torch.float32,torch.bool,128000000,32000000,160000000,128000000,32000000,256000000,256000000,0.375,0.375,0.25,2.5,1.0,2.0,100,10000,16002567,15739099.375,16000,16003437,15752199.9375,16000,16000,1,1,983.2938039334794,"Monte Carlo mask-averaged training risk; one fixed evaluation mask per training sample, independent of dynamic training masks",Monte Carlo population risk; independent test samples and one independent mask per sample,0.9832844961552204,0.9841730526581571,0.4679050147533417,0.011431379243731499,4000,8.0,983.4422518615722,983.6937109375,0.9835359148941542,-0.25145907592773437,0.5029181518554687,0.5112548207470979,984.3844653320313,984.51249609375,0.9843010559231745,-0.12803076171875,0.2560615234375,0.2600896631108629,5.235620960593224e-06,983.4422570971932,-0.25145384030677376,8.690212780493312e-06,fresh_dynamic_mask,original_fixed_evaluation_mask,-0.09021762758493423,1.2257041931152344,0.0002731208805926144,1.1855790615081787,-1.3276869058609009,0.512163519859314,0.5058661103248596,0.7799999713897705,0.7538999915122986,0.891436755657196,0.8775171041488647,7,7,0.2200000286102295,0.24610000848770142
2,0,4000,0.7975208759307861,0.8930402431754048,-0.868305504322052,0.9161390066146851,0.7749012112617493,42.805118560791016,45.42927551269531,0.9827778339385986,1.2491780519485474,gaussian,1.0,8.0,16000,linear,identity,dynamic,0,dynamic,2000,1.0,0.6,bounded_heterogenous,1.0,0.75,0.25,4000,0.0001,0.05,1024,dynamic_mask_mae_adam,jax,cuda:0,0.4.30,bool,jax_threefry,torch.float32,torch.bool,128000000,32000000,160000000,128000000,32000000,256000000,256000000,0.375,0.375,0.25,2.5,1.0,2.0,100,10000,19201583,18882410.375,16000,19202448,18897948.3125,16000,16000,1,1,1179.9525647201751,"Monte Carlo mask-averaged training risk; one fixed evaluation mask per training sample, independent of dynamic training masks",Monte Carlo population risk; independent test samples and one independent mask per sample,0.9831579248997498,0.9840365820925275,0.4766564667224884,0.01113550178706646,4000,8.0,1179.8867810668946,1180.1506484375,0.9833777962473198,-0.2638673706054688,0.4397789510091146,0.4471757414272748,1180.9944561080933,1181.12176953125,0.9841426630864981,-0.12731342315673827,0.21218903859456378,0.2155805208929884,5.7258687913417825e-06,1179.8867867927634,-0.26386164473667745,7.258675395860337e-06,fresh_dynamic_mask,original_fixed_evaluation_mask,-0.09334423393011093,1.2698719501495361,0.0005943325231783092,1.2337489128112793,-1.272321343421936,0.512785017490387,0.5051931142807007,0.75,0.7527999877929688,0.8846272230148315,0.8766111135482788,7,7,0.25,0.24720001220703125
2,0,4000,0.7950130701065063,0.891635054328006,-0.9134995341300964,1.0171867609024048,0.8384881019592285,45.104034423828125,45.42927551269531,0.9827778339385986,1.2491780519485474,gaussian,1.0,8.0,16000,linear,identity,dynamic,0,dynamic,2000,1.0,0.7,bounded_heterogenous,1.0,0.75,0.25,4000,0.0001,0.05,1024,dynamic_mask_mae_adam,jax,cuda:0,0.4.30,bool,jax_threefry,torch.float32,torch.bool,128000000,32000000,160000000,128000000,32000000,256000000,256000000,0.375,0.375,0.25,2.5,1.0,2.0,100,10000,22400109,22024587.25,16000,22401046,22042638.75,16000,16000,1,1,1376.611325506871,"Monte Carlo mask-averaged training risk; one fixed evaluation mask per training sample, independent of dynamic training masks",Monte Carlo population risk; independent test samples and one independent mask per sample,0.9830534575655379,0.9839131769032317,0.4670475721359253,0.010354897007346153,4000,8.0,1376.2815376434326,1376.536703125,0.9832357177369092,-0.25516548156738283,0.36452211652483263,0.3707354565818388,1377.5427709884643,1377.664921875,0.9840004234623687,-0.12215088653564453,0.17450126647949218,0.17733032843625374,6.357417255640031e-06,1376.2815440008499,-0.2551591241501272,6.073139047657605e-06,fresh_dynamic_mask,original_fixed_evaluation_mask,-0.07720348984003067,1.323865294456482,5.433807382360101e-05,1.2906347513198853,-1.2263191938400269,0.5130577683448792,0.5022754669189453,0.75,0.7555999755859375,0.8858451843261719,0.889549970626831,7,7,0.25,0.2444000244140625
2,0,4000,0.7950420379638672,0.8916512984142776,-0.9645801782608032,1.1340831518173218,0.918882429599762,47.62527084350586,45.42927551269531,0.9827778339385986,1.2491780519485474,gaussian,1.0,8.0,16000,linear,identity,dynamic,0,dynamic,2000,1.0,0.8,bounded_heterogenous,1.0,0.75,0.25,4000,0.0001,0.05,1024,dynamic_mask_mae_adam,jax,cuda:0,0.4.30,bool,jax_threefry,torch.float32,torch.bool,128000000,32000000,160000000,128000000,32000000,256000000,256000000,0.375,0.375,0.25,2.5,1.0,2.0,100,10000,25600760,25171942.375,16000,25602007,25187588.1875,16000,16000,1,1,1573.2700862935671,"Monte Carlo mask-averaged training risk; one fixed evaluation mask per training sample, independent of dynamic training masks",Monte Carlo population risk; independent test samples and one independent mask per sample,0.9831118985269962,0.983754696219577,0.4652169942855835,0.009768280200660229,4000,8.0,1573.0257354583741,1573.2463984375,0.9832498087947389,-0.22066297912597657,0.2758287239074707,0.2805192871824236,1574.1309136810303,1574.22426171875,0.9838130341695477,-0.09334803771972656,0.1166850471496582,0.11859560291349602,7.088019698858261e-06,1573.0257425463938,-0.2206558911062777,5.250211415841477e-06,fresh_dynamic_mask,original_fixed_evaluation_mask,-0.08864719420671463,1.3812527656555176,-0.00013375587877817452,1.3556227684020996,-1.1564292907714844,0.5149976015090942,0.5006814002990723,0.7599999904632568,0.7563999891281128,0.8700286746025085,0.8847001791000366,7,7,0.24000000953674316,0.2436000108718872
2,0,4000,0.7889145612716675,0.8882086248577343,-1.031103253364563,1.3059685230255127,1.024754524230957,51.10710906982422,45.42927551269531,0.9827778339385986,1.2491780519485474,gaussian,1.0,8.0,16000,linear,identity,dynamic,0,dynamic,2000,1.0,0.9,bounded_heterogenous,1.0,0.75,0.25,4000,0.0001,0.05,1024,dynamic_mask_mae_adam,jax,cuda:0,0.4.30,bool,jax_threefry,torch.float32,torch.bool,128000000,32000000,160000000,128000000,32000000,256000000,256000000,0.375,0.375,0.25,2.5,1.0,2.0,100,10000,28801609,28321847.625,16000,28799903,28329442.0,16000,16000,1,1,1769.9288470802628,"Monte Carlo mask-averaged training risk; one fixed evaluation mask per training sample, independent of dynamic training masks",Monte Carlo population risk; independent test samples and one independent mask per sample,0.9832677175691816,0.9836343758433969,0.4564037024974823,0.008930337615311146,4000,8.0,1769.980771484375,1770.1154765625,0.9833425495429786,-0.134705078125,0.14967230902777776,0.1521991981976445,1770.5359132347107,1770.590125,0.983664493592218,-0.05421176528930664,0.06023529476589627,0.0612358157021653,8.162303268909455e-06,1769.9807796466782,-0.13469691582173107,4.250430265528848e-06,fresh_dynamic_mask,original_fixed_evaluation_mask,-0.08446314185857773,1.4746352434158325,-0.0015327652217820287,1.4415831565856934,-1.1105107069015503,0.5099292993545532,0.49927324056625366,0.7599999904632568,0.7549999952316284,0.9023379683494568,0.9057582020759583,7,7,0.24000000953674316,0.24500000476837158
2,0,4000,0.7842920422554016,0.8856026435458522,-1.0715548992156982,1.4187616109848022,1.1012904644012451,53.26840591430664,45.42927551269531,0.9827778339385986,1.2491780519485474,gaussian,1.0,8.0,16000,linear,identity,dynamic,0,dynamic,2000,1.0,0.95,bounded_heterogenous,1.0,0.75,0.25,4000,0.0001,0.05,1024,dynamic_mask_mae_adam,jax,cuda:0,0.4.30,bool,jax_threefry,torch.float32,torch.bool,128000000,32000000,160000000,128000000,32000000,256000000,256000000,0.375,0.375,0.25,2.5,1.0,2.0,100,10000,30400405,29893385.5,16000,30400626,29900054.375,16000,16000,1,1,1868.2582274736108,"Monte Carlo mask-averaged training risk; one fixed evaluation mask per training sample, independent of dynamic training masks",Monte Carlo population risk; independent test samples and one independent mask per sample,0.9832830256809786,0.9835190975308958,0.4514966905117035,0.008475881069898605,4000,8.0,1868.2626381454468,1868.33659375,0.983321949164822,-0.07395560455322266,0.07784800479286595,0.07916732434676277,1868.7247654933929,1868.7533984375,0.9835341671911625,-0.028632944107055663,0.030139941165321753,0.0306438978314727,8.867260068655013e-06,1868.2626470127068,-0.073946737293154,3.225699401809834e-06,fresh_dynamic_mask,original_fixed_evaluation_mask,-0.09010298550128937,1.5292526483535767,-0.001298165530897677,1.4942314624786377,-1.049740195274353,0.5132595300674438,0.4994027316570282,0.7300000190734863,0.7560999989509583,0.8792847394943237,0.8879150152206421,7,7,0.26999998092651367,0.24390000104904175
3,0,4000,0.7647963166236877,0.8745263384390934,0.6732392311096191,0.5824852585792542,0.5238481163978577,34.13166046142578,45.10961151123047,0.9914931654930115,1.2638341188430786,gaussian,1.0,8.0,16000,linear,identity,dynamic,0,dynamic,2000,1.0,0.05,bounded_heterogenous,1.0,0.75,0.25,4000,0.0001,0.05,1024,dynamic_mask_mae_adam,jax,cuda:0,0.4.30,bool,jax_threefry,torch.float32,torch.bool,128000000,32000000,160000000,128000000,32000000,256000000,256000000,0.375,0.375,0.25,2.5,1.0,2.0,100,10000,1601044,1587921.9453125,16000,1598636,1587766.05078125,16000,16000,1,1,99.20018412234926,"Monte Carlo mask-averaged training risk; one fixed evaluation mask per training sample, independent of dynamic training masks",Monte Carlo population risk; independent test samples and one independent mask per sample,0.9914467556135442,0.9929948882611086,0.510604739189148,0.014959855005145073,4000,8.0,99.2093674621582,99.24512158203125,0.9918040636687686,-0.03575411987304687,0.7150823974609374,0.7205214584475872,99.2148360118866,99.23537817382812,0.9932004851518732,-0.02054216194152832,0.4108432388305664,0.41400884078957034,3.640532866120339e-06,99.20937110269107,-0.03575047934018075,4.392409755382687e-05,fresh_dynamic_mask,original_fixed_evaluation_mask,-0.1029849499464035,1.022660732269287,0.0035062546376138926,0.9844613671302795,1.584110975265503,0.5017607808113098,0.5119616985321045,0.7400000095367432,0.7426000237464905,0.9245728850364685,0.8573923707008362,7,7,0.25999999046325684,0.2573999762535095
3,0,4000,0.7806600332260132,0.883549677848401,0.6928044557571411,0.6042981147766113,0.5421100854873657,34.764869689941406,45.10961151123047,0.9914931654930115,1.2638341188430786,gaussian,1.0,8.0,16000,linear,identity,dynamic,0,dynamic,2000,1.0,0.1,bounded_heterogenous,1.0,0.75,0.25,4000,0.0001,0.05,1024,dynamic_mask_mae_adam,jax,cuda:0,0.4.30,bool,jax_threefry,torch.float32,torch.bool,128000000,32000000,160000000,128000000,32000000,256000000,256000000,0.375,0.375,0.25,2.5,1.0,2.0,100,10000,3200475,3176122.7265625,16000,3199364,3173647.453125,16000,16000,1,1,198.4003682446985,"Monte Carlo mask-averaged training risk; one fixed evaluation mask per training sample, independent of dynamic training masks",Monte Carlo population risk; independent test samples and one independent mask per sample,0.9920516892801923,0.9917726243191237,0.4969838559627533,0.014295576140284538,4000,8.0,198.43978939056396,198.50767041015624,0.9923910440051867,-0.06788101959228515,0.6788101959228515,0.6839133163170086,198.31510190200805,198.3529658203125,0.9919619815453946,-0.03786391830444336,0.3786391830444336,0.3817832332160265,3.776863217353821e-06,198.43979316742718,-0.0678772427290678,2.956966454803478e-05,fresh_dynamic_mask,original_fixed_evaluation_mask,-0.10716560482978821,1.0678714513778687,0.004006166011095047,1.0081309080123901,1.5320557355880737,0.49879661202430725,0.5086876153945923,0.7900000214576721,0.7504000067710876,0.9398320913314819,0.8561630845069885,7,7,0.20999997854232788,0.24959999322891235
3,0,4000,0.786594808101654,0.886901802964485,0.7198225259780884,0.6474282145500183,0.5743862390518188,35.98411560058594,45.10961151123047,0.9914931654930115,1.2638341188430786,gaussian,1.0,8.0,16000,linear,identity,dynamic,0,dynamic,2000,1.0,0.2,bounded_heterogenous,1.0,0.75,0.25,4000,0.0001,0.05,1024,dynamic_mask_mae_adam,jax,cuda:0,0.4.30,bool,jax_threefry,torch.float32,torch.bool,128000000,32000000,160000000,128000000,32000000,256000000,256000000,0.375,0.375,0.25,2.5,1.0,2.0,100,10000,6399514,6348800.859375,16000,6401264,6351813.765625,16000,16000,1,1,396.800736489397,"Monte Carlo mask-averaged training risk; one fixed evaluation mask per training sample, independent of dynamic training masks",Monte Carlo population risk; independent test samples and one independent mask per sample,0.9917608940610629,0.9920973454002905,0.4777713119983673,0.013277283869683743,4000,8.0,396.6742328872681,396.8000537109375,0.9920754700083475,-0.1258208236694336,0.629104118347168,0.634177452814022,396.9173138504028,396.9883603515625,0.9922749265809065,-0.07104650115966797,0.3552325057983398,0.3579273764942048,4.046426340937615e-06,396.67423693369443,-0.12581677724309265,1.8702514353208244e-05,fresh_dynamic_mask,original_fixed_evaluation_mask,-0.1212412640452385,1.0905306339263916,0.004639131017029285,1.0431798696517944,1.4932352304458618,0.49965181946754456,0.5068616271018982,0.7799999713897705,0.7473999857902527,0.9346629977226257,0.8669289350509644,7,7,0.2200000286102295,0.2526000142097473
3,0,4000,0.7945669293403625,0.8913848379574125,0.7510673999786377,0.6977810263633728,0.6109206080436707,37.35722351074219,45.10961151123047,0.9914931654930115,1.2638341188430786,gaussian,1.0,8.0,16000,linear,identity,dynamic,0,dynamic,2000,1.0,0.3,bounded_heterogenous,1.0,0.75,0.25,4000,0.0001,0.05,1024,dynamic_mask_mae_adam,jax,cuda:0,0.4.30,bool,jax_threefry,torch.float32,torch.bool,128000000,32000000,160000000,128000000,32000000,256000000,256000000,0.375,0.375,0.25,2.5,1.0,2.0,100,10000,9600024,9524806.375,16000,9603362,9529485.625,16000,16000,1,1,595.2011047340955,"Monte Carlo mask-averaged training risk; one fixed evaluation mask per training sample, independent of dynamic training masks",Monte Carlo population risk; independent test samples and one independent mask per sample,0.9918729771911329,0.992154948482739,0.47631385922431946,0.012750249356031418,4000,8.0,595.1252741241456,595.3003984375,0.9921648503170408,-0.1751243133544922,0.5837477111816407,0.5883561100048507,595.5014456481933,595.5928515625,0.992307238340073,-0.09140591430664062,0.3046863810221354,0.30694093814864765,4.36113141477108e-06,595.125278485277,-0.1751199522230774,1.336672266916139e-05,fresh_dynamic_mask,original_fixed_evaluation_mask,-0.1245327964425087,1.1348825693130493,0.005578210577368736,1.081594705581665,1.3732209205627441,0.5118945837020874,0.5055718421936035,0.7699999809265137,0.7505999803543091,0.8683441281318665,0.8306005597114563,7,7,0.23000001907348633,0.24940001964569092
3,0,4000,0.7949695587158203,0.891610654218432,0.7810130715370178,0.7541503310203552,0.6507117748260498,38.836849212646484,45.10961151123047,0.9914931654930115,1.2638341188430786,gaussian,1.0,8.0,16000,linear,identity,dynamic,0,dynamic,2000,1.0,0.4,bounded_heterogenous,1.0,0.75,0.25,4000,0.0001,0.05,1024,dynamic_mask_mae_adam,jax,cuda:0,0.4.30,bool,jax_threefry,torch.float32,torch.bool,128000000,32000000,160000000,128000000,32000000,256000000,256000000,0.375,0.375,0.25,2.5,1.0,2.0,100,10000,12800020,12697214.875,16000,12803748,12703090.40625,16000,16000,1,1,793.601472978794,"Monte Carlo mask-averaged training risk; one fixed evaluation mask per training sample, independent of dynamic training masks",Monte Carlo population risk; independent test samples and one independent mask per sample,0.9917150503864874,0.9919959989335557,0.4721575379371643,0.01215746346861124,4000,8.0,793.3732799530029,793.5759296875,0.9919683621588091,-0.2026497344970703,0.5066243362426757,0.5107255069514149,793.8291742095947,793.943150390625,0.992138427454992,-0.11397618103027343,0.28494045257568357,0.2871142120797199,4.71343956887722e-06,793.3732846664425,-0.20264502105750143,1.0642445886333007e-05,fresh_dynamic_mask,original_fixed_evaluation_mask,-0.1422729343175888,1.1783980131149292,0.004842238035053015,1.1200023889541626,1.317169427871704,0.5113155841827393,0.5038901567459106,0.7599999904632568,0.7533000111579895,0.8683457970619202,0.8287416100502014,7,7,0.24000000953674316,0.2466999888420105
3,0,4000,0.7935507297515869,0.8908146438803006,0.8134748339653015,0.8196064829826355,0.6980662941932678,40.4871940612793,45.10961151123047,0.9914931654930115,1.2638341188430786,gaussian,1.0,8.0,16000,linear,identity,dynamic,0,dynamic,2000,1.0,0.5,bounded_heterogenous,1.0,0.75,0.25,4000,0.0001,0.05,1024,dynamic_mask_mae_adam,jax,cuda:0,0.4.30,bool,jax_threefry,torch.float32,torch.bool,128000000,32000000,160000000,128000000,32000000,256000000,256000000,0.375,0.375,0.25,2.5,1.0,2.0,100,10000,16001793,15867255.3125,16000,16001543,15880105.5625,16000,16000,1,1,992.0018412234925,"Monte Carlo mask-averaged training risk; one fixed evaluation mask per training sample, independent of dynamic training masks",Monte Carlo population risk; independent test samples and one independent mask per sample,0.9913595217251348,0.9922843886512958,0.4663592576980591,0.011518686078488827,4000,8.0,991.4706159515381,991.70345703125,0.9915923367150169,-0.23284107971191406,0.4656821594238281,0.46957803375802243,992.3800820770264,992.50659765625,0.9924108920308498,-0.12651557922363282,0.25303115844726565,0.25494153796534746,5.122540518641472e-06,991.4706210740786,-0.2328359571713954,8.628341674921103e-06,fresh_dynamic_mask,original_fixed_evaluation_mask,-0.15057429671287537,1.2332454919815063,0.004121226258575916,1.1622644662857056,1.290054202079773,0.5058178901672363,0.5025179982185364,0.7799999713897705,0.753000020980835,0.9014030694961548,0.8442254066467285,7,7,0.2200000286102295,0.24699997901916504
3,0,4000,0.7934880256652832,0.8907794483851114,0.8518478870391846,0.898826003074646,0.7536070942878723,42.398719787597656,45.10961151123047,0.9914931654930115,1.2638341188430786,gaussian,1.0,8.0,16000,linear,identity,dynamic,0,dynamic,2000,1.0,0.6,bounded_heterogenous,1.0,0.75,0.25,4000,0.0001,0.05,1024,dynamic_mask_mae_adam,jax,cuda:0,0.4.30,bool,jax_threefry,torch.float32,torch.bool,128000000,32000000,160000000,128000000,32000000,256000000,256000000,0.375,0.375,0.25,2.5,1.0,2.0,100,10000,19202693,19041619.3125,16000,19200435,19052529.625,16000,16000,1,1,1190.402209468191,"Monte Carlo mask-averaged training risk; one fixed evaluation mask per training sample, independent of dynamic training masks",Monte Carlo population risk; independent test samples and one independent mask per sample,0.9914120015355113,0.99219052354956,0.46526557207107544,0.010973574593663216,4000,8.0,1189.861268875122,1190.10120703125,0.9916119219580295,-0.23993815612792968,0.3998969268798828,0.403223111967943,1190.6556034393311,1190.7831015625,0.9922967695783975,-0.12749812316894532,0.2124968719482422,0.2141416400713858,5.617662519216538e-06,1189.8612744927846,-0.23993253846541046,7.1843378464109264e-06,fresh_dynamic_mask,original_fixed_evaluation_mask,-0.16927412152290344,1.2869218587875366,0.0039850808680057526,1.2114403247833252,1.2416937351226807,0.5063049793243408,0.501350998878479,0.7400000095367432,0.7541000247001648,0.903351366519928,0.8490232229232788,7,7,0.25999999046325684,0.2458999752998352
3,0,4000,0.7956575751304626,0.89199639860846,0.8982056975364685,0.9965916275978088,0.8198736310005188,44.645084381103516,45.10961151123047,0.9914931654930115,1.2638341188430786,gaussian,1.0,8.0,16000,linear,identity,dynamic,0,dynamic,2000,1.0,0.7,bounded_heterogenous,1.0,0.75,0.25,4000,0.0001,0.05,1024,dynamic_mask_mae_adam,jax,cuda:0,0.4.30,bool,jax_threefry,torch.float32,torch.bool,128000000,32000000,160000000,128000000,32000000,256000000,256000000,0.375,0.375,0.25,2.5,1.0,2.0,100,10000,22402702,22216346.375,16000,22400904,22228597.25,16000,16000,1,1,1388.8025777128894,"Monte Carlo mask-averaged training risk; one fixed evaluation mask per training sample, independent of dynamic training masks",Monte Carlo population risk; independent test samples and one independent mask per sample,0.9915170497146184,0.992218643528336,0.4724346995353699,0.010582010261714458,4000,8.0,1388.2913120422363,1388.5216484375,0.9916815558676806,-0.23033639526367186,0.32905199323381695,0.3317721340865276,1389.1621612930298,1389.287328125,0.9923080448003349,-0.12516683197021483,0.17880975995744977,0.18018854622270375,6.2286976724863055e-06,1388.291318270934,-0.23033016656599936,6.173449492052896e-06,fresh_dynamic_mask,original_fixed_evaluation_mask,-0.1815357655286789,1.3438193798065186,0.004533241502940655,1.271728515625,1.1933341026306152,0.505515456199646,0.49809691309928894,0.7799999713897705,0.7556999921798706,0.9085934162139893,0.8626286387443542,7,7,0.2200000286102295,0.2443000078201294
3,0,4000,0.7913906574249268,0.889601403677471,0.9471459984779358,1.1141271591186523,0.8929814696311951,47.20439910888672,45.10961151123047,0.9914931654930115,1.2638341188430786,gaussian,1.0,8.0,16000,linear,identity,dynamic,0,dynamic,2000,1.0,0.8,bounded_heterogenous,1.0,0.75,0.25,4000,0.0001,0.05,1024,dynamic_mask_mae_adam,jax,cuda:0,0.4.30,bool,jax_threefry,torch.float32,torch.bool,128000000,32000000,160000000,128000000,32000000,256000000,256000000,0.375,0.375,0.25,2.5,1.0,2.0,100,10000,25601369,25388168.8125,16000,25597909,25405345.5625,16000,16000,1,1,1587.202945957588,"Monte Carlo mask-averaged training risk; one fixed evaluation mask per training sample, independent of dynamic training masks",Monte Carlo population risk; independent test samples and one independent mask per sample,0.9915495244636472,0.9924125397005618,0.4589521288871765,0.00972265750169754,4000,8.0,1586.5640785980224,1586.76055078125,0.991672313011855,-0.19647218322753907,0.24559022903442382,0.24763935948723947,1587.7303676071167,1587.83409765625,0.9924773762771014,-0.10373004913330078,0.12966256141662597,0.1306560292242409,6.9632947444915776e-06,1586.5640855613171,-0.19646521993279456,5.45445982425008e-06,fresh_dynamic_mask,original_fixed_evaluation_mask,-0.19524981081485748,1.4106006622314453,0.005078945308923721,1.3350703716278076,1.1471617221832275,0.5022321939468384,0.4962081015110016,0.800000011920929,0.7565000057220459,0.924756646156311,0.8738121390342712,7,7,0.19999998807907104,0.2434999942779541
3,0,4000,0.7853301167488098,0.8861885334108143,1.0056719779968262,1.2657628059387207,0.9928655028343201,50.31427001953125,45.10961151123047,0.9914931654930115,1.2638341188430786,gaussian,1.0,8.0,16000,linear,identity,dynamic,0,dynamic,2000,1.0,0.9,bounded_heterogenous,1.0,0.75,0.25,4000,0.0001,0.05,1024,dynamic_mask_mae_adam,jax,cuda:0,0.4.30,bool,jax_threefry,torch.float32,torch.bool,128000000,32000000,160000000,128000000,32000000,256000000,256000000,0.375,0.375,0.25,2.5,1.0,2.0,100,10000,28800371,28559527.0,16000,28800148,28582174.375,16000,16000,1,1,1785.6033142022866,"Monte Carlo mask-averaged training risk; one fixed evaluation mask per training sample, independent of dynamic training masks",Monte Carlo population risk; independent test samples and one independent mask per sample,0.991569088590392,0.9923951391230901,0.43608346581459045,0.008667192421853542,4000,8.0,1784.8473514709472,1784.9704375,0.991637468836773,-0.12308602905273437,0.1367622545030382,0.13791380122252228,1786.3204300765992,1786.3858984375,0.9924315102477945,-0.0654683609008789,0.07274262322319879,0.07329699697944392,7.911017537117005e-06,1784.8473593819647,-0.12307811803519725,4.259336947143311e-06,fresh_dynamic_mask,original_fixed_evaluation_mask,-0.1832459568977356,1.4895195960998535,0.006908574607223272,1.4140501022338867,1.1263962984085083,0.4909636676311493,0.4937697649002075,0.7799999713897705,0.7595000267028809,0.9835314750671387,0.9122207760810852,7,7,0.2200000286102295,0.24049997329711914
3,0,4000,0.776491105556488,0.8811873271651652,1.0346662998199463,1.355051875114441,1.0576666593551636,52.05865478515625,45.10961151123047,0.9914931654930115,1.2638341188430786,gaussian,1.0,8.0,16000,linear,identity,dynamic,0,dynamic,2000,1.0,0.95,bounded_heterogenous,1.0,0.75,0.25,4000,0.0001,0.05,1024,dynamic_mask_mae_adam,jax,cuda:0,0.4.30,bool,jax_threefry,torch.float32,torch.bool,128000000,32000000,160000000,128000000,32000000,256000000,256000000,0.375,0.375,0.25,2.5,1.0,2.0,100,10000,30400990,30144269.625,16000,30399221,30167228.125,16000,16000,1,1,1884.8034983246357,"Monte Carlo mask-averaged training risk; one fixed evaluation mask per training sample, independent of dynamic training masks",Monte Carlo population risk; independent test samples and one independent mask per sample,0.9915163577953819,0.9923526279560904,0.4335564374923706,0.008328230120241642,4000,8.0,1883.9424298858642,1884.0168515625,0.9915555258233367,-0.07442167663574219,0.07833860698499177,0.07900319636111597,1885.421677947998,1885.4517578125,0.9923684598694157,-0.030079864501953126,0.03166301526521382,0.031907328710278904,8.469074219465256e-06,1883.9424383549383,-0.07441320756152273,3.2637137792335125e-06,fresh_dynamic_mask,original_fixed_evaluation_mask,-0.1685638278722763,1.5336036682128906,0.006471563130617142,1.4581035375595093,1.1270092725753784,0.48615211248397827,0.4948550760746002,0.7699999809265137,0.757099986076355,1.0194820165634155,0.9376234412193298,7,7,0.23000001907348633,0.24290001392364502
4,0,4000,0.7587006092071533,0.8710342181608902,-0.6739076972007751,0.5932295322418213,0.5553355813026428,34.445011138916016,44.923004150390625,0.981742799282074,1.236595630645752,gaussian,1.0,8.0,16000,linear,identity,dynamic,0,dynamic,2000,1.0,0.05,bounded_heterogenous,1.0,0.75,0.25,4000,0.0001,0.05,1024,dynamic_mask_mae_adam,jax,cuda:0,0.4.30,bool,jax_threefry,torch.float32,torch.bool,128000000,32000000,160000000,128000000,32000000,256000000,256000000,0.375,0.375,0.25,2.5,1.0,2.0,100,10000,1599719,1573131.078125,16000,1601491,1571935.22265625,16000,16000,1,1,98.22473773680568,"Monte Carlo mask-averaged training risk; one fixed evaluation mask per training sample, independent of dynamic training masks",Monte Carlo population risk; independent test samples and one independent mask per sample,0.9830403651988793,0.9813798984897243,0.4936782121658325,0.014332356862723827,4000,8.0,98.28677187347412,98.3206923828125,0.9833796298756219,-0.03392050933837891,0.6784101867675781,0.6899973650777991,98.22944218826294,98.24595141601563,0.9815448370651162,-0.016509227752685547,0.3301845550537109,0.33607955370662523,3.707684576511383e-06,98.2867755811587,-0.0339168016538024,4.3972875573672354e-05,fresh_dynamic_mask,original_fixed_evaluation_mask,-0.20685425400733948,1.0026754140853882,0.006769056897610426,1.0012623071670532,-1.595072627067566,0.5056411623954773,0.5218324065208435,0.7599999904632568,0.7398999929428101,0.912895143032074,0.8610276579856873,7,7,0.24000000953674316,0.26010000705718994
4,0,4000,0.7674356698989868,0.8760340574994712,-0.6845584511756897,0.605161726474762,0.5627899169921875,34.78970718383789,44.923004150390625,0.981742799282074,1.236595630645752,gaussian,1.0,8.0,16000,linear,identity,dynamic,0,dynamic,2000,1.0,0.1,bounded_heterogenous,1.0,0.75,0.25,4000,0.0001,0.05,1024,dynamic_mask_mae_adam,jax,cuda:0,0.4.30,bool,jax_threefry,torch.float32,torch.bool,128000000,32000000,160000000,128000000,32000000,256000000,256000000,0.375,0.375,0.25,2.5,1.0,2.0,100,10000,3199067,3142703.3515625,16000,3200853,3142674.796875,16000,16000,1,1,196.44947547361136,"Monte Carlo mask-averaged training risk; one fixed evaluation mask per training sample, independent of dynamic training masks",Monte Carlo population risk; independent test samples and one independent mask per sample,0.9820313635356052,0.9816503891552074,0.49391478300094604,0.014197153970599174,4000,8.0,196.34900800323487,196.41895947265624,0.9823812228885797,-0.06995146942138672,0.6995146942138671,0.7122679970323897,196.38241206741333,196.4171748046875,0.9818241565217147,-0.034762737274169925,0.34762737274169925,0.35396840738322055,3.7822607904672624e-06,196.34901178549566,-0.06994768716059625,2.888735616579652e-05,fresh_dynamic_mask,original_fixed_evaluation_mask,-0.22716465592384338,1.0213944911956787,0.006227176170796156,1.0122374296188354,-1.560552716255188,0.5070925354957581,0.518500566482544,0.7400000095367432,0.7448999881744385,0.9079521298408508,0.8577143549919128,7,7,0.25999999046325684,0.2551000118255615
4,0,4000,0.7810133099555969,0.8837495742322012,-0.7117008566856384,0.6427305340766907,0.5895145535469055,35.853328704833984,44.923004150390625,0.981742799282074,1.236595630645752,gaussian,1.0,8.0,16000,linear,identity,dynamic,0,dynamic,2000,1.0,0.2,bounded_heterogenous,1.0,0.75,0.25,4000,0.0001,0.05,1024,dynamic_mask_mae_adam,jax,cuda:0,0.4.30,bool,jax_threefry,torch.float32,torch.bool,128000000,32000000,160000000,128000000,32000000,256000000,256000000,0.375,0.375,0.25,2.5,1.0,2.0,100,10000,6399142,6286594.234375,16000,6400746,6286053.25,16000,16000,1,1,392.8989509472227,"Monte Carlo mask-averaged training risk; one fixed evaluation mask per training sample, independent of dynamic training masks",Monte Carlo population risk; independent test samples and one independent mask per sample,0.9820914304998941,0.9819194140559273,0.48487982153892517,0.01352398470044136,4000,8.0,392.78390754699706,392.9121396484375,0.9824120537370479,-0.12823210144042968,0.6411605072021483,0.6527265945774907,392.8135476150513,392.878328125,0.9820813464555538,-0.06478050994873047,0.32390254974365235,0.32977390357924463,4.017065837979317e-06,392.7839115640629,-0.1282280843745917,1.8607384845381603e-05,fresh_dynamic_mask,original_fixed_evaluation_mask,-0.23355066776275635,1.0518102645874023,0.004823117982596159,1.0436463356018066,-1.6176676750183105,0.49292999505996704,0.5141139030456543,0.7400000095367432,0.7441999912261963,0.9969837665557861,0.9269827008247375,7,13,0.25999999046325684,0.2558000087738037
4,0,4000,0.7862189412117004,0.8866898788255679,0.7382833361625671,0.6870604753494263,0.6223514676094055,37.06913757324219,44.923004150390625,0.981742799282074,1.236595630645752,gaussian,1.0,8.0,16000,linear,identity,dynamic,0,dynamic,2000,1.0,0.3,bounded_heterogenous,1.0,0.75,0.25,4000,0.0001,0.05,1024,dynamic_mask_mae_adam,jax,cuda:0,0.4.30,bool,jax_threefry,torch.float32,torch.bool,128000000,32000000,160000000,128000000,32000000,256000000,256000000,0.375,0.375,0.25,2.5,1.0,2.0,100,10000,9598882,9428445.6875,16000,9599134,9426423.875,16000,16000,1,1,589.348426420834,"Monte Carlo mask-averaged training risk; one fixed evaluation mask per training sample, independent of dynamic training masks",Monte Carlo population risk; independent test samples and one independent mask per sample,0.9819473640456823,0.9818576953704358,0.4804301857948303,0.012960381805896759,4000,8.0,589.0998048553466,589.27785546875,0.9822441496311758,-0.17805061340332032,0.5935020446777344,0.6043010500087487,589.0614741744995,589.1514921875,0.9820077389272824,-0.09001801300048828,0.30006004333496095,0.305585283901344,4.294127970933914e-06,589.0998091494746,-0.1780463192753494,1.3435470464173704e-05,fresh_dynamic_mask,original_fixed_evaluation_mask,0.2445092797279358,1.0995702743530273,-0.0025037017185240984,1.0772331953048706,1.5754063129425049,0.489948570728302,0.5122981071472168,0.7699999809265137,0.7462000250816345,1.0199074745178223,0.9358305931091309,7,13,0.23000001907348633,0.2537999749183655
4,0,4000,0.7878577709197998,0.8876135256516767,0.7691831588745117,0.7442246675491333,0.6675551533699036,38.58042526245117,44.923004150390625,0.981742799282074,1.236595630645752,gaussian,1.0,8.0,16000,linear,identity,dynamic,0,dynamic,2000,1.0,0.4,bounded_heterogenous,1.0,0.75,0.25,4000,0.0001,0.05,1024,dynamic_mask_mae_adam,jax,cuda:0,0.4.30,bool,jax_threefry,torch.float32,torch.bool,128000000,32000000,160000000,128000000,32000000,256000000,256000000,0.375,0.375,0.25,2.5,1.0,2.0,100,10000,12795352,12570547.6875,16000,12798318,12569080.03125,16000,16000,1,1,785.7979018944454,"Monte Carlo mask-averaged training risk; one fixed evaluation mask per training sample, independent of dynamic training masks",Monte Carlo population risk; independent test samples and one independent mask per sample,0.9821684125810575,0.9819602334219604,0.47048813104629517,0.012194996699690819,4000,8.0,785.4494101409912,785.65923046875,0.9824307832641103,-0.20982032775878906,0.5245508193969726,0.5341255333655148,785.4649581680297,785.567501953125,0.9820884299991608,-0.10254378509521485,0.2563594627380371,0.26106931572456027,4.651404172182084e-06,785.4494147923954,-0.20981567635461687,1.0326888514100574e-05,fresh_dynamic_mask,original_fixed_evaluation_mask,0.25591737031936646,1.1288758516311646,-0.0032929081935435534,1.1189167499542236,1.5412577390670776,0.4895191490650177,0.5118442177772522,0.7599999904632568,0.746399998664856,1.0244303941726685,0.9522632956504822,7,8,0.24000000953674316,0.25360000133514404
4,0,4000,0.7890563011169434,0.8882884110000216,0.8024529218673706,0.8087671995162964,0.7164121270179749,40.21858215332031,44.923004150390625,0.981742799282074,1.236595630645752,gaussian,1.0,8.0,16000,linear,identity,dynamic,0,dynamic,2000,1.0,0.5,bounded_heterogenous,1.0,0.75,0.25,4000,0.0001,0.05,1024,dynamic_mask_mae_adam,jax,cuda:0,0.4.30,bool,jax_threefry,torch.float32,torch.bool,128000000,32000000,160000000,128000000,32000000,256000000,256000000,0.375,0.375,0.25,2.5,1.0,2.0,100,10000,15997913,15720351.5625,16000,15996392,15714193.5625,16000,16000,1,1,982.2473773680567,"Monte Carlo mask-averaged training risk; one fixed evaluation mask per training sample, independent of dynamic training masks",Monte Carlo population risk; independent test samples and one independent mask per sample,0.9824200163896476,0.9822373351562848,0.46102672815322876,0.011463027447462082,4000,8.0,982.2918719787598,982.52197265625,0.9826501470848104,-0.23010067749023438,0.46020135498046877,0.4683878506415162,982.015840637207,982.13709765625,0.9823586195249528,-0.12125701904296875,0.2425140380859375,0.24692483225075001,5.054794996976853e-06,982.2918770335548,-0.2300956226952374,8.497494491166435e-06,fresh_dynamic_mask,original_fixed_evaluation_mask,0.25282180309295654,1.1760176420211792,-0.0033486720640212297,1.1627614498138428,1.4516984224319458,0.495242714881897,0.5099623799324036,0.7599999904632568,0.7480000257492065,0.9908175468444824,0.9352065324783325,7,7,0.24000000953674316,0.25199997425079346
4,0,4000,0.7882578372955322,0.8878388577301245,0.8369458913803101,0.8806813359260559,0.7700274586677551,41.968589782714844,44.923004150390625,0.981742799282074,1.236595630645752,gaussian,1.0,8.0,16000,linear,identity,dynamic,0,dynamic,2000,1.0,0.6,bounded_heterogenous,1.0,0.75,0.25,4000,0.0001,0.05,1024,dynamic_mask_mae_adam,jax,cuda:0,0.4.30,bool,jax_threefry,torch.float32,torch.bool,128000000,32000000,160000000,128000000,32000000,256000000,256000000,0.375,0.375,0.25,2.5,1.0,2.0,100,10000,19199092,18865472.0625,16000,19198213,18862381.8125,16000,16000,1,1,1178.696852841668,"Monte Carlo mask-averaged training risk; one fixed evaluation mask per training sample, independent of dynamic training masks",Monte Carlo population risk; independent test samples and one independent mask per sample,0.9824184381767003,0.9824070797310545,0.4644262492656708,0.011066042818129063,4000,8.0,1178.8463735656737,1179.09200390625,0.9826231398078618,-0.24563034057617186,0.40938390096028643,0.4166432131884612,1178.7787730865477,1178.89886328125,0.9825071642084604,-0.12009019470214843,0.20015032450358072,0.20373281957009048,5.504258349537849e-06,1178.846379069932,-0.24562483631782234,7.040954642434372e-06,fresh_dynamic_mask,original_fixed_evaluation_mask,0.2692134380340576,1.2257122993469238,-0.004247029311954975,1.210273265838623,1.3973897695541382,0.4927329123020172,0.5080609321594238,0.7400000095367432,0.7498999834060669,1.0020136833190918,0.9406310319900513,7,7,0.25999999046325684,0.2501000165939331
4,0,4000,0.7873479723930359,0.8873263054778867,-0.8792118430137634,0.9729997515678406,0.8390055894851685,44.113487243652344,44.923004150390625,0.981742799282074,1.236595630645752,gaussian,1.0,8.0,16000,linear,identity,dynamic,0,dynamic,2000,1.0,0.7,bounded_heterogenous,1.0,0.75,0.25,4000,0.0001,0.05,1024,dynamic_mask_mae_adam,jax,cuda:0,0.4.30,bool,jax_threefry,torch.float32,torch.bool,128000000,32000000,160000000,128000000,32000000,256000000,256000000,0.375,0.375,0.25,2.5,1.0,2.0,100,10000,22396645,22009221.625,16000,22398164,22008325.1875,16000,16000,1,1,1375.1463283152793,"Monte Carlo mask-averaged training risk; one fixed evaluation mask per training sample, independent of dynamic training masks",Monte Carlo population risk; independent test samples and one independent mask per sample,0.9825306868558745,0.9825200416536426,0.4684394896030426,0.010618963278830051,4000,8.0,1375.3369371948243,1375.5763515625,0.9827017227357044,-0.23941436767578125,0.3420205252511161,0.34809317186046407,1375.4153141403199,1375.52032421875,0.9825950550009367,-0.10501007843017578,0.15001439775739397,0.15268415388902667,6.081248447299004e-06,1375.3369432760728,-0.23940828642733394,6.212373591552023e-06,fresh_dynamic_mask,original_fixed_evaluation_mask,-0.28734761476516724,1.2739145755767822,0.004705460276454687,1.2684434652328491,-1.3449501991271973,0.48984837532043457,0.5076351761817932,0.75,0.7515000104904175,1.0121840238571167,0.9498032331466675,7,7,0.25,0.24849998950958252
4,0,4000,0.7820371389389038,0.8843286374074425,-0.9248977303504944,1.0840575695037842,0.9158499240875244,46.563026428222656,44.923004150390625,0.981742799282074,1.236595630645752,gaussian,1.0,8.0,16000,linear,identity,dynamic,0,dynamic,2000,1.0,0.8,bounded_heterogenous,1.0,0.75,0.25,4000,0.0001,0.05,1024,dynamic_mask_mae_adam,jax,cuda:0,0.4.30,bool,jax_threefry,torch.float32,torch.bool,128000000,32000000,160000000,128000000,32000000,256000000,256000000,0.375,0.375,0.25,2.5,1.0,2.0,100,10000,25597891,25149705.0625,16000,25599263,25155208.625,16000,16000,1,1,1571.5958037888909,"Monte Carlo mask-averaged training risk; one fixed evaluation mask per training sample, independent of dynamic training masks",Monte Carlo population risk; independent test samples and one independent mask per sample,0.9823688399206006,0.9826060612679736,0.4655070900917053,0.009997354820370674,4000,8.0,1571.660655380249,1571.85656640625,0.9824912943999957,-0.19591102600097657,0.2448887825012207,0.24927341360281297,1572.1244367370605,1572.2005390625,0.9826536265907343,-0.07610232543945313,0.0951279067993164,0.09680994701199985,6.7753598093986516e-06,1571.6606621556089,-0.19590425064116718,5.318174316926161e-06,fresh_dynamic_mask,original_fixed_evaluation_mask,-0.28497520089149475,1.3173933029174805,0.0066896784119307995,1.3294228315353394,-1.2705943584442139,0.4960399270057678,0.5056328177452087,0.7599999904632568,0.7519999742507935,0.9743750691413879,0.943898618221283,7,7,0.24000000953674316,0.24800002574920654
4,0,4000,0.7773447632789612,0.8816715733644593,-0.9852935671806335,1.2376846075057983,1.023542881011963,49.75307846069336,44.923004150390625,0.981742799282074,1.236595630645752,gaussian,1.0,8.0,16000,linear,identity,dynamic,0,dynamic,2000,1.0,0.9,bounded_heterogenous,1.0,0.75,0.25,4000,0.0001,0.05,1024,dynamic_mask_mae_adam,jax,cuda:0,0.4.30,bool,jax_threefry,torch.float32,torch.bool,128000000,32000000,160000000,128000000,32000000,256000000,256000000,0.375,0.375,0.25,2.5,1.0,2.0,100,10000,28799860,28289405.25,16000,28799510,28296594.375,16000,16000,1,1,1768.0452792625022,"Monte Carlo mask-averaged training risk; one fixed evaluation mask per training sample, independent of dynamic training masks",Monte Carlo population risk; independent test samples and one independent mask per sample,0.9822093516424443,0.9825113544196131,0.4576908349990845,0.00919924583286047,4000,8.0,1767.9682386245727,1768.087828125,0.9822757905767597,-0.11958950042724609,0.1328772226969401,0.135275520282363,1768.4903485450745,1768.5371484375,0.9825373548022172,-0.04679989242553711,0.051999880472819004,0.05292497527342732,7.73552879691124e-06,1767.9682463601014,-0.11958176489844917,4.101394551980775e-06,fresh_dynamic_mask,original_fixed_evaluation_mask,-0.32049793004989624,1.3809558153152466,0.004204156808555126,1.4132461547851562,-1.2394475936889648,0.49115943908691406,0.5047463178634644,0.7599999904632568,0.7526000142097473,1.008770227432251,0.9815540909767151,7,7,0.24000000953674316,0.24739998579025269
4,0,4000,0.7732662558555603,0.8793555912459762,-1.0183954238891602,1.329217791557312,1.087899088859558,51.56001663208008,44.923004150390625,0.981742799282074,1.236595630645752,gaussian,1.0,8.0,16000,linear,identity,dynamic,0,dynamic,2000,1.0,0.95,bounded_heterogenous,1.0,0.75,0.25,4000,0.0001,0.05,1024,dynamic_mask_mae_adam,jax,cuda:0,0.4.30,bool,jax_threefry,torch.float32,torch.bool,128000000,32000000,160000000,128000000,32000000,256000000,256000000,0.375,0.375,0.25,2.5,1.0,2.0,100,10000,30398810,29859162.75,16000,30400307,29870865.375,16000,16000,1,1,1866.2700169993077,"Monte Carlo mask-averaged training risk; one fixed evaluation mask per training sample, independent of dynamic training masks",Monte Carlo population risk; independent test samples and one independent mask per sample,0.9822129856577277,0.982569965107814,0.44097840785980225,0.00855272077023983,4000,8.0,1866.1316206588745,1866.197671875,0.9822477508165616,-0.06605121612548828,0.06952759592156661,0.07078694515683104,1866.9017867660523,1866.9290859375,0.9825843329476903,-0.027299171447753907,0.028735969945004113,0.02924500095202731,8.307611197233199e-06,1866.1316289664856,-0.06604290851429105,3.128202024527127e-06,fresh_dynamic_mask,original_fixed_evaluation_mask,-0.3244602680206299,1.449143886566162,0.003998111002147198,1.4578932523727417,-1.1749601364135742,0.49266326427459717,0.5036380887031555,0.7699999809265137,0.7531999945640564,0.9989766478538513,0.9614936709403992,7,7,0.23000001907348633,0.2468000054359436
5,0,4000,0.7633892297744751,0.8737214829535068,-0.6752566695213318,0.5904822945594788,0.5441750884056091,34.36516571044922,44.978755950927734,1.0099915266036987,1.304506540298462,gaussian,1.0,8.0,16000,linear,identity,dynamic,0,dynamic,2000,1.0,0.05,bounded_heterogenous,1.0,0.75,0.25,4000,0.0001,0.05,1024,dynamic_mask_mae_adam,jax,cuda:0,0.4.30,bool,jax_threefry,torch.float32,torch.bool,128000000,32000000,160000000,128000000,32000000,256000000,256000000,0.375,0.375,0.25,2.5,1.0,2.0,100,10000,1599313,1613504.09375,16000,1598177,1612615.68359375,16000,16000,1,1,101.04973543789743,"Monte Carlo mask-averaged training risk; one fixed evaluation mask per training sample, independent of dynamic training masks",Monte Carlo population risk; independent test samples and one independent mask per sample,1.0086067647587442,1.0088778986114433,0.4958159029483795,0.01442786306142807,4000,8.0,100.81736942291259,100.844005859375,1.0088732435426961,-0.026636436462402345,0.5327287292480468,0.5282700986619648,100.77284083557129,100.78848022460937,1.0090344708963712,-0.015639389038085937,0.3127877807617187,0.3103408048863443,3.690514340996742e-06,100.81737311342694,-0.026632745948061348,4.4339474698062986e-05,fresh_dynamic_mask,original_fixed_evaluation_mask,0.16449078917503357,1.002341628074646,0.008967571891844273,1.0000017881393433,-1.8868368864059448,0.46392714977264404,0.5200315713882446,0.7799999713897705,0.7390999794006348,1.169629693031311,1.0277485847473145,8,8,0.2200000286102295,0.26090002059936523
5,0,4000,0.7837432026863098,0.8852927214691815,-0.6980636715888977,0.6146549582481384,0.5649328827857971,35.06151580810547,44.978755950927734,1.0099915266036987,1.304506540298462,gaussian,1.0,8.0,16000,linear,identity,dynamic,0,dynamic,2000,1.0,0.1,bounded_heterogenous,1.0,0.75,0.25,4000,0.0001,0.05,1024,dynamic_mask_mae_adam,jax,cuda:0,0.4.30,bool,jax_threefry,torch.float32,torch.bool,128000000,32000000,160000000,128000000,32000000,256000000,256000000,0.375,0.375,0.25,2.5,1.0,2.0,100,10000,3199010,3232252.9296875,16000,3197638,3229025.765625,16000,16000,1,1,202.09947087579485,"Monte Carlo mask-averaged training risk; one fixed evaluation mask per training sample, independent of dynamic training masks",Monte Carlo population risk; independent test samples and one independent mask per sample,1.0100546374860528,1.0096509709358492,0.4903780221939087,0.013986218720674515,4000,8.0,201.9484303665161,202.01580810546875,1.0103916304380105,-0.06737773895263671,0.6737773895263671,0.6670541239768291,201.78114446258544,201.8141103515625,1.0098159221353387,-0.03296588897705078,0.3296588897705078,0.3266955805976135,3.841593489050865e-06,201.9484342081096,-0.06737389735914766,3.0375835194718093e-05,fresh_dynamic_mask,original_fixed_evaluation_mask,0.16607290506362915,1.0377156734466553,0.010968542657792568,1.0260204076766968,-1.8835482597351074,0.45495712757110596,0.5164110660552979,0.8100000023841858,0.743399977684021,1.227221965789795,1.0622899532318115,8,8,0.1899999976158142,0.256600022315979
5,0,4000,0.7953425049781799,0.8918197715784171,-0.7255231142044067,0.6542797088623047,0.5968543291091919,36.174015045166016,44.978755950927734,1.0099915266036987,1.304506540298462,gaussian,1.0,8.0,16000,linear,identity,dynamic,0,dynamic,2000,1.0,0.2,bounded_heterogenous,1.0,0.75,0.25,4000,0.0001,0.05,1024,dynamic_mask_mae_adam,jax,cuda:0,0.4.30,bool,jax_threefry,torch.float32,torch.bool,128000000,32000000,160000000,128000000,32000000,256000000,256000000,0.375,0.375,0.25,2.5,1.0,2.0,100,10000,6401856,6468444.65625,16000,6399357,6461571.5625,16000,16000,1,1,404.1989417515897,"Monte Carlo mask-averaged training risk; one fixed evaluation mask per training sample, independent of dynamic training masks",Monte Carlo population risk; independent test samples and one independent mask per sample,1.0100813281238286,1.0095684181732505,0.48039495944976807,0.013280111365020275,4000,8.0,404.14970068359384,404.277791015625,1.0104014611153391,-0.1280903320311918,0.640451660155959,0.633674838825149,403.78679523849485,403.84822265625,1.0097220021480282,-0.06142741775512695,0.3071370887756347,0.3042104152450875,4.089248180389404e-06,404.14970477284203,-0.12808624278301142,1.9695622540893964e-05,fresh_dynamic_mask,original_fixed_evaluation_mask,0.18080300092697144,1.0842376947402954,0.011448525823652744,1.0597611665725708,-1.7465543746948242,0.46373382210731506,0.51222825050354,0.7799999713897705,0.7401000261306763,1.1719120740890503,1.0219578742980957,7,8,0.2200000286102295,0.25989997386932373
5,0,4000,0.8001614212989807,0.8945174236978175,-0.7521722912788391,0.6989920139312744,0.6326926350593567,37.389625549316406,44.978755950927734,1.0099915266036987,1.304506540298462,gaussian,1.0,8.0,16000,linear,identity,dynamic,0,dynamic,2000,1.0,0.3,bounded_heterogenous,1.0,0.75,0.25,4000,0.0001,0.05,1024,dynamic_mask_mae_adam,jax,cuda:0,0.4.30,bool,jax_threefry,torch.float32,torch.bool,128000000,32000000,160000000,128000000,32000000,256000000,256000000,0.375,0.375,0.25,2.5,1.0,2.0,100,10000,9600757,9697465.5625,16000,9599757,9693864.25,16000,16000,1,1,606.2984126273844,"Monte Carlo mask-averaged training risk; one fixed evaluation mask per training sample, independent of dynamic training masks",Monte Carlo population risk; independent test samples and one independent mask per sample,1.0097846287810137,1.009663061839193,0.4768661558628082,0.012753970921039581,4000,8.0,605.9185527038575,606.09159765625,1.010073014294602,-0.17304495239257814,0.5768165079752605,0.5710191431846923,605.7825028457642,605.866515625,1.0098030866822982,-0.08401277923583984,0.28004259745279947,0.2773309865100604,4.368700087070465e-06,605.9185570725575,-0.17304058369249106,1.4201483281794935e-05,fresh_dynamic_mask,original_fixed_evaluation_mask,0.18460701406002045,1.1197254657745361,0.012075968086719513,1.0951976776123047,-1.6743578910827637,0.4625657796859741,0.5095025897026062,0.7799999713897705,0.7419999837875366,1.1674690246582031,1.0176525115966797,7,8,0.2200000286102295,0.2580000162124634
5,0,4000,0.8026825189590454,0.8959255097155373,-0.7807157039642334,0.7506840229034424,0.6686913967132568,38.74748992919922,44.978755950927734,1.0099915266036987,1.304506540298462,gaussian,1.0,8.0,16000,linear,identity,dynamic,0,dynamic,2000,1.0,0.4,bounded_heterogenous,1.0,0.75,0.25,4000,0.0001,0.05,1024,dynamic_mask_mae_adam,jax,cuda:0,0.4.30,bool,jax_threefry,torch.float32,torch.bool,128000000,32000000,160000000,128000000,32000000,256000000,256000000,0.375,0.375,0.25,2.5,1.0,2.0,100,10000,12801898,12938521.34375,16000,12797969,12928006.65625,16000,16000,1,1,808.3978835031794,"Monte Carlo mask-averaged training risk; one fixed evaluation mask per training sample, independent of dynamic training masks",Monte Carlo population risk; independent test samples and one independent mask per sample,1.010409576297544,1.0100301774560076,0.4708670675754547,0.01215219497680664,4000,8.0,808.4475208740236,808.657583984375,1.0106721162557302,-0.2100631103514461,0.5251577758786152,0.5195353744571474,807.8959312591553,808.000416015625,1.0101608041283738,-0.10448475646972656,0.26121189117431637,0.2586255016672201,4.691775143146515e-06,808.4475255657987,-0.21005841857630295,1.0636632396199275e-05,fresh_dynamic_mask,original_fixed_evaluation_mask,0.1787324696779251,1.14510977268219,0.011413884349167347,1.1295783519744873,-1.574340581893921,0.4731268286705017,0.5061214566230774,0.7799999713897705,0.7433000206947327,1.0998611450195312,0.9922357201576233,7,8,0.2200000286102295,0.25669997930526733
5,0,4000,0.8032864332199097,0.8962624800915799,-0.8157735466957092,0.8190001249313354,0.719092607498169,40.47221755981445,44.978755950927734,1.0099915266036987,1.304506540298462,gaussian,1.0,8.0,16000,linear,identity,dynamic,0,dynamic,2000,1.0,0.5,bounded_heterogenous,1.0,0.75,0.25,4000,0.0001,0.05,1024,dynamic_mask_mae_adam,jax,cuda:0,0.4.30,bool,jax_threefry,torch.float32,torch.bool,128000000,32000000,160000000,128000000,32000000,256000000,256000000,0.375,0.375,0.25,2.5,1.0,2.0,100,10000,16001075,16169992.9375,16000,16000741,16164238.4375,16000,16000,1,1,1010.4973543789741,"Monte Carlo mask-averaged training risk; one fixed evaluation mask per training sample, independent of dynamic training masks",Monte Carlo population risk; independent test samples and one independent mask per sample,1.0103118121647443,1.0100999074235135,0.4686817526817322,0.011580334044992924,4000,8.0,1010.3796924896242,1010.62455859375,1.0105566618180342,-0.24486610412586016,0.4897322082517203,0.4845837201237213,1010.1466876754761,1010.26490234375,1.0102181166172242,-0.11821466827392578,0.23642933654785156,0.23402707151287672,5.1187507808208475e-06,1010.379697608375,-0.24486098537507933,8.827219062368385e-06,fresh_dynamic_mask,original_fixed_evaluation_mask,0.19061404466629028,1.183113932609558,0.013081120327115059,1.1754742860794067,-1.4987574815750122,0.4746621251106262,0.5039596557617188,0.7799999713897705,0.7455000281333923,1.0823253393173218,0.9869499802589417,7,12,0.2200000286102295,0.25449997186660767
5,0,4000,0.8031061887741089,0.8961619210690158,-0.8557934165000916,0.9015296697616577,0.7784492373466492,42.46244430541992,44.978755950927734,1.0099915266036987,1.304506540298462,gaussian,1.0,8.0,16000,linear,identity,dynamic,0,dynamic,2000,1.0,0.6,bounded_heterogenous,1.0,0.75,0.25,4000,0.0001,0.05,1024,dynamic_mask_mae_adam,jax,cuda:0,0.4.30,bool,jax_threefry,torch.float32,torch.bool,128000000,32000000,160000000,128000000,32000000,256000000,256000000,0.375,0.375,0.25,2.5,1.0,2.0,100,10000,19197200,19399704.75,16000,19200252,19395687.0,16000,16000,1,1,1212.5968252547689,"Monte Carlo mask-averaged training risk; one fixed evaluation mask per training sample, independent of dynamic training masks",Monte Carlo population risk; independent test samples and one independent mask per sample,1.0103357303927705,1.0100817993500693,0.4612303376197815,0.01086207665503025,4000,8.0,1212.2260677185059,1212.481546875,1.0105486607421916,-0.2554791564941406,0.425798594156901,0.4214153314787694,1212.114068008423,1212.2304375,1.010178772653609,-0.11636949157714843,0.19394915262858073,0.19199236049072255,5.634560436010361e-06,1212.2260733530663,-0.2554735219337046,7.372023446805542e-06,fresh_dynamic_mask,original_fixed_evaluation_mask,0.19387169182300568,1.2229279279708862,0.013999676331877708,1.227967619895935,-1.4871243238449097,0.46768638491630554,0.5023632049560547,0.7900000214576721,0.7480000257492065,1.1245434284210205,1.0273525714874268,7,13,0.20999997854232788,0.25199997425079346
5,0,4000,0.8040705919265747,0.896699833794216,-0.902273952960968,1.0009163618087769,0.8512652516365051,44.74184036254883,44.978755950927734,1.0099915266036987,1.304506540298462,gaussian,1.0,8.0,16000,linear,identity,dynamic,0,dynamic,2000,1.0,0.7,bounded_heterogenous,1.0,0.75,0.25,4000,0.0001,0.05,1024,dynamic_mask_mae_adam,jax,cuda:0,0.4.30,bool,jax_threefry,torch.float32,torch.bool,128000000,32000000,160000000,128000000,32000000,256000000,256000000,0.375,0.375,0.25,2.5,1.0,2.0,100,10000,22398121,22628910.875,16000,22400060,22624129.6875,16000,16000,1,1,1414.6962961305637,"Monte Carlo mask-averaged training risk; one fixed evaluation mask per training sample, independent of dynamic training masks",Monte Carlo population risk; independent test samples and one independent mask per sample,1.010127583942686,1.0099312492675365,0.4681597352027893,0.010463576763868332,4000,8.0,1414.059990661621,1414.3069296875,1.0103039837582803,-0.24693902587890626,0.3527700369698661,0.3492014649655317,1413.907536216736,1414.00810546875,1.0100030842551315,-0.10056925201416016,0.14367036002022882,0.14224706580567847,6.255727261304855e-06,1414.0599969173481,-0.24693277015164494,6.386769655364333e-06,fresh_dynamic_mask,original_fixed_evaluation_mask,0.20562054216861725,1.287302851676941,0.014867058955132961,1.2893093824386597,-1.4100899696350098,0.4686432182788849,0.5006719827651978,0.7599999904632568,0.7469000220298767,1.1202404499053955,1.0264619588851929,7,13,0.24000000953674316,0.2530999779701233
5,0,4000,0.8002508282661438,0.8945673972743159,-0.9557293653488159,1.1283890008926392,0.9438891410827637,47.50555419921875,44.978755950927734,1.0099915266036987,1.304506540298462,gaussian,1.0,8.0,16000,linear,identity,dynamic,0,dynamic,2000,1.0,0.8,bounded_heterogenous,1.0,0.75,0.25,4000,0.0001,0.05,1024,dynamic_mask_mae_adam,jax,cuda:0,0.4.30,bool,jax_threefry,torch.float32,torch.bool,128000000,32000000,160000000,128000000,32000000,256000000,256000000,0.375,0.375,0.25,2.5,1.0,2.0,100,10000,25598087,25859016.375,16000,25599717,25852694.0,16000,16000,1,1,1616.7957670063588,"Monte Carlo mask-averaged training risk; one fixed evaluation mask per training sample, independent of dynamic training masks",Monte Carlo population risk; independent test samples and one independent mask per sample,1.0100654051491902,1.0098279087180833,0.4614034593105316,0.00971262063831091,4000,8.0,1615.983882293701,1616.1885234375,1.0101933154223595,-0.2046411437988281,0.25580142974853515,0.2532391993028682,1615.7067926177979,1615.793375,1.0098820233051795,-0.08658238220214844,0.10822797775268554,0.10717011660243969,7.052431255578995e-06,1615.9838893461324,-0.20463409136757255,5.636733931169147e-06,fresh_dynamic_mask,original_fixed_evaluation_mask,0.2119084894657135,1.3644212484359741,0.014747723005712032,1.3628674745559692,-1.3761396408081055,0.46103817224502563,0.4996713399887085,0.7699999809265137,0.7480000257492065,1.1725618839263916,1.0622186660766602,7,8,0.23000001907348633,0.25199997425079346
5,0,4000,0.794654130935669,0.8914337501663648,-1.0109010934829712,1.2713183164596558,1.0440468788146973,50.42456817626953,44.978755950927734,1.0099915266036987,1.304506540298462,gaussian,1.0,8.0,16000,linear,identity,dynamic,0,dynamic,2000,1.0,0.9,bounded_heterogenous,1.0,0.75,0.25,4000,0.0001,0.05,1024,dynamic_mask_mae_adam,jax,cuda:0,0.4.30,bool,jax_threefry,torch.float32,torch.bool,128000000,32000000,160000000,128000000,32000000,256000000,256000000,0.375,0.375,0.25,2.5,1.0,2.0,100,10000,28800819,29088182.75,16000,28800393,29084820.0,16000,16000,1,1,1818.8952378821534,"Monte Carlo mask-averaged training risk; one fixed evaluation mask per training sample, independent of dynamic training masks",Monte Carlo population risk; independent test samples and one independent mask per sample,1.0099031890913577,1.00984788016079,0.4546211361885071,0.009015865623950958,4000,8.0,1817.8774347839355,1818.011421875,1.0099776242474217,-0.1339870910644531,0.14887454562717012,0.14739961416343483,1817.7509886779783,1817.80125,1.0098758027364418,-0.05026132202171721,0.05584591335746356,0.05529902900192063,7.945739477872849e-06,1817.877442729675,-0.13397914532497524,4.345730303612072e-06,fresh_dynamic_mask,original_fixed_evaluation_mask,0.22670935094356537,1.4486759901046753,0.01418247725814581,1.4375700950622559,-1.3229854106903076,0.4565819501876831,0.49853262305259705,0.7799999713897705,0.7508999705314636,1.2054071426391602,1.079521894454956,7,13,0.2200000286102295,0.24910002946853638
5,0,4000,0.7879033088684082,0.8876391771820396,-1.0426928997039795,1.3641276359558105,1.103365421295166,52.23270797729492,44.978755950927734,1.0099915266036987,1.304506540298462,gaussian,1.0,8.0,16000,linear,identity,dynamic,0,dynamic,2000,1.0,0.95,bounded_heterogenous,1.0,0.75,0.25,4000,0.0001,0.05,1024,dynamic_mask_mae_adam,jax,cuda:0,0.4.30,bool,jax_threefry,torch.float32,torch.bool,128000000,32000000,160000000,128000000,32000000,256000000,256000000,0.375,0.375,0.25,2.5,1.0,2.0,100,10000,30400114,30706301.375,16000,30400416,30697752.375,16000,16000,1,1,1919.9449733200508,"Monte Carlo mask-averaged training risk; one fixed evaluation mask per training sample, independent of dynamic training masks",Monte Carlo population risk; independent test samples and one independent mask per sample,1.0100322701583995,1.009767973468165,0.4500557482242584,0.008616359904408455,4000,8.0,1919.0685097808837,1919.1438359375,1.0100719153553175,-0.07532615661621093,0.07929069117495888,0.07849975098861428,1918.5854035568236,1918.6095234375,1.0097806679684909,-0.02411988067626953,0.025389348080283716,0.025143084490641954,8.525797724723816e-06,1919.0685183066814,-0.0753176308184862,3.446370783422026e-06,fresh_dynamic_mask,original_fixed_evaluation_mask,0.20454996824264526,1.50373375415802,0.016559278592467308,1.4783324003219604,-1.3297502994537354,0.4467006325721741,0.4990644156932831,0.8100000023841858,0.7505999803543091,1.2735389471054077,1.116592288017273,7,15,0.1899999976158142,0.24940001964569092
6,0,4000,0.7448014616966248,0.8630188072670403,0.6738243699073792,0.6010045409202576,0.5405305624008179,34.67000198364258,45.04043197631836,0.9963686466217041,1.271265983581543,gaussian,1.0,8.0,16000,linear,identity,dynamic,0,dynamic,2000,1.0,0.05,bounded_heterogenous,1.0,0.75,0.25,4000,0.0001,0.05,1024,dynamic_mask_mae_adam,jax,cuda:0,0.4.30,bool,jax_threefry,torch.float32,torch.bool,128000000,32000000,160000000,128000000,32000000,256000000,256000000,0.375,0.375,0.25,2.5,1.0,2.0,100,10000,1601503,1594235.11328125,16000,1600791,1590615.65625,16000,16000,1,1,99.68757634099907,"Monte Carlo mask-averaged training risk; one fixed evaluation mask per training sample, independent of dynamic training masks",Monte Carlo population risk; independent test samples and one independent mask per sample,0.9951887528683444,0.9934923158710611,0.5082670450210571,0.014660138636827469,4000,8.0,99.61236083030701,99.63969458007813,0.9954618338406173,-0.027333749771118163,0.5466749954223632,0.5486518176578414,99.39834736347198,99.413478515625,0.9936435526249211,-0.015131152153015137,0.30262304306030274,0.30440846410262346,3.75627838075161e-06,99.61236458658539,-0.02732999349273741,4.553011604002677e-05,fresh_dynamic_mask,original_fixed_evaluation_mask,-0.04678041487932205,0.8400363326072693,0.0008958887192420661,1.0110759735107422,1.5643439292907715,0.5539121627807617,0.5239278078079224,0.7200000286102295,0.732699990272522,0.6460887789726257,0.8453234434127808,7,7,0.2799999713897705,0.267300009727478
6,0,4000,0.7551445960998535,0.8689905615712138,0.6872239708900452,0.6165827512741089,0.5522792935371399,35.116455078125,45.04043197631836,0.9963686466217041,1.271265983581543,gaussian,1.0,8.0,16000,linear,identity,dynamic,0,dynamic,2000,1.0,0.1,bounded_heterogenous,1.0,0.75,0.25,4000,0.0001,0.05,1024,dynamic_mask_mae_adam,jax,cuda:0,0.4.30,bool,jax_threefry,torch.float32,torch.bool,128000000,32000000,160000000,128000000,32000000,256000000,256000000,0.375,0.375,0.25,2.5,1.0,2.0,100,10000,3200334,3185486.1171875,16000,3201923,3188684.6875,16000,16000,1,1,199.37515268199814,"Monte Carlo mask-averaged training risk; one fixed evaluation mask per training sample, independent of dynamic training masks",Monte Carlo population risk; independent test samples and one independent mask per sample,0.9950513986590076,0.9957253390562887,0.5033625960350037,0.014334095641970634,4000,8.0,199.03105142974854,199.09288232421875,0.9953605208667283,-0.061830894470214844,0.6183089447021484,0.6211261171007454,199.26474155044556,199.29279296875,0.995865511912685,-0.02805141830444336,0.2805141830444336,0.2815096109254345,3.853642195463181e-06,199.03105528339074,-0.06182704082801938,3.0420000257436186e-05,fresh_dynamic_mask,original_fixed_evaluation_mask,-0.05102987214922905,0.8665122389793396,2.720165184655343e-06,1.025620698928833,1.5199596881866455,0.5506594777107239,0.5217507481575012,0.7200000286102295,0.7318000197410583,0.6570397019386292,0.837138295173645,7,7,0.2799999713897705,0.26819998025894165
6,0,4000,0.7704060673713684,0.8777277866009304,0.7149364948272705,0.6540939211845398,0.579222559928894,36.168880462646484,45.04043197631836,0.9963686466217041,1.271265983581543,gaussian,1.0,8.0,16000,linear,identity,dynamic,0,dynamic,2000,1.0,0.2,bounded_heterogenous,1.0,0.75,0.25,4000,0.0001,0.05,1024,dynamic_mask_mae_adam,jax,cuda:0,0.4.30,bool,jax_threefry,torch.float32,torch.bool,128000000,32000000,160000000,128000000,32000000,256000000,256000000,0.375,0.375,0.25,2.5,1.0,2.0,100,10000,6399988,6379347.609375,16000,6402143,6377846.75,16000,16000,1,1,398.7503053639963,"Monte Carlo mask-averaged training risk; one fixed evaluation mask per training sample, independent of dynamic training masks",Monte Carlo population risk; independent test samples and one independent mask per sample,0.9964670884075291,0.9960577060178478,0.49735721945762634,0.013750972226262093,4000,8.0,398.5860880126953,398.7092255859375,0.996774932917843,-0.1231375732421875,0.6156878662109375,0.6176810835576418,398.55649188613893,398.615421875,0.9962049816756671,-0.058929988861083984,0.2946499443054199,0.2956734016155149,4.088087007403374e-06,398.5860921007823,-0.1231334851551801,1.8901473595178686e-05,fresh_dynamic_mask,original_fixed_evaluation_mask,-0.02623494155704975,0.8971101641654968,0.0005314569571055472,1.05791175365448,1.3967100381851196,0.559059202671051,0.5184962749481201,0.7099999785423279,0.734000027179718,0.6093730330467224,0.8005549907684326,6,7,0.2900000214576721,0.265999972820282
6,0,4000,0.7737070322036743,0.8796061801759207,0.7444100975990295,0.7061107158660889,0.619724690914154,37.57953643798828,45.04043197631836,0.9963686466217041,1.271265983581543,gaussian,1.0,8.0,16000,linear,identity,dynamic,0,dynamic,2000,1.0,0.3,bounded_heterogenous,1.0,0.75,0.25,4000,0.0001,0.05,1024,dynamic_mask_mae_adam,jax,cuda:0,0.4.30,bool,jax_threefry,torch.float32,torch.bool,128000000,32000000,160000000,128000000,32000000,256000000,256000000,0.375,0.375,0.25,2.5,1.0,2.0,100,10000,9599419,9567131.34375,16000,9601938,9563993.0625,16000,16000,1,1,598.1254580459944,"Monte Carlo mask-averaged training risk; one fixed evaluation mask per training sample, independent of dynamic training masks",Monte Carlo population risk; independent test samples and one independent mask per sample,0.9963400158706057,0.9958998804968623,0.4903092384338379,0.013047240674495697,4000,8.0,597.7678299255371,597.945708984375,0.9966364989120696,-0.17787905883789062,0.5929301961263022,0.5949672559404373,597.6605566711426,597.74956640625,0.9960482001133522,-0.08900973510742187,0.29669911702473956,0.2978161427789061,4.413191974163055e-06,597.767834338729,-0.17787464564591646,1.3523081179300789e-05,fresh_dynamic_mask,original_fixed_evaluation_mask,-0.02244982309639454,0.9427061676979065,-0.000101597594039049,1.0965290069580078,1.3139115571975708,0.5618067383766174,0.5168619751930237,0.7099999785423279,0.7355999946594238,0.5962782502174377,0.7846930623054504,6,7,0.2900000214576721,0.26440000534057617
6,0,4000,0.779155433177948,0.8826978153241051,0.7741923332214355,0.7584002017974854,0.6560137867927551,38.94612121582031,45.04043197631836,0.9963686466217041,1.271265983581543,gaussian,1.0,8.0,16000,linear,identity,dynamic,0,dynamic,2000,1.0,0.4,bounded_heterogenous,1.0,0.75,0.25,4000,0.0001,0.05,1024,dynamic_mask_mae_adam,jax,cuda:0,0.4.30,bool,jax_threefry,torch.float32,torch.bool,128000000,32000000,160000000,128000000,32000000,256000000,256000000,0.375,0.375,0.25,2.5,1.0,2.0,100,10000,12799816,12762181.65625,16000,12803234,12757517.71875,16000,16000,1,1,797.5006107279926,"Monte Carlo mask-averaged training risk; one fixed evaluation mask per training sample, independent of dynamic training masks",Monte Carlo population risk; independent test samples and one independent mask per sample,0.9967853815509377,0.9962919282024303,0.4837028980255127,0.01241979654878378,4000,8.0,797.4168422088622,797.636353515625,0.9970597746287916,-0.2195113067626953,0.5487782669067383,0.550404468891541,797.2349180679321,797.344857421875,0.996429317682548,-0.10993935394287109,0.2748483848571777,0.2757636245334094,4.740001261234284e-06,797.4168469488635,-0.21950656676143407,1.0541250958340243e-05,fresh_dynamic_mask,original_fixed_evaluation_mask,-0.03193775191903114,0.9659781455993652,0.00044379025348462164,1.1339049339294434,1.2685469388961792,0.5637860298156738,0.5149368047714233,0.7200000286102295,0.7400000095367432,0.5861766934394836,0.7874203324317932,6,7,0.2799999713897705,0.25999999046325684
6,0,4000,0.7826557755470276,0.8846783458110793,0.8080447912216187,0.8224791884422302,0.7047178149223328,40.55808639526367,45.04043197631836,0.9963686466217041,1.271265983581543,gaussian,1.0,8.0,16000,linear,identity,dynamic,0,dynamic,2000,1.0,0.5,bounded_heterogenous,1.0,0.75,0.25,4000,0.0001,0.05,1024,dynamic_mask_mae_adam,jax,cuda:0,0.4.30,bool,jax_threefry,torch.float32,torch.bool,128000000,32000000,160000000,128000000,32000000,256000000,256000000,0.375,0.375,0.25,2.5,1.0,2.0,100,10000,16000773,15950538.125,16000,16004926,15946442.875,16000,16000,1,1,996.8757634099907,"Monte Carlo mask-averaged training risk; one fixed evaluation mask per training sample, independent of dynamic training masks",Monte Carlo population risk; independent test samples and one independent mask per sample,0.996612707914296,0.9962288409009543,0.4829756021499634,0.011908244341611862,4000,8.0,996.6608567657471,996.9086328125,0.996860471990947,-0.2477760467529297,0.4955520935058594,0.497088777441812,996.5355548553467,996.6526796875,0.9963459296843984,-0.11712483215332031,0.23424966430664063,0.23503640644406687,5.140494927763939e-06,996.6608619062421,-0.24777090625800194,8.399108082812745e-06,fresh_dynamic_mask,original_fixed_evaluation_mask,-0.03167445585131645,1.0020294189453125,0.0021816538646817207,1.1789559125900269,1.2413368225097656,0.5605993866920471,0.5133511424064636,0.699999988079071,0.7426999807357788,0.6016704440116882,0.8037283420562744,6,7,0.30000001192092896,0.2573000192642212
6,0,4000,0.7816208004951477,0.8840932080358652,0.84685879945755,0.9045878648757935,0.7639145255088806,42.53440856933594,45.04043197631836,0.9963686466217041,1.271265983581543,gaussian,1.0,8.0,16000,linear,identity,dynamic,0,dynamic,2000,1.0,0.6,bounded_heterogenous,1.0,0.75,0.25,4000,0.0001,0.05,1024,dynamic_mask_mae_adam,jax,cuda:0,0.4.30,bool,jax_threefry,torch.float32,torch.bool,128000000,32000000,160000000,128000000,32000000,256000000,256000000,0.375,0.375,0.25,2.5,1.0,2.0,100,10000,19199080,19139215.3125,16000,19202641,19131109.25,16000,16000,1,1,1196.2509160919888,"Monte Carlo mask-averaged training risk; one fixed evaluation mask per training sample, independent of dynamic training masks",Monte Carlo population risk; independent test samples and one independent mask per sample,0.9966660778899464,0.9961746716134076,0.4650920033454895,0.010934489779174328,4000,8.0,1195.941985168457,1196.20095703125,0.9968818981169931,-0.25897186279296874,0.4316197713216146,0.43299056278245374,1195.5740370178223,1195.694328125,0.9962749004160417,-0.12029110717773438,0.2004851786295573,0.20120712183424594,5.653674155473709e-06,1195.9419908221312,-0.2589662091188133,7.143793482100591e-06,fresh_dynamic_mask,original_fixed_evaluation_mask,-0.018343020230531693,1.045048713684082,0.002571654738858342,1.2314237356185913,1.2113287448883057,0.5571514368057251,0.5117731690406799,0.7099999785423279,0.7437999844551086,0.6192724704742432,0.821648359298706,7,7,0.2900000214576721,0.25620001554489136
6,0,4000,0.7820176482200623,0.8843176172733767,0.8926348686218262,1.0045139789581299,0.8322893381118774,44.822181701660156,45.04043197631836,0.9963686466217041,1.271265983581543,gaussian,1.0,8.0,16000,linear,identity,dynamic,0,dynamic,2000,1.0,0.7,bounded_heterogenous,1.0,0.75,0.25,4000,0.0001,0.05,1024,dynamic_mask_mae_adam,jax,cuda:0,0.4.30,bool,jax_threefry,torch.float32,torch.bool,128000000,32000000,160000000,128000000,32000000,256000000,256000000,0.375,0.375,0.25,2.5,1.0,2.0,100,10000,22399720,22326502.8125,16000,22404788,22326297.125,16000,16000,1,1,1395.6260687739868,"Monte Carlo mask-averaged training risk; one fixed evaluation mask per training sample, independent of dynamic training masks",Monte Carlo population risk; independent test samples and one independent mask per sample,0.9965545180015085,0.9964175405549579,0.46560975909233093,0.010387931019067764,4000,8.0,1395.1588854980469,1395.40642578125,0.9967313346997194,-0.247540283203125,0.3536289760044643,0.3547930963045953,1395.2827347259522,1395.3935703125,0.9964966919124608,-0.11083558654785156,0.1583365522112165,0.15885924789382777,6.278212368488312e-06,1395.1588917762592,-0.2475340049907565,6.173004294396378e-06,fresh_dynamic_mask,original_fixed_evaluation_mask,-0.005419015884399414,1.1031837463378906,0.002755510387942195,1.2905516624450684,1.2175167798995972,0.5470945835113525,0.508879542350769,0.7300000190734863,0.7440999746322632,0.6761185526847839,0.8701672554016113,6,7,0.26999998092651367,0.2559000253677368
6,0,4000,0.7782772183418274,0.8822002144308442,0.9431053400039673,1.1267069578170776,0.9184622764587402,47.47013473510742,45.04043197631836,0.9963686466217041,1.271265983581543,gaussian,1.0,8.0,16000,linear,identity,dynamic,0,dynamic,2000,1.0,0.8,bounded_heterogenous,1.0,0.75,0.25,4000,0.0001,0.05,1024,dynamic_mask_mae_adam,jax,cuda:0,0.4.30,bool,jax_threefry,torch.float32,torch.bool,128000000,32000000,160000000,128000000,32000000,256000000,256000000,0.375,0.375,0.25,2.5,1.0,2.0,100,10000,25600794,25516911.0,16000,25602462,25515672.375,16000,16000,1,1,1595.0012214559852,"Monte Carlo mask-averaged training risk; one fixed evaluation mask per training sample, independent of dynamic training masks",Monte Carlo population risk; independent test samples and one independent mask per sample,0.99658958712031,0.9965559928567918,0.4575289189815521,0.009638247080147266,4000,8.0,1594.5927951507567,1594.8069375,0.9967234219376164,-0.21414234924316405,0.26767793655395505,0.26854955820398985,1594.6429336242675,1594.7295234375,0.996610106285872,-0.08658981323242188,0.10823726654052734,0.10859498361304176,7.041918486356735e-06,1594.5928021926752,-0.2141353073246777,5.274527666188078e-06,fresh_dynamic_mask,original_fixed_evaluation_mask,0.003088235855102539,1.1584420204162598,0.003637612098827958,1.3597166538238525,1.163047194480896,0.5465574860572815,0.5072053670883179,0.7300000190734863,0.7437000274658203,0.6791960000991821,0.8789888620376587,6,7,0.26999998092651367,0.2562999725341797
6,0,4000,0.7711231112480164,0.8781361575792312,0.9966524839401245,1.2699558734893799,1.0097230672836304,50.39754104614258,45.04043197631836,0.9963686466217041,1.271265983581543,gaussian,1.0,8.0,16000,linear,identity,dynamic,0,dynamic,2000,1.0,0.9,bounded_heterogenous,1.0,0.75,0.25,4000,0.0001,0.05,1024,dynamic_mask_mae_adam,jax,cuda:0,0.4.30,bool,jax_threefry,torch.float32,torch.bool,128000000,32000000,160000000,128000000,32000000,256000000,256000000,0.375,0.375,0.25,2.5,1.0,2.0,100,10000,28798602,28709871.875,16000,28800702,28698390.5,16000,16000,1,1,1794.3763741379832,"Monte Carlo mask-averaged training risk; one fixed evaluation mask per training sample, independent of dynamic training masks",Monte Carlo population risk; independent test samples and one independent mask per sample,0.9968471642914407,0.9964185127718584,0.45500946044921875,0.00902840681374073,4000,8.0,1794.2377962036132,1794.3669921875,0.9969189433223182,-0.12919598388671874,0.14355109320746526,0.1440017392755344,1793.597040851593,1793.64940625,0.9964476039507648,-0.05236539840698242,0.058183776007758245,0.058389781441681166,7.937224209308624e-06,1794.2378041408374,-0.12918804666250944,4.166561666352209e-06,fresh_dynamic_mask,original_fixed_evaluation_mask,-0.011391725391149521,1.2330363988876343,0.0022338377311825752,1.4306412935256958,1.1488397121429443,0.5373081564903259,0.5054733157157898,0.7300000190734863,0.7462999820709229,0.7322652339935303,0.9167460799217224,7,7,0.26999998092651367,0.25370001792907715
6,0,4000,0.7627179622650146,0.873337255740882,-1.0281223058700562,1.3663136959075928,1.070941686630249,52.274539947509766,45.04043197631836,0.9963686466217041,1.271265983581543,gaussian,1.0,8.0,16000,linear,identity,dynamic,0,dynamic,2000,1.0,0.95,bounded_heterogenous,1.0,0.75,0.25,4000,0.0001,0.05,1024,dynamic_mask_mae_adam,jax,cuda:0,0.4.30,bool,jax_threefry,torch.float32,torch.bool,128000000,32000000,160000000,128000000,32000000,256000000,256000000,0.375,0.375,0.25,2.5,1.0,2.0,100,10000,30399545,30302050.25,16000,30399603,30288382.5,16000,16000,1,1,1894.0639504789822,"Monte Carlo mask-averaged training risk; one fixed evaluation mask per training sample, independent of dynamic training masks",Monte Carlo population risk; independent test samples and one independent mask per sample,0.9967517926096131,0.9963237485524501,0.4339304268360138,0.008300989866256714,4000,8.0,1893.8000608291627,1893.878140625,0.996792887854078,-0.07807979583740235,0.082189258776213,0.08245493114111824,1892.9904009666443,1893.02390625,0.9963413831424048,-0.03350528335571289,0.035268719321803046,0.035398690154009316,8.539460599422454e-06,1893.8000693686233,-0.07807125637680293,3.3024414278770564e-06,fresh_dynamic_mask,original_fixed_evaluation_mask,0.015033550560474396,1.2615488767623901,-0.00029101542895659804,1.4749431610107422,-1.0987348556518555,0.5402274131774902,0.5048346519470215,0.7300000190734863,0.7472000122070312,0.7122552394866943,0.9050244092941284,6,7,0.26999998092651367,0.25279998779296875
7,0,4000,0.7437663674354553,0.8624189048458153,0.6667701601982117,0.5904990434646606,0.5653441548347473,34.36565017700195,44.994895935058594,1.0047916173934937,1.2861729860305786,gaussian,1.0,8.0,16000,linear,identity,dynamic,0,dynamic,2000,1.0,0.05,bounded_heterogenous,1.0,0.75,0.25,4000,0.0001,0.05,1024,dynamic_mask_mae_adam,jax,cuda:0,0.4.30,bool,jax_threefry,torch.float32,torch.bool,128000000,32000000,160000000,128000000,32000000,256000000,256000000,0.375,0.375,0.25,2.5,1.0,2.0,100,10000,1600999,1607086.03125,16000,1599095,1606568.4765625,16000,16000,1,1,100.5297706520955,"Monte Carlo mask-averaged training risk; one fixed evaluation mask per training sample, independent of dynamic training masks",Monte Carlo population risk; independent test samples and one independent mask per sample,1.0034481831536195,1.00453317167067,0.5069510340690613,0.014751678332686424,4000,8.0,100.40747111129761,100.442876953125,1.00380202064461,-0.03540584182739258,0.7081168365478515,0.7049945780408517,100.39649825954439,100.41052978515626,1.0046735663375221,-0.01403152561186289,0.28063051223725777,0.27948315065939866,3.690619021654129e-06,100.40747480191663,-0.035402151208370924,4.590522075886838e-05,fresh_dynamic_mask,original_fixed_evaluation_mask,0.15818461775779724,0.9368459582328796,0.006314571481198072,1.0113251209259033,1.3552638292312622,0.5576242804527283,0.5267432332038879,0.7200000286102295,0.7303000092506409,0.6231063604354858,0.7297996878623962,6,7,0.2799999713897705,0.26969999074935913
7,0,4000,0.752716600894928,0.8675924163424482,0.6797831654548645,0.6064748167991638,0.5751221776008606,34.827423095703125,44.994895935058594,1.0047916173934937,1.2861729860305786,gaussian,1.0,8.0,16000,linear,identity,dynamic,0,dynamic,2000,1.0,0.1,bounded_heterogenous,1.0,0.75,0.25,4000,0.0001,0.05,1024,dynamic_mask_mae_adam,jax,cuda:0,0.4.30,bool,jax_threefry,torch.float32,torch.bool,128000000,32000000,160000000,128000000,32000000,256000000,256000000,0.375,0.375,0.25,2.5,1.0,2.0,100,10000,3202162,3216627.71875,16000,3200925,3216942.46875,16000,16000,1,1,201.059541304191,"Monte Carlo mask-averaged training risk; one fixed evaluation mask per training sample, independent of dynamic training masks",Monte Carlo population risk; independent test samples and one independent mask per sample,1.0041705660884959,1.0048616109717063,0.49527260661125183,0.0142207657918334,4000,8.0,200.9698017654419,201.039232421875,1.004517484983583,-0.06943065643310548,0.6943065643310548,0.69071748431071,201.03041575622555,201.058904296875,1.0050040125120083,-0.028488540649443166,0.2848854064944316,0.28338501842606334,3.790467604994774e-06,200.96980555590952,-0.06942686596550048,3.157163882860914e-05,fresh_dynamic_mask,original_fixed_evaluation_mask,0.15926215052604675,0.9380643367767334,0.010056537576019764,1.0276432037353516,1.2921454906463623,0.5633905529975891,0.5243712663650513,0.7300000190734863,0.732699990272522,0.5871517062187195,0.7130317091941833,6,10,0.26999998092651367,0.267300009727478
7,0,4000,0.765144407749176,0.8747253327469007,0.7093690633773804,0.6496875882148743,0.6127795577049255,36.046844482421875,44.994895935058594,1.0047916173934937,1.2861729860305786,gaussian,1.0,8.0,16000,linear,identity,dynamic,0,dynamic,2000,1.0,0.2,bounded_heterogenous,1.0,0.75,0.25,4000,0.0001,0.05,1024,dynamic_mask_mae_adam,jax,cuda:0,0.4.30,bool,jax_threefry,torch.float32,torch.bool,128000000,32000000,160000000,128000000,32000000,256000000,256000000,0.375,0.375,0.25,2.5,1.0,2.0,100,10000,6404202,6434478.78125,16000,6400572,6439049.421875,16000,16000,1,1,402.119082608382,"Monte Carlo mask-averaged training risk; one fixed evaluation mask per training sample, independent of dynamic training masks",Monte Carlo population risk; independent test samples and one independent mask per sample,1.0044121899249887,1.0058679064659701,0.49638766050338745,0.013770627789199352,4000,8.0,402.02865972137454,402.154923828125,1.0047276430771546,-0.12626410675048827,0.6313205337524413,0.6279376392985814,402.3831223640442,402.4405888671875,1.006011559884804,-0.057466503143310546,0.2873325157165527,0.285589996302571,4.060547426342965e-06,402.028663781922,-0.12626004620306192,1.978128420887515e-05,fresh_dynamic_mask,original_fixed_evaluation_mask,0.19449259340763092,0.9780762195587158,0.012036911211907864,1.0630277395248413,1.2661746740341187,0.5579171180725098,0.5217311978340149,0.7200000286102295,0.7353000044822693,0.6145007610321045,0.7274482846260071,6,7,0.2799999713897705,0.2646999955177307
7,0,4000,0.7731626033782959,0.8792966526595537,0.7388700246810913,0.6975393295288086,0.6480253338813782,37.35075378417969,44.994895935058594,1.0047916173934937,1.2861729860305786,gaussian,1.0,8.0,16000,linear,identity,dynamic,0,dynamic,2000,1.0,0.3,bounded_heterogenous,1.0,0.75,0.25,4000,0.0001,0.05,1024,dynamic_mask_mae_adam,jax,cuda:0,0.4.30,bool,jax_threefry,torch.float32,torch.bool,128000000,32000000,160000000,128000000,32000000,256000000,256000000,0.375,0.375,0.25,2.5,1.0,2.0,100,10000,9605429,9654465.0,16000,9597870,9648919.375,16000,16000,1,1,603.1786239125729,"Monte Carlo mask-averaged training risk; one fixed evaluation mask per training sample, independent of dynamic training masks",Monte Carlo population risk; independent test samples and one independent mask per sample,1.004804997797136,1.0051978822280767,0.4807925224304199,0.012872365303337574,4000,8.0,603.2239415740967,603.4040625,1.0051050296660358,-0.18012092590332032,0.6004030863444011,0.5970159536448083,602.9849123687744,603.0574609375,1.0053188233430959,-0.07254856872558593,0.24182856241861977,0.2406025078034446,4.359620809555054e-06,603.2239459337175,-0.18011656628251077,1.4560750059899874e-05,fresh_dynamic_mask,original_fixed_evaluation_mask,0.2201005220413208,1.032309651374817,0.01180639024823904,1.1003073453903198,1.1950277090072632,0.5571852326393127,0.5198754668235779,0.7300000190734863,0.73580002784729,0.6165356040000916,0.7158623337745667,6,7,0.26999998092651367,0.26419997215270996
7,0,4000,0.7770108580589294,0.8814821938411062,0.767142653465271,0.748218834400177,0.6889996528625488,38.683815002441406,44.994895935058594,1.0047916173934937,1.2861729860305786,gaussian,1.0,8.0,16000,linear,identity,dynamic,0,dynamic,2000,1.0,0.4,bounded_heterogenous,1.0,0.75,0.25,4000,0.0001,0.05,1024,dynamic_mask_mae_adam,jax,cuda:0,0.4.30,bool,jax_threefry,torch.float32,torch.bool,128000000,32000000,160000000,128000000,32000000,256000000,256000000,0.375,0.375,0.25,2.5,1.0,2.0,100,10000,12805165,12871072.75,16000,12797683,12858356.65625,16000,16000,1,1,804.238165216764,"Monte Carlo mask-averaged training risk; one fixed evaluation mask per training sample, independent of dynamic training masks",Monte Carlo population risk; independent test samples and one independent mask per sample,1.0048779858801116,1.0046228517219526,0.4741567075252533,0.012257236987352371,4000,8.0,804.2267758789061,804.442046875,1.0051469660875123,-0.2152709960938664,0.538177490234666,0.535205729064403,803.5527994308471,803.647291015625,1.0047409875873625,-0.09449158477783202,0.23622896194458004,0.23515685508845863,4.676367715001107e-06,804.2267805552738,-0.2152663197261514,1.1171702681167517e-05,fresh_dynamic_mask,original_fixed_evaluation_mask,0.22555384039878845,1.0744197368621826,0.01283615455031395,1.1386146545410156,1.1610292196273804,0.5546157360076904,0.5182037353515625,0.7200000286102295,0.7365000247955322,0.6286842226982117,0.7229251265525818,6,10,0.2799999713897705,0.2634999752044678
7,0,4000,0.7787184715270996,0.8824502657527503,0.7995120286941528,0.8109106421470642,0.7366021871566772,40.2718391418457,44.994895935058594,1.0047916173934937,1.2861729860305786,gaussian,1.0,8.0,16000,linear,identity,dynamic,0,dynamic,2000,1.0,0.5,bounded_heterogenous,1.0,0.75,0.25,4000,0.0001,0.05,1024,dynamic_mask_mae_adam,jax,cuda:0,0.4.30,bool,jax_threefry,torch.float32,torch.bool,128000000,32000000,160000000,128000000,32000000,256000000,256000000,0.375,0.375,0.25,2.5,1.0,2.0,100,10000,16005092,16084586.375,16000,15999658,16075539.375,16000,16000,1,1,1005.2977065209549,"Monte Carlo mask-averaged training risk; one fixed evaluation mask per training sample, independent of dynamic training masks",Monte Carlo population risk; independent test samples and one independent mask per sample,1.00471868930191,1.00463835781952,0.47002899646759033,0.011671405285596848,4000,8.0,1005.0384410247802,1005.2866484375,1.0049668177477518,-0.24820741271972657,0.49641482543945314,0.49380425594125477,1004.6168836746216,1004.7212109375,1.0047426873124412,-0.10432726287841797,0.20865452575683593,0.2076740527474641,5.068191513419152e-06,1005.0384460929718,-0.24820234452821316,8.769404303166084e-06,fresh_dynamic_mask,original_fixed_evaluation_mask,0.2275220900774002,1.1098082065582275,0.012878799811005592,1.182173490524292,1.1203309297561646,0.5560538172721863,0.5172261595726013,0.7300000190734863,0.7383000254631042,0.6225892901420593,0.7260653972625732,6,7,0.26999998092651367,0.26169997453689575
7,0,4000,0.7779486775398254,0.8820139894241051,0.8329434990882874,0.8810155391693115,0.7881313562393188,41.97655487060547,44.994895935058594,1.0047916173934937,1.2861729860305786,gaussian,1.0,8.0,16000,linear,identity,dynamic,0,dynamic,2000,1.0,0.6,bounded_heterogenous,1.0,0.75,0.25,4000,0.0001,0.05,1024,dynamic_mask_mae_adam,jax,cuda:0,0.4.30,bool,jax_threefry,torch.float32,torch.bool,128000000,32000000,160000000,128000000,32000000,256000000,256000000,0.375,0.375,0.25,2.5,1.0,2.0,100,10000,19204894,19307420.4375,16000,19202040,19294481.625,16000,16000,1,1,1206.3572478251458,"Monte Carlo mask-averaged training risk; one fixed evaluation mask per training sample, independent of dynamic training masks",Monte Carlo population risk; independent test samples and one independent mask per sample,1.0051238717621924,1.0047214783488254,0.4587591588497162,0.010928938165307045,4000,8.0,1206.4560883789063,1206.71377734375,1.0053385578436413,-0.25768896484375,0.42948160807291663,0.4270921069799982,1205.7938760070801,1205.9051015625,1.0048141564646256,-0.11122555541992188,0.1853759256998698,0.18446817295303397,5.506347119808197e-06,1206.4560938852535,-0.25768345849663016,7.39808228900074e-06,fresh_dynamic_mask,original_fixed_evaluation_mask,0.24377265572547913,1.1539386510849,0.013755195774137974,1.2267687320709229,1.1411770582199097,0.545485258102417,0.5139198899269104,0.7200000286102295,0.7391999959945679,0.6806908249855042,0.7707510590553284,6,7,0.2799999713897705,0.26080000400543213
7,0,4000,0.7758546471595764,0.8808261163019501,0.8740365505218506,0.9727076292037964,0.8578890562057495,44.10686492919922,44.994895935058594,1.0047916173934937,1.2861729860305786,gaussian,1.0,8.0,16000,linear,identity,dynamic,0,dynamic,2000,1.0,0.7,bounded_heterogenous,1.0,0.75,0.25,4000,0.0001,0.05,1024,dynamic_mask_mae_adam,jax,cuda:0,0.4.30,bool,jax_threefry,torch.float32,torch.bool,128000000,32000000,160000000,128000000,32000000,256000000,256000000,0.375,0.375,0.25,2.5,1.0,2.0,100,10000,22404066,22523375.5,16000,22405514,22514545.4375,16000,16000,1,1,1407.4167891293368,"Monte Carlo mask-averaged training risk; one fixed evaluation mask per training sample, independent of dynamic training masks",Monte Carlo population risk; independent test samples and one independent mask per sample,1.0051537295429398,1.0047907854838978,0.46358707547187805,0.01051054336130619,4000,8.0,1407.4706560516358,1407.71096875,1.0053253503181074,-0.2403126983642578,0.3433038548060826,0.34142335138254154,1407.0533757019043,1407.15908984375,1.0048662770021701,-0.10571414184570313,0.15102020263671875,0.1502518693283772,6.079422682523728e-06,1407.4706621310586,-0.2403066189415753,6.315638529486023e-06,fresh_dynamic_mask,original_fixed_evaluation_mask,0.2434910535812378,1.191843032836914,0.014973155222833157,1.2847208976745605,1.0716552734375,0.5507634878158569,0.5128509998321533,0.7200000286102295,0.7390000224113464,0.650276780128479,0.7611927390098572,6,13,0.2799999713897705,0.26099997758865356
7,0,4000,0.774770200252533,0.8802103159203106,0.9271990060806274,1.0961664915084839,0.9533351063728333,46.822357177734375,44.994895935058594,1.0047916173934937,1.2861729860305786,gaussian,1.0,8.0,16000,linear,identity,dynamic,0,dynamic,2000,1.0,0.8,bounded_heterogenous,1.0,0.75,0.25,4000,0.0001,0.05,1024,dynamic_mask_mae_adam,jax,cuda:0,0.4.30,bool,jax_threefry,torch.float32,torch.bool,128000000,32000000,160000000,128000000,32000000,256000000,256000000,0.375,0.375,0.25,2.5,1.0,2.0,100,10000,25602893,25738005.75,16000,25600084,25726761.25,16000,16000,1,1,1608.476330433528,"Monte Carlo mask-averaged training risk; one fixed evaluation mask per training sample, independent of dynamic training masks",Monte Carlo population risk; independent test samples and one independent mask per sample,1.0051523518756076,1.0049017055797536,0.4642026424407959,0.009914123453199863,4000,8.0,1608.4255071105956,1608.625359375,1.0052772454269132,-0.19985226440429688,0.24981533050537108,0.24847583464926437,1607.84800466156,1607.922578125,1.00494831384147,-0.07457346343994141,0.09321682929992675,0.09275753006332543,6.8510405719280246e-06,1608.4255139616362,-0.19984541336372494,5.578440777753713e-06,fresh_dynamic_mask,original_fixed_evaluation_mask,0.2559438943862915,1.2682560682296753,0.01615997403860092,1.3560917377471924,1.0433350801467896,0.5431841015815735,0.5106762051582336,0.7200000286102295,0.7419000267982483,0.6891812682151794,0.7850707769393921,7,7,0.2799999713897705,0.2580999732017517
7,0,4000,0.767964780330658,0.8763359973952103,0.980924665927887,1.2377516031265259,1.0562134981155396,49.754432678222656,44.994895935058594,1.0047916173934937,1.2861729860305786,gaussian,1.0,8.0,16000,linear,identity,dynamic,0,dynamic,2000,1.0,0.9,bounded_heterogenous,1.0,0.75,0.25,4000,0.0001,0.05,1024,dynamic_mask_mae_adam,jax,cuda:0,0.4.30,bool,jax_threefry,torch.float32,torch.bool,128000000,32000000,160000000,128000000,32000000,256000000,256000000,0.375,0.375,0.25,2.5,1.0,2.0,100,10000,28800575,28952202.0,16000,28800526,28944701.375,16000,16000,1,1,1809.5358717377187,"Monte Carlo mask-averaged training risk; one fixed evaluation mask per training sample, independent of dynamic training masks",Monte Carlo population risk; independent test samples and one independent mask per sample,1.0051968210470164,1.0049821722448546,0.44761955738067627,0.008996577933430672,4000,8.0,1809.3904021453857,1809.512625,1.005264721277266,-0.12222285461425782,0.13580317179361978,0.13508925323391097,1809.000948829651,1809.0438359375,1.0050059979807313,-0.042887107849121094,0.047652342054578994,0.04741411678055307,7.735947519540787e-06,1809.3904098813332,-0.12221511866673827,4.3489649215189274e-06,fresh_dynamic_mask,original_fixed_evaluation_mask,0.2917955815792084,1.3186209201812744,0.01927078515291214,1.4315472841262817,1.0930557250976562,0.5243900418281555,0.5089426636695862,0.7300000190734863,0.7415000200271606,0.792324423789978,0.8681885600090027,7,7,0.26999998092651367,0.25849997997283936
7,0,4000,0.7643051147460938,0.8742454545184057,1.0141032934188843,1.3292330503463745,1.12181556224823,51.56031799316406,44.994895935058594,1.0047916173934937,1.2861729860305786,gaussian,1.0,8.0,16000,linear,identity,dynamic,0,dynamic,2000,1.0,0.95,bounded_heterogenous,1.0,0.75,0.25,4000,0.0001,0.05,1024,dynamic_mask_mae_adam,jax,cuda:0,0.4.30,bool,jax_threefry,torch.float32,torch.bool,128000000,32000000,160000000,128000000,32000000,256000000,256000000,0.375,0.375,0.25,2.5,1.0,2.0,100,10000,30398732,30559753.375,16000,30399081,30552135.125,16000,16000,1,1,1910.0656423898142,"Monte Carlo mask-averaged training risk; one fixed evaluation mask per training sample, independent of dynamic training masks",Monte Carlo population risk; independent test samples and one independent mask per sample,1.005260088412383,1.0050217811964681,0.4328606426715851,0.00839522946625948,4000,8.0,1909.914501121521,1909.9845859375,1.0052969766962647,-0.0700848159790039,0.07377349050421464,0.07338783411658945,1909.4836583347321,1909.5084453125,1.00503482736863,-0.024786977767944335,0.026091555545204564,0.025961631988424827,8.307706564664841e-06,1909.9145094292276,-0.07007650827243923,3.3339219953631982e-06,fresh_dynamic_mask,original_fixed_evaluation_mask,0.282635360956192,1.3615754842758179,0.019846025854349136,1.4783669710159302,1.090282917022705,0.5186424851417542,0.5081086158752441,0.7200000286102295,0.7426999807357788,0.8248953819274902,0.8952057361602783,6,7,0.2799999713897705,0.2573000192642212
8,0,4000,0.7453445196151733,0.8633333768685034,0.6502993702888489,0.5895581841468811,0.5510491728782654,34.338260650634766,43.87190628051758,0.993094801902771,1.2641712427139282,gaussian,1.0,8.0,16000,linear,identity,dynamic,0,dynamic,2000,1.0,0.05,bounded_heterogenous,1.0,0.75,0.25,4000,0.0001,0.05,1024,dynamic_mask_mae_adam,jax,cuda:0,0.4.30,bool,jax_threefry,torch.float32,torch.bool,128000000,32000000,160000000,128000000,32000000,256000000,256000000,0.375,0.375,0.25,2.5,1.0,2.0,100,10000,1598876,1587870.140625,16000,1600683,1588087.90234375,16000,16000,1,1,99.35759946695526,"Monte Carlo mask-averaged training risk; one fixed evaluation mask per training sample, independent of dynamic training masks",Monte Carlo population risk; independent test samples and one independent mask per sample,0.992849121786986,0.9920345852625848,0.49479180574417114,0.014409343712031841,4000,8.0,99.21516452789307,99.2418837890625,0.9931165022334439,-0.026719261169433593,0.5343852233886718,0.5384674322834737,99.24580600261689,99.25549389648438,0.9921314228637088,-0.009687893867492676,0.1937578773498535,0.19521123692345377,3.684738650918007e-06,99.21516821263171,-0.026715576430782675,4.386318687465973e-05,fresh_dynamic_mask,original_fixed_evaluation_mask,0.0020589090418070555,0.9516025185585022,-0.012895665131509304,0.9786502718925476,0.9915503263473511,0.6068373322486877,0.5479509830474854,0.6800000071525574,0.723800003528595,0.3751246929168701,0.5040038824081421,6,6,0.3199999928474426,0.27619999647140503
8,0,4000,0.762323260307312,0.8731112531099986,0.6665849089622498,0.6056599020957947,0.5606030225753784,34.80402374267578,43.87190628051758,0.993094801902771,1.2641712427139282,gaussian,1.0,8.0,16000,linear,identity,dynamic,0,dynamic,2000,1.0,0.1,bounded_heterogenous,1.0,0.75,0.25,4000,0.0001,0.05,1024,dynamic_mask_mae_adam,jax,cuda:0,0.4.30,bool,jax_threefry,torch.float32,torch.bool,128000000,32000000,160000000,128000000,32000000,256000000,256000000,0.375,0.375,0.25,2.5,1.0,2.0,100,10000,3201724,3175940.328125,16000,3200418,3175483.0859375,16000,16000,1,1,198.71519893391053,"Monte Carlo mask-averaged training risk; one fixed evaluation mask per training sample, independent of dynamic training masks",Monte Carlo population risk; independent test samples and one independent mask per sample,0.9916593959586182,0.992111026062635,0.48673927783966064,0.013985144905745983,4000,8.0,198.43873049163818,198.4962705078125,0.9919469411245316,-0.05754001617431641,0.575400161743164,0.5797591665286372,198.44812411308288,198.46769287109376,0.9922088570735135,-0.01956875801086426,0.1956875801086426,0.19719842285437217,3.785374388098717e-06,198.43873427701257,-0.05753623079992831,3.0209437682060525e-05,fresh_dynamic_mask,original_fixed_evaluation_mask,-0.00703983660787344,0.9570677280426025,-0.01177692599594593,0.9944729208946228,1.0051416158676147,0.6049594283103943,0.5430553555488586,0.6700000166893005,0.7265999913215637,0.3855254650115967,0.5257259011268616,6,6,0.32999998331069946,0.2734000086784363
8,0,4000,0.7705819606781006,0.8778279789788547,0.6897628307342529,0.6415607333183289,0.5843411684036255,35.82068634033203,43.87190628051758,0.993094801902771,1.2641712427139282,gaussian,1.0,8.0,16000,linear,identity,dynamic,0,dynamic,2000,1.0,0.2,bounded_heterogenous,1.0,0.75,0.25,4000,0.0001,0.05,1024,dynamic_mask_mae_adam,jax,cuda:0,0.4.30,bool,jax_threefry,torch.float32,torch.bool,128000000,32000000,160000000,128000000,32000000,256000000,256000000,0.375,0.375,0.25,2.5,1.0,2.0,100,10000,6400735,6353469.59375,16000,6401811,6357420.28125,16000,16000,1,1,397.43039786782106,"Monte Carlo mask-averaged training risk; one fixed evaluation mask per training sample, independent of dynamic training masks",Monte Carlo population risk; independent test samples and one independent mask per sample,0.9923362825806089,0.9929440720313117,0.4758118987083435,0.013283159583806992,4000,8.0,396.9800984802246,397.091849609375,0.9926156283223724,-0.11175112915039062,0.558755645751953,0.5628477605890136,397.29001766967775,397.338767578125,0.9930659123254342,-0.04874990844726562,0.2437495422363281,0.24538208916480286,4.0097545832395556e-06,396.98010248997923,-0.11174711939580738,1.8740995074040256e-05,fresh_dynamic_mask,original_fixed_evaluation_mask,-0.039997294545173645,0.9803484678268433,-0.012891155667603016,1.0222879648208618,0.9915033578872681,0.6033183932304382,0.5396966934204102,0.6899999976158142,0.7317000031471252,0.3932681977748871,0.5383728742599487,6,6,0.3100000023841858,0.26829999685287476
8,0,4000,0.7765936851501465,0.8812455305703096,0.7166184186935425,0.6871302723884583,0.6203653812408447,37.07101821899414,43.87190628051758,0.993094801902771,1.2641712427139282,gaussian,1.0,8.0,16000,linear,identity,dynamic,0,dynamic,2000,1.0,0.3,bounded_heterogenous,1.0,0.75,0.25,4000,0.0001,0.05,1024,dynamic_mask_mae_adam,jax,cuda:0,0.4.30,bool,jax_threefry,torch.float32,torch.bool,128000000,32000000,160000000,128000000,32000000,256000000,256000000,0.375,0.375,0.25,2.5,1.0,2.0,100,10000,9603399,9540795.75,16000,9602815,9541762.71875,16000,16000,1,1,596.1455968017315,"Monte Carlo mask-averaged training risk; one fixed evaluation mask per training sample, independent of dynamic training masks",Monte Carlo population risk; independent test samples and one independent mask per sample,0.9932002757982242,0.9935283246350647,0.47314953804016113,0.012763326987624168,4000,8.0,596.1311584625245,596.299734375,0.9934811362102106,-0.16857591247558593,0.5619197082519531,0.5654066327978047,596.2917936706543,596.360169921875,0.9936422516470431,-0.06837625122070312,0.22792083740234376,0.22931193151176643,4.294564202427864e-06,596.1311627570886,-0.1685716179113835,1.3881683116778731e-05,fresh_dynamic_mask,original_fixed_evaluation_mask,-0.04352853447198868,1.0110138654708862,-0.014407755807042122,1.0559667348861694,0.9539773464202881,0.6042855381965637,0.5385102033615112,0.7099999785423279,0.734000027179718,0.38836905360221863,0.538181722164154,6,6,0.2900000214576721,0.265999972820282
8,0,4000,0.7795134782791138,0.8829006049828677,0.7414433360099792,0.7328065037727356,0.6559996008872986,38.2833251953125,43.87190628051758,0.993094801902771,1.2641712427139282,gaussian,1.0,8.0,16000,linear,identity,dynamic,0,dynamic,2000,1.0,0.4,bounded_heterogenous,1.0,0.75,0.25,4000,0.0001,0.05,1024,dynamic_mask_mae_adam,jax,cuda:0,0.4.30,bool,jax_threefry,torch.float32,torch.bool,128000000,32000000,160000000,128000000,32000000,256000000,256000000,0.375,0.375,0.25,2.5,1.0,2.0,100,10000,12803979,12716332.21875,16000,12804203,12716190.3125,16000,16000,1,1,794.8607957356421,"Monte Carlo mask-averaged training risk; one fixed evaluation mask per training sample, independent of dynamic training masks",Monte Carlo population risk; independent test samples and one independent mask per sample,0.9928985836748055,0.9930144251647901,0.4706423580646515,0.012293664738535881,4000,8.0,794.5657884063721,794.770763671875,0.9931547231333322,-0.2049752655029297,0.5124381637573242,0.5158097777928639,794.6723926086426,794.76189453125,0.9931262658441139,-0.08950192260742187,0.22375480651855467,0.2252295265368076,4.580040648579598e-06,794.5657929864128,-0.20497068546228112,1.0713411029428244e-05,fresh_dynamic_mask,original_fixed_evaluation_mask,-0.046022333204746246,1.0432337522506714,-0.014135671779513359,1.087659239768982,0.9093376398086548,0.606496274471283,0.5386081337928772,0.699999988079071,0.7340999841690063,0.37763145565986633,0.530357837677002,6,6,0.30000001192092896,0.26590001583099365
8,0,4000,0.782228946685791,0.8844370789862843,0.7737724184989929,0.7953341007232666,0.7004270553588867,39.8831787109375,43.87190628051758,0.993094801902771,1.2641712427139282,gaussian,1.0,8.0,16000,linear,identity,dynamic,0,dynamic,2000,1.0,0.5,bounded_heterogenous,1.0,0.75,0.25,4000,0.0001,0.05,1024,dynamic_mask_mae_adam,jax,cuda:0,0.4.30,bool,jax_threefry,torch.float32,torch.bool,128000000,32000000,160000000,128000000,32000000,256000000,256000000,0.375,0.375,0.25,2.5,1.0,2.0,100,10000,16003358,15888435.0,16000,16004579,15896664.375,16000,16000,1,1,993.5759946695525,"Monte Carlo mask-averaged training risk; one fixed evaluation mask per training sample, independent of dynamic training masks",Monte Carlo population risk; independent test samples and one independent mask per sample,0.9925909131058912,0.9931600307482583,0.47124770283699036,0.011815699748694897,4000,8.0,992.7992331237793,993.0271875,0.9928188196502259,-0.22795437622070314,0.4559087524414063,0.4591100406718951,993.4442607345582,993.5415234375,0.9932572656237942,-0.09726270294189453,0.19452540588378905,0.19578991043145422,4.970838129520417e-06,992.7992380946175,-0.2279494053825736,8.650037671031896e-06,fresh_dynamic_mask,original_fixed_evaluation_mask,-0.04941892996430397,1.076827049255371,-0.014986712485551834,1.12886381149292,0.8922925591468811,0.6044900417327881,0.5356307625770569,0.6800000071525574,0.7328000068664551,0.38676372170448303,0.543832004070282,6,6,0.3199999928474426,0.2671999931335449
8,0,4000,0.7838577032089233,0.885357387278676,0.8089017271995544,0.8673837780952454,0.7563693523406982,41.65053939819336,43.87190628051758,0.993094801902771,1.2641712427139282,gaussian,1.0,8.0,16000,linear,identity,dynamic,0,dynamic,2000,1.0,0.6,bounded_heterogenous,1.0,0.75,0.25,4000,0.0001,0.05,1024,dynamic_mask_mae_adam,jax,cuda:0,0.4.30,bool,jax_threefry,torch.float32,torch.bool,128000000,32000000,160000000,128000000,32000000,256000000,256000000,0.375,0.375,0.25,2.5,1.0,2.0,100,10000,19203989,19071736.375,16000,19201863,19074550.25,16000,16000,1,1,1192.291193603463,"Monte Carlo mask-averaged training risk; one fixed evaluation mask per training sample, independent of dynamic training masks",Monte Carlo population risk; independent test samples and one independent mask per sample,0.9929170454914992,0.9932873757300756,0.4525047540664673,0.01086431834846735,4000,8.0,1191.7480012207031,1191.9835234375,0.9931132732371384,-0.235522216796875,0.3925370279947917,0.39517696707358496,1192.0605067749023,1192.159390625,0.9933697709435798,-0.09888385009765625,0.1648064168294271,0.16589031781366614,5.421148613095283e-06,1191.7480066418518,-0.2355167956482619,7.199949322966859e-06,fresh_dynamic_mask,original_fixed_evaluation_mask,-0.05018460378050804,1.1279929876327515,-0.015731237828731537,1.1773614883422852,0.8481981754302979,0.6051515340805054,0.5355073809623718,0.699999988079071,0.7343999743461609,0.3837358057498932,0.5405306816101074,6,6,0.30000001192092896,0.2656000256538391
8,0,4000,0.7820374369621277,0.8843288059099554,0.851352334022522,0.9630484580993652,0.8271792531013489,43.8873176574707,43.87190628051758,0.993094801902771,1.2641712427139282,gaussian,1.0,8.0,16000,linear,identity,dynamic,0,dynamic,2000,1.0,0.7,bounded_heterogenous,1.0,0.75,0.25,4000,0.0001,0.05,1024,dynamic_mask_mae_adam,jax,cuda:0,0.4.30,bool,jax_threefry,torch.float32,torch.bool,128000000,32000000,160000000,128000000,32000000,256000000,256000000,0.375,0.375,0.25,2.5,1.0,2.0,100,10000,22402953,22246813.0,16000,22402741,22258773.5,16000,16000,1,1,1391.0063925373734,"Monte Carlo mask-averaged training risk; one fixed evaluation mask per training sample, independent of dynamic training masks",Monte Carlo population risk; independent test samples and one independent mask per sample,0.9928698006574422,0.9935064842342335,0.46217572689056396,0.01053096354007721,4000,8.0,1390.200967453003,1390.4258125,0.9930303830928003,-0.2248450469970703,0.32120720999581476,0.32341897708709766,1391.0792780075074,1391.17334375,0.9935736658295519,-0.09406574249267578,0.13437963213239398,0.13523223818978636,6.019052863121034e-06,1390.2009734720557,-0.22483902794420718,6.38798928775941e-06,fresh_dynamic_mask,original_fixed_evaluation_mask,-0.04821184277534485,1.1698179244995117,-0.015368026681244373,1.2359082698822021,0.8477150797843933,0.6002427339553833,0.5313805937767029,0.6800000071525574,0.7389000058174133,0.4075104594230652,0.5692976117134094,6,6,0.3199999928474426,0.26109999418258667
8,0,4000,0.776422917842865,0.881148635499633,0.8975903391838074,1.078238844871521,0.908917248249054,46.43789291381836,43.87190628051758,0.993094801902771,1.2641712427139282,gaussian,1.0,8.0,16000,linear,identity,dynamic,0,dynamic,2000,1.0,0.8,bounded_heterogenous,1.0,0.75,0.25,4000,0.0001,0.05,1024,dynamic_mask_mae_adam,jax,cuda:0,0.4.30,bool,jax_threefry,torch.float32,torch.bool,128000000,32000000,160000000,128000000,32000000,256000000,256000000,0.375,0.375,0.25,2.5,1.0,2.0,100,10000,25603558,25426060.1875,16000,25601545,25434091.0,16000,16000,1,1,1589.7215914712842,"Monte Carlo mask-averaged training risk; one fixed evaluation mask per training sample, independent of dynamic training masks",Monte Carlo population risk; independent test samples and one independent mask per sample,0.9929482607174106,0.993414874918735,0.4569700360298157,0.009840456768870354,4000,8.0,1588.9380240173339,1589.12876171875,0.9930674552146229,-0.19073770141601562,0.2384221267700195,0.24005317380293434,1589.5597264938353,1589.6306875,0.9934592228711197,-0.07096100616455078,0.08870125770568847,0.0892798644647197,6.738992780447006e-06,1588.9380307563267,-0.19073096242323517,5.356710062187631e-06,fresh_dynamic_mask,original_fixed_evaluation_mask,-0.07097012549638748,1.2274929285049438,-0.01665891706943512,1.297821044921875,0.8451097011566162,0.5936023592948914,0.5276901721954346,0.6899999976158142,0.7383999824523926,0.440163254737854,0.5980386137962341,6,6,0.3100000023841858,0.2616000175476074
8,0,4000,0.7706891298294067,0.8778890190846488,0.9479343295097351,1.211530327796936,1.0005003213882446,49.22459411621094,43.87190628051758,0.993094801902771,1.2641712427139282,gaussian,1.0,8.0,16000,linear,identity,dynamic,0,dynamic,2000,1.0,0.9,bounded_heterogenous,1.0,0.75,0.25,4000,0.0001,0.05,1024,dynamic_mask_mae_adam,jax,cuda:0,0.4.30,bool,jax_threefry,torch.float32,torch.bool,128000000,32000000,160000000,128000000,32000000,256000000,256000000,0.375,0.375,0.25,2.5,1.0,2.0,100,10000,28801329,28608123.0,16000,28803903,28614418.25,16000,16000,1,1,1788.4367904051946,"Monte Carlo mask-averaged training risk; one fixed evaluation mask per training sample, independent of dynamic training masks",Monte Carlo population risk; independent test samples and one independent mask per sample,0.9932298463770544,0.9933960903497752,0.4613999128341675,0.009373361244797707,4000,8.0,1787.8962236328125,1788.0076875,0.9932917678902943,-0.1114638671875,0.12384874131944444,0.12467940486682316,1788.355289188385,1788.401140625,0.9934215599184597,-0.045851436614990235,0.05094604068332248,0.051276456465521036,7.572064548730851e-06,1787.896231204877,-0.11145629512295127,4.22501761931926e-06,fresh_dynamic_mask,original_fixed_evaluation_mask,-0.06121779605746269,1.2963721752166748,-0.016830911859869957,1.3661484718322754,0.7849562168121338,0.5962457656860352,0.527899980545044,0.6800000071525574,0.7401000261306763,0.42664116621017456,0.5868467092514038,6,6,0.3199999928474426,0.25989997386932373
8,0,4000,0.7689371109008789,0.8768905923208886,0.9769658446311951,1.2898075580596924,1.0535905361175537,50.7899169921875,43.87190628051758,0.993094801902771,1.2641712427139282,gaussian,1.0,8.0,16000,linear,identity,dynamic,0,dynamic,2000,1.0,0.95,bounded_heterogenous,1.0,0.75,0.25,4000,0.0001,0.05,1024,dynamic_mask_mae_adam,jax,cuda:0,0.4.30,bool,jax_threefry,torch.float32,torch.bool,128000000,32000000,160000000,128000000,32000000,256000000,256000000,0.375,0.375,0.25,2.5,1.0,2.0,100,10000,30400137,30200426.125,16000,30401689,30205835.25,16000,16000,1,1,1887.7943898721496,"Monte Carlo mask-averaged training risk; one fixed evaluation mask per training sample, independent of dynamic training masks",Monte Carlo population risk; independent test samples and one independent mask per sample,0.9933999901589542,0.993542417821249,0.4333483874797821,0.008532174862921238,4000,8.0,1887.4684872894288,1887.5266328125,0.99343059292792,-0.05814552307128906,0.061205813759251645,0.061610280946977625,1887.8354746818543,1887.864703125,0.9935578003577367,-0.029228443145751952,0.030766782258686266,0.030964552806489465,8.061297237873078e-06,1887.468495350726,-0.05813746177405119,3.1231970751832705e-06,fresh_dynamic_mask,original_fixed_evaluation_mask,-0.06774687021970749,1.3489549160003662,-0.018440857529640198,1.405876874923706,0.7639558911323547,0.5942329168319702,0.5277791023254395,0.6800000071525574,0.7400000095367432,0.4363230764865875,0.5878362655639648,6,6,0.3199999928474426,0.25999999046325684
9,0,4000,0.7477033734321594,0.8646984291833537,-0.6702356338500977,0.5908783078193665,0.5538243055343628,34.376686096191406,45.09504318237305,0.9891563057899475,1.2600688934326172,gaussian,1.0,8.0,16000,linear,identity,dynamic,0,dynamic,2000,1.0,0.05,bounded_heterogenous,1.0,0.75,0.25,4000,0.0001,0.05,1024,dynamic_mask_mae_adam,jax,cuda:0,0.4.30,bool,jax_threefry,torch.float32,torch.bool,128000000,32000000,160000000,128000000,32000000,256000000,256000000,0.375,0.375,0.25,2.5,1.0,2.0,100,10000,1601104,1585524.109375,16000,1600067,1584336.80078125,16000,16000,1,1,98.96647538399233,"Monte Carlo mask-averaged training risk; one fixed evaluation mask per training sample, independent of dynamic training masks",Monte Carlo population risk; independent test samples and one independent mask per sample,0.9899449193441535,0.9900249807971145,0.5027603507041931,0.014625038020312786,4000,8.0,99.0627981338501,99.0952568359375,0.9902692825544125,-0.03245870208740234,0.6491740417480468,0.6551010234756571,99.00664380931855,99.02105004882813,0.9901690371598502,-0.01440623950958252,0.2881247901916504,0.2909732729046155,3.6929894238710407e-06,99.06280182683952,-0.03245500909797847,4.4345226342557e-05,fresh_dynamic_mask,original_fixed_evaluation_mask,0.008989243768155575,1.0504412651062012,-0.00037383995368145406,1.0076534748077393,-1.7195210456848145,0.48707568645477295,0.5304790735244751,0.7799999713897705,0.7297999858856201,1.0397658348083496,0.9174556732177734,7,13,0.2200000286102295,0.2702000141143799
9,0,4000,0.7676317691802979,0.8761459748125867,-0.6859959959983826,0.6029238700866699,0.5634143352508545,34.725318908691406,45.09504318237305,0.9891563057899475,1.2600688934326172,gaussian,1.0,8.0,16000,linear,identity,dynamic,0,dynamic,2000,1.0,0.1,bounded_heterogenous,1.0,0.75,0.25,4000,0.0001,0.05,1024,dynamic_mask_mae_adam,jax,cuda:0,0.4.30,bool,jax_threefry,torch.float32,torch.bool,128000000,32000000,160000000,128000000,32000000,256000000,256000000,0.375,0.375,0.25,2.5,1.0,2.0,100,10000,3201236,3167336.4921875,16000,3199812,3168510.75,16000,16000,1,1,197.93295076798466,"Monte Carlo mask-averaged training risk; one fixed evaluation mask per training sample, independent of dynamic training masks",Monte Carlo population risk; independent test samples and one independent mask per sample,0.989068349394724,0.9900706519546811,0.501587450504303,0.014444430358707905,4000,8.0,197.89007540893556,197.95853076171875,0.9894104940052842,-0.06845535278320312,0.6845535278320312,0.6916130617842242,198.00249706077577,198.031921875,0.9902177846698493,-0.029424814224243163,0.2942481422424316,0.2971724350866456,3.768274188041687e-06,197.89007917720974,-0.06845158450901508,2.9025452022324316e-05,fresh_dynamic_mask,original_fixed_evaluation_mask,0.009122715331614017,1.0762332677841187,0.0008777353214100003,1.02287757396698,-1.7493457794189453,0.4768284559249878,0.5263474583625793,0.8100000023841858,0.729200005531311,1.1042745113372803,0.9580698013305664,7,8,0.1899999976158142,0.27079999446868896
9,0,4000,0.7779284119606018,0.882002501107906,-0.7171617746353149,0.6502299904823303,0.5992713570594788,36.061893463134766,45.09504318237305,0.9891563057899475,1.2600688934326172,gaussian,1.0,8.0,16000,linear,identity,dynamic,0,dynamic,2000,1.0,0.2,bounded_heterogenous,1.0,0.75,0.25,4000,0.0001,0.05,1024,dynamic_mask_mae_adam,jax,cuda:0,0.4.30,bool,jax_threefry,torch.float32,torch.bool,128000000,32000000,160000000,128000000,32000000,256000000,256000000,0.375,0.375,0.25,2.5,1.0,2.0,100,10000,6399736,6331269.671875,16000,6401773,6342042.859375,16000,16000,1,1,395.86590153596933,"Monte Carlo mask-averaged training risk; one fixed evaluation mask per training sample, independent of dynamic training masks",Monte Carlo population risk; independent test samples and one independent mask per sample,0.9889898437207629,0.9905201356314414,0.5006377100944519,0.013882736675441265,4000,8.0,395.5796191558838,395.7043544921875,0.9893016949253844,-0.12473533630371093,0.6236766815185546,0.630447124918776,396.3178162651062,396.3776787109375,0.9906697502980815,-0.05986244583129883,0.29931222915649414,0.30204751198903423,4.063937440514565e-06,395.57962321982126,-0.12473127236627042,1.860548036347609e-05,fresh_dynamic_mask,original_fixed_evaluation_mask,0.038467954844236374,1.1260987520217896,0.0005524919251911342,1.0608044862747192,-1.6095823049545288,0.4844760000705719,0.5189772844314575,0.7900000214576721,0.7329999804496765,1.049952507019043,0.9259656071662903,7,8,0.20999997854232788,0.2670000195503235
9,0,4000,0.7817386984825134,0.884159882873292,-0.744345486164093,0.6970433592796326,0.6332230567932129,37.33747100830078,45.09504318237305,0.9891563057899475,1.2600688934326172,gaussian,1.0,8.0,16000,linear,identity,dynamic,0,dynamic,2000,1.0,0.3,bounded_heterogenous,1.0,0.75,0.25,4000,0.0001,0.05,1024,dynamic_mask_mae_adam,jax,cuda:0,0.4.30,bool,jax_threefry,torch.float32,torch.bool,128000000,32000000,160000000,128000000,32000000,256000000,256000000,0.375,0.375,0.25,2.5,1.0,2.0,100,10000,9596415,9497338.96875,16000,9599975,9502416.0625,16000,16000,1,1,593.7988523039539,"Monte Carlo mask-averaged training risk; one fixed evaluation mask per training sample, independent of dynamic training masks",Monte Carlo population risk; independent test samples and one independent mask per sample,0.9893804621380338,0.9896897542122098,0.4883992075920105,0.013080673292279243,4000,8.0,593.4065942230225,593.583685546875,0.9896757246065327,-0.17709132385253906,0.5903044128417969,0.5966852801535527,593.812306137085,593.90100390625,0.9898375842124589,-0.08869776916503906,0.2956592305501302,0.29869546803817926,4.356520995497704e-06,593.4065985795435,-0.17708696733154355,1.3791292985843029e-05,fresh_dynamic_mask,original_fixed_evaluation_mask,0.030150799080729485,1.1555041074752808,-7.053108129184693e-05,1.0948655605316162,-1.6061642169952393,0.4797931909561157,0.5168461799621582,0.8100000023841858,0.7351999878883362,1.082582950592041,0.9591189622879028,7,8,0.1899999976158142,0.2648000121116638
9,0,4000,0.7832352519035339,0.8850057920169415,-0.7737865447998047,0.7518348097801208,0.6726633310317993,38.77717590332031,45.09504318237305,0.9891563057899475,1.2600688934326172,gaussian,1.0,8.0,16000,linear,identity,dynamic,0,dynamic,2000,1.0,0.4,bounded_heterogenous,1.0,0.75,0.25,4000,0.0001,0.05,1024,dynamic_mask_mae_adam,jax,cuda:0,0.4.30,bool,jax_threefry,torch.float32,torch.bool,128000000,32000000,160000000,128000000,32000000,256000000,256000000,0.375,0.375,0.25,2.5,1.0,2.0,100,10000,12796937,12661313.1875,16000,12798303,12664010.09375,16000,16000,1,1,791.7318030719387,"Monte Carlo mask-averaged training risk; one fixed evaluation mask per training sample, independent of dynamic training masks",Monte Carlo population risk; independent test samples and one independent mask per sample,0.9891317021334322,0.9893691505508613,0.48381826281547546,0.012476881965994835,4000,8.0,791.1160048065185,791.33207421875,0.98940185354511,-0.21606941223144532,0.5401735305786133,0.5460903690648333,791.3903854751587,791.500630859375,0.989506975553712,-0.1102453842163086,0.27561346054077146,0.27857307983847335,4.698967561125755e-06,791.1160095054861,-0.2160647132638842,1.0768020729301497e-05,fresh_dynamic_mask,original_fixed_evaluation_mask,0.037078045308589935,1.2022534608840942,5.538921323022805e-05,1.132493019104004,-1.5703299045562744,0.47257113456726074,0.5151066780090332,0.800000011920929,0.7371000051498413,1.1190110445022583,0.9738320112228394,7,8,0.19999998807907104,0.2628999948501587
9,0,4000,0.7835363149642944,0.8851758666865553,-0.8058108687400818,0.8150408864021301,0.7202066779136658,40.374271392822266,45.09504318237305,0.9891563057899475,1.2600688934326172,gaussian,1.0,8.0,16000,linear,identity,dynamic,0,dynamic,2000,1.0,0.5,bounded_heterogenous,1.0,0.75,0.25,4000,0.0001,0.05,1024,dynamic_mask_mae_adam,jax,cuda:0,0.4.30,bool,jax_threefry,torch.float32,torch.bool,128000000,32000000,160000000,128000000,32000000,256000000,256000000,0.375,0.375,0.25,2.5,1.0,2.0,100,10000,15997826,15828785.9375,16000,15998317,15830689.5,16000,16000,1,1,989.6647538399233,"Monte Carlo mask-averaged training risk; one fixed evaluation mask per training sample, independent of dynamic training masks",Monte Carlo population risk; independent test samples and one independent mask per sample,0.9891884273246087,0.9894015278428877,0.4845658242702484,0.01200184691697359,4000,8.0,989.0540213470459,989.29912109375,0.9894335603787665,-0.24509974670410156,0.4901994934082031,0.49550179814805695,989.2974551696777,989.41809375,0.9895221791142156,-0.12063858032226563,0.24127716064453125,0.24385763932222027,5.094005540013314e-06,989.0540264410515,-0.24509465269856154,8.69338236952899e-06,fresh_dynamic_mask,original_fixed_evaluation_mask,0.060329947620630264,1.2549140453338623,-0.0005561151774600148,1.1745940446853638,-1.468523383140564,0.47902539372444153,0.512320339679718,0.7900000214576721,0.7379000186920166,1.0804436206817627,0.9490005970001221,7,11,0.20999997854232788,0.2620999813079834
9,0,4000,0.7783852815628052,0.8822614587313702,-0.8390620350837708,0.8895407319068909,0.7766945362091064,42.179161071777344,45.09504318237305,0.9891563057899475,1.2600688934326172,gaussian,1.0,8.0,16000,linear,identity,dynamic,0,dynamic,2000,1.0,0.6,bounded_heterogenous,1.0,0.75,0.25,4000,0.0001,0.05,1024,dynamic_mask_mae_adam,jax,cuda:0,0.4.30,bool,jax_threefry,torch.float32,torch.bool,128000000,32000000,160000000,128000000,32000000,256000000,256000000,0.375,0.375,0.25,2.5,1.0,2.0,100,10000,19199130,18993328.0,16000,19198535,18996551.4375,16000,16000,1,1,1187.5977046079079,"Monte Carlo mask-averaged training risk; one fixed evaluation mask per training sample, independent of dynamic training masks",Monte Carlo population risk; independent test samples and one independent mask per sample,0.9890706577182794,0.9893740366925499,0.48324382305145264,0.011456933803856373,4000,8.0,1186.8310085449218,1187.083,0.9892806601132447,-0.251991455078125,0.41998575846354164,0.4245557472866146,1187.158254470825,1187.28446484375,0.9894792200290282,-0.1262103729248047,0.21035062154134115,0.21260342683149247,5.559629574418068e-06,1186.8310141045513,-0.25198589544855055,7.31021737010451e-06,fresh_dynamic_mask,original_fixed_evaluation_mask,0.07262828201055527,1.2846736907958984,0.0005933730863034725,1.2225775718688965,-1.44395112991333,0.4793139398097992,0.5125554800033569,0.7900000214576721,0.7422000169754028,1.084297776222229,0.9715039134025574,7,14,0.20999997854232788,0.25779998302459717
9,0,4000,0.7813593149185181,0.8839453121763349,-0.8844996094703674,0.9847292304039001,0.8462977409362793,44.37858581542969,45.09504318237305,0.9891563057899475,1.2600688934326172,gaussian,1.0,8.0,16000,linear,identity,dynamic,0,dynamic,2000,1.0,0.7,bounded_heterogenous,1.0,0.75,0.25,4000,0.0001,0.05,1024,dynamic_mask_mae_adam,jax,cuda:0,0.4.30,bool,jax_threefry,torch.float32,torch.bool,128000000,32000000,160000000,128000000,32000000,256000000,256000000,0.375,0.375,0.25,2.5,1.0,2.0,100,10000,22399156,22160569.125,16000,22396361,22164665.5,16000,16000,1,1,1385.5306553758926,"Monte Carlo mask-averaged training risk; one fixed evaluation mask per training sample, independent of dynamic training masks",Monte Carlo population risk; independent test samples and one independent mask per sample,0.9891784017778149,0.9895742390490566,0.46459895372390747,0.010468990541994572,4000,8.0,1384.7975833282471,1385.0355703125,0.9893483988861009,-0.2379869842529297,0.3399814060756139,0.3436546892428005,1385.1788683776856,1385.29159375,0.9896547702548641,-0.11272537231445312,0.16103624616350448,0.16274605696442457,6.154557690024376e-06,1384.7975894828048,-0.23798082969523968,6.3635598053224385e-06,fresh_dynamic_mask,original_fixed_evaluation_mask,0.07383307814598083,1.3496311902999878,0.0011050064349547029,1.2814557552337646,-1.381749153137207,0.4821995198726654,0.5097510814666748,0.7799999713897705,0.7432000041007996,1.0791711807250977,0.9803627729415894,7,8,0.2200000286102295,0.25679999589920044
9,0,4000,0.7788836359977722,0.8825438436688413,-0.9330484867095947,1.099279522895813,0.9321936964988708,46.8887939453125,45.09504318237305,0.9891563057899475,1.2600688934326172,gaussian,1.0,8.0,16000,linear,identity,dynamic,0,dynamic,2000,1.0,0.8,bounded_heterogenous,1.0,0.75,0.25,4000,0.0001,0.05,1024,dynamic_mask_mae_adam,jax,cuda:0,0.4.30,bool,jax_threefry,torch.float32,torch.bool,128000000,32000000,160000000,128000000,32000000,256000000,256000000,0.375,0.375,0.25,2.5,1.0,2.0,100,10000,25599073,25325882.5625,16000,25597144,25329766.6875,16000,16000,1,1,1583.4636061438773,"Monte Carlo mask-averaged training risk; one fixed evaluation mask per training sample, independent of dynamic training masks",Monte Carlo population risk; independent test samples and one independent mask per sample,0.9892039095624063,0.9894955955660644,0.4609527885913849,0.00983076635748148,4000,8.0,1582.6689432983399,1582.86766015625,0.9893281120960904,-0.19871685791015625,0.24839607238769532,0.2510846142254053,1583.0163279418946,1583.11041796875,0.9895544083941552,-0.09409002685546874,0.11761253356933593,0.11886729540466767,6.8704970180988315e-06,1582.6689501688368,-0.19870998741313817,5.4986712711979635e-06,fresh_dynamic_mask,original_fixed_evaluation_mask,0.0695197656750679,1.4260425567626953,0.0015536461723968387,1.3488261699676514,-1.3100526332855225,0.47931382060050964,0.5082507133483887,0.7699999809265137,0.7427999973297119,1.0910370349884033,0.9813463091850281,7,8,0.23000001907348633,0.2572000026702881
9,0,4000,0.7724468111991882,0.8788895329898907,-0.9870556592941284,1.2404721975326538,1.0279737710952759,49.809078216552734,45.09504318237305,0.9891563057899475,1.2600688934326172,gaussian,1.0,8.0,16000,linear,identity,dynamic,0,dynamic,2000,1.0,0.9,bounded_heterogenous,1.0,0.75,0.25,4000,0.0001,0.05,1024,dynamic_mask_mae_adam,jax,cuda:0,0.4.30,bool,jax_threefry,torch.float32,torch.bool,128000000,32000000,160000000,128000000,32000000,256000000,256000000,0.375,0.375,0.25,2.5,1.0,2.0,100,10000,28801186,28500836.625,16000,28796989,28497046.375,16000,16000,1,1,1781.3965569118618,"Monte Carlo mask-averaged training risk; one fixed evaluation mask per training sample, independent of dynamic training masks",Monte Carlo population risk; independent test samples and one independent mask per sample,0.989505306016813,0.9895529265862236,0.456130713224411,0.009157582186162472,4000,8.0,1781.1828979110717,1781.3022890625,0.9895716317029445,-0.11939115142822265,0.13265683492024738,0.13404928760407664,1781.0090463638305,1781.0653984375,0.9895842365672328,-0.056352073669433594,0.06261341518825955,0.06327906175584985,7.752951234579086e-06,1781.1829056640229,-0.11938339847698808,4.387906756164739e-06,fresh_dynamic_mask,original_fixed_evaluation_mask,0.08431665599346161,1.4909327030181885,0.00015254764002747834,1.42336905002594,-1.2992044687271118,0.4744427800178528,0.5074383616447449,0.75,0.7454000115394592,1.13377046585083,1.0306060314178467,7,8,0.25,0.25459998846054077
9,0,4000,0.7665608525276184,0.8755346095544244,-1.013045072555542,1.3166890144348145,1.070227026939392,51.31644821166992,45.09504318237305,0.9891563057899475,1.2600688934326172,gaussian,1.0,8.0,16000,linear,identity,dynamic,0,dynamic,2000,1.0,0.95,bounded_heterogenous,1.0,0.75,0.25,4000,0.0001,0.05,1024,dynamic_mask_mae_adam,jax,cuda:0,0.4.30,bool,jax_threefry,torch.float32,torch.bool,128000000,32000000,160000000,128000000,32000000,256000000,256000000,0.375,0.375,0.25,2.5,1.0,2.0,100,10000,30402192,30085996.125,16000,30398140,30083694.125,16000,16000,1,1,1880.363032295854,"Monte Carlo mask-averaged training risk; one fixed evaluation mask per training sample, independent of dynamic training masks",Monte Carlo population risk; independent test samples and one independent mask per sample,0.9895673814175778,0.9896400008621213,0.4319501519203186,0.008417381905019283,4000,8.0,1880.313595424652,1880.3747578125,0.9895995698270703,-0.06116238784790039,0.06438146089252672,0.06505340235385404,1880.2009559879302,1880.2308828125,0.9896557527861902,-0.029926824569702148,0.03150192059968647,0.03183313798671428,8.22930634021759e-06,1880.3136036539584,-0.06115415854156017,3.2071191071736393e-06,fresh_dynamic_mask,original_fixed_evaluation_mask,0.0866919532418251,1.5231684446334839,0.0005912330816499889,1.4536908864974976,-1.2008906602859497,0.48442620038986206,0.5061762928962708,0.7599999904632568,0.7465999722480774,1.0565131902694702,0.9730128645896912,7,7,0.24000000953674316,0.2534000277519226
10,0,4000,0.7679303884506226,0.8763163746333984,0.674151599407196,0.5963619351387024,0.558746874332428,34.535831451416016,44.55092239379883,1.0008671283721924,1.2813241481781006,gaussian,1.0,8.0,16000,linear,identity,dynamic,0,dynamic,2000,1.0,0.05,bounded_heterogenous,1.0,0.75,0.25,4000,0.0001,0.05,1024,dynamic_mask_mae_adam,jax,cuda:0,0.4.30,bool,jax_threefry,torch.float32,torch.bool,128000000,32000000,160000000,128000000,32000000,256000000,256000000,0.375,0.375,0.25,2.5,1.0,2.0,100,10000,1601360,1601436.171875,16000,1599509,1598734.30078125,16000,16000,1,1,100.13633382998125,"Monte Carlo mask-averaged training risk; one fixed evaluation mask per training sample, independent of dynamic training masks",Monte Carlo population risk; independent test samples and one independent mask per sample,0.9997469624993255,0.9993939745827433,0.4990580379962921,0.014450442977249622,4000,8.0,100.059674741745,100.0897607421875,1.0000475669899336,-0.03008600044250488,0.6017200088500976,0.6011803848746666,99.90872855567932,99.92089379882813,0.999515664357781,-0.012165243148803712,0.24330486297607423,0.24349748458618592,3.72726209461689e-06,100.0596784690071,-0.030082273180410266,4.5428736484609544e-05,fresh_dynamic_mask,original_fixed_evaluation_mask,0.041180361062288284,1.0881010293960571,0.010210246779024601,1.0028858184814453,1.557615876197815,0.5027475953102112,0.5314664244651794,0.7599999904632568,0.730400025844574,0.9459390044212341,0.8205853700637817,7,7,0.24000000953674316,0.269599974155426
10,0,4000,0.7824759483337402,0.884576705737688,0.6896569728851318,0.6125081181526184,0.568544328212738,35.0002326965332,44.55092239379883,1.0008671283721924,1.2813241481781006,gaussian,1.0,8.0,16000,linear,identity,dynamic,0,dynamic,2000,1.0,0.1,bounded_heterogenous,1.0,0.75,0.25,4000,0.0001,0.05,1024,dynamic_mask_mae_adam,jax,cuda:0,0.4.30,bool,jax_threefry,torch.float32,torch.bool,128000000,32000000,160000000,128000000,32000000,256000000,256000000,0.375,0.375,0.25,2.5,1.0,2.0,100,10000,3203308,3206937.84375,16000,3198877,3201677.328125,16000,16000,1,1,200.2726676599625,"Monte Carlo mask-averaged training risk; one fixed evaluation mask per training sample, independent of dynamic training masks",Monte Carlo population risk; independent test samples and one independent mask per sample,1.0008099340243424,1.0007320809693832,0.4863205552101135,0.013894782401621342,4000,8.0,200.368904258728,200.433615234375,1.0011331547731284,-0.06471097564700176,0.6471097564700176,0.6457098084204915,200.0761773109436,200.1048330078125,1.0008754097531727,-0.028655696868896484,0.2865569686889648,0.2864068442343104,3.8281757384538656e-06,200.36890808690376,-0.06470714747126331,3.066923818551004e-05,fresh_dynamic_mask,original_fixed_evaluation_mask,0.06473460048437119,1.1182435750961304,0.007889279164373875,1.016892433166504,1.5758647918701172,0.49308282136917114,0.5290505886077881,0.7699999809265137,0.7276999950408936,1.0046974420547485,0.8472906947135925,7,14,0.23000001907348633,0.27230000495910645
10,0,4000,0.7912552356719971,0.8895252866962227,0.714595377445221,0.6503100395202637,0.5973496437072754,36.064109802246094,44.55092239379883,1.0008671283721924,1.2813241481781006,gaussian,1.0,8.0,16000,linear,identity,dynamic,0,dynamic,2000,1.0,0.2,bounded_heterogenous,1.0,0.75,0.25,4000,0.0001,0.05,1024,dynamic_mask_mae_adam,jax,cuda:0,0.4.30,bool,jax_threefry,torch.float32,torch.bool,128000000,32000000,160000000,128000000,32000000,256000000,256000000,0.375,0.375,0.25,2.5,1.0,2.0,100,10000,6402104,6407047.734375,16000,6398830,6407359.140625,16000,16000,1,1,400.545335319925,"Monte Carlo mask-averaged training risk; one fixed evaluation mask per training sample, independent of dynamic training masks",Monte Carlo population risk; independent test samples and one independent mask per sample,1.0004601431081412,1.0011770479980722,0.4879263639450073,0.013529417105019093,4000,8.0,400.3156177520752,400.4404833984375,1.0007722046338203,-0.12486564636230468,0.6243282318115234,0.6236414725233619,400.39760812759397,400.4599462890625,1.0013329218974407,-0.06233816146850586,0.3116908073425293,0.3113328164086049,4.064437747001648e-06,400.31562181651293,-0.12486158192455768,1.930031066876836e-05,fresh_dynamic_mask,original_fixed_evaluation_mask,0.08278259634971619,1.1558963060379028,0.007579049561172724,1.0467491149902344,1.5287842750549316,0.4922415018081665,0.5271918177604675,0.7799999713897705,0.7287999987602234,1.010239601135254,0.8497359156608582,7,11,0.2200000286102295,0.2712000012397766
10,0,4000,0.796667218208313,0.8925621648985089,0.743500828742981,0.6992018222808838,0.6367402076721191,37.39523696899414,44.55092239379883,1.0008671283721924,1.2813241481781006,gaussian,1.0,8.0,16000,linear,identity,dynamic,0,dynamic,2000,1.0,0.3,bounded_heterogenous,1.0,0.75,0.25,4000,0.0001,0.05,1024,dynamic_mask_mae_adam,jax,cuda:0,0.4.30,bool,jax_threefry,torch.float32,torch.bool,128000000,32000000,160000000,128000000,32000000,256000000,256000000,0.375,0.375,0.25,2.5,1.0,2.0,100,10000,9602681,9607455.0625,16000,9600404,9614962.0625,16000,16000,1,1,600.8180029798875,"Monte Carlo mask-averaged training risk; one fixed evaluation mask per training sample, independent of dynamic training masks",Monte Carlo population risk; independent test samples and one independent mask per sample,1.00020831284684,1.001376946346314,0.47777557373046875,0.012776375748217106,4000,8.0,600.2925851135254,600.46594140625,1.0004971593349816,-0.17335629272460937,0.5778543090820313,0.5774059135430498,600.8514525756838,600.93512890625,1.00151640102854,-0.08367633056628984,0.2789211018876328,0.2784870663778971,4.370011389255524e-06,600.2925894835369,-0.1733519227132201,1.4034471860213671e-05,fresh_dynamic_mask,original_fixed_evaluation_mask,0.06975685060024261,1.1849544048309326,0.006804804317653179,1.0850296020507812,1.5623267889022827,0.48040542006492615,0.5262470841407776,0.7799999713897705,0.732200026512146,1.0830646753311157,0.9041830897331238,7,8,0.2200000286102295,0.267799973487854
10,0,4000,0.7962484359741211,0.892327538504848,0.7718376517295837,0.7539107799530029,0.6760050058364868,38.8306770324707,44.55092239379883,1.0008671283721924,1.2813241481781006,gaussian,1.0,8.0,16000,linear,identity,dynamic,0,dynamic,2000,1.0,0.4,bounded_heterogenous,1.0,0.75,0.25,4000,0.0001,0.05,1024,dynamic_mask_mae_adam,jax,cuda:0,0.4.30,bool,jax_threefry,torch.float32,torch.bool,128000000,32000000,160000000,128000000,32000000,256000000,256000000,0.375,0.375,0.25,2.5,1.0,2.0,100,10000,12803141,12814359.875,16000,12801468,12821970.5625,16000,16000,1,1,801.09067063985,"Monte Carlo mask-averaged training risk; one fixed evaluation mask per training sample, independent of dynamic training masks",Monte Carlo population risk; independent test samples and one independent mask per sample,1.0006020412524528,1.0014786062669176,0.4676027297973633,0.012042095884680748,4000,8.0,800.6780636901856,800.8974921875,1.0008762595834881,-0.21942849731445313,0.5485712432861328,0.5479565099277828,801.274770675659,801.37316015625,1.0016015790142192,-0.09838948059093673,0.24597370147734182,0.24555222331557047,4.711942374706269e-06,800.6780684021279,-0.21942378537207843,1.0775512237160001e-05,fresh_dynamic_mask,original_fixed_evaluation_mask,0.055501870810985565,1.214206337928772,0.0070353103801608086,1.12203049659729,1.5135480165481567,0.4826865792274475,0.5244603157043457,0.7699999809265137,0.7324000000953674,1.0695167779922485,0.9096338152885437,7,8,0.23000001907348633,0.26759999990463257
10,0,4000,0.7994576692581177,0.8941239675000988,0.804209291934967,0.8151907920837402,0.721909761428833,40.37797927856445,44.55092239379883,1.0008671283721924,1.2813241481781006,gaussian,1.0,8.0,16000,linear,identity,dynamic,0,dynamic,2000,1.0,0.5,bounded_heterogenous,1.0,0.75,0.25,4000,0.0001,0.05,1024,dynamic_mask_mae_adam,jax,cuda:0,0.4.30,bool,jax_threefry,torch.float32,torch.bool,128000000,32000000,160000000,128000000,32000000,256000000,256000000,0.375,0.375,0.25,2.5,1.0,2.0,100,10000,16002170,16016059.8125,16000,16000090,16026159.5,16000,16000,1,1,1001.3633382998125,"Monte Carlo mask-averaged training risk; one fixed evaluation mask per training sample, independent of dynamic training masks",Monte Carlo population risk; independent test samples and one independent mask per sample,1.0006275593727336,1.0015211551016447,0.4611597955226898,0.011421069502830505,4000,8.0,1000.7632694854735,1001.00373828125,1.0008679955593522,-0.2404687957764836,0.4809375915529672,0.4804553401356326,1001.5267886581422,1001.63496875,1.001629334584993,-0.10818009185779374,0.2163601837155875,0.21600701898982777,5.094942450523377e-06,1000.763274580416,-0.2404637008340331,8.683950909471605e-06,fresh_dynamic_mask,original_fixed_evaluation_mask,0.04975966364145279,1.2652809619903564,0.008401556871831417,1.1637626886367798,1.4838064908981323,0.4748653769493103,0.5230012536048889,0.7699999809265137,0.7321000099182129,1.1121690273284912,0.9290851354598999,7,8,0.23000001907348633,0.2678999900817871
10,0,4000,0.800716757774353,0.8948277810698285,0.8404163122177124,0.888846218585968,0.775617778301239,42.162689208984375,44.55092239379883,1.0008671283721924,1.2813241481781006,gaussian,1.0,8.0,16000,linear,identity,dynamic,0,dynamic,2000,1.0,0.6,bounded_heterogenous,1.0,0.75,0.25,4000,0.0001,0.05,1024,dynamic_mask_mae_adam,jax,cuda:0,0.4.30,bool,jax_threefry,torch.float32,torch.bool,128000000,32000000,160000000,128000000,32000000,256000000,256000000,0.375,0.375,0.25,2.5,1.0,2.0,100,10000,19202447,19215274.625,16000,19199744,19229466.8125,16000,16000,1,1,1201.636005959775,"Monte Carlo mask-averaged training risk; one fixed evaluation mask per training sample, independent of dynamic training masks",Monte Carlo population risk; independent test samples and one independent mask per sample,1.0004554598994637,1.0014531716316337,0.46345603466033936,0.010992088355123997,4000,8.0,1200.6995590362549,1200.9546640625,1.0006680203309506,-0.25510502624511716,0.42517504374186194,0.4248370631780851,1201.7277827072144,1201.84167578125,1.0015480837921589,-0.11389307403564453,0.18982179005940755,0.18953091131845845,5.5552888661623e-06,1200.6995645915438,-0.255099470956251,7.124885087250732e-06,fresh_dynamic_mask,original_fixed_evaluation_mask,0.04618418216705322,1.3163660764694214,0.00981102418154478,1.2106746435165405,1.4031363725662231,0.47949570417404175,0.5197016596794128,0.7900000214576721,0.7339000105857849,1.0831385850906372,0.919676661491394,7,8,0.20999997854232788,0.2660999894142151
10,0,4000,0.7996679544448853,0.8942415526270769,0.8826402425765991,0.981689989566803,0.8455623984336853,44.31004333496094,44.55092239379883,1.0008671283721924,1.2813241481781006,gaussian,1.0,8.0,16000,linear,identity,dynamic,0,dynamic,2000,1.0,0.7,bounded_heterogenous,1.0,0.75,0.25,4000,0.0001,0.05,1024,dynamic_mask_mae_adam,jax,cuda:0,0.4.30,bool,jax_threefry,torch.float32,torch.bool,128000000,32000000,160000000,128000000,32000000,256000000,256000000,0.375,0.375,0.25,2.5,1.0,2.0,100,10000,22399433,22416049.0,16000,22400709,22433049.6875,16000,16000,1,1,1401.9086736197376,"Monte Carlo mask-averaged training risk; one fixed evaluation mask per training sample, independent of dynamic training masks",Monte Carlo population risk; independent test samples and one independent mask per sample,1.0005683104254839,1.0013696428622596,0.4576209783554077,0.010327703319489956,4000,8.0,1400.7601769561768,1401.0030625,1.000741804491212,-0.24288554382324218,0.3469793483189174,0.34673092489856394,1401.9618731994628,1402.06560546875,1.0014437349951737,-0.10373226928710938,0.14818895612444197,0.14797063544325084,6.135562434792519e-06,1400.7601830917392,-0.2428794082608074,6.177338946145028e-06,fresh_dynamic_mask,original_fixed_evaluation_mask,0.05712941288948059,1.3743877410888672,0.010233868844807148,1.2694101333618164,1.330737590789795,0.48033881187438965,0.5180230736732483,0.7799999713897705,0.7347999811172485,1.0734025239944458,0.917915403842926,7,7,0.2200000286102295,0.26520001888275146
10,0,4000,0.7968973517417908,0.8926910729596161,-0.9313079118728638,1.0967326164245605,0.9272691607475281,46.834442138671875,44.55092239379883,1.0008671283721924,1.2813241481781006,gaussian,1.0,8.0,16000,linear,identity,dynamic,0,dynamic,2000,1.0,0.8,bounded_heterogenous,1.0,0.75,0.25,4000,0.0001,0.05,1024,dynamic_mask_mae_adam,jax,cuda:0,0.4.30,bool,jax_threefry,torch.float32,torch.bool,128000000,32000000,160000000,128000000,32000000,256000000,256000000,0.375,0.375,0.25,2.5,1.0,2.0,100,10000,25598270,25619747.0,16000,25602622,25641364.875,16000,16000,1,1,1602.1813412797,"Monte Carlo mask-averaged training risk; one fixed evaluation mask per training sample, independent of dynamic training masks",Monte Carlo population risk; independent test samples and one independent mask per sample,1.000712080162592,1.001461756745849,0.46512749791145325,0.009931311942636967,4000,8.0,1601.0311262664795,1601.2341875,1.0008390020106828,-0.2030612335205078,0.25382654190063475,0.25363089934704597,1602.5029253387452,1602.5853046875,1.0015132385659562,-0.08237934875488281,0.10297418594360351,0.10280806708240497,6.854578852653503e-06,1601.0311331210585,-0.20305437894165515,5.255735231912695e-06,fresh_dynamic_mask,original_fixed_evaluation_mask,-0.05269395932555199,1.4487730264663696,-0.010193371213972569,1.3358814716339111,-1.3136560916900635,0.4723854959011078,0.5162777304649353,0.7799999713897705,0.7365000247955322,1.1308882236480713,0.9587268829345703,7,8,0.2200000286102295,0.2634999752044678
10,0,4000,0.7913694381713867,0.8895894773272595,-0.9881981611251831,1.2434417009353638,1.0310766696929932,49.8686637878418,44.55092239379883,1.0008671283721924,1.2813241481781006,gaussian,1.0,8.0,16000,linear,identity,dynamic,0,dynamic,2000,1.0,0.9,bounded_heterogenous,1.0,0.75,0.25,4000,0.0001,0.05,1024,dynamic_mask_mae_adam,jax,cuda:0,0.4.30,bool,jax_threefry,torch.float32,torch.bool,128000000,32000000,160000000,128000000,32000000,256000000,256000000,0.375,0.375,0.25,2.5,1.0,2.0,100,10000,28800169,28822909.125,16000,28800134,28840392.25,16000,16000,1,1,1802.4540089396626,"Monte Carlo mask-averaged training risk; one fixed evaluation mask per training sample, independent of dynamic training masks",Monte Carlo population risk; independent test samples and one independent mask per sample,1.0007164942256122,1.0013725927046313,0.4471982717514038,0.008967521600425243,4000,8.0,1801.300259674072,1801.4318203125,1.000789583040294,-0.1315606384279672,0.14617848714218576,0.14606230104807771,1802.4790533638002,1802.524515625,1.001397849398895,-0.04546226119971834,0.0505136235552426,0.050442876982303986,7.771510630846023e-06,1801.3002674455827,-0.13155286691733636,4.23339997723815e-06,fresh_dynamic_mask,original_fixed_evaluation_mask,-0.05753389373421669,1.5274730920791626,-0.009238610975444317,1.413164734840393,-1.2316116094589233,0.47494128346443176,0.5143775939941406,0.7799999713897705,0.738099992275238,1.1135611534118652,0.9542031288146973,7,7,0.2200000286102295,0.26190000772476196
10,0,4000,0.787307858467102,0.8873037013712397,-1.0236352682113647,1.3411040306091309,1.0970127582550049,51.7900390625,44.55092239379883,1.0008671283721924,1.2813241481781006,gaussian,1.0,8.0,16000,linear,identity,dynamic,0,dynamic,2000,1.0,0.95,bounded_heterogenous,1.0,0.75,0.25,4000,0.0001,0.05,1024,dynamic_mask_mae_adam,jax,cuda:0,0.4.30,bool,jax_threefry,torch.float32,torch.bool,128000000,32000000,160000000,128000000,32000000,256000000,256000000,0.375,0.375,0.25,2.5,1.0,2.0,100,10000,30400834,30424491.625,16000,30400046,30444126.125,16000,16000,1,1,1902.5903427696437,"Monte Carlo mask-averaged training risk; one fixed evaluation mask per training sample, independent of dynamic training masks",Monte Carlo population risk; independent test samples and one independent mask per sample,1.0007431324881453,1.0014368799381765,0.43363797664642334,0.008372999727725983,4000,8.0,1901.464115463257,1901.5307265625,1.000778189999656,-0.06661109924293124,0.07011694657150656,0.07006050263869135,1902.7329510135653,1902.7578828125,1.0014500019177603,-0.024931798934703694,0.026243998878635467,0.026205960474534606,8.381900191307069e-06,1901.4641238451572,-0.06660271734273993,3.240903424739372e-06,fresh_dynamic_mask,original_fixed_evaluation_mask,-0.07114821672439575,1.5970144271850586,-0.00935764517635107,1.4603992700576782,-1.1625009775161743,0.47695428133010864,0.5134913325309753,0.7799999713897705,0.7390000224113464,1.0960943698883057,0.9316104650497437,7,7,0.2200000286102295,0.26099997758865356
11,0,4000,0.7628682255744934,0.8734232797301051,-0.6848008036613464,0.6023081541061401,0.5437648892402649,34.707584381103516,45.17988204956055,1.0005030632019043,1.2819180488586426,gaussian,1.0,8.0,16000,linear,identity,dynamic,0,dynamic,2000,1.0,0.05,bounded_heterogenous,1.0,0.75,0.25,4000,0.0001,0.05,1024,dynamic_mask_mae_adam,jax,cuda:0,0.4.30,bool,jax_threefry,torch.float32,torch.bool,128000000,32000000,160000000,128000000,32000000,256000000,256000000,0.375,0.375,0.25,2.5,1.0,2.0,100,10000,1600061,1599604.62890625,16000,1599598,1604449.984375,16000,16000,1,1,100.10134249434029,"Monte Carlo mask-averaged training risk; one fixed evaluation mask per training sample, independent of dynamic training masks",Monte Carlo population risk; independent test samples and one independent mask per sample,0.9994131437308593,1.0028583870082368,0.517398476600647,0.014907360076904297,4000,8.0,99.94512463569642,99.97528930664062,0.9997147789404591,-0.030164670944213868,0.6032934188842773,0.6034425337184679,100.2606418838501,100.2781240234375,1.003033252339025,-0.017482139587402343,0.34964279174804686,0.34867304823760215,3.764425963163376e-06,99.94512840012239,-0.030160906518250704,4.3131069105584174e-05,fresh_dynamic_mask,original_fixed_evaluation_mask,0.03870606794953346,0.9637402296066284,0.018113667145371437,1.0064904689788818,-1.918379783630371,0.46561092138290405,0.518804669380188,0.7900000214576721,0.7391999959945679,1.1319388151168823,1.055782675743103,7,8,0.20999997854232788,0.26080000400543213
11,0,4000,0.7726965546607971,0.8790316004904472,-0.6940024495124817,0.6107349991798401,0.5457249879837036,34.94953536987305,45.17988204956055,1.0005030632019043,1.2819180488586426,gaussian,1.0,8.0,16000,linear,identity,dynamic,0,dynamic,2000,1.0,0.1,bounded_heterogenous,1.0,0.75,0.25,4000,0.0001,0.05,1024,dynamic_mask_mae_adam,jax,cuda:0,0.4.30,bool,jax_threefry,torch.float32,torch.bool,128000000,32000000,160000000,128000000,32000000,256000000,256000000,0.375,0.375,0.25,2.5,1.0,2.0,100,10000,3200158,3201291.390625,16000,3200866,3207787.109375,16000,16000,1,1,200.20268498868057,"Monte Carlo mask-averaged training risk; one fixed evaluation mask per training sample, independent of dynamic training masks",Monte Carlo population risk; independent test samples and one independent mask per sample,1.000054048806865,1.0020117756525542,0.49904873967170715,0.014279124327003956,4000,8.0,200.02068529510498,200.0807119140625,1.0003541670833127,-0.06002661895751953,0.6002661895751953,0.6000240441297322,200.45658901786805,200.4866943359375,1.0021622615176642,-0.030105318069458008,0.30105318069458004,0.30032235474952707,3.817093744874e-06,200.02068911219874,-0.06002280186377466,2.9501738026738167e-05,fresh_dynamic_mask,original_fixed_evaluation_mask,0.02966024912893772,0.969588577747345,0.0175379179418087,1.0133774280548096,-1.9636222124099731,0.4612613022327423,0.5173993706703186,0.7599999904632568,0.7422000169754028,1.1701686382293701,1.09392249584198,7,15,0.24000000953674316,0.25779998302459717
11,0,4000,0.7810170650482178,0.8837516987526631,-0.7232415080070496,0.6562146544456482,0.5786617398262024,36.22746658325195,45.17988204956055,1.0005030632019043,1.2819180488586426,gaussian,1.0,8.0,16000,linear,identity,dynamic,0,dynamic,2000,1.0,0.2,bounded_heterogenous,1.0,0.75,0.25,4000,0.0001,0.05,1024,dynamic_mask_mae_adam,jax,cuda:0,0.4.30,bool,jax_threefry,torch.float32,torch.bool,128000000,32000000,160000000,128000000,32000000,256000000,256000000,0.375,0.375,0.25,2.5,1.0,2.0,100,10000,6400421,6403244.6875,16000,6399006,6410244.703125,16000,16000,1,1,400.40536997736115,"Monte Carlo mask-averaged training risk; one fixed evaluation mask per training sample, independent of dynamic training masks",Monte Carlo population risk; independent test samples and one independent mask per sample,1.000163061306552,1.0016050707692585,0.4825957119464874,0.013321265578269958,4000,8.0,400.09154131317143,400.20279296875,1.0004411721510194,-0.11125165557855507,0.5562582778927753,0.5559764076270568,400.5798035926819,400.6402939453125,1.0017563201417532,-0.06049035263061524,0.30245176315307615,0.3019683918206173,4.101341590285301e-06,400.091545414513,-0.11124755423696478,1.8716864360612817e-05,fresh_dynamic_mask,original_fixed_evaluation_mask,0.020893393084406853,1.013007402420044,0.018535517156124115,1.048149585723877,-1.8783975839614868,0.46100714802742004,0.5154921412467957,0.75,0.7436000108718872,1.1709294319152832,1.085166335105896,7,8,0.25,0.2563999891281128
11,0,4000,0.7868613004684448,0.887052028050466,-0.7527270317077637,0.7055318355560303,0.6149269938468933,37.56413650512695,45.17988204956055,1.0005030632019043,1.2819180488586426,gaussian,1.0,8.0,16000,linear,identity,dynamic,0,dynamic,2000,1.0,0.3,bounded_heterogenous,1.0,0.75,0.25,4000,0.0001,0.05,1024,dynamic_mask_mae_adam,jax,cuda:0,0.4.30,bool,jax_threefry,torch.float32,torch.bool,128000000,32000000,160000000,128000000,32000000,256000000,256000000,0.375,0.375,0.25,2.5,1.0,2.0,100,10000,9601304,9606058.6875,16000,9596996,9609250.28125,16000,16000,1,1,600.6080549660417,"Monte Carlo mask-averaged training risk; one fixed evaluation mask per training sample, independent of dynamic training masks",Monte Carlo population risk; independent test samples and one independent mask per sample,1.0002196287262615,1.0011354340061447,0.48029839992523193,0.012786091305315495,4000,8.0,600.213295135498,600.37866796875,1.0004952126815274,-0.16537283325195312,0.5512427775065104,0.5508951002921592,600.4932972259521,600.578142578125,1.0012768871894915,-0.08484535217285157,0.2828178405761719,0.2825455878519012,4.409573972225189e-06,600.213299545072,-0.1653684236779809,1.367620461678598e-05,fresh_dynamic_mask,original_fixed_evaluation_mask,0.029590817168354988,1.0365718603134155,0.021736135706305504,1.0842665433883667,-1.924896478652954,0.4485785663127899,0.5156509280204773,0.75,0.7443000078201294,1.2537877559661865,1.1567142009735107,8,8,0.25,0.2556999921798706
11,0,4000,0.7862217426300049,0.8866914585299697,-0.7806563973426819,0.7594767808914185,0.652239978313446,38.973758697509766,45.17988204956055,1.0005030632019043,1.2819180488586426,gaussian,1.0,8.0,16000,linear,identity,dynamic,0,dynamic,2000,1.0,0.4,bounded_heterogenous,1.0,0.75,0.25,4000,0.0001,0.05,1024,dynamic_mask_mae_adam,jax,cuda:0,0.4.30,bool,jax_threefry,torch.float32,torch.bool,128000000,32000000,160000000,128000000,32000000,256000000,256000000,0.375,0.375,0.25,2.5,1.0,2.0,100,10000,12802163,12811999.53125,16000,12796299,12815162.09375,16000,16000,1,1,800.8107399547223,"Monte Carlo mask-averaged training risk; one fixed evaluation mask per training sample, independent of dynamic training masks",Monte Carlo population risk; independent test samples and one independent mask per sample,1.000510173569522,1.001337544741376,0.46541255712509155,0.011941691860556602,4000,8.0,800.5433953247071,800.749970703125,1.0007683491649029,-0.20657537841785234,0.5164384460446309,0.515954757354331,800.8384139022827,800.947630859375,1.001474105422982,-0.10921695709228516,0.27304239273071285,0.27271934614536697,4.746729880571366e-06,800.5434000714371,-0.20657063168797177,1.0633743841026444e-05,fresh_dynamic_mask,original_fixed_evaluation_mask,0.019659852609038353,1.0736584663391113,0.022156082093715668,1.1212327480316162,-1.8772432804107666,0.4485050141811371,0.5141267776489258,0.7400000095367432,0.7465999722480774,1.2630714178085327,1.1706438064575195,7,8,0.25999999046325684,0.2534000277519226
11,0,4000,0.7885116934776306,0.8879818092042374,-0.8111116290092468,0.817509651184082,0.6941474080085754,40.435367584228516,45.17988204956055,1.0005030632019043,1.2819180488586426,gaussian,1.0,8.0,16000,linear,identity,dynamic,0,dynamic,2000,1.0,0.5,bounded_heterogenous,1.0,0.75,0.25,4000,0.0001,0.05,1024,dynamic_mask_mae_adam,jax,cuda:0,0.4.30,bool,jax_threefry,torch.float32,torch.bool,128000000,32000000,160000000,128000000,32000000,256000000,256000000,0.375,0.375,0.25,2.5,1.0,2.0,100,10000,16002494,16018579.9375,16000,15994225,16010335.75,16000,16000,1,1,1001.0134249434028,"Monte Carlo mask-averaged training risk; one fixed evaluation mask per training sample, independent of dynamic training masks",Monte Carlo population risk; independent test samples and one independent mask per sample,1.000766453252488,1.0008882105726344,0.4650810956954956,0.011501838453114033,4000,8.0,1000.9224477233888,1001.16124609375,1.0010052144059545,-0.2387983703612117,0.4775967407224234,0.47704277666138495,1000.5269524841309,1000.645984375,1.0010072854420893,-0.11903189086914062,0.23806378173828124,0.23791009553386644,5.109435319900513e-06,1000.9224528328241,-0.23879326092589181,8.486543265462387e-06,fresh_dynamic_mask,original_fixed_evaluation_mask,0.019054993987083435,1.104231595993042,0.022909868508577347,1.1603186130523682,-1.8280324935913086,0.4502691328525543,0.5120248794555664,0.75,0.7483999729156494,1.258281946182251,1.1844931840896606,8,8,0.25,0.2516000270843506
11,0,4000,0.7878462672233582,0.8876070455011937,-0.8508473038673401,0.9003296494483948,0.7561906576156616,42.434173583984375,45.17988204956055,1.0005030632019043,1.2819180488586426,gaussian,1.0,8.0,16000,linear,identity,dynamic,0,dynamic,2000,1.0,0.6,bounded_heterogenous,1.0,0.75,0.25,4000,0.0001,0.05,1024,dynamic_mask_mae_adam,jax,cuda:0,0.4.30,bool,jax_threefry,torch.float32,torch.bool,128000000,32000000,160000000,128000000,32000000,256000000,256000000,0.375,0.375,0.25,2.5,1.0,2.0,100,10000,19205841,19227545.4375,16000,19194177,19214300.8125,16000,16000,1,1,1201.2161099320833,"Monte Carlo mask-averaged training risk; one fixed evaluation mask per training sample, independent of dynamic training masks",Monte Carlo population risk; independent test samples and one independent mask per sample,1.000924592073806,1.0009484313652557,0.4635675847530365,0.010924391448497772,4000,8.0,1201.474910522461,1201.72158984375,1.001130095656837,-0.2466793212890625,0.41113220214843754,0.4105432129601905,1200.773834968567,1200.89380078125,1.0010484332045078,-0.11996581268310547,0.19994302113850912,0.19979420762283873,5.6270603090524675e-06,1201.4749161495213,-0.24667369422875346,7.263207862706622e-06,fresh_dynamic_mask,original_fixed_evaluation_mask,0.023671317845582962,1.1457648277282715,0.023526089265942574,1.2133780717849731,-1.7951489686965942,0.4483260214328766,0.5129338502883911,0.7699999809265137,0.7491000294685364,1.2824676036834717,1.2186657190322876,7,8,0.23000001907348633,0.2508999705314636
11,0,4000,0.7890221476554871,0.8882691864831781,-0.8931313157081604,0.9905608892440796,0.8180434703826904,44.509796142578125,45.17988204956055,1.0005030632019043,1.2819180488586426,gaussian,1.0,8.0,16000,linear,identity,dynamic,0,dynamic,2000,1.0,0.7,bounded_heterogenous,1.0,0.75,0.25,4000,0.0001,0.05,1024,dynamic_mask_mae_adam,jax,cuda:0,0.4.30,bool,jax_threefry,torch.float32,torch.bool,128000000,32000000,160000000,128000000,32000000,256000000,256000000,0.375,0.375,0.25,2.5,1.0,2.0,100,10000,22402976,22422032.6875,16000,22397720,22425687.9375,16000,16000,1,1,1401.418794920764,"Monte Carlo mask-averaged training risk; one fixed evaluation mask per training sample, independent of dynamic training masks",Monte Carlo population risk; independent test samples and one independent mask per sample,1.0006768728978308,1.0011687835543972,0.45952531695365906,0.010324138216674328,4000,8.0,1401.133747955322,1401.37704296875,1.000850631965146,-0.2432950134279672,0.347564304897096,0.34722277583854044,1401.4936304244995,1401.60549609375,1.0012486957377804,-0.11186566925048828,0.15980809892926898,0.15962504365485408,6.191005557775498e-06,1401.1337541463274,-0.24328882242240943,6.38659366813954e-06,fresh_dynamic_mask,original_fixed_evaluation_mask,0.02072709985077381,1.2021476030349731,0.026167580857872963,1.2702597379684448,-1.746802806854248,0.44125285744667053,0.5115615725517273,0.7599999904632568,0.7486000061035156,1.3253815174102783,1.2470457553863525,8,8,0.24000000953674316,0.2513999938964844
11,0,4000,0.78990238904953,0.8887645295856097,-0.9470084309577942,1.1124334335327148,0.8946533203125,47.168495178222656,45.17988204956055,1.0005030632019043,1.2819180488586426,gaussian,1.0,8.0,16000,linear,identity,dynamic,0,dynamic,2000,1.0,0.8,bounded_heterogenous,1.0,0.75,0.25,4000,0.0001,0.05,1024,dynamic_mask_mae_adam,jax,cuda:0,0.4.30,bool,jax_threefry,torch.float32,torch.bool,128000000,32000000,160000000,128000000,32000000,256000000,256000000,0.375,0.375,0.25,2.5,1.0,2.0,100,10000,25602163,25625404.75,16000,25598099,25631579.25,16000,16000,1,1,1601.6214799094446,"Monte Carlo mask-averaged training risk; one fixed evaluation mask per training sample, independent of dynamic training masks",Monte Carlo population risk; independent test samples and one independent mask per sample,1.0007779320697374,1.0012487938855037,0.46851497888565063,0.00993279553949833,4000,8.0,1601.3799839782714,1601.587796875,1.0009078041570159,-0.20781289672851563,0.25976612091064455,0.25950859157886086,1601.8791093444825,1601.973703125,1.0013079193888577,-0.09459378051757812,0.11824222564697265,0.11809654594596708,6.952708959579468e-06,1601.3799909309803,-0.20780594401955604,5.359793703973992e-06,fresh_dynamic_mask,original_fixed_evaluation_mask,0.02188866212964058,1.2680240869522095,0.02751118689775467,1.3387590646743774,-1.6537400484085083,0.44414833188056946,0.5079810619354248,0.75,0.7511000037193298,1.3156160116195679,1.250944972038269,7,12,0.25,0.24889999628067017
11,0,4000,0.7810893058776855,0.8837925694854453,-1.0029630661010742,1.2618536949157715,0.995233416557312,50.236515045166016,45.17988204956055,1.0005030632019043,1.2819180488586426,gaussian,1.0,8.0,16000,linear,identity,dynamic,0,dynamic,2000,1.0,0.9,bounded_heterogenous,1.0,0.75,0.25,4000,0.0001,0.05,1024,dynamic_mask_mae_adam,jax,cuda:0,0.4.30,bool,jax_threefry,torch.float32,torch.bool,128000000,32000000,160000000,128000000,32000000,256000000,256000000,0.375,0.375,0.25,2.5,1.0,2.0,100,10000,28803473,28832282.75,16000,28797534,28833650.25,16000,16000,1,1,1801.824164898125,"Monte Carlo mask-averaged training risk; one fixed evaluation mask per training sample, independent of dynamic training masks",Monte Carlo population risk; independent test samples and one independent mask per sample,1.000927966421331,1.0012221522978695,0.45261287689208984,0.009009639732539654,4000,8.0,1801.887603485107,1802.017671875,1.0010002179251092,-0.13006838989281094,0.14452043321423438,0.14435861747963408,1802.045560771942,1802.103140625,1.0012541438444,-0.05757985305786133,0.0639776145087348,0.0639029495701493,7.886585593223572e-06,1801.8876113716926,-0.13006050330721772,4.221278231852921e-06,fresh_dynamic_mask,original_fixed_evaluation_mask,0.03682518005371094,1.3748466968536377,0.030222686007618904,1.4142407178878784,-1.470336675643921,0.45259448885917664,0.5035035014152527,0.7799999713897705,0.7501000165939331,1.2531788349151611,1.1764886379241943,8,8,0.2200000286102295,0.2498999834060669
11,0,4000,0.7722146511077881,0.8787574472559467,-1.0386427640914917,1.368781566619873,1.0721381902694702,52.32172393798828,45.17988204956055,1.0005030632019043,1.2819180488586426,gaussian,1.0,8.0,16000,linear,identity,dynamic,0,dynamic,2000,1.0,0.95,bounded_heterogenous,1.0,0.75,0.25,4000,0.0001,0.05,1024,dynamic_mask_mae_adam,jax,cuda:0,0.4.30,bool,jax_threefry,torch.float32,torch.bool,128000000,32000000,160000000,128000000,32000000,256000000,256000000,0.375,0.375,0.25,2.5,1.0,2.0,100,10000,30402018,30425833.5,16000,30397485,30435020.125,16000,16000,1,1,1901.9255073924653,"Monte Carlo mask-averaged training risk; one fixed evaluation mask per training sample, independent of dynamic training masks",Monte Carlo population risk; independent test samples and one independent mask per sample,1.0007476300995912,1.001222755559765,0.4407380223274231,0.00842361431568861,4000,8.0,1901.5467164840695,1901.61459375,1.0007833526050804,-0.06787726593040862,0.07144975361095644,0.07138908815007561,1902.165855861664,1902.1887578125,1.0012348102153845,-0.02290195083594881,0.0241073166694198,0.024079577530811136,8.554884791374207e-06,1901.5467250389543,-0.06786871104561724,3.19038576890307e-06,fresh_dynamic_mask,original_fixed_evaluation_mask,0.033623676747083664,1.4085394144058228,0.032409217208623886,1.4632562398910522,-1.3743735551834106,0.46177712082862854,0.5020335912704468,0.7699999809265137,0.7486000061035156,1.1833876371383667,1.1373405456542969,7,14,0.23000001907348633,0.2513999938964844
12,0,4000,0.7532959580421448,0.8679262399778824,-0.6727412939071655,0.5949424505233765,0.5486096143722534,34.49470901489258,44.94100570678711,1.0037769079208374,1.2938884496688843,gaussian,1.0,8.0,16000,linear,identity,dynamic,0,dynamic,2000,1.0,0.05,bounded_heterogenous,1.0,0.75,0.25,4000,0.0001,0.05,1024,dynamic_mask_mae_adam,jax,cuda:0,0.4.30,bool,jax_threefry,torch.float32,torch.bool,128000000,32000000,160000000,128000000,32000000,256000000,256000000,0.375,0.375,0.25,2.5,1.0,2.0,100,10000,1599632,1610271.41015625,16000,1601692,1609429.16796875,16000,16000,1,1,100.42817954237167,"Monte Carlo mask-averaged training risk; one fixed evaluation mask per training sample, independent of dynamic training masks",Monte Carlo population risk; independent test samples and one independent mask per sample,1.0062521440554497,1.0046532146205889,0.510645866394043,0.014803600497543812,4000,8.0,100.60207060623169,100.64196313476563,1.0066511611147126,-0.039892528533935545,0.7978505706787109,0.7927613351603746,100.57156353950502,100.58932299804688,1.0048306215981286,-0.017759458541855566,0.3551891708371113,0.353108222871823,3.718390315771103e-06,100.60207432462201,-0.03988881014361977,4.5191627577878535e-05,fresh_dynamic_mask,original_fixed_evaluation_mask,0.03821175545454025,1.0687068700790405,-0.005305920727550983,1.003821849822998,-1.453430414199829,0.5172184109687805,0.5305349826812744,0.7400000095367432,0.7281000018119812,0.8457229137420654,0.7677886486053467,7,7,0.25999999046325684,0.2718999981880188
12,0,4000,0.7675122022628784,0.8760777375683498,-0.6865285634994507,0.6081019043922424,0.5536947250366211,34.87411880493164,44.94100570678711,1.0037769079208374,1.2938884496688843,gaussian,1.0,8.0,16000,linear,identity,dynamic,0,dynamic,2000,1.0,0.1,bounded_heterogenous,1.0,0.75,0.25,4000,0.0001,0.05,1024,dynamic_mask_mae_adam,jax,cuda:0,0.4.30,bool,jax_threefry,torch.float32,torch.bool,128000000,32000000,160000000,128000000,32000000,256000000,256000000,0.375,0.375,0.25,2.5,1.0,2.0,100,10000,3198977,3218057.96875,16000,3201689,3216751.421875,16000,16000,1,1,200.85635908474333,"Monte Carlo mask-averaged training risk; one fixed evaluation mask per training sample, independent of dynamic training masks",Monte Carlo population risk; independent test samples and one independent mask per sample,1.0055977585809928,1.0045583537122815,0.481925368309021,0.013818999752402306,4000,8.0,201.05525630950928,201.128623046875,1.005964709577468,-0.07336673736572266,0.7336673736572266,0.729550436474824,201.01771443367005,201.0469638671875,1.0047045237295065,-0.029249433517456055,0.2924943351745605,0.2909711537526505,3.8006369024515155e-06,201.05526011014618,-0.07336293672882022,2.9783395802951418e-05,fresh_dynamic_mask,original_fixed_evaluation_mask,0.041202954947948456,1.095788836479187,-0.00635634595528245,1.0168898105621338,-1.42257559299469,0.5191033482551575,0.5260303616523743,0.7599999904632568,0.7312999963760376,0.842353880405426,0.770327627658844,7,7,0.24000000953674316,0.2687000036239624
12,0,4000,0.7818100452423096,0.8842002291575758,-0.7157304883003235,0.6488468050956726,0.5879592895507812,36.023521423339844,44.94100570678711,1.0037769079208374,1.2938884496688843,gaussian,1.0,8.0,16000,linear,identity,dynamic,0,dynamic,2000,1.0,0.2,bounded_heterogenous,1.0,0.75,0.25,4000,0.0001,0.05,1024,dynamic_mask_mae_adam,jax,cuda:0,0.4.30,bool,jax_threefry,torch.float32,torch.bool,128000000,32000000,160000000,128000000,32000000,256000000,256000000,0.375,0.375,0.25,2.5,1.0,2.0,100,10000,6398133,6430353.71875,16000,6401700,6429586.953125,16000,16000,1,1,401.71271816948666,"Monte Carlo mask-averaged training risk; one fixed evaluation mask per training sample, independent of dynamic training masks",Monte Carlo population risk; independent test samples and one independent mask per sample,1.0047052491810649,1.0042086533472065,0.481980562210083,0.013379610143601894,4000,8.0,401.7648631286621,401.897107421875,1.00503595638759,-0.13224429321289063,0.6612214660644531,0.6581002488981191,401.7901585083008,401.8491845703125,1.0043561793156506,-0.05902606201171875,0.29513031005859375,0.2937722124525255,4.055292531847954e-06,401.76486718395466,-0.1322402379203588,1.9194554624846205e-05,fresh_dynamic_mask,original_fixed_evaluation_mask,0.04524096101522446,1.1027032136917114,-0.007396752014756203,1.0536967515945435,-1.4695247411727905,0.5089470148086548,0.5225902795791626,0.7599999904632568,0.7361000180244446,0.8987767100334167,0.8309904336929321,7,7,0.24000000953674316,0.2638999819755554
12,0,4000,0.7850803732872009,0.8860476134425288,-0.7439641356468201,0.6981268525123596,0.622786283493042,37.366477966308594,44.94100570678711,1.0037769079208374,1.2938884496688843,gaussian,1.0,8.0,16000,linear,identity,dynamic,0,dynamic,2000,1.0,0.3,bounded_heterogenous,1.0,0.75,0.25,4000,0.0001,0.05,1024,dynamic_mask_mae_adam,jax,cuda:0,0.4.30,bool,jax_threefry,torch.float32,torch.bool,128000000,32000000,160000000,128000000,32000000,256000000,256000000,0.375,0.375,0.25,2.5,1.0,2.0,100,10000,9599863,9644675.09375,16000,9598543,9641353.0625,16000,16000,1,1,602.5690772542299,"Monte Carlo mask-averaged training risk; one fixed evaluation mask per training sample, independent of dynamic training masks",Monte Carlo population risk; independent test samples and one independent mask per sample,1.0043709388163518,1.0043189905721768,0.48993340134620667,0.01311157550662756,4000,8.0,602.6139633636475,602.792193359375,1.0046679930484426,-0.17822999572753906,0.5940999857584636,0.5913480555688189,602.499938545227,602.58456640625,1.0044600584171994,-0.08462786102294922,0.2820928700764974,0.280882935743465,4.363292828202248e-06,602.6139677269404,-0.17822563243471085,1.3825789210386574e-05,fresh_dynamic_mask,original_fixed_evaluation_mask,0.04453179985284805,1.1323517560958862,-0.009267020039260387,1.08734929561615,-1.3953003883361816,0.5140252113342285,0.5206958055496216,0.7400000095367432,0.738099992275238,0.8671140074729919,0.8179322481155396,7,7,0.25999999046325684,0.26190000772476196
12,0,4000,0.7893519401550293,0.8884548047903333,-0.7763128876686096,0.7560444474220276,0.6663334965705872,38.885589599609375,44.94100570678711,1.0037769079208374,1.2938884496688843,gaussian,1.0,8.0,16000,linear,identity,dynamic,0,dynamic,2000,1.0,0.4,bounded_heterogenous,1.0,0.75,0.25,4000,0.0001,0.05,1024,dynamic_mask_mae_adam,jax,cuda:0,0.4.30,bool,jax_threefry,torch.float32,torch.bool,128000000,32000000,160000000,128000000,32000000,256000000,256000000,0.375,0.375,0.25,2.5,1.0,2.0,100,10000,12799861,12855412.65625,16000,12796504,12850355.25,16000,16000,1,1,803.4254363389733,"Monte Carlo mask-averaged training risk; one fixed evaluation mask per training sample, independent of dynamic training masks",Monte Carlo population risk; independent test samples and one independent mask per sample,1.004070840963533,1.0040804179576543,0.46937888860702515,0.01207076758146286,4000,8.0,803.2479499053957,803.463291015625,1.004340020274439,-0.21534111022937577,0.5383527755734394,0.5360322310610233,803.0449427947997,803.147203125,1.0042082782922586,-0.10226033020031172,0.2556508255007793,0.25464903520155957,4.725277796387672e-06,803.2479546306735,-0.2153363849515794,1.0652729542925954e-05,fresh_dynamic_mask,original_fixed_evaluation_mask,0.06029357388615608,1.1615805625915527,-0.007835766300559044,1.1306242942810059,-1.3535228967666626,0.5138568878173828,0.5181889533996582,0.75,0.7379000186920166,0.864919900894165,0.8298572301864624,7,7,0.25,0.2620999813079834
12,0,4000,0.7899549007415771,0.8887940710544694,-0.809553325176239,0.8215482234954834,0.7172825336456299,40.535125732421875,44.94100570678711,1.0037769079208374,1.2938884496688843,gaussian,1.0,8.0,16000,linear,identity,dynamic,0,dynamic,2000,1.0,0.5,bounded_heterogenous,1.0,0.75,0.25,4000,0.0001,0.05,1024,dynamic_mask_mae_adam,jax,cuda:0,0.4.30,bool,jax_threefry,torch.float32,torch.bool,128000000,32000000,160000000,128000000,32000000,256000000,256000000,0.375,0.375,0.25,2.5,1.0,2.0,100,10000,16001585,16066780.375,16000,15994634,16061682.375,16000,16000,1,1,1004.2817954237166,"Monte Carlo mask-averaged training risk; one fixed evaluation mask per training sample, independent of dynamic training masks",Monte Carlo population risk; independent test samples and one independent mask per sample,1.0038332655918343,1.0040768690347133,0.4733349084854126,0.011677154339849949,4000,8.0,1003.9327078247069,1004.1737734375,1.0040743073264304,-0.24106561279308517,0.48213122558617033,0.48012728308544084,1003.7401267547607,1003.8551484375,1.0041919293057908,-0.11502168273925781,0.23004336547851562,0.2291599199710781,5.134676396846772e-06,1003.9327129593833,-0.24106047811668832,8.569899364374578e-06,fresh_dynamic_mask,original_fixed_evaluation_mask,0.06186098977923393,1.21920907497406,-0.008587670512497425,1.1752985715866089,-1.2973207235336304,0.5112470388412476,0.5173051953315735,0.7400000095367432,0.737500011920929,0.8768737316131592,0.8286089897155762,7,7,0.25999999046325684,0.26249998807907104
12,0,4000,0.7882913947105408,0.8878577558992998,-0.8478790521621704,0.9030784368515015,0.7776203155517578,42.4989013671875,44.94100570678711,1.0037769079208374,1.2938884496688843,gaussian,1.0,8.0,16000,linear,identity,dynamic,0,dynamic,2000,1.0,0.6,bounded_heterogenous,1.0,0.75,0.25,4000,0.0001,0.05,1024,dynamic_mask_mae_adam,jax,cuda:0,0.4.30,bool,jax_threefry,torch.float32,torch.bool,128000000,32000000,160000000,128000000,32000000,256000000,256000000,0.375,0.375,0.25,2.5,1.0,2.0,100,10000,19201045,19283005.125,16000,19196695,19276553.25,16000,16000,1,1,1205.1381545084598,"Monte Carlo mask-averaged training risk; one fixed evaluation mask per training sample, independent of dynamic training masks",Monte Carlo population risk; independent test samples and one independent mask per sample,1.0040592855448265,1.0040613710647237,0.4739246070384979,0.011151455342769623,4000,8.0,1204.936720275879,1205.1878203125,1.004268524187095,-0.25110003662109376,0.4185000610351563,0.41669859649928753,1204.6662438507078,1204.784578125,1.0041599999374893,-0.11833427429222501,0.1972237904870417,0.19644055284362416,5.644240230321885e-06,1204.9367259201192,-0.25109439238086345,7.192006705736276e-06,fresh_dynamic_mask,original_fixed_evaluation_mask,0.061810389161109924,1.2673219442367554,-0.009241427294909954,1.2282072305679321,-1.288187861442566,0.5032045841217041,0.5160526633262634,0.7599999904632568,0.7373999953269958,0.9225800037384033,0.8622355461120605,7,7,0.24000000953674316,0.26260000467300415
12,0,4000,0.7856554985046387,0.8863720993491608,-0.8890879154205322,0.9963263869285583,0.8454205393791199,44.63914108276367,44.94100570678711,1.0037769079208374,1.2938884496688843,gaussian,1.0,8.0,16000,linear,identity,dynamic,0,dynamic,2000,1.0,0.7,bounded_heterogenous,1.0,0.75,0.25,4000,0.0001,0.05,1024,dynamic_mask_mae_adam,jax,cuda:0,0.4.30,bool,jax_threefry,torch.float32,torch.bool,128000000,32000000,160000000,128000000,32000000,256000000,256000000,0.375,0.375,0.25,2.5,1.0,2.0,100,10000,22400890,22498899.25,16000,22397931,22490791.0,16000,16000,1,1,1405.9945135932032,"Monte Carlo mask-averaged training risk; one fixed evaluation mask per training sample, independent of dynamic training masks",Monte Carlo population risk; independent test samples and one independent mask per sample,1.004202655350517,1.0040644767969689,0.47012731432914734,0.010531729087233543,4000,8.0,1405.9395762634276,1406.181203125,1.0043752391088032,-0.24162686157226562,0.34518123081752233,0.3436639048157719,1405.5604294281006,1405.6744375,1.0041459186565045,-0.11400807189941406,0.1628686741420201,0.16221120461179517,6.22703991830349e-06,1405.9395824904675,-0.2416206345323473,6.326908533083042e-06,fresh_dynamic_mask,original_fixed_evaluation_mask,0.08048353344202042,1.3302924633026123,-0.007971583865582943,1.284197211265564,-1.245099425315857,0.49855902791023254,0.5146536827087402,0.7400000095367432,0.739799976348877,0.9472795128822327,0.8741175532341003,7,7,0.25999999046325684,0.26020002365112305
12,0,4000,0.7797086834907532,0.8830111457341595,-0.9355357885360718,1.1115598678588867,0.9264652132987976,47.14997100830078,44.94100570678711,1.0037769079208374,1.2938884496688843,gaussian,1.0,8.0,16000,linear,identity,dynamic,0,dynamic,2000,1.0,0.8,bounded_heterogenous,1.0,0.75,0.25,4000,0.0001,0.05,1024,dynamic_mask_mae_adam,jax,cuda:0,0.4.30,bool,jax_threefry,torch.float32,torch.bool,128000000,32000000,160000000,128000000,32000000,256000000,256000000,0.375,0.375,0.25,2.5,1.0,2.0,100,10000,25599559,25715580.9375,16000,25599785,25707589.375,16000,16000,1,1,1606.8508726779467,"Monte Carlo mask-averaged training risk; one fixed evaluation mask per training sample, independent of dynamic training masks",Monte Carlo population risk; independent test samples and one independent mask per sample,1.0044048586144894,1.00414877163481,0.45944127440452576,0.009744253940880299,4000,8.0,1607.0200898742673,1607.22380859375,1.0045321850075621,-0.20371871948265471,0.2546483993533184,0.25350385975286827,1606.6245413665774,1606.7243359375,1.0042111437654653,-0.09979457092261873,0.12474321365327341,0.12422114819643504,6.947249174118042e-06,1607.0200968215165,-0.2037117722334806,5.459170097310562e-06,fresh_dynamic_mask,original_fixed_evaluation_mask,0.08805421739816666,1.390230417251587,-0.009312263689935207,1.3485143184661865,-1.2385141849517822,0.4900711178779602,0.5136498808860779,0.7300000190734863,0.7404999732971191,1.0017938613891602,0.9155169725418091,7,7,0.26999998092651367,0.25950002670288086
12,0,4000,0.7764029502868652,0.8811373050137336,-0.9942169189453125,1.2607226371765137,1.0337802171707153,50.21399688720703,44.94100570678711,1.0037769079208374,1.2938884496688843,gaussian,1.0,8.0,16000,linear,identity,dynamic,0,dynamic,2000,1.0,0.9,bounded_heterogenous,1.0,0.75,0.25,4000,0.0001,0.05,1024,dynamic_mask_mae_adam,jax,cuda:0,0.4.30,bool,jax_threefry,torch.float32,torch.bool,128000000,32000000,160000000,128000000,32000000,256000000,256000000,0.375,0.375,0.25,2.5,1.0,2.0,100,10000,28800945,28926833.875,16000,28800364,28925453.25,16000,16000,1,1,1807.70723176269,"Monte Carlo mask-averaged training risk; one fixed evaluation mask per training sample, independent of dynamic training masks",Monte Carlo population risk; independent test samples and one independent mask per sample,1.0042914200601751,1.004307633743789,0.46480342745780945,0.009256451390683651,4000,8.0,1807.7838720703126,1807.9271171875,1.0043709980696813,-0.1432451171875,0.15916124131944442,0.15846337590241788,1807.776588737488,1807.840828125,1.004343321841349,-0.0642393875119742,0.07137709723552688,0.0710675259818494,7.87951648235321e-06,1807.783879949829,-0.14323723767101765,4.226117198413704e-06,fresh_dynamic_mask,original_fixed_evaluation_mask,0.08002901077270508,1.4534456729888916,-0.008066563867032528,1.4294010400772095,-1.1528691053390503,0.49647417664527893,0.5130173563957214,0.7300000190734863,0.7389000058174133,0.961607038974762,0.9042792916297913,7,7,0.26999998092651367,0.26109999418258667
12,0,4000,0.7688028812408447,0.8768140516898921,-1.0264478921890259,1.3570729494094849,1.1000280380249023,52.097469329833984,44.94100570678711,1.0037769079208374,1.2938884496688843,gaussian,1.0,8.0,16000,linear,identity,dynamic,0,dynamic,2000,1.0,0.95,bounded_heterogenous,1.0,0.75,0.25,4000,0.0001,0.05,1024,dynamic_mask_mae_adam,jax,cuda:0,0.4.30,bool,jax_threefry,torch.float32,torch.bool,128000000,32000000,160000000,128000000,32000000,256000000,256000000,0.375,0.375,0.25,2.5,1.0,2.0,100,10000,30399630,30529269.75,16000,30400492,30528391.75,16000,16000,1,1,1908.1354113050616,"Monte Carlo mask-averaged training risk; one fixed evaluation mask per training sample, independent of dynamic training masks",Monte Carlo population risk; independent test samples and one independent mask per sample,1.0042260970847252,1.0041872350652588,0.45816943049430847,0.008794466964900494,4000,8.0,1908.006361732483,1908.079359375,1.0042645173641915,-0.07299764251708984,0.07683962370219984,0.07651426253141302,1907.98662538147,1908.024484375,1.0042071605288494,-0.03785899353004061,0.03985157213688485,0.03968397034737059,8.481705933809281e-06,1908.0063702141888,-0.07298916081115603,3.306820190118742e-06,fresh_dynamic_mask,original_fixed_evaluation_mask,0.09547358751296997,1.5173442363739014,-0.008607794530689716,1.4730256795883179,-1.0749739408493042,0.5028085708618164,0.5133111476898193,0.7400000095367432,0.7386999726295471,0.9237664937973022,0.8681952357292175,7,7,0.25999999046325684,0.2613000273704529
13,0,4000,0.7513237595558167,0.866789339779751,-0.6592316627502441,0.600034773349762,0.5494391918182373,34.64202117919922,43.90877151489258,0.9987151026725769,1.269613265991211,gaussian,1.0,8.0,16000,linear,identity,dynamic,0,dynamic,2000,1.0,0.05,bounded_heterogenous,1.0,0.75,0.25,4000,0.0001,0.05,1024,dynamic_mask_mae_adam,jax,cuda:0,0.4.30,bool,jax_threefry,torch.float32,torch.bool,128000000,32000000,160000000,128000000,32000000,256000000,256000000,0.375,0.375,0.25,2.5,1.0,2.0,100,10000,1599178,1598187.07421875,16000,1597584,1600578.5546875,16000,16000,1,1,99.91971464532409,"Monte Carlo mask-averaged training risk; one fixed evaluation mask per training sample, independent of dynamic training masks",Monte Carlo population risk; independent test samples and one independent mask per sample,0.9990732188773371,1.0017479164630052,0.5130757689476013,0.014810791239142418,4000,8.0,99.8559945011139,99.88669213867188,0.9993803530430947,-0.0306976375579834,0.613952751159668,0.61464919701959,100.0235277109146,100.03615966796875,1.001874427064555,-0.012631957054138183,0.25263914108276364,0.25254782062944514,3.7502173334360125e-06,99.85599825133123,-0.030693887340649963,4.6003813622519374e-05,fresh_dynamic_mask,original_fixed_evaluation_mask,-0.11269853264093399,0.9733905792236328,0.008970997296273708,0.9926343560218811,-1.0588068962097168,0.5900208353996277,0.5379510521888733,0.7099999785423279,0.733299970626831,0.4502359628677368,0.5576419830322266,6,6,0.2900000214576721,0.26670002937316895
13,0,4000,0.7716721296310425,0.8784487063175872,-0.6751167178153992,0.6127062439918518,0.5558902621269226,35.005889892578125,43.90877151489258,0.9987151026725769,1.269613265991211,gaussian,1.0,8.0,16000,linear,identity,dynamic,0,dynamic,2000,1.0,0.1,bounded_heterogenous,1.0,0.75,0.25,4000,0.0001,0.05,1024,dynamic_mask_mae_adam,jax,cuda:0,0.4.30,bool,jax_threefry,torch.float32,torch.bool,128000000,32000000,160000000,128000000,32000000,256000000,256000000,0.375,0.375,0.25,2.5,1.0,2.0,100,10000,3202314,3203677.25,16000,3197419,3199078.0078125,16000,16000,1,1,199.83942929064818,"Monte Carlo mask-averaged training risk; one fixed evaluation mask per training sample, independent of dynamic training masks",Monte Carlo population risk; independent test samples and one independent mask per sample,1.0001029216380228,1.0003875830223765,0.5018786191940308,0.01433697622269392,4000,8.0,200.16522421264645,200.229828125,1.000425707785058,-0.06460391235354473,0.6460391235354473,0.6452975858644017,199.91614158248902,199.94237548828124,1.0005188584331612,-0.026233905792236327,0.26233905792236323,0.262414665507249,3.8294140249490735e-06,200.16522804206048,-0.06460008293951978,3.066350836888887e-05,fresh_dynamic_mask,original_fixed_evaluation_mask,-0.11493540555238724,1.0052285194396973,0.008838937617838383,1.0085124969482422,-1.10385262966156,0.5765968561172485,0.5319083333015442,0.7099999785423279,0.7353000044822693,0.5132999420166016,0.5969268083572388,6,6,0.2900000214576721,0.2646999955177307
13,0,4000,0.7829434871673584,0.8848409389078685,-0.7044385671615601,0.6574810147285461,0.5898317694664001,36.26240539550781,43.90877151489258,0.9987151026725769,1.269613265991211,gaussian,1.0,8.0,16000,linear,identity,dynamic,0,dynamic,2000,1.0,0.2,bounded_heterogenous,1.0,0.75,0.25,4000,0.0001,0.05,1024,dynamic_mask_mae_adam,jax,cuda:0,0.4.30,bool,jax_threefry,torch.float32,torch.bool,128000000,32000000,160000000,128000000,32000000,256000000,256000000,0.375,0.375,0.25,2.5,1.0,2.0,100,10000,6402379,6397871.1875,16000,6399748,6397992.5,16000,16000,1,1,399.67885858129637,"Monte Carlo mask-averaged training risk; one fixed evaluation mask per training sample, independent of dynamic training masks",Monte Carlo population risk; independent test samples and one independent mask per sample,0.9990078237208047,0.9995879504846873,0.4881152808666229,0.013460643589496613,4000,8.0,399.75166946411133,399.86694921875,0.9992959160180926,-0.11527975463867188,0.5763987731933593,0.5765905627554968,399.81943668365477,399.87453125,0.9997256923241352,-0.05509456634521484,0.2754728317260742,0.275559266917913,4.109256342053414e-06,399.75167357336767,-0.11527564538232983,1.988398435059935e-05,fresh_dynamic_mask,original_fixed_evaluation_mask,-0.08842512220144272,1.0449811220169067,0.010102269239723682,1.0444999933242798,-1.0858628749847412,0.5732578635215759,0.52921062707901,0.7400000095367432,0.7342000007629395,0.5299791097640991,0.6117045283317566,6,6,0.25999999046325684,0.26579999923706055
13,0,4000,0.7897971272468567,0.8887053095637815,-0.7334819436073303,0.7066277265548706,0.6264286041259766,37.593292236328125,43.90877151489258,0.9987151026725769,1.269613265991211,gaussian,1.0,8.0,16000,linear,identity,dynamic,0,dynamic,2000,1.0,0.3,bounded_heterogenous,1.0,0.75,0.25,4000,0.0001,0.05,1024,dynamic_mask_mae_adam,jax,cuda:0,0.4.30,bool,jax_threefry,torch.float32,torch.bool,128000000,32000000,160000000,128000000,32000000,256000000,256000000,0.375,0.375,0.25,2.5,1.0,2.0,100,10000,9601741,9599986.15625,16000,9601535,9597405.4375,16000,16000,1,1,599.5182878719445,"Monte Carlo mask-averaged training risk; one fixed evaluation mask per training sample, independent of dynamic training masks",Monte Carlo population risk; independent test samples and one independent mask per sample,0.999537456829281,0.9994446881471133,0.48504647612571716,0.012902475893497467,4000,8.0,599.8312362670898,599.999134765625,0.9998172369208875,-0.16789849853515626,0.5596616617838542,0.559662468849309,599.7626971130371,599.83783984375,0.9995699060098203,-0.07514273071289063,0.25047576904296875,0.25054348266007054,4.416423290967942e-06,599.8312406835131,-0.1678940821118653,1.4158345948089845e-05,fresh_dynamic_mask,original_fixed_evaluation_mask,-0.09826120734214783,1.0812100172042847,0.01040703896433115,1.0799906253814697,-1.041211724281311,0.5746623873710632,0.5273700952529907,0.7200000286102295,0.7364000082015991,0.5231855511665344,0.611045777797699,6,6,0.2799999713897705,0.2635999917984009
13,0,4000,0.7892554998397827,0.8884005289506433,-0.7617897987365723,0.762746274471283,0.6670171022415161,39.05755615234375,43.90877151489258,0.9987151026725769,1.269613265991211,gaussian,1.0,8.0,16000,linear,identity,dynamic,0,dynamic,2000,1.0,0.4,bounded_heterogenous,1.0,0.75,0.25,4000,0.0001,0.05,1024,dynamic_mask_mae_adam,jax,cuda:0,0.4.30,bool,jax_threefry,torch.float32,torch.bool,128000000,32000000,160000000,128000000,32000000,256000000,256000000,0.375,0.375,0.25,2.5,1.0,2.0,100,10000,12803324,12798783.96875,16000,12800695,12796382.3125,16000,16000,1,1,799.3577171625927,"Monte Carlo mask-averaged training risk; one fixed evaluation mask per training sample, independent of dynamic training masks",Monte Carlo population risk; independent test samples and one independent mask per sample,0.999385739673962,0.9995508622564201,0.4791135787963867,0.012266860343515873,4000,8.0,799.7162141265869,799.923998046875,0.9996454021432247,-0.20778392028808593,0.5194598007202148,0.5195091553582554,799.6841077957154,799.77389453125,0.9996630895822454,-0.08978673553466797,0.2244668388366699,0.22453029824709425,4.767164215445519e-06,799.7162188937511,-0.2077791531238705,1.067075390892569e-05,fresh_dynamic_mask,original_fixed_evaluation_mask,-0.08893989771604538,1.1121188402175903,0.00974320899695158,1.1179859638214111,-1.0375635623931885,0.571254312992096,0.5247288346290588,0.7099999785423279,0.7383999824523926,0.5418137311935425,0.6323502063751221,6,6,0.2900000214576721,0.2616000175476074
13,0,4000,0.7886603474617004,0.8880655085418533,-0.7893620729446411,0.8195772767066956,0.7091819047927856,40.48647689819336,43.90877151489258,0.9987151026725769,1.269613265991211,gaussian,1.0,8.0,16000,linear,identity,dynamic,0,dynamic,2000,1.0,0.5,bounded_heterogenous,1.0,0.75,0.25,4000,0.0001,0.05,1024,dynamic_mask_mae_adam,jax,cuda:0,0.4.30,bool,jax_threefry,torch.float32,torch.bool,128000000,32000000,160000000,128000000,32000000,256000000,256000000,0.375,0.375,0.25,2.5,1.0,2.0,100,10000,16002978,15997223.5625,16000,15997989,15992092.4375,16000,16000,1,1,999.1971464532409,"Monte Carlo mask-averaged training risk; one fixed evaluation mask per training sample, independent of dynamic training masks",Monte Carlo population risk; independent test samples and one independent mask per sample,0.9994035201384666,0.9995291771057961,0.4836493134498596,0.011945948004722595,4000,8.0,999.5895341186523,999.82647265625,0.9996404145840856,-0.23693853759765626,0.4738770751953125,0.47395932009708375,999.4035487823486,999.50577734375,0.9996314185176649,-0.10222856140136719,0.20445712280273437,0.20455822010956304,5.122357979416847e-06,999.5895392410102,-0.23693341523967684,8.455093848169781e-06,fresh_dynamic_mask,original_fixed_evaluation_mask,-0.11245516687631607,1.1454664468765259,0.010178306140005589,1.1549506187438965,-1.0097994804382324,0.5703573226928711,0.5242250561714172,0.7099999785423279,0.7391999959945679,0.5459216237068176,0.6361426711082458,6,6,0.2900000214576721,0.26080000400543213
13,0,4000,0.7901960015296936,0.8889296943682856,-0.8245750665664673,0.8925920128822327,0.7603048086166382,42.251441955566406,43.90877151489258,0.9987151026725769,1.269613265991211,gaussian,1.0,8.0,16000,linear,identity,dynamic,0,dynamic,2000,1.0,0.6,bounded_heterogenous,1.0,0.75,0.25,4000,0.0001,0.05,1024,dynamic_mask_mae_adam,jax,cuda:0,0.4.30,bool,jax_threefry,torch.float32,torch.bool,128000000,32000000,160000000,128000000,32000000,256000000,256000000,0.375,0.375,0.25,2.5,1.0,2.0,100,10000,19202659,19191467.1875,16000,19198259,19189584.625,16000,16000,1,1,1199.036575743889,"Monte Carlo mask-averaged training risk; one fixed evaluation mask per training sample, independent of dynamic training masks",Monte Carlo population risk; independent test samples and one independent mask per sample,0.9992150856998299,0.9994615651238463,0.4771444797515869,0.011292975395917892,4000,8.0,1199.2241598968506,1199.46669921875,0.9994171738143139,-0.24253932189941407,0.40423220316569014,0.40441193083129434,1199.2451242370605,1199.3490390625,0.999548168664669,-0.10391482543945313,0.17319137573242188,0.1732853774087939,5.578700080513955e-06,1199.2241654755505,-0.24253374319933355,6.87905912855058e-06,fresh_dynamic_mask,original_fixed_evaluation_mask,-0.12062892317771912,1.1836274862289429,0.010024571791291237,1.2006030082702637,-1.005895733833313,0.5643327832221985,0.5207846760749817,0.699999988079071,0.7398999929428101,0.574901819229126,0.6621736288070679,6,12,0.30000001192092896,0.26010000705718994
13,0,4000,0.7882547974586487,0.887837145797949,-0.8645740747451782,0.9837058186531067,0.8257542848587036,44.35551452636719,43.90877151489258,0.9987151026725769,1.269613265991211,gaussian,1.0,8.0,16000,linear,identity,dynamic,0,dynamic,2000,1.0,0.7,bounded_heterogenous,1.0,0.75,0.25,4000,0.0001,0.05,1024,dynamic_mask_mae_adam,jax,cuda:0,0.4.30,bool,jax_threefry,torch.float32,torch.bool,128000000,32000000,160000000,128000000,32000000,256000000,256000000,0.375,0.375,0.25,2.5,1.0,2.0,100,10000,22401309,22388297.1875,16000,22398806,22387139.0625,16000,16000,1,1,1398.8760050345372,"Monte Carlo mask-averaged training risk; one fixed evaluation mask per training sample, independent of dynamic training masks",Monte Carlo population risk; independent test samples and one independent mask per sample,0.9992541215858398,0.999406639018408,0.47318148612976074,0.010667928494513035,4000,8.0,1399.037521697998,1399.26857421875,0.9994191494568465,-0.23105252075195312,0.33007502964564733,0.3302475664916926,1399.0947139053344,1399.19619140625,0.9994791268114916,-0.10147750091552735,0.14496785845075336,0.14505113941676306,6.148161366581916e-06,1399.0375278461595,-0.23104637259058655,6.111104994488414e-06,fresh_dynamic_mask,original_fixed_evaluation_mask,-0.12487473338842392,1.235397219657898,0.011430436745285988,1.2548232078552246,-0.9623696208000183,0.5646428465843201,0.5195197463035583,0.699999988079071,0.7415000200271606,0.5734224915504456,0.6646799445152283,6,7,0.30000001192092896,0.25849997997283936
13,0,4000,0.7879989743232727,0.8876930631267053,-0.9113887548446655,1.093475580215454,0.9020137786865234,46.764854431152344,43.90877151489258,0.9987151026725769,1.269613265991211,gaussian,1.0,8.0,16000,linear,identity,dynamic,0,dynamic,2000,1.0,0.8,bounded_heterogenous,1.0,0.75,0.25,4000,0.0001,0.05,1024,dynamic_mask_mae_adam,jax,cuda:0,0.4.30,bool,jax_threefry,torch.float32,torch.bool,128000000,32000000,160000000,128000000,32000000,256000000,256000000,0.375,0.375,0.25,2.5,1.0,2.0,100,10000,25598811,25581940.5625,16000,25595823,25579846.5,16000,16000,1,1,1598.7154343251855,"Monte Carlo mask-averaged training risk; one fixed evaluation mask per training sample, independent of dynamic training masks",Monte Carlo population risk; independent test samples and one independent mask per sample,0.9992198656905515,0.9993282654981592,0.46955153346061707,0.010040693916380405,4000,8.0,1598.6775305786132,1598.87128515625,0.9993409679262056,-0.19375457763671874,0.2421932220458984,0.24236419708767443,1598.6643376617433,1598.74040625,0.9993758161243731,-0.07606858825683593,0.09508573532104492,0.09516065017112219,6.8342223763465885e-06,1598.6775374128356,-0.1937477434143424,5.527828307094751e-06,fresh_dynamic_mask,original_fixed_evaluation_mask,-0.13728269934654236,1.30214262008667,0.012048986740410328,1.3168822526931763,-0.9157778024673462,0.5634884834289551,0.5179994702339172,0.7200000286102295,0.7412999868392944,0.578120231628418,0.6670709252357483,6,6,0.2799999713897705,0.25870001316070557
13,0,4000,0.782041072845459,0.8843308616380291,-0.968938946723938,1.2453478574752808,1.0060309171676636,49.90686798095703,43.90877151489258,0.9987151026725769,1.269613265991211,gaussian,1.0,8.0,16000,linear,identity,dynamic,0,dynamic,2000,1.0,0.9,bounded_heterogenous,1.0,0.75,0.25,4000,0.0001,0.05,1024,dynamic_mask_mae_adam,jax,cuda:0,0.4.30,bool,jax_threefry,torch.float32,torch.bool,128000000,32000000,160000000,128000000,32000000,256000000,256000000,0.375,0.375,0.25,2.5,1.0,2.0,100,10000,28799403,28782123.0,16000,28798817,28775790.5,16000,16000,1,1,1798.5548636158335,"Monte Carlo mask-averaged training risk; one fixed evaluation mask per training sample, independent of dynamic training masks",Monte Carlo population risk; independent test samples and one independent mask per sample,0.9993328197651856,0.9991797873484618,0.45765694975852966,0.00917021930217743,4000,8.0,1798.7617879714967,1798.8826875,0.9993999875622421,-0.12089952850341797,0.1343328094482422,0.13441624553234277,1798.4497403717041,1798.48690625,0.9992004359067944,-0.03716587829589844,0.04129542032877604,0.04133016277929613,7.783424109220506e-06,1798.7617957549207,-0.12089174507930875,4.110581812710734e-06,fresh_dynamic_mask,original_fixed_evaluation_mask,-0.14376278221607208,1.389405608177185,0.011617861688137054,1.396736741065979,-0.8767616152763367,0.5592660307884216,0.5155705213546753,0.7099999785423279,0.7434999942779541,0.5991092920303345,0.6806398034095764,6,6,0.2900000214576721,0.2565000057220459
13,0,4000,0.775307834148407,0.8805156637723187,-0.9955155253410339,1.3260176181793213,1.0584132671356201,51.4979133605957,43.90877151489258,0.9987151026725769,1.269613265991211,gaussian,1.0,8.0,16000,linear,identity,dynamic,0,dynamic,2000,1.0,0.95,bounded_heterogenous,1.0,0.75,0.25,4000,0.0001,0.05,1024,dynamic_mask_mae_adam,jax,cuda:0,0.4.30,bool,jax_threefry,torch.float32,torch.bool,128000000,32000000,160000000,128000000,32000000,256000000,256000000,0.375,0.375,0.25,2.5,1.0,2.0,100,10000,30400817,30383189.75,16000,30398675,30373130.5,16000,16000,1,1,1898.4745782611576,"Monte Carlo mask-averaged training risk; one fixed evaluation mask per training sample, independent of dynamic training masks",Monte Carlo population risk; independent test samples and one independent mask per sample,0.9993869563093408,0.999147042629481,0.451328843832016,0.008764022029936314,4000,8.0,1898.886248184204,1898.949359375,0.999420171832882,-0.06311119079589844,0.0664328324167352,0.06646958802170033,1898.296639131546,1898.32065625,0.9991596837691117,-0.024017118453979493,0.025281177319978414,0.025303542238619414,8.287610113620758e-06,1898.8862564718142,-0.06310290318578482,3.180932253599167e-06,fresh_dynamic_mask,original_fixed_evaluation_mask,-0.15024374425411224,1.404630184173584,0.014235174283385277,1.4350550174713135,-0.8465477824211121,0.5638023018836975,0.5153385400772095,0.7200000286102295,0.7450000047683716,0.5762521624565125,0.6765706539154053,6,6,0.2799999713897705,0.2549999952316284
14,0,4000,0.7647264003753662,0.8744863637446648,0.696157693862915,0.6077724099159241,0.5250391364097595,34.86466598510742,45.66664505004883,0.9698012471199036,1.2092278003692627,gaussian,1.0,8.0,16000,linear,identity,dynamic,0,dynamic,2000,1.0,0.05,bounded_heterogenous,1.0,0.75,0.25,4000,0.0001,0.05,1024,dynamic_mask_mae_adam,jax,cuda:0,0.4.30,bool,jax_threefry,torch.float32,torch.bool,128000000,32000000,160000000,128000000,32000000,256000000,256000000,0.375,0.375,0.25,2.5,1.0,2.0,100,10000,1600213,1548370.6953125,16000,1600303,1549471.87890625,16000,16000,1,1,97.03226191849492,"Monte Carlo mask-averaged training risk; one fixed evaluation mask per training sample, independent of dynamic training masks",Monte Carlo population risk; independent test samples and one independent mask per sample,0.9672969698628596,0.9680925392290761,0.506340503692627,0.014523029327392578,4000,8.0,96.74257412719727,96.77316845703125,0.9676028724379192,-0.030594329833984375,0.6118865966796875,0.6322895141657181,96.82758717536926,96.84199243164062,0.9682365645170008,-0.014405256271362304,0.2881051254272461,0.29750020439811564,3.7985775619745256e-06,96.74257792577484,-0.0305905312564224,4.4936004996998236e-05,fresh_dynamic_mask,original_fixed_evaluation_mask,-0.12691567838191986,1.1886001825332642,-0.017667092382907867,0.9936927556991577,1.8812707662582397,0.41478702425956726,0.5011476278305054,0.8399999737739563,0.751800000667572,1.4897013902664185,1.0550527572631836,8,8,0.1600000262260437,0.24819999933242798
14,0,4000,0.7799673676490784,0.8831576120087956,0.7116645574569702,0.6227389574050903,0.5371741652488708,35.29132843017578,45.66664505004883,0.9698012471199036,1.2092278003692627,gaussian,1.0,8.0,16000,linear,identity,dynamic,0,dynamic,2000,1.0,0.1,bounded_heterogenous,1.0,0.75,0.25,4000,0.0001,0.05,1024,dynamic_mask_mae_adam,jax,cuda:0,0.4.30,bool,jax_threefry,torch.float32,torch.bool,128000000,32000000,160000000,128000000,32000000,256000000,256000000,0.375,0.375,0.25,2.5,1.0,2.0,100,10000,3199741,3099210.375,16000,3199710,3102208.78125,16000,16000,1,1,194.06452383698985,"Monte Carlo mask-averaged training risk; one fixed evaluation mask per training sample, independent of dynamic training masks",Monte Carlo population risk; independent test samples and one independent mask per sample,0.9682526170611836,0.9693499815889076,0.49200209975242615,0.013941161334514618,4000,8.0,193.63484982299804,193.7006484375,0.9685816367637256,-0.06579861450195312,0.6579861450195312,0.67938455583616,193.85242684936523,193.888048828125,0.9695281076253786,-0.035621978759765624,0.3562197875976562,0.3674489374159151,3.892118483781815e-06,193.63485371511652,-0.06579472238346934,2.9799601179547608e-05,fresh_dynamic_mask,original_fixed_evaluation_mask,-0.09994092583656311,1.1976211071014404,-0.016872424632310867,1.0114119052886963,1.9587228298187256,0.39857810735702515,0.5005472302436829,0.8399999737739563,0.7519000172615051,1.598734736442566,1.1228512525558472,8,8,0.1600000262260437,0.24809998273849487
14,0,4000,0.790371298789978,0.8890282890830742,0.743806779384613,0.6713064908981323,0.5723248720169067,36.64168167114258,45.66664505004883,0.9698012471199036,1.2092278003692627,gaussian,1.0,8.0,16000,linear,identity,dynamic,0,dynamic,2000,1.0,0.2,bounded_heterogenous,1.0,0.75,0.25,4000,0.0001,0.05,1024,dynamic_mask_mae_adam,jax,cuda:0,0.4.30,bool,jax_threefry,torch.float32,torch.bool,128000000,32000000,160000000,128000000,32000000,256000000,256000000,0.375,0.375,0.25,2.5,1.0,2.0,100,10000,6398806,6205956.4375,16000,6400200,6213619.46875,16000,16000,1,1,388.1290476739797,"Monte Carlo mask-averaged training risk; one fixed evaluation mask per training sample, independent of dynamic training masks",Monte Carlo population risk; independent test samples and one independent mask per sample,0.969547671780119,0.9706821878109644,0.503412663936615,0.013738797977566719,4000,8.0,387.746716217041,387.87227734375,0.9698616331703134,-0.12556112670898437,0.6278056335449218,0.6474354267793636,388.2850086517334,388.351216796875,0.9708477030014687,-0.06620814514160156,0.3310407257080078,0.34097045291980876,4.195665568113328e-06,387.74672041270657,-0.12555693104341625,1.878664261312224e-05,fresh_dynamic_mask,original_fixed_evaluation_mask,-0.1088627427816391,1.2434827089309692,-0.017406459897756577,1.0499496459960938,1.95735502243042,0.3900436758995056,0.4955257773399353,0.8399999737739563,0.7538999915122986,1.674383282661438,1.1773020029067993,8,8,0.1600000262260437,0.24610000848770142
14,0,4000,0.793390691280365,0.890724812318802,0.770554780960083,0.7177145481109619,0.6033477783203125,37.887054443359375,45.66664505004883,0.9698012471199036,1.2092278003692627,gaussian,1.0,8.0,16000,linear,identity,dynamic,0,dynamic,2000,1.0,0.3,bounded_heterogenous,1.0,0.75,0.25,4000,0.0001,0.05,1024,dynamic_mask_mae_adam,jax,cuda:0,0.4.30,bool,jax_threefry,torch.float32,torch.bool,128000000,32000000,160000000,128000000,32000000,256000000,256000000,0.375,0.375,0.25,2.5,1.0,2.0,100,10000,9599751,9311183.5625,16000,9600589,9316215.40625,16000,16000,1,1,582.1935715109695,"Monte Carlo mask-averaged training risk; one fixed evaluation mask per training sample, independent of dynamic training masks",Monte Carlo population risk; independent test samples and one independent mask per sample,0.9696322553206311,0.9702186885255002,0.4831835627555847,0.012753263115882874,4000,8.0,581.7642632904053,581.94897265625,0.9699401122487448,-0.18470936584472655,0.6156978861490885,0.6347957450689723,582.1669292907715,582.263462890625,0.9703795679879641,-0.09653359985351563,0.32177866617838546,0.3315804820529511,4.485715925693512e-06,581.7642677761213,-0.18470488012880085,1.3580875929619651e-05,fresh_dynamic_mask,original_fixed_evaluation_mask,-0.1021258756518364,1.3065704107284546,-0.018358927220106125,1.0810611248016357,1.916146159172058,0.3866249918937683,0.49356040358543396,0.8399999737739563,0.7560999989509583,1.7208166122436523,1.1912037134170532,8,8,0.1600000262260437,0.24390000104904175
14,0,4000,0.7957531809806824,0.8920499879382783,0.7996361255645752,0.7706162929534912,0.6393343210220337,39.25853729248047,45.66664505004883,0.9698012471199036,1.2092278003692627,gaussian,1.0,8.0,16000,linear,identity,dynamic,0,dynamic,2000,1.0,0.4,bounded_heterogenous,1.0,0.75,0.25,4000,0.0001,0.05,1024,dynamic_mask_mae_adam,jax,cuda:0,0.4.30,bool,jax_threefry,torch.float32,torch.bool,128000000,32000000,160000000,128000000,32000000,256000000,256000000,0.375,0.375,0.25,2.5,1.0,2.0,100,10000,12798510,12413833.96875,16000,12800746,12422031.71875,16000,16000,1,1,776.2580953479594,"Monte Carlo mask-averaged training risk; one fixed evaluation mask per training sample, independent of dynamic training masks",Monte Carlo population risk; independent test samples and one independent mask per sample,0.9696567361230245,0.9702700085914121,0.47799211740493774,0.01217549666762352,4000,8.0,775.6350896148682,775.864623046875,0.969943686315829,-0.22953343200683593,0.5738335800170898,0.591684232502887,776.2612457122802,776.376982421875,0.9704146710472967,-0.11573670959472657,0.2893417739868164,0.29814564886687656,4.81635183095932e-06,775.6350944312201,-0.22952861565500496,1.0513977940718178e-05,fresh_dynamic_mask,original_fixed_evaluation_mask,-0.10670392960309982,1.3513472080230713,-0.018611924722790718,1.118202805519104,1.8022371530532837,0.3928767442703247,0.49121466279029846,0.8199999928474426,0.7566999793052673,1.6628766059875488,1.1616933345794678,8,8,0.18000000715255737,0.24330002069473267
14,0,4000,0.7948777675628662,0.8915591778243698,0.8352939486503601,0.8418022990226746,0.6884227991104126,41.0317497253418,45.66664505004883,0.9698012471199036,1.2092278003692627,gaussian,1.0,8.0,16000,linear,identity,dynamic,0,dynamic,2000,1.0,0.5,bounded_heterogenous,1.0,0.75,0.25,4000,0.0001,0.05,1024,dynamic_mask_mae_adam,jax,cuda:0,0.4.30,bool,jax_threefry,torch.float32,torch.bool,128000000,32000000,160000000,128000000,32000000,256000000,256000000,0.375,0.375,0.25,2.5,1.0,2.0,100,10000,15999783,15525149.25,16000,16002509,15523653.6875,16000,16000,1,1,970.3226191849492,"Monte Carlo mask-averaged training risk; one fixed evaluation mask per training sample, independent of dynamic training masks",Monte Carlo population risk; independent test samples and one independent mask per sample,0.9700757687436781,0.9699412398649584,0.4713341295719147,0.011487058363854885,4000,8.0,970.0626120910645,970.321828125,0.9703349882932787,-0.2592160339355469,0.5184320678710937,0.5342887821795372,970.0933387756347,970.22835546875,0.970076235389088,-0.13501669311523437,0.27003338623046874,0.278319412856165,5.261264368891717e-06,970.0626173523289,-0.259210772671178,8.403436368098482e-06,fresh_dynamic_mask,original_fixed_evaluation_mask,-0.11642705649137497,1.3990962505340576,-0.018816668540239334,1.1640204191207886,1.789407730102539,0.3852388262748718,0.4908047020435333,0.8299999833106995,0.7585999965667725,1.7269192934036255,1.2041401863098145,8,8,0.17000001668930054,0.24140000343322754
14,0,4000,0.7931066751480103,0.8905653682622126,0.8750013709068298,0.9258009791374207,0.7434508204460144,43.030242919921875,45.66664505004883,0.9698012471199036,1.2092278003692627,gaussian,1.0,8.0,16000,linear,identity,dynamic,0,dynamic,2000,1.0,0.6,bounded_heterogenous,1.0,0.75,0.25,4000,0.0001,0.05,1024,dynamic_mask_mae_adam,jax,cuda:0,0.4.30,bool,jax_threefry,torch.float32,torch.bool,128000000,32000000,160000000,128000000,32000000,256000000,256000000,0.375,0.375,0.25,2.5,1.0,2.0,100,10000,19201164,18632894.0,16000,19203578,18629507.5,16000,16000,1,1,1164.387143021939,"Monte Carlo mask-averaged training risk; one fixed evaluation mask per training sample, independent of dynamic training masks",Monte Carlo population risk; independent test samples and one independent mask per sample,0.9701805879125349,0.9699861977121895,0.4637722373008728,0.010777820833027363,4000,8.0,1164.2872861328126,1164.555875,0.9704043984000137,-0.2685888671875,0.4476481119791667,0.46127261551531795,1164.200350418091,1164.34421875,0.9701060656508906,-0.1438683319091797,0.23978055318196617,0.24712336711507632,5.786256119608879e-06,1164.2872919190688,-0.2685830809313804,6.977762495807838e-06,fresh_dynamic_mask,original_fixed_evaluation_mask,-0.1376626193523407,1.4650441408157349,-0.019866948947310448,1.2144317626953125,1.7331476211547852,0.3788897395133972,0.4887757897377014,0.8299999833106995,0.7580999732017517,1.7695486545562744,1.2216907739639282,8,8,0.17000001668930054,0.2419000267982483
14,0,4000,0.7931370735168457,0.8905824349923177,0.9270984530448914,1.039286494255066,0.821285605430603,45.59136962890625,45.66664505004883,0.9698012471199036,1.2092278003692627,gaussian,1.0,8.0,16000,linear,identity,dynamic,0,dynamic,2000,1.0,0.7,bounded_heterogenous,1.0,0.75,0.25,4000,0.0001,0.05,1024,dynamic_mask_mae_adam,jax,cuda:0,0.4.30,bool,jax_threefry,torch.float32,torch.bool,128000000,32000000,160000000,128000000,32000000,256000000,256000000,0.375,0.375,0.25,2.5,1.0,2.0,100,10000,22398584,21735835.375,16000,22402665,21731758.3125,16000,16000,1,1,1358.4516668589288,"Monte Carlo mask-averaged training risk; one fixed evaluation mask per training sample, independent of dynamic training masks",Monte Carlo population risk; independent test samples and one independent mask per sample,0.9702257009339574,0.9699584659421554,0.45295998454093933,0.009935213252902031,4000,8.0,1358.2301163330078,1358.4897109375,0.970411137373684,-0.2595946044921875,0.3708494349888393,0.38218118606581086,1358.103411026001,1358.23489453125,0.9700523715593659,-0.13148350524902344,0.18783357892717636,0.19360937607837414,6.495540589094163e-06,1358.2301228285485,-0.25958810895159845,6.339324045256944e-06,fresh_dynamic_mask,original_fixed_evaluation_mask,-0.14555349946022034,1.5412254333496094,-0.01974382810294628,1.280617356300354,1.6517988443374634,0.37639424204826355,0.48698514699935913,0.8500000238418579,0.7613000273704529,1.7802300453186035,1.2321557998657227,8,8,0.1499999761581421,0.23869997262954712
14,0,4000,0.7897357940673828,0.8886708018537477,0.982637345790863,1.1725637912750244,0.907963752746582,48.426517486572266,45.66664505004883,0.9698012471199036,1.2092278003692627,gaussian,1.0,8.0,16000,linear,identity,dynamic,0,dynamic,2000,1.0,0.8,bounded_heterogenous,1.0,0.75,0.25,4000,0.0001,0.05,1024,dynamic_mask_mae_adam,jax,cuda:0,0.4.30,bool,jax_threefry,torch.float32,torch.bool,128000000,32000000,160000000,128000000,32000000,256000000,256000000,0.375,0.375,0.25,2.5,1.0,2.0,100,10000,25599187,24840990.0625,16000,25602969,24834051.5,16000,16000,1,1,1552.5161906959188,"Monte Carlo mask-averaged training risk; one fixed evaluation mask per training sample, independent of dynamic training masks",Monte Carlo population risk; independent test samples and one independent mask per sample,0.9702504473644423,0.9699018615168042,0.4654380679130554,0.009611223824322224,4000,8.0,1552.351414932251,1552.56187890625,0.9703819915257466,-0.21046397399902345,0.26307996749877927,0.2711183069203926,1552.0229558410645,1552.12821875,0.9699676432057548,-0.10526290893554688,0.13157863616943358,0.1356368728613333,7.328523695468903e-06,1552.3514222607746,-0.21045664547532797,5.434954346128507e-06,fresh_dynamic_mask,original_fixed_evaluation_mask,-0.14868541061878204,1.6232315301895142,-0.02031499706208706,1.351711630821228,1.5579969882965088,0.3765580654144287,0.48509135842323303,0.8299999833106995,0.7613000273704529,1.7695715427398682,1.2298517227172852,8,8,0.17000001668930054,0.23869997262954712
14,0,4000,0.7839885354042053,0.8854312708529134,1.0439196825027466,1.3330800533294678,1.007400631904602,51.63487243652344,45.66664505004883,0.9698012471199036,1.2092278003692627,gaussian,1.0,8.0,16000,linear,identity,dynamic,0,dynamic,2000,1.0,0.9,bounded_heterogenous,1.0,0.75,0.25,4000,0.0001,0.05,1024,dynamic_mask_mae_adam,jax,cuda:0,0.4.30,bool,jax_threefry,torch.float32,torch.bool,128000000,32000000,160000000,128000000,32000000,256000000,256000000,0.375,0.375,0.25,2.5,1.0,2.0,100,10000,28799862,27945756.0,16000,28802221,27940148.375,16000,16000,1,1,1746.5807145329086,"Monte Carlo mask-averaged training risk; one fixed evaluation mask per training sample, independent of dynamic training masks",Monte Carlo population risk; independent test samples and one independent mask per sample,0.9702729363321662,0.9700336739615606,0.4610387980937958,0.008928826078772545,4000,8.0,1746.4829167938233,1746.60975,0.9703433995621229,-0.1268332061767578,0.14092578464084202,0.14523359459861496,1746.1952659301758,1746.2592734375,0.9700692309457662,-0.06400750732421875,0.07111945258246528,0.0733081373400779,8.331750333309174e-06,1746.4829251255735,-0.1268248744264245,4.241283932060469e-06,fresh_dynamic_mask,original_fixed_evaluation_mask,-0.1606646180152893,1.7161433696746826,-0.022736582905054092,1.4296244382858276,1.5230324268341064,0.36590516567230225,0.48350611329078674,0.8399999737739563,0.7605999708175659,1.854587435722351,1.277087926864624,8,8,0.1600000262260437,0.23940002918243408
14,0,4000,0.7778769731521606,0.8819733403862957,1.0791950225830078,1.4358887672424316,1.0705877542495728,53.588966369628906,45.66664505004883,0.9698012471199036,1.2092278003692627,gaussian,1.0,8.0,16000,linear,identity,dynamic,0,dynamic,2000,1.0,0.95,bounded_heterogenous,1.0,0.75,0.25,4000,0.0001,0.05,1024,dynamic_mask_mae_adam,jax,cuda:0,0.4.30,bool,jax_threefry,torch.float32,torch.bool,128000000,32000000,160000000,128000000,32000000,256000000,256000000,0.375,0.375,0.25,2.5,1.0,2.0,100,10000,30399158,29497557.875,16000,30400701,29488948.5,16000,16000,1,1,1843.6129764514035,"Monte Carlo mask-averaged training risk; one fixed evaluation mask per training sample, independent of dynamic training masks",Monte Carlo population risk; independent test samples and one independent mask per sample,0.9703048428416342,0.9699907066671585,0.45491406321525574,0.00848894938826561,4000,8.0,1843.5281391067506,1843.5973671875,0.9703412796828123,-0.06922808074951171,0.07287166394685445,0.0751010844142197,1843.024840385437,1843.05928125,0.9700088330200017,-0.03444086456298828,0.036253541645250825,0.03737358305655469,8.974304795265198e-06,1843.5281480810554,-0.06921910644471645,3.227792376492289e-06,fresh_dynamic_mask,original_fixed_evaluation_mask,-0.18032726645469666,1.7459114789962769,-0.02125110849738121,1.474295735359192,1.4711427688598633,0.3715342581272125,0.4815605580806732,0.8299999833106995,0.7638999819755554,1.811821699142456,1.2758417129516602,8,8,0.17000001668930054,0.23610001802444458
15,0,4000,0.7325899600982666,0.855914692068238,0.653464138507843,0.586833119392395,0.5584573745727539,34.258811950683594,44.57064437866211,1.0074071884155273,1.2957239151000977,gaussian,1.0,8.0,16000,linear,identity,dynamic,0,dynamic,2000,1.0,0.05,bounded_heterogenous,1.0,0.75,0.25,4000,0.0001,0.05,1024,dynamic_mask_mae_adam,jax,cuda:0,0.4.30,bool,jax_threefry,torch.float32,torch.bool,128000000,32000000,160000000,128000000,32000000,256000000,256000000,0.375,0.375,0.25,2.5,1.0,2.0,100,10000,1598960,1611052.8515625,16000,1600382,1615843.0859375,16000,16000,1,1,100.79038112208019,"Monte Carlo mask-averaged training risk; one fixed evaluation mask per training sample, independent of dynamic training masks",Monte Carlo population risk; independent test samples and one independent mask per sample,1.007265686097758,1.0094979097383994,0.5167917013168335,0.015084927901625633,4000,8.0,100.66109634017944,100.69080322265626,1.0075629481428554,-0.02970688247680664,0.5941376495361328,0.5900614857767827,100.97389273643493,100.99019287109375,1.0096608721777052,-0.016300134658813477,0.3260026931762695,0.3228062883218197,3.6677069962024693e-06,100.66110000788643,-0.029703214769810436,4.3968320824205875e-05,fresh_dynamic_mask,original_fixed_evaluation_mask,0.026859750971198082,0.8727865219116211,-0.010493505746126175,0.9835679531097412,1.318827509880066,0.5722255110740662,0.532156229019165,0.6899999976158142,0.730400025844574,0.5369048118591309,0.6831050515174866,6,7,0.3100000023841858,0.269599974155426
15,0,4000,0.7498131394386292,0.8659175130684383,0.6710518598556519,0.6046322584152222,0.5672465562820435,34.774478912353516,44.57064437866211,1.0074071884155273,1.2957239151000977,gaussian,1.0,8.0,16000,linear,identity,dynamic,0,dynamic,2000,1.0,0.1,bounded_heterogenous,1.0,0.75,0.25,4000,0.0001,0.05,1024,dynamic_mask_mae_adam,jax,cuda:0,0.4.30,bool,jax_threefry,torch.float32,torch.bool,128000000,32000000,160000000,128000000,32000000,256000000,256000000,0.375,0.375,0.25,2.5,1.0,2.0,100,10000,3197357,3222780.03125,16000,3200930,3231862.671875,16000,16000,1,1,201.58076224416038,"Monte Carlo mask-averaged training risk; one fixed evaluation mask per training sample, independent of dynamic training masks",Monte Carlo population risk; independent test samples and one independent mask per sample,1.007653778188388,1.0095198600721302,0.491352915763855,0.014129698276519775,4000,8.0,201.36430382919312,201.423751953125,1.0079512645131588,-0.05944812393188476,0.5944812393188476,0.5902791836160937,201.96265035629276,201.9914169921875,1.0096636514622312,-0.028766635894746286,0.28766635894746284,0.2848302796534252,3.778951615095139e-06,201.36430760814474,-0.05944434498026967,3.0007469831616618e-05,fresh_dynamic_mask,original_fixed_evaluation_mask,0.040482643991708755,0.8795232176780701,-0.009404661133885384,1.001258134841919,1.3797301054000854,0.5622372627258301,0.5264546871185303,0.699999988079071,0.734499990940094,0.5869380235671997,0.7366785407066345,6,13,0.30000001192092896,0.265500009059906
15,0,4000,0.7641844153404236,0.8741764211761969,0.6991474628448486,0.6439787745475769,0.6008567214012146,35.888126373291016,44.57064437866211,1.0074071884155273,1.2957239151000977,gaussian,1.0,8.0,16000,linear,identity,dynamic,0,dynamic,2000,1.0,0.2,bounded_heterogenous,1.0,0.75,0.25,4000,0.0001,0.05,1024,dynamic_mask_mae_adam,jax,cuda:0,0.4.30,bool,jax_threefry,torch.float32,torch.bool,128000000,32000000,160000000,128000000,32000000,256000000,256000000,0.375,0.375,0.25,2.5,1.0,2.0,100,10000,6400721,6450265.890625,16000,6400643,6457833.375,16000,16000,1,1,403.16152448832077,"Monte Carlo mask-averaged training risk; one fixed evaluation mask per training sample, independent of dynamic training masks",Monte Carlo population risk; independent test samples and one independent mask per sample,1.0074556051440278,1.0087809148963383,0.49923932552337646,0.013910990208387375,4000,8.0,403.0276405258179,403.1416181640625,1.007740517142522,-0.1139776382445707,0.5698881912228535,0.5654471436793429,403.55290634155267,403.6145859375,1.0089350983955832,-0.061679595947323834,0.30839797973661914,0.30563610977574207,4.024867340922356e-06,403.02764455068524,-0.11397361337722978,1.935240470629651e-05,fresh_dynamic_mask,original_fixed_evaluation_mask,0.025414781644940376,0.902881920337677,-0.008622663095593452,1.035476803779602,1.4524189233779907,0.5473394989967346,0.5229388475418091,0.699999988079071,0.7358999848365784,0.6644431352615356,0.8074472546577454,6,7,0.30000001192092896,0.26410001516342163
15,0,4000,0.7633753418922424,0.8737135353720019,0.7196957468986511,0.6831119656562805,0.6281365752220154,36.962467193603516,44.57064437866211,1.0074071884155273,1.2957239151000977,gaussian,1.0,8.0,16000,linear,identity,dynamic,0,dynamic,2000,1.0,0.3,bounded_heterogenous,1.0,0.75,0.25,4000,0.0001,0.05,1024,dynamic_mask_mae_adam,jax,cuda:0,0.4.30,bool,jax_threefry,torch.float32,torch.bool,128000000,32000000,160000000,128000000,32000000,256000000,256000000,0.375,0.375,0.25,2.5,1.0,2.0,100,10000,9596041,9670120.0,16000,9601392,9685845.0625,16000,16000,1,1,604.7422867324811,"Monte Carlo mask-averaged training risk; one fixed evaluation mask per training sample, independent of dynamic training masks",Monte Carlo population risk; independent test samples and one independent mask per sample,1.0074493635649702,1.0086729747998389,0.4907539486885071,0.013277089223265648,4000,8.0,604.220337387085,604.3825,1.0077197460911225,-0.16216261291503906,0.5405420430501302,0.5366224631422334,605.291539428711,605.36531640625,1.0087959186022193,-0.0737769775390625,0.24592325846354166,0.24374365540813514,4.269449785351753e-06,604.2203416565347,-0.1621583434652537,1.4048387129150797e-05,fresh_dynamic_mask,original_fixed_evaluation_mask,0.03461747244000435,0.9320957660675049,-0.01021568849682808,1.062231421470642,1.3507230281829834,0.55530846118927,0.5225983262062073,0.6899999976158142,0.7357000112533569,0.6227125525474548,0.7718432545661926,6,11,0.3100000023841858,0.26429998874664307
15,0,4000,0.7728270292282104,0.879105812304873,0.7491300106048584,0.7310788035392761,0.6663463115692139,38.2381706237793,44.57064437866211,1.0074071884155273,1.2957239151000977,gaussian,1.0,8.0,16000,linear,identity,dynamic,0,dynamic,2000,1.0,0.4,bounded_heterogenous,1.0,0.75,0.25,4000,0.0001,0.05,1024,dynamic_mask_mae_adam,jax,cuda:0,0.4.30,bool,jax_threefry,torch.float32,torch.bool,128000000,32000000,160000000,128000000,32000000,256000000,256000000,0.375,0.375,0.25,2.5,1.0,2.0,100,10000,12794720,12895854.59375,16000,12799565,12909545.53125,16000,16000,1,1,806.3230489766415,"Monte Carlo mask-averaged training risk; one fixed evaluation mask per training sample, independent of dynamic training masks",Monte Carlo population risk; independent test samples and one independent mask per sample,1.00765834646492,1.0084792423243485,0.48148414492607117,0.012591715902090073,4000,8.0,805.7941499176027,805.990912109375,1.0079044007020084,-0.19676219177234452,0.49190547943086127,0.48824915719558604,806.7559758300781,806.846595703125,1.0085925210153626,-0.090619873046875,0.22654968261718747,0.2246272675114902,4.569242522120475e-06,805.7941544868452,-0.1967576225298224,1.0696375284169335e-05,fresh_dynamic_mask,original_fixed_evaluation_mask,0.031123870983719826,0.9646952748298645,-0.011596432887017727,1.1007853746414185,1.4011409282684326,0.5407160520553589,0.5189141631126404,0.6800000071525574,0.7376000285148621,0.6989244222640991,0.8361722826957703,7,7,0.3199999928474426,0.26239997148513794
15,0,4000,0.7747194766998291,0.8801815021345478,0.7829921841621399,0.7967141270637512,0.7160159945487976,39.91777038574219,44.57064437866211,1.0074071884155273,1.2957239151000977,gaussian,1.0,8.0,16000,linear,identity,dynamic,0,dynamic,2000,1.0,0.5,bounded_heterogenous,1.0,0.75,0.25,4000,0.0001,0.05,1024,dynamic_mask_mae_adam,jax,cuda:0,0.4.30,bool,jax_threefry,torch.float32,torch.bool,128000000,32000000,160000000,128000000,32000000,256000000,256000000,0.375,0.375,0.25,2.5,1.0,2.0,100,10000,15993851,16126460.5625,16000,15999561,16138335.6875,16000,16000,1,1,1007.9038112208019,"Monte Carlo mask-averaged training risk; one fixed evaluation mask per training sample, independent of dynamic training masks",Monte Carlo population risk; independent test samples and one independent mask per sample,1.008067209811382,1.0085700959742228,0.47075900435447693,0.011793218553066254,4000,8.0,1007.6797969818114,1007.90378515625,1.0082912841003708,-0.22398817443859298,0.44797634887718596,0.44446340560932995,1008.5424233322145,1008.64598046875,1.0086736559521852,-0.10355713653552812,0.20711427307105623,0.205338916806852,4.9794632941484455e-06,1007.6798019612746,-0.22398319497529884,8.741130841372069e-06,fresh_dynamic_mask,original_fixed_evaluation_mask,0.02568698488175869,0.9992546439170837,-0.012340935878455639,1.1449081897735596,1.3995847702026367,0.5351821780204773,0.5165749788284302,0.6800000071525574,0.7426000237464905,0.7324026226997375,0.873665988445282,6,16,0.3199999928474426,0.2573999762535095
15,0,4000,0.7772170305252075,0.8815991325569732,0.8207145929336548,0.872517466545105,0.7698758840560913,41.773616790771484,44.57064437866211,1.0074071884155273,1.2957239151000977,gaussian,1.0,8.0,16000,linear,identity,dynamic,0,dynamic,2000,1.0,0.6,bounded_heterogenous,1.0,0.75,0.25,4000,0.0001,0.05,1024,dynamic_mask_mae_adam,jax,cuda:0,0.4.30,bool,jax_threefry,torch.float32,torch.bool,128000000,32000000,160000000,128000000,32000000,256000000,256000000,0.375,0.375,0.25,2.5,1.0,2.0,100,10000,19194147,19349705.0,16000,19199403,19362156.375,16000,16000,1,1,1209.4845734649623,"Monte Carlo mask-averaged training risk; one fixed evaluation mask per training sample, independent of dynamic training masks",Monte Carlo population risk; independent test samples and one independent mask per sample,1.007908861149488,1.0083878076846668,0.46474623680114746,0.01112535409629345,4000,8.0,1209.1219277191162,1209.3565625,1.0081044497575224,-0.23463478088378906,0.39105796813964844,0.3880324267622193,1210.0277437515258,1210.1347734375,1.0084770018630267,-0.10702968597412109,0.17838280995686848,0.17688886944400295,5.453234165906907e-06,1209.1219331723503,-0.23462932764962316,7.226805337268161e-06,fresh_dynamic_mask,original_fixed_evaluation_mask,0.026189478114247322,1.0375795364379883,-0.013516748324036598,1.1931849718093872,1.3631432056427002,0.5325822830200195,0.5149456262588501,0.7099999785423279,0.7437999844551086,0.7461676001548767,0.8901690244674683,7,7,0.2900000214576721,0.25620001554489136
15,0,4000,0.7746778726577759,0.8801578680315116,0.8590474724769592,0.959058940410614,0.8343809247016907,43.796321868896484,44.57064437866211,1.0074071884155273,1.2957239151000977,gaussian,1.0,8.0,16000,linear,identity,dynamic,0,dynamic,2000,1.0,0.7,bounded_heterogenous,1.0,0.75,0.25,4000,0.0001,0.05,1024,dynamic_mask_mae_adam,jax,cuda:0,0.4.30,bool,jax_threefry,torch.float32,torch.bool,128000000,32000000,160000000,128000000,32000000,256000000,256000000,0.375,0.375,0.25,2.5,1.0,2.0,100,10000,22393407,22574202.25,16000,22399054,22587553.375,16000,16000,1,1,1411.0653357091226,"Monte Carlo mask-averaged training risk; one fixed evaluation mask per training sample, independent of dynamic training masks",Monte Carlo population risk; independent test samples and one independent mask per sample,1.0079193750888724,1.008344115752228,0.4610733985900879,0.010527674108743668,4000,8.0,1410.6717993469238,1410.887640625,1.0080735928213156,-0.21584127807617187,0.30834468296595985,0.30596522623249633,1411.6221437072752,1411.7220859375,1.0084155060744977,-0.09994223022484221,0.14277461460691745,0.1415891006033565,5.994118377566338e-06,1410.671805341042,-0.2158352839577943,6.1946911955601536e-06,fresh_dynamic_mask,original_fixed_evaluation_mask,0.020611882209777832,1.0768108367919922,-0.013586338609457016,1.2449629306793213,1.3487595319747925,0.5274055600166321,0.5144438743591309,0.6700000166893005,0.7440999746322632,0.7759661078453064,0.9206051826477051,7,7,0.32999998331069946,0.2559000253677368
15,0,4000,0.7738540768623352,0.879689761712807,0.9030064940452576,1.0608519315719604,0.9036750197410583,46.061954498291016,44.57064437866211,1.0074071884155273,1.2957239151000977,gaussian,1.0,8.0,16000,linear,identity,dynamic,0,dynamic,2000,1.0,0.8,bounded_heterogenous,1.0,0.75,0.25,4000,0.0001,0.05,1024,dynamic_mask_mae_adam,jax,cuda:0,0.4.30,bool,jax_threefry,torch.float32,torch.bool,128000000,32000000,160000000,128000000,32000000,256000000,256000000,0.375,0.375,0.25,2.5,1.0,2.0,100,10000,25596414,25806026.25,16000,25597555,25808040.625,16000,16000,1,1,1612.646097953283,"Monte Carlo mask-averaged training risk; one fixed evaluation mask per training sample, independent of dynamic training masks",Monte Carlo population risk; independent test samples and one independent mask per sample,1.0080745437428054,1.0081713826714465,0.45234885811805725,0.009820444509387016,4000,8.0,1612.6933352813724,1612.876640625,1.0081891256329891,-0.18330534362769685,0.22913167953462105,0.2273023726806489,1612.9201510849,1613.0025390625,1.008222880075851,-0.08238797760009765,0.10298497200012206,0.10215480212205641,6.630324572324754e-06,1612.693341911697,-0.18329871330312453,5.488403530762298e-06,fresh_dynamic_mask,original_fixed_evaluation_mask,0.022583985701203346,1.1317702531814575,-0.01443480048328638,1.3027126789093018,1.3039202690124512,0.5240573287010193,0.5124906301498413,0.7099999785423279,0.7455000281333923,0.7954365611076355,0.9354667067527771,6,7,0.2900000214576721,0.25449997186660767
15,0,4000,0.770843505859375,0.8779769392526064,0.9581423401832581,1.1990188360214233,0.9977831840515137,48.969764709472656,44.57064437866211,1.0074071884155273,1.2957239151000977,gaussian,1.0,8.0,16000,linear,identity,dynamic,0,dynamic,2000,1.0,0.9,bounded_heterogenous,1.0,0.75,0.25,4000,0.0001,0.05,1024,dynamic_mask_mae_adam,jax,cuda:0,0.4.30,bool,jax_threefry,torch.float32,torch.bool,128000000,32000000,160000000,128000000,32000000,256000000,256000000,0.375,0.375,0.25,2.5,1.0,2.0,100,10000,28797870,29036048.5,16000,28799251,29033921.125,16000,16000,1,1,1814.2268601974436,"Monte Carlo mask-averaged training risk; one fixed evaluation mask per training sample, independent of dynamic training masks",Monte Carlo population risk; independent test samples and one independent mask per sample,1.0082042864577663,1.008117154576204,0.44825249910354614,0.009153659455478191,4000,8.0,1814.6334984283444,1814.75303125,1.0082706984926315,-0.11953282165550627,0.13281424628389585,0.1317345331262043,1814.5636857528687,1814.6200703125,1.008148480146237,-0.056384559631347655,0.0626495107014974,0.06214475476573611,7.493867725133896e-06,1814.6335059222122,-0.11952532778778113,4.339635324868141e-06,fresh_dynamic_mask,original_fixed_evaluation_mask,0.01772761344909668,1.1960055828094482,-0.01566050574183464,1.376280426979065,1.258635401725769,0.519877552986145,0.5112103223800659,0.7200000286102295,0.7445999979972839,0.8194293975830078,0.957312822341919,7,7,0.2799999713897705,0.25540000200271606
15,0,4000,0.7635717988014221,0.8738259545249398,0.9856035113334656,1.2808160781860352,1.0559864044189453,50.61256408691406,44.57064437866211,1.0074071884155273,1.2957239151000977,gaussian,1.0,8.0,16000,linear,identity,dynamic,0,dynamic,2000,1.0,0.95,bounded_heterogenous,1.0,0.75,0.25,4000,0.0001,0.05,1024,dynamic_mask_mae_adam,jax,cuda:0,0.4.30,bool,jax_threefry,torch.float32,torch.bool,128000000,32000000,160000000,128000000,32000000,256000000,256000000,0.375,0.375,0.25,2.5,1.0,2.0,100,10000,30399671,30650574.625,16000,30399987,30649210.375,16000,16000,1,1,1915.0172413195235,"Monte Carlo mask-averaged training risk; one fixed evaluation mask per training sample, independent of dynamic training masks",Monte Carlo population risk; independent test samples and one independent mask per sample,1.0082189990900274,1.0081851815181093,0.4365803301334381,0.00862592738121748,4000,8.0,1915.5953667678832,1915.6609140625,1.0082534980395017,-0.06554729461669923,0.06899715222810444,0.06843308660275937,1915.5510257339477,1915.5756484375,1.0081981408413103,-0.024622703552246095,0.025918635318153787,0.025707889502957215,8.00510048866272e-06,1915.5953747729836,-0.06553928951621056,3.170277523167897e-06,fresh_dynamic_mask,original_fixed_evaluation_mask,0.0588994175195694,1.2311046123504639,-0.014181084930896759,1.4166476726531982,1.2437562942504883,0.5145817399024963,0.5112497806549072,0.7099999785423279,0.7480000257492065,0.8466452956199646,0.9741806387901306,7,7,0.2900000214576721,0.25199997425079346
16,0,4000,0.7668837308883667,0.8757189794039905,-0.6796019673347473,0.6118217706680298,0.5450940728187561,34.98061752319336,44.370304107666016,0.9925064444541931,1.2669812440872192,gaussian,1.0,8.0,16000,linear,identity,dynamic,0,dynamic,2000,1.0,0.05,bounded_heterogenous,1.0,0.75,0.25,4000,0.0001,0.05,1024,dynamic_mask_mae_adam,jax,cuda:0,0.4.30,bool,jax_threefry,torch.float32,torch.bool,128000000,32000000,160000000,128000000,32000000,256000000,256000000,0.375,0.375,0.25,2.5,1.0,2.0,100,10000,1599299,1587593.375,16000,1601800,1591218.14453125,16000,16000,1,1,99.29986670657604,"Monte Carlo mask-averaged training risk; one fixed evaluation mask per training sample, independent of dynamic training masks",Monte Carlo population risk; independent test samples and one independent mask per sample,0.9923333449194235,0.9932400405813296,0.5123279094696045,0.01464605052024126,4000,8.0,99.18985788726806,99.2245859375,0.9926807776407038,-0.034728050231933594,0.6945610046386719,0.6999888163565782,99.43574356269836,99.45113403320312,0.9933937723381508,-0.015390470504760742,0.30780941009521484,0.3095081952433354,3.823886066675187e-06,99.18986171115412,-0.034724226345866915,4.525651456788182e-05,fresh_dynamic_mask,original_fixed_evaluation_mask,-0.017095152288675308,1.0971170663833618,-0.01232429314404726,1.0026278495788574,-1.840081810951233,0.45138871669769287,0.5255581140518188,0.800000011920929,0.7354000210762024,1.2547369003295898,0.9911023378372192,7,8,0.19999998807907104,0.2645999789237976
16,0,4000,0.7812405228614807,0.8838781153877953,0.6975825428962708,0.6327783465385437,0.559036374092102,35.57466125488281,44.370304107666016,0.9925064444541931,1.2669812440872192,gaussian,1.0,8.0,16000,linear,identity,dynamic,0,dynamic,2000,1.0,0.1,bounded_heterogenous,1.0,0.75,0.25,4000,0.0001,0.05,1024,dynamic_mask_mae_adam,jax,cuda:0,0.4.30,bool,jax_threefry,torch.float32,torch.bool,128000000,32000000,160000000,128000000,32000000,256000000,256000000,0.375,0.375,0.25,2.5,1.0,2.0,100,10000,3200983,3176651.5390625,16000,3203198,3181180.6328125,16000,16000,1,1,198.59973341315208,"Monte Carlo mask-averaged training risk; one fixed evaluation mask per training sample, independent of dynamic training masks",Monte Carlo population risk; independent test samples and one independent mask per sample,0.9920507588630781,0.9929849921717577,0.4978608787059784,0.013994816690683365,4000,8.0,198.47110089111328,198.54072119140625,0.9923987534649512,-0.06962030029296876,0.6962030029296875,0.7013201108083678,198.79547130966188,198.82378955078124,0.9931264420159166,-0.028318241119384767,0.2831824111938476,0.2848576740577258,3.954864665865899e-06,198.47110484597795,-0.06961634542830289,3.0490093195112422e-05,fresh_dynamic_mask,original_fixed_evaluation_mask,0.027899637818336487,1.0762192010879517,0.010452279821038246,1.0221065282821655,1.794111967086792,0.46504029631614685,0.5197428464889526,0.75,0.736299991607666,1.1696685552597046,0.9961498975753784,7,8,0.25,0.263700008392334
16,0,4000,0.7911883592605591,0.8894876948336942,0.7189565300941467,0.6636980772018433,0.5789449214935303,36.433448791503906,44.370304107666016,0.9925064444541931,1.2669812440872192,gaussian,1.0,8.0,16000,linear,identity,dynamic,0,dynamic,2000,1.0,0.2,bounded_heterogenous,1.0,0.75,0.25,4000,0.0001,0.05,1024,dynamic_mask_mae_adam,jax,cuda:0,0.4.30,bool,jax_threefry,torch.float32,torch.bool,128000000,32000000,160000000,128000000,32000000,256000000,256000000,0.375,0.375,0.25,2.5,1.0,2.0,100,10000,6401967,6355918.4375,16000,6403709,6362815.71875,16000,16000,1,1,397.19946682630416,"Monte Carlo mask-averaged training risk; one fixed evaluation mask per training sample, independent of dynamic training masks",Monte Carlo population risk; independent test samples and one independent mask per sample,0.9924842892768347,0.9934688695660226,0.4939230978488922,0.013556858524680138,4000,8.0,397.1157292480469,397.24490234375,0.9928071227952284,-0.129173095703125,0.6458654785156249,0.6503448877053231,397.61784632873537,397.675982421875,0.9936141256184502,-0.05813609313964844,0.2906804656982422,0.2923792017088811,4.148112982511521e-06,397.11573339615984,-0.12916894759014247,1.898296977742575e-05,fresh_dynamic_mask,original_fixed_evaluation_mask,0.02398604154586792,1.116538166999817,0.010280532762408257,1.043299913406372,1.7472237348556519,0.4647306203842163,0.51593416929245,0.7599999904632568,0.7412999868392944,1.1786565780639648,0.9977152347564697,8,8,0.24000000953674316,0.25870001316070557
16,0,4000,0.7974585890769958,0.8930053690079337,0.7471826672554016,0.711198091506958,0.6135779023170471,37.71466827392578,44.370304107666016,0.9925064444541931,1.2669812440872192,gaussian,1.0,8.0,16000,linear,identity,dynamic,0,dynamic,2000,1.0,0.3,bounded_heterogenous,1.0,0.75,0.25,4000,0.0001,0.05,1024,dynamic_mask_mae_adam,jax,cuda:0,0.4.30,bool,jax_threefry,torch.float32,torch.bool,128000000,32000000,160000000,128000000,32000000,256000000,256000000,0.375,0.375,0.25,2.5,1.0,2.0,100,10000,9603340,9536260.6875,16000,9604171,9538485.03125,16000,16000,1,1,595.7992002394562,"Monte Carlo mask-averaged training risk; one fixed evaluation mask per training sample, independent of dynamic training masks",Monte Carlo population risk; independent test samples and one independent mask per sample,0.9927096159901708,0.993021499992299,0.4916076958179474,0.013034920208156109,4000,8.0,595.8329977264405,596.01629296875,0.9930150018118696,-0.1832952423095703,0.610984141031901,0.6150678915053387,596.0717682876586,596.155314453125,0.9931606831292362,-0.0835461654663086,0.2784872182210287,0.28028321962692004,4.444988071918488e-06,595.8330021714286,-0.1832907973214984,1.395137769577559e-05,fresh_dynamic_mask,original_fixed_evaluation_mask,0.018180690705776215,1.1642868518829346,0.01115227397531271,1.078753113746643,1.7186377048492432,0.45574429631233215,0.5147522687911987,0.7799999713897705,0.7416999936103821,1.2309715747833252,1.0181827545166016,7,8,0.2200000286102295,0.2583000063896179
16,0,4000,0.8013439178466797,0.8951781486646553,0.7791998982429504,0.7697044610977173,0.656271755695343,39.23530197143555,44.370304107666016,0.9925064444541931,1.2669812440872192,gaussian,1.0,8.0,16000,linear,identity,dynamic,0,dynamic,2000,1.0,0.4,bounded_heterogenous,1.0,0.75,0.25,4000,0.0001,0.05,1024,dynamic_mask_mae_adam,jax,cuda:0,0.4.30,bool,jax_threefry,torch.float32,torch.bool,128000000,32000000,160000000,128000000,32000000,256000000,256000000,0.375,0.375,0.25,2.5,1.0,2.0,100,10000,12801617,12710853.25,16000,12803406,12714661.3125,16000,16000,1,1,794.3989336526083,"Monte Carlo mask-averaged training risk; one fixed evaluation mask per training sample, independent of dynamic training masks",Monte Carlo population risk; independent test samples and one independent mask per sample,0.9926222964905161,0.9929492001922398,0.48210033774375916,0.012287412770092487,4000,8.0,794.198154083252,794.428328125,0.9929099777004733,-0.23017404174804687,0.5754351043701171,0.5794708813853244,794.5707342147828,794.66633203125,0.9930686656738058,-0.09559781646728516,0.2389945411682129,0.24059863269387805,4.810652881860733e-06,794.1981588939049,-0.23016923109516502,1.085695930669317e-05,fresh_dynamic_mask,original_fixed_evaluation_mask,0.029636656865477562,1.1945981979370117,0.011357735842466354,1.1203804016113281,1.695882797241211,0.45228108763694763,0.5118308663368225,0.7799999713897705,0.7422999739646912,1.2534785270690918,1.0510283708572388,8,8,0.2200000286102295,0.25770002603530884
16,0,4000,0.8024781346321106,0.8958114392170434,0.8181107044219971,0.8472978472709656,0.7090961933135986,41.16546630859375,44.370304107666016,0.9925064444541931,1.2669812440872192,gaussian,1.0,8.0,16000,linear,identity,dynamic,0,dynamic,2000,1.0,0.5,bounded_heterogenous,1.0,0.75,0.25,4000,0.0001,0.05,1024,dynamic_mask_mae_adam,jax,cuda:0,0.4.30,bool,jax_threefry,torch.float32,torch.bool,128000000,32000000,160000000,128000000,32000000,256000000,256000000,0.375,0.375,0.25,2.5,1.0,2.0,100,10000,16000906,15889295.875,16000,16001730,15893472.1875,16000,16000,1,1,992.9986670657604,"Monte Carlo mask-averaged training risk; one fixed evaluation mask per training sample, independent of dynamic training masks",Monte Carlo population risk; independent test samples and one independent mask per sample,0.9927672170209358,0.9931254500901889,0.47428667545318604,0.011521469801664352,4000,8.0,992.8234324645996,993.0809921875,0.9930247621603426,-0.25755972290039064,0.5151194458007813,0.5187083932258751,993.23283177948,993.34201171875,0.9932346182256544,-0.10917993927001954,0.21835987854003908,0.2198234605643723,5.295611545443536e-06,992.8234377602112,-0.2575544272888452,8.848736797517631e-06,fresh_dynamic_mask,original_fixed_evaluation_mask,0.04244409501552582,1.2577543258666992,0.01320531964302063,1.1709446907043457,1.5939949750900269,0.45405372977256775,0.509832501411438,0.7599999904632568,0.7429999709129333,1.2382779121398926,1.0353482961654663,7,8,0.24000000953674316,0.25700002908706665
16,0,4000,0.8037069439888,0.8964970407027566,0.8599139451980591,0.9346680641174316,0.7708684802055359,43.235816955566406,44.370304107666016,0.9925064444541931,1.2669812440872192,gaussian,1.0,8.0,16000,linear,identity,dynamic,0,dynamic,2000,1.0,0.6,bounded_heterogenous,1.0,0.75,0.25,4000,0.0001,0.05,1024,dynamic_mask_mae_adam,jax,cuda:0,0.4.30,bool,jax_threefry,torch.float32,torch.bool,128000000,32000000,160000000,128000000,32000000,256000000,256000000,0.375,0.375,0.25,2.5,1.0,2.0,100,10000,19201222,19065608.25,16000,19202350,19072298.125,16000,16000,1,1,1191.5984004789125,"Monte Carlo mask-averaged training risk; one fixed evaluation mask per training sample, independent of dynamic training masks",Monte Carlo population risk; independent test samples and one independent mask per sample,0.992711640224643,0.9931342963411603,0.47515538334846497,0.010989854112267494,4000,8.0,1191.3297866210937,1191.600515625,0.9929372333698345,-0.27072900390625,0.4512150065104167,0.45439558032467353,1191.9070222091675,1192.0186328125,0.9932272937947699,-0.11161060333251953,0.18601767222086588,0.18726318575934542,5.841675400733948e-06,1191.329792462769,-0.27072316223084925,7.242420906550251e-06,fresh_dynamic_mask,original_fixed_evaluation_mask,0.05243706703186035,1.3230687379837036,0.01364228781312704,1.2256394624710083,1.5482357740402222,0.4481416940689087,0.5090090036392212,0.7599999904632568,0.7422999739646912,1.2779873609542847,1.0555152893066406,7,15,0.24000000953674316,0.25770002603530884
16,0,4000,0.8031812906265259,0.8962038220329825,0.904635488986969,1.0350916385650635,0.8384105563163757,45.499267578125,44.370304107666016,0.9925064444541931,1.2669812440872192,gaussian,1.0,8.0,16000,linear,identity,dynamic,0,dynamic,2000,1.0,0.7,bounded_heterogenous,1.0,0.75,0.25,4000,0.0001,0.05,1024,dynamic_mask_mae_adam,jax,cuda:0,0.4.30,bool,jax_threefry,torch.float32,torch.bool,128000000,32000000,160000000,128000000,32000000,256000000,256000000,0.375,0.375,0.25,2.5,1.0,2.0,100,10000,22403515,22246468.125,16000,22400374,22244595.1875,16000,16000,1,1,1390.1981338920646,"Monte Carlo mask-averaged training risk; one fixed evaluation mask per training sample, independent of dynamic training masks",Monte Carlo population risk; independent test samples and one independent mask per sample,0.9928062343249695,0.9929668768100144,0.4726214110851288,0.010387450456619263,4000,8.0,1390.1468351745605,1390.4042578125,0.9929900787889757,-0.25742263793945314,0.3677466256277902,0.3702845938409194,1390.1768381347656,1390.28719921875,0.993045704839571,-0.110361083984375,0.15765869140625,0.1587601238741687,6.469322741031647e-06,1390.1468416438831,-0.2574161686167121,6.30861950412509e-06,fresh_dynamic_mask,original_fixed_evaluation_mask,0.07289944589138031,1.3724342584609985,0.015079897828400135,1.2825285196304321,1.5110427141189575,0.4465949535369873,0.5079044699668884,0.7799999713897705,0.7443000078201294,1.2946721315383911,1.0823956727981567,7,8,0.2200000286102295,0.2556999921798706
16,0,4000,0.8026636242866516,0.8959149648748209,0.9574472904205322,1.1602225303649902,0.9216671586036682,48.170997619628906,44.370304107666016,0.9925064444541931,1.2669812440872192,gaussian,1.0,8.0,16000,linear,identity,dynamic,0,dynamic,2000,1.0,0.8,bounded_heterogenous,1.0,0.75,0.25,4000,0.0001,0.05,1024,dynamic_mask_mae_adam,jax,cuda:0,0.4.30,bool,jax_threefry,torch.float32,torch.bool,128000000,32000000,160000000,128000000,32000000,256000000,256000000,0.375,0.375,0.25,2.5,1.0,2.0,100,10000,25604113,25423293.0625,16000,25600509,25427899.5625,16000,16000,1,1,1588.7978673052166,"Monte Carlo mask-averaged training risk; one fixed evaluation mask per training sample, independent of dynamic training masks",Monte Carlo population risk; independent test samples and one independent mask per sample,0.9928014477626358,0.9932041569271906,0.4726143181324005,0.009811179712414742,4000,8.0,1588.7375284423829,1588.95581640625,0.9929378558241795,-0.2182879638671875,0.27285995483398434,0.27475649305452876,1589.158247390747,1589.24372265625,0.9932575779059706,-0.08547526550292969,0.10684408187866211,0.10756722116855855,7.251390814781189e-06,1588.7375356937737,-0.2182807124763727,5.3916573961032555e-06,fresh_dynamic_mask,original_fixed_evaluation_mask,0.077247753739357,1.4534107446670532,0.016172081232070923,1.352758765220642,1.4625979661941528,0.4389784336090088,0.504963755607605,0.7799999713897705,0.7457000017166138,1.3440675735473633,1.1123887300491333,7,8,0.2200000286102295,0.25429999828338623
16,0,4000,0.795770525932312,0.892059709846999,1.0132957696914673,1.3107798099517822,1.0201388597488403,51.20116424560547,44.370304107666016,0.9925064444541931,1.2669812440872192,gaussian,1.0,8.0,16000,linear,identity,dynamic,0,dynamic,2000,1.0,0.9,bounded_heterogenous,1.0,0.75,0.25,4000,0.0001,0.05,1024,dynamic_mask_mae_adam,jax,cuda:0,0.4.30,bool,jax_threefry,torch.float32,torch.bool,128000000,32000000,160000000,128000000,32000000,256000000,256000000,0.375,0.375,0.25,2.5,1.0,2.0,100,10000,28802932,28602386.125,16000,28799173,28603399.125,16000,16000,1,1,1787.3976007183687,"Monte Carlo mask-averaged training risk; one fixed evaluation mask per training sample, independent of dynamic training masks",Monte Carlo population risk; independent test samples and one independent mask per sample,0.99295909483637,0.9931743306586565,0.46055465936660767,0.008995003066956997,4000,8.0,1787.5083304595946,1787.6491328125,0.9930373104029826,-0.14080235290527343,0.15644705878363716,0.15752795145407283,1787.6624604873657,1787.7124453125,0.9932021008033807,-0.04998482513427734,0.05553869459364149,0.05592043090074661,8.192373812198639e-06,1787.5083386519684,-0.14079416053146124,4.313559202273609e-06,fresh_dynamic_mask,original_fixed_evaluation_mask,0.06018638610839844,1.5182265043258667,0.015827953815460205,1.4273864030838013,1.3843988180160522,0.4424239695072174,0.5039021372795105,0.7900000214576721,0.7484999895095825,1.3216140270233154,1.1128841638565063,8,8,0.20999997854232788,0.2515000104904175
16,0,4000,0.7912222146987915,0.88950672549385,1.0489462614059448,1.4127105474472046,1.0909552574157715,53.15468215942383,44.370304107666016,0.9925064444541931,1.2669812440872192,gaussian,1.0,8.0,16000,linear,identity,dynamic,0,dynamic,2000,1.0,0.95,bounded_heterogenous,1.0,0.75,0.25,4000,0.0001,0.05,1024,dynamic_mask_mae_adam,jax,cuda:0,0.4.30,bool,jax_threefry,torch.float32,torch.bool,128000000,32000000,160000000,128000000,32000000,256000000,256000000,0.375,0.375,0.25,2.5,1.0,2.0,100,10000,30400248,30187712.5,16000,30399743,30194351.375,16000,16000,1,1,1886.6974674249448,"Monte Carlo mask-averaged training risk; one fixed evaluation mask per training sample, independent of dynamic training masks",Monte Carlo population risk; independent test samples and one independent mask per sample,0.9929678125349529,0.9932261437414164,0.45041996240615845,0.008473757654428482,4000,8.0,1886.6542348175049,1886.73203125,0.9930087576917136,-0.07779643249511718,0.08189098157380756,0.08246685931712072,1887.1137194137573,1887.1469609375,0.993243639428136,-0.033241523742675784,0.03499107762386925,0.03522939594069463,8.82944092154503e-06,1886.6542436469458,-0.07778760305419563,3.219289055778063e-06,fresh_dynamic_mask,original_fixed_evaluation_mask,0.06297940760850906,1.5842550992965698,0.015430775471031666,1.4763449430465698,1.3733147382736206,0.43291741609573364,0.5059191584587097,0.8100000023841858,0.7487999796867371,1.388094186782837,1.1397472620010376,8,8,0.1899999976158142,0.25120002031326294
17,0,4000,0.7612636685371399,0.8725042513003245,-0.6765578389167786,0.6031269431114197,0.5385798811912537,34.73116683959961,44.652732849121094,0.9895520210266113,1.2648743391036987,gaussian,1.0,8.0,16000,linear,identity,dynamic,0,dynamic,2000,1.0,0.05,bounded_heterogenous,1.0,0.75,0.25,4000,0.0001,0.05,1024,dynamic_mask_mae_adam,jax,cuda:0,0.4.30,bool,jax_threefry,torch.float32,torch.bool,128000000,32000000,160000000,128000000,32000000,256000000,256000000,0.375,0.375,0.25,2.5,1.0,2.0,100,10000,1599528,1585212.328125,16000,1599337,1581580.56640625,16000,16000,1,1,99.00504596073758,"Monte Carlo mask-averaged training risk; one fixed evaluation mask per training sample, independent of dynamic training masks",Monte Carlo population risk; independent test samples and one independent mask per sample,0.9906965248840205,0.988775748979212,0.4990973174571991,0.014370300807058811,4000,8.0,99.04042694091797,99.0757705078125,0.9910500648472549,-0.03534356689453125,0.706871337890625,0.7134653954923298,98.83660250282287,98.84878540039062,0.9888976284586988,-0.012182897567749023,0.24365795135498045,0.24649564520995426,3.7695433944463734e-06,99.04043071046137,-0.0353397973511368,4.387236185721122e-05,fresh_dynamic_mask,original_fixed_evaluation_mask,-0.011069707572460175,0.8876917958259583,0.004772689193487167,0.9893552660942078,-1.5788484811782837,0.539736807346344,0.5188738107681274,0.7300000190734863,0.7365000247955322,0.7179303765296936,0.8457351326942444,7,7,0.26999998092651367,0.2634999752044678
17,0,4000,0.7803383469581604,0.8833676171097514,0.6928938031196594,0.6171409487724304,0.5408850312232971,35.132347106933594,44.652732849121094,0.9895520210266113,1.2648743391036987,gaussian,1.0,8.0,16000,linear,identity,dynamic,0,dynamic,2000,1.0,0.1,bounded_heterogenous,1.0,0.75,0.25,4000,0.0001,0.05,1024,dynamic_mask_mae_adam,jax,cuda:0,0.4.30,bool,jax_threefry,torch.float32,torch.bool,128000000,32000000,160000000,128000000,32000000,256000000,256000000,0.375,0.375,0.25,2.5,1.0,2.0,100,10000,3199520,3163073.3203125,16000,3198782,3165877.1796875,16000,16000,1,1,198.01009192147515,"Monte Carlo mask-averaged training risk; one fixed evaluation mask per training sample, independent of dynamic training masks",Monte Carlo population risk; independent test samples and one independent mask per sample,0.9882885791709699,0.9896013494496236,0.49123620986938477,0.013982447795569897,4000,8.0,197.62806717681886,197.69208251953125,0.9886087039032417,-0.06401534271240235,0.6401534271240235,0.6476267728736662,197.84493648719788,197.86732373046874,0.9897133282879234,-0.022387243270874022,0.22387243270874022,0.226285400224846,3.857130929827691e-06,197.6280710339498,-0.06401148558147252,3.012794149981346e-05,fresh_dynamic_mask,original_fixed_evaluation_mask,0.010308308526873589,0.8867987394332886,-0.004917293321341276,1.0011810064315796,1.6719433069229126,0.5281415581703186,0.5143640637397766,0.699999988079071,0.7398999929428101,0.7830197811126709,0.9162716865539551,7,7,0.30000001192092896,0.26010000705718994
17,0,4000,0.790137767791748,0.8888969387908522,0.7234741449356079,0.6644726991653442,0.5748859643936157,36.4547004699707,44.652732849121094,0.9895520210266113,1.2648743391036987,gaussian,1.0,8.0,16000,linear,identity,dynamic,0,dynamic,2000,1.0,0.2,bounded_heterogenous,1.0,0.75,0.25,4000,0.0001,0.05,1024,dynamic_mask_mae_adam,jax,cuda:0,0.4.30,bool,jax_threefry,torch.float32,torch.bool,128000000,32000000,160000000,128000000,32000000,256000000,256000000,0.375,0.375,0.25,2.5,1.0,2.0,100,10000,6398312,6327257.46875,16000,6399424,6330502.125,16000,16000,1,1,396.0201838429503,"Monte Carlo mask-averaged training risk; one fixed evaluation mask per training sample, independent of dynamic training masks",Monte Carlo population risk; independent test samples and one independent mask per sample,0.9885888573765628,0.9890868223794438,0.47840115427970886,0.013123167678713799,4000,8.0,395.3312468261719,395.453591796875,0.9888948004958182,-0.122344970703125,0.611724853515625,0.618757665834968,395.5991218261719,395.6563828125,0.9892299877301457,-0.057260986328125,0.286304931640625,0.2894480605675209,4.152954369783401e-06,395.33125097912625,-0.12234081774875522,1.890230669232551e-05,fresh_dynamic_mask,original_fixed_evaluation_mask,0.0021079706493765116,0.9093746542930603,-0.005994928069412708,1.0404384136199951,1.6331571340560913,0.5295560359954834,0.5118066072463989,0.7200000286102295,0.7404000163078308,0.7793751358985901,0.9351768493652344,7,7,0.2799999713897705,0.2595999836921692
17,0,4000,0.7935185432434082,0.8907965779252905,0.7502449750900269,0.7115134000778198,0.60915207862854,37.72303009033203,44.652732849121094,0.9895520210266113,1.2648743391036987,gaussian,1.0,8.0,16000,linear,identity,dynamic,0,dynamic,2000,1.0,0.3,bounded_heterogenous,1.0,0.75,0.25,4000,0.0001,0.05,1024,dynamic_mask_mae_adam,jax,cuda:0,0.4.30,bool,jax_threefry,torch.float32,torch.bool,128000000,32000000,160000000,128000000,32000000,256000000,256000000,0.375,0.375,0.25,2.5,1.0,2.0,100,10000,9598742,9495585.0625,16000,9602656,9501211.75,16000,16000,1,1,594.0302757644254,"Monte Carlo mask-averaged training risk; one fixed evaluation mask per training sample, independent of dynamic training masks",Monte Carlo population risk; independent test samples and one independent mask per sample,0.9889591709688689,0.9892954765384376,0.4729050397872925,0.012536243535578251,4000,8.0,593.2977456665039,593.47406640625,0.989253077382432,-0.17632073974609375,0.5877357991536458,0.594198633863785,593.7415089721679,593.825734375,0.9894358133832973,-0.08422540283203125,0.28075134277343755,0.283670437154937,4.446958750486374e-06,593.2977501134627,-0.17631629278734326,1.380143021378899e-05,fresh_dynamic_mask,original_fixed_evaluation_mask,0.0032146405428647995,0.9638911485671997,-0.005559364799410105,1.0750168561935425,1.507779836654663,0.5353695750236511,0.5101068019866943,0.7099999785423279,0.7409999966621399,0.7493293881416321,0.8949012756347656,7,7,0.2900000214576721,0.2590000033378601
17,0,4000,0.7924333810806274,0.8901872730390091,0.7798864841461182,0.7698994278907776,0.6503007411956787,39.240272521972656,44.652732849121094,0.9895520210266113,1.2648743391036987,gaussian,1.0,8.0,16000,linear,identity,dynamic,0,dynamic,2000,1.0,0.4,bounded_heterogenous,1.0,0.75,0.25,4000,0.0001,0.05,1024,dynamic_mask_mae_adam,jax,cuda:0,0.4.30,bool,jax_threefry,torch.float32,torch.bool,128000000,32000000,160000000,128000000,32000000,256000000,256000000,0.375,0.375,0.25,2.5,1.0,2.0,100,10000,12795787,12657456.34375,16000,12802174,12669702.0625,16000,16000,1,1,792.0403676859006,"Monte Carlo mask-averaged training risk; one fixed evaluation mask per training sample, independent of dynamic training masks",Monte Carlo population risk; independent test samples and one independent mask per sample,0.9889280601815464,0.9895198526880206,0.4684031307697296,0.011936796829104424,4000,8.0,790.8820510253906,791.091021484375,0.9891893592594188,-0.208970458984375,0.5224261474609374,0.5283095201669141,791.7503331604004,791.85637890625,0.9896523873601468,-0.10604574584960938,0.26511436462402344,0.26784085769726573,4.8118714243173605e-06,790.8820558372621,-0.20896564711295068,1.0725046195148025e-05,fresh_dynamic_mask,original_fixed_evaluation_mask,0.011395608074963093,1.000910997390747,-0.005908069666475058,1.1142584085464478,1.4426770210266113,0.5361952781677246,0.5087310671806335,0.7300000190734863,0.7448999881744385,0.7434567213058472,0.8901315331459045,7,7,0.26999998092651367,0.2551000118255615
17,0,4000,0.7932201623916626,0.8906290823859631,0.8124717473983765,0.8347505927085876,0.6963418126106262,40.859527587890625,44.652732849121094,0.9895520210266113,1.2648743391036987,gaussian,1.0,8.0,16000,linear,identity,dynamic,0,dynamic,2000,1.0,0.5,bounded_heterogenous,1.0,0.75,0.25,4000,0.0001,0.05,1024,dynamic_mask_mae_adam,jax,cuda:0,0.4.30,bool,jax_threefry,torch.float32,torch.bool,128000000,32000000,160000000,128000000,32000000,256000000,256000000,0.375,0.375,0.25,2.5,1.0,2.0,100,10000,15996930,15825192.9375,16000,16004691,15841221.6875,16000,16000,1,1,990.0504596073757,"Monte Carlo mask-averaged training risk; one fixed evaluation mask per training sample, independent of dynamic training masks",Monte Carlo population risk; independent test samples and one independent mask per sample,0.98902779172597,0.989670257250183,0.4713173508644104,0.011535067111253738,4000,8.0,988.8380220184326,989.07455859375,0.9892643736954528,-0.2365365753173828,0.4730731506347656,0.4782987758853441,989.9604161987305,990.07635546875,0.9897861625382208,-0.11593927001953125,0.2318785400390625,0.23420268422547075,5.217191204428673e-06,988.8380272356238,-0.2365313581261784,8.644046829431318e-06,fresh_dynamic_mask,original_fixed_evaluation_mask,0.0037583578377962112,1.0387345552444458,-0.005692226812243462,1.1576210260391235,1.3999791145324707,0.5343388319015503,0.5081645846366882,0.7200000286102295,0.7441999912261963,0.7529668211936951,0.8987894654273987,7,7,0.2799999713897705,0.2558000087738037
17,0,4000,0.7925109267234802,0.8902308277764145,0.8517423868179321,0.9182166457176208,0.7516098022460938,42.8536262512207,44.652732849121094,0.9895520210266113,1.2648743391036987,gaussian,1.0,8.0,16000,linear,identity,dynamic,0,dynamic,2000,1.0,0.6,bounded_heterogenous,1.0,0.75,0.25,4000,0.0001,0.05,1024,dynamic_mask_mae_adam,jax,cuda:0,0.4.30,bool,jax_threefry,torch.float32,torch.bool,128000000,32000000,160000000,128000000,32000000,256000000,256000000,0.375,0.375,0.25,2.5,1.0,2.0,100,10000,19197520,18993187.5,16000,19204462,19010122.625,16000,16000,1,1,1188.0605515288507,"Monte Carlo mask-averaged training risk; one fixed evaluation mask per training sample, independent of dynamic training masks",Monte Carlo population risk; independent test samples and one independent mask per sample,0.9891484665585223,0.9897773789179644,0.47421565651893616,0.011065940372645855,4000,8.0,1186.82484185791,1187.07421875,0.989356307481383,-0.24937689208984376,0.41562815348307297,0.42015383394056194,1188.008878868103,1188.1326640625,0.9898805092795622,-0.12378519439697265,0.20630865732828776,0.2083693145404908,5.738854035735131e-06,1186.8248475967641,-0.24937115323580802,7.0575651989202015e-06,fresh_dynamic_mask,original_fixed_evaluation_mask,0.0076588224619627,1.0754153728485107,-0.006284060887992382,1.2082542181015015,1.366346001625061,0.5325852036476135,0.5058682560920715,0.7200000286102295,0.7476000189781189,0.7640244364738464,0.9199908375740051,7,7,0.2799999713897705,0.2523999810218811
17,0,4000,0.789969265460968,0.8888021520343928,0.8954939246177673,1.0182373523712158,0.818105161190033,45.127315521240234,44.652732849121094,0.9895520210266113,1.2648743391036987,gaussian,1.0,8.0,16000,linear,identity,dynamic,0,dynamic,2000,1.0,0.7,bounded_heterogenous,1.0,0.75,0.25,4000,0.0001,0.05,1024,dynamic_mask_mae_adam,jax,cuda:0,0.4.30,bool,jax_threefry,torch.float32,torch.bool,128000000,32000000,160000000,128000000,32000000,256000000,256000000,0.375,0.375,0.25,2.5,1.0,2.0,100,10000,22396893,22165209.625,16000,22403904,22174240.0625,16000,16000,1,1,1386.0706434503259,"Monte Carlo mask-averaged training risk; one fixed evaluation mask per training sample, independent of dynamic training masks",Monte Carlo population risk; independent test samples and one independent mask per sample,0.9894833811367343,0.9896676857354914,0.47344696521759033,0.010491360910236835,4000,8.0,1385.0845882873534,1385.3256015625,0.9896555573578889,-0.24101327514648438,0.344304678780692,0.34795180984836804,1385.7762389450074,1385.89000390625,0.9897489322619843,-0.11376496124267578,0.16252137320382257,0.16417603261742464,6.363983452320099e-06,1385.0845946513368,-0.24100691116303205,6.031562406860758e-06,fresh_dynamic_mask,original_fixed_evaluation_mask,0.014660025015473366,1.1299498081207275,-0.006196260917931795,1.2650460004806519,1.2674124240875244,0.538114607334137,0.5038597583770752,0.7300000190734863,0.7497000098228455,0.7337332963943481,0.8978391885757446,7,7,0.26999998092651367,0.25029999017715454
17,0,4000,0.787209153175354,0.8872480787104327,0.9467064142227173,1.1420220136642456,0.9005718231201172,47.79166793823242,44.652732849121094,0.9895520210266113,1.2648743391036987,gaussian,1.0,8.0,16000,linear,identity,dynamic,0,dynamic,2000,1.0,0.8,bounded_heterogenous,1.0,0.75,0.25,4000,0.0001,0.05,1024,dynamic_mask_mae_adam,jax,cuda:0,0.4.30,bool,jax_threefry,torch.float32,torch.bool,128000000,32000000,160000000,128000000,32000000,256000000,256000000,0.375,0.375,0.25,2.5,1.0,2.0,100,10000,25597622,25330296.25,16000,25601340,25340169.8125,16000,16000,1,1,1584.0807353718012,"Monte Carlo mask-averaged training risk; one fixed evaluation mask per training sample, independent of dynamic training masks",Monte Carlo population risk; independent test samples and one independent mask per sample,0.9894277700084217,0.9897406435624515,0.45954903960227966,0.009615671820938587,4000,8.0,1582.9373783111573,1583.143515625,0.9895566177983252,-0.20613731384277345,0.2576716423034668,0.260415195221686,1583.6679204788209,1583.76061328125,0.989798573531698,-0.09269280242919922,0.11586600303649902,0.1170540568464773,7.137637585401535e-06,1582.9373854487949,-0.20613017620518806,5.451126980915433e-06,fresh_dynamic_mask,original_fixed_evaluation_mask,0.008526516146957874,1.1871317625045776,-0.005761404987424612,1.3336694240570068,1.2753713130950928,0.5251588225364685,0.5010882616043091,0.7200000286102295,0.7497000098228455,0.8041254281997681,0.9576659202575684,7,7,0.2799999713897705,0.25029999017715454
17,0,4000,0.7817883491516113,0.8841879603068633,-1.0027577877044678,1.290140151977539,0.989926815032959,50.79646301269531,44.652732849121094,0.9895520210266113,1.2648743391036987,gaussian,1.0,8.0,16000,linear,identity,dynamic,0,dynamic,2000,1.0,0.9,bounded_heterogenous,1.0,0.75,0.25,4000,0.0001,0.05,1024,dynamic_mask_mae_adam,jax,cuda:0,0.4.30,bool,jax_threefry,torch.float32,torch.bool,128000000,32000000,160000000,128000000,32000000,256000000,256000000,0.375,0.375,0.25,2.5,1.0,2.0,100,10000,28798688,28500762.125,16000,28801248,28512708.75,16000,16000,1,1,1782.0908272932763,"Monte Carlo mask-averaged training risk; one fixed evaluation mask per training sample, independent of dynamic training masks",Monte Carlo population risk; independent test samples and one independent mask per sample,0.9895780246548526,0.9899510463360404,0.45300111174583435,0.008917966857552528,4000,8.0,1781.159298980713,1781.2976328125,0.9896548802848241,-0.13833383178710937,0.15370425754123263,0.15531804369905977,1781.9890995864869,1782.044296875,0.9899817101675594,-0.0551972885131836,0.061330320570203996,0.061948278850199046,8.06337594985962e-06,1781.1593070440888,-0.1383257684111595,4.035855909023667e-06,fresh_dynamic_mask,original_fixed_evaluation_mask,-0.0010635638609528542,1.26622474193573,0.003803820349276066,1.4043066501617432,-1.2339932918548584,0.5184208750724792,0.49862924218177795,0.7200000286102295,0.7512999773025513,0.8434916138648987,0.9807056784629822,7,7,0.2799999713897705,0.24870002269744873
17,0,4000,0.778214156627655,0.8821644725489998,1.0303363800048828,1.36833655834198,1.039933443069458,52.3132209777832,44.652732849121094,0.9895520210266113,1.2648743391036987,gaussian,1.0,8.0,16000,linear,identity,dynamic,0,dynamic,2000,1.0,0.95,bounded_heterogenous,1.0,0.75,0.25,4000,0.0001,0.05,1024,dynamic_mask_mae_adam,jax,cuda:0,0.4.30,bool,jax_threefry,torch.float32,torch.bool,128000000,32000000,160000000,128000000,32000000,256000000,256000000,0.375,0.375,0.25,2.5,1.0,2.0,100,10000,30399770,30083827.75,16000,30400426,30094528.625,16000,16000,1,1,1881.095873254014,"Monte Carlo mask-averaged training risk; one fixed evaluation mask per training sample, independent of dynamic training masks",Monte Carlo population risk; independent test samples and one independent mask per sample,0.9895653308844871,0.9899206873128983,0.4368969798088074,0.008351560682058334,4000,8.0,1880.1599036788941,1880.239234375,0.9896070841983344,-0.07933069610595703,0.08350599590100741,0.08438361954765661,1880.8756625328065,1880.9080390625,0.9899377273528996,-0.032376529693603516,0.03408055757221423,0.0344264887184309,8.552103489637375e-06,1880.1599122309976,-0.07932214400246738,3.1633794606023002e-06,fresh_dynamic_mask,original_fixed_evaluation_mask,-0.014272432774305344,1.2979477643966675,-0.005969367455691099,1.4424200057983398,1.193472146987915,0.5211942791938782,0.497052401304245,0.75,0.7505000233650208,0.829703152179718,0.9773266315460205,7,7,0.25,0.24949997663497925
18,0,4000,0.7203272581100464,0.8487209542070034,0.6303160190582275,0.572248101234436,0.5350120663642883,33.83039855957031,43.90522766113281,1.0071698427200317,1.3007214069366455,gaussian,1.0,8.0,16000,linear,identity,dynamic,0,dynamic,2000,1.0,0.05,bounded_heterogenous,1.0,0.75,0.25,4000,0.0001,0.05,1024,dynamic_mask_mae_adam,jax,cuda:0,0.4.30,bool,jax_threefry,torch.float32,torch.bool,128000000,32000000,160000000,128000000,32000000,256000000,256000000,0.375,0.375,0.25,2.5,1.0,2.0,100,10000,1598998,1614013.60546875,16000,1597974,1608019.6484375,16000,16000,1,1,100.7651746526743,"Monte Carlo mask-averaged training risk; one fixed evaluation mask per training sample, independent of dynamic training masks",Monte Carlo population risk; independent test samples and one independent mask per sample,1.009097280309306,1.0061353341458692,0.501943826675415,0.01483706384897232,4000,8.0,100.84653331375122,100.87585034179688,1.0093906343027008,-0.029317028045654298,0.586340560913086,0.5812496835728709,100.4861315279007,100.50122802734376,1.0062864905420865,-0.015096499443054199,0.30192998886108396,0.3004241786765949,3.576550632715225e-06,100.84653689030186,-0.029313451495021584,4.278736378182657e-05,fresh_dynamic_mask,original_fixed_evaluation_mask,-0.024458035826683044,0.9129033088684082,0.005431870464235544,0.962729275226593,1.7577660083770752,0.5020777583122253,0.5443309545516968,0.7200000286102295,0.7232999801635742,0.9120764136314392,0.8681949973106384,7,7,0.2799999713897705,0.2767000198364258
18,0,4000,0.7307037115097046,0.8548120913450538,0.6450888514518738,0.5908745527267456,0.5482254028320312,34.37657928466797,43.90522766113281,1.0071698427200317,1.3007214069366455,gaussian,1.0,8.0,16000,linear,identity,dynamic,0,dynamic,2000,1.0,0.1,bounded_heterogenous,1.0,0.75,0.25,4000,0.0001,0.05,1024,dynamic_mask_mae_adam,jax,cuda:0,0.4.30,bool,jax_threefry,torch.float32,torch.bool,128000000,32000000,160000000,128000000,32000000,256000000,256000000,0.375,0.375,0.25,2.5,1.0,2.0,100,10000,3199573,3231453.8515625,16000,3198118,3219664.5234375,16000,16000,1,1,201.5303493053486,"Monte Carlo mask-averaged training risk; one fixed evaluation mask per training sample, independent of dynamic training masks",Monte Carlo population risk; independent test samples and one independent mask per sample,1.0096785165518205,1.006604809078736,0.5036482214927673,0.014650912955403328,4000,8.0,201.9087575149536,201.96586572265625,1.0099640956973008,-0.05710820770263672,0.5710820770263672,0.5655233620622813,201.20255992507933,201.22903271484375,1.006737250919916,-0.026472789764433402,0.264727897644334,0.2631110372821599,3.69296595454216e-06,201.90876120791955,-0.057104514736682176,2.886880247388035e-05,fresh_dynamic_mask,original_fixed_evaluation_mask,-0.025267763063311577,0.9346830248832703,0.004940890707075596,0.9790288805961609,1.7310842275619507,0.4985351264476776,0.5390735864639282,0.7599999904632568,0.7253000140190125,0.9287468791007996,0.8802239298820496,7,7,0.24000000953674316,0.27469998598098755
18,0,4000,0.7496009469032288,0.8657949797170394,0.6739240288734436,0.628621518611908,0.5692266225814819,35.4576301574707,43.90522766113281,1.0071698427200317,1.3007214069366455,gaussian,1.0,8.0,16000,linear,identity,dynamic,0,dynamic,2000,1.0,0.2,bounded_heterogenous,1.0,0.75,0.25,4000,0.0001,0.05,1024,dynamic_mask_mae_adam,jax,cuda:0,0.4.30,bool,jax_threefry,torch.float32,torch.bool,128000000,32000000,160000000,128000000,32000000,256000000,256000000,0.375,0.375,0.25,2.5,1.0,2.0,100,10000,6399748,6452114.34375,16000,6397019,6445813.578125,16000,16000,1,1,403.0606986106972,"Monte Carlo mask-averaged training risk; one fixed evaluation mask per training sample, independent of dynamic training masks",Monte Carlo population risk; independent test samples and one independent mask per sample,1.0078922351380146,1.0074890783296389,0.49422481656074524,0.013938465155661106,4000,8.0,403.1410197525024,403.257146484375,1.0081825633993713,-0.11612673187255859,0.5806336593627929,0.5759438258439165,402.8079235229493,402.8633486328125,1.0076277056743148,-0.05542510986322304,0.2771255493161152,0.2751558812750243,3.928884491324425e-06,403.1410236813869,-0.11612280298806726,1.86295965249883e-05,fresh_dynamic_mask,original_fixed_evaluation_mask,-0.022154713049530983,0.9671071171760559,0.006493102293461561,1.0075047016143799,1.737235188484192,0.488754004240036,0.5350202322006226,0.7699999809265137,0.730400025844574,0.9851954579353333,0.9194467067718506,7,7,0.23000001907348633,0.269599974155426
18,0,4000,0.7593151330947876,0.8713869020674958,0.7056859731674194,0.6804534792900085,0.6088363528251648,36.890472412109375,43.90522766113281,1.0071698427200317,1.3007214069366455,gaussian,1.0,8.0,16000,linear,identity,dynamic,0,dynamic,2000,1.0,0.3,bounded_heterogenous,1.0,0.75,0.25,4000,0.0001,0.05,1024,dynamic_mask_mae_adam,jax,cuda:0,0.4.30,bool,jax_threefry,torch.float32,torch.bool,128000000,32000000,160000000,128000000,32000000,256000000,256000000,0.375,0.375,0.25,2.5,1.0,2.0,100,10000,9598798,9681286.0625,16000,9596210,9676546.0,16000,16000,1,1,604.5910479160458,"Monte Carlo mask-averaged training risk; one fixed evaluation mask per training sample, independent of dynamic training masks",Monte Carlo population risk; independent test samples and one independent mask per sample,1.0083232317996433,1.0082433582706414,0.4662538170814514,0.012638868764042854,4000,8.0,604.918188796997,605.08037890625,1.0085935824985586,-0.16219010925292968,0.5406336975097656,0.5360944261525447,604.7071873168944,604.784125,1.0083716383864045,-0.07693768310558516,0.2564589436852839,0.25443023361626516,4.252834245562553e-06,604.9181930498313,-0.1621858564186841,1.3352464520721696e-05,fresh_dynamic_mask,original_fixed_evaluation_mask,-0.025326311588287354,0.9886245727539062,0.006622576154768467,1.0475208759307861,1.716947317123413,0.4879957437515259,0.532922089099884,0.7599999904632568,0.7301999926567078,0.994955837726593,0.9514360427856445,7,7,0.24000000953674316,0.26980000734329224
18,0,4000,0.760282576084137,0.8719418421455281,0.7318722009658813,0.7309589385986328,0.648130476474762,38.23503112792969,43.90522766113281,1.0071698427200317,1.3007214069366455,gaussian,1.0,8.0,16000,linear,identity,dynamic,0,dynamic,2000,1.0,0.4,bounded_heterogenous,1.0,0.75,0.25,4000,0.0001,0.05,1024,dynamic_mask_mae_adam,jax,cuda:0,0.4.30,bool,jax_threefry,torch.float32,torch.bool,128000000,32000000,160000000,128000000,32000000,256000000,256000000,0.375,0.375,0.25,2.5,1.0,2.0,100,10000,12799698,12901554.84375,16000,12796380,12899311.34375,16000,16000,1,1,806.1213972213944,"Monte Carlo mask-averaged training risk; one fixed evaluation mask per training sample, independent of dynamic training masks",Monte Carlo population risk; independent test samples and one independent mask per sample,1.007717339177834,1.0079323339813377,0.4655914306640625,0.012177089229226112,4000,8.0,806.1548506774902,806.347177734375,1.0079577536712194,-0.19232705688476562,0.48081764221191403,0.4770328766454668,806.117822494507,806.206958984375,1.008043786113729,-0.08913648986804765,0.2228412246701191,0.22112557792941523,4.5684933662414555e-06,806.1548552459836,-0.19232248839139937,1.0618981832521968e-05,fresh_dynamic_mask,original_fixed_evaluation_mask,-0.02839689701795578,1.045204758644104,0.007415715139359236,1.083013892173767,1.725675344467163,0.4724459946155548,0.5340980291366577,0.7599999904632568,0.7312999963760376,1.0898211002349854,0.9900105595588684,7,8,0.24000000953674316,0.2687000036239624
18,0,4000,0.7608823776245117,0.8722857201768878,0.7626508474349976,0.7931063771247864,0.6924198269844055,39.82728958129883,43.90522766113281,1.0071698427200317,1.3007214069366455,gaussian,1.0,8.0,16000,linear,identity,dynamic,0,dynamic,2000,1.0,0.5,bounded_heterogenous,1.0,0.75,0.25,4000,0.0001,0.05,1024,dynamic_mask_mae_adam,jax,cuda:0,0.4.30,bool,jax_threefry,torch.float32,torch.bool,128000000,32000000,160000000,128000000,32000000,256000000,256000000,0.375,0.375,0.25,2.5,1.0,2.0,100,10000,15997426,16124189.5625,16000,15997815,16125459.6875,16000,16000,1,1,1007.651746526743,"Monte Carlo mask-averaged training risk; one fixed evaluation mask per training sample, independent of dynamic training masks",Monte Carlo population risk; independent test samples and one independent mask per sample,1.0077001540149626,1.0078807400242895,0.46187740564346313,0.011597010307013988,4000,8.0,1007.5380402526854,1007.76184765625,1.0079239974293364,-0.22380740356456955,0.4476148071291391,0.4441672486115156,1007.74310131073,1007.84123046875,1.007978882584903,-0.09812915802001954,0.19625831604003907,0.1947313823911223,4.9569148570299154e-06,1007.5380452096002,-0.22380244664971252,8.40623124531703e-06,fresh_dynamic_mask,original_fixed_evaluation_mask,-0.03521520271897316,1.0896716117858887,0.00815697479993105,1.1233185529708862,1.6368303298950195,0.4749457538127899,0.530200183391571,0.7599999904632568,0.7319999933242798,1.0728281736373901,0.9799258708953857,7,7,0.24000000953674316,0.2680000066757202
18,0,4000,0.7644534111022949,0.8743302643179492,0.7990151643753052,0.8664759397506714,0.7477514743804932,41.62873458862305,43.90522766113281,1.0071698427200317,1.3007214069366455,gaussian,1.0,8.0,16000,linear,identity,dynamic,0,dynamic,2000,1.0,0.6,bounded_heterogenous,1.0,0.75,0.25,4000,0.0001,0.05,1024,dynamic_mask_mae_adam,jax,cuda:0,0.4.30,bool,jax_threefry,torch.float32,torch.bool,128000000,32000000,160000000,128000000,32000000,256000000,256000000,0.375,0.375,0.25,2.5,1.0,2.0,100,10000,19198239,19342026.3125,16000,19198709,19351453.4375,16000,16000,1,1,1209.1820958320916,"Monte Carlo mask-averaged training risk; one fixed evaluation mask per training sample, independent of dynamic training masks",Monte Carlo population risk; independent test samples and one independent mask per sample,1.0073012136213013,1.0078707715751185,0.466536283493042,0.011207072995603085,4000,8.0,1208.6505902557374,1208.87664453125,1.0074896094636596,-0.2260542755126953,0.37675712585449217,0.37399064087351164,1209.3636033172606,1209.46583984375,1.0079559744095292,-0.10223652648925781,0.1703942108154297,0.1690606268012207,5.415474623441696e-06,1208.650595671212,-0.22604886003807187,6.867878710181685e-06,fresh_dynamic_mask,original_fixed_evaluation_mask,-0.03670264780521393,1.1458088159561157,0.008069648407399654,1.1719180345535278,1.5171196460723877,0.4812694489955902,0.527276873588562,0.7400000095367432,0.7318000197410583,1.0334068536758423,0.9509150385856628,7,7,0.25999999046325684,0.26819998025894165
18,0,4000,0.7623966336250305,0.8731532704084837,0.8375728130340576,0.9546886086463928,0.8068288564682007,43.69641876220703,43.90522766113281,1.0071698427200317,1.3007214069366455,gaussian,1.0,8.0,16000,linear,identity,dynamic,0,dynamic,2000,1.0,0.7,bounded_heterogenous,1.0,0.75,0.25,4000,0.0001,0.05,1024,dynamic_mask_mae_adam,jax,cuda:0,0.4.30,bool,jax_threefry,torch.float32,torch.bool,128000000,32000000,160000000,128000000,32000000,256000000,256000000,0.375,0.375,0.25,2.5,1.0,2.0,100,10000,22400128,22569683.8125,16000,22398644,22577303.75,16000,16000,1,1,1410.71244513744,"Monte Carlo mask-averaged training risk; one fixed evaluation mask per training sample, independent of dynamic training masks",Monte Carlo population risk; independent test samples and one independent mask per sample,1.0074134551044405,1.0079100214783963,0.4583684504032135,0.010489840060472488,4000,8.0,1410.3868964538574,1410.60523828125,1.0075694126613919,-0.21834182739257812,0.3119168962751116,0.30957183692104095,1410.9886096954347,1411.081484375,1.0079763645513542,-0.09287467956542969,0.13267811366489957,0.1316361678525002,5.966803804039955e-06,1410.3869024206613,-0.21833586058877408,5.969781796011375e-06,fresh_dynamic_mask,original_fixed_evaluation_mask,-0.04028353840112686,1.1940118074417114,0.007082295138388872,1.222580075263977,1.4512856006622314,0.4843122065067291,0.5245850682258606,0.7400000095367432,0.734499990940094,1.0215835571289062,0.9543484449386597,7,7,0.25999999046325684,0.265500009059906
18,0,4000,0.760707437992096,0.8721854378468469,0.8834980726242065,1.0646111965179443,0.8833070397377014,46.14350128173828,43.90522766113281,1.0071698427200317,1.3007214069366455,gaussian,1.0,8.0,16000,linear,identity,dynamic,0,dynamic,2000,1.0,0.8,bounded_heterogenous,1.0,0.75,0.25,4000,0.0001,0.05,1024,dynamic_mask_mae_adam,jax,cuda:0,0.4.30,bool,jax_threefry,torch.float32,torch.bool,128000000,32000000,160000000,128000000,32000000,256000000,256000000,0.375,0.375,0.25,2.5,1.0,2.0,100,10000,25599196,25796540.5625,16000,25598836,25800293.625,16000,16000,1,1,1612.2427944427889,"Monte Carlo mask-averaged training risk; one fixed evaluation mask per training sample, independent of dynamic training masks",Monte Carlo population risk; independent test samples and one independent mask per sample,1.007586795708792,1.0078174915199116,0.4697704613208771,0.010180643759667873,4000,8.0,1612.088241897583,1612.28378515625,1.0077090140838798,-0.19554325866699218,0.24442907333374023,0.24256679930334535,1612.4346677093506,1612.5183515625,1.0078697963063632,-0.08368385314941407,0.10460481643676758,0.10379274514105141,6.653819978237153e-06,1612.088248551403,-0.19553660484701393,5.228994723438518e-06,fresh_dynamic_mask,original_fixed_evaluation_mask,-0.02594243921339512,1.2550674676895142,0.008284937590360641,1.2841072082519531,1.3993436098098755,0.4827244281768799,0.5226298570632935,0.7300000190734863,0.7340999841690063,1.035679817199707,0.9715721607208252,7,7,0.26999998092651367,0.26590001583099365
18,0,4000,0.7569454908370972,0.8700261437664372,0.9382452964782715,1.2066066265106201,0.9792656302452087,49.12446975708008,43.90522766113281,1.0071698427200317,1.3007214069366455,gaussian,1.0,8.0,16000,linear,identity,dynamic,0,dynamic,2000,1.0,0.9,bounded_heterogenous,1.0,0.75,0.25,4000,0.0001,0.05,1024,dynamic_mask_mae_adam,jax,cuda:0,0.4.30,bool,jax_threefry,torch.float32,torch.bool,128000000,32000000,160000000,128000000,32000000,256000000,256000000,0.375,0.375,0.25,2.5,1.0,2.0,100,10000,28802240,29024533.625,16000,28799636,29022190.5,16000,16000,1,1,1813.7731437481373,"Monte Carlo mask-averaged training risk; one fixed evaluation mask per training sample, independent of dynamic training masks",Monte Carlo population risk; independent test samples and one independent mask per sample,1.0076524147185335,1.0077003052560927,0.4509226977825165,0.009179188869893551,4000,8.0,1813.9154178314209,1814.0333515625,1.0077179283625162,-0.11793373107910156,0.1310374789767795,0.13002377379400798,1813.8376242790223,1813.88690625,1.007727684474901,-0.0492819709777832,0.054757745530870226,0.0543385266280616,7.541291415691375e-06,1813.9154253727122,-0.11792618978768586,4.157004696025979e-06,fresh_dynamic_mask,original_fixed_evaluation_mask,-0.012278608977794647,1.3464362621307373,0.010584941133856773,1.3567249774932861,1.3382662534713745,0.4764466881752014,0.5210289359092712,0.7400000095367432,0.7368999719619751,1.0746347904205322,0.9853329062461853,7,7,0.25999999046325684,0.2631000280380249
18,0,4000,0.7541032433509827,0.8683911810647219,0.971914529800415,1.2996394634246826,1.0491509437561035,50.983123779296875,43.90522766113281,1.0071698427200317,1.3007214069366455,gaussian,1.0,8.0,16000,linear,identity,dynamic,0,dynamic,2000,1.0,0.95,bounded_heterogenous,1.0,0.75,0.25,4000,0.0001,0.05,1024,dynamic_mask_mae_adam,jax,cuda:0,0.4.30,bool,jax_threefry,torch.float32,torch.bool,128000000,32000000,160000000,128000000,32000000,256000000,256000000,0.375,0.375,0.25,2.5,1.0,2.0,100,10000,30402315,30638195.5,16000,30400897,30639171.75,16000,16000,1,1,1914.5383184008115,"Monte Carlo mask-averaged training risk; one fixed evaluation mask per training sample, independent of dynamic training masks",Monte Carlo population risk; independent test samples and one independent mask per sample,1.0077236658224566,1.0078239460629583,0.4429911971092224,0.008688977919518948,4000,8.0,1914.8207700805665,1914.88721875,1.007758636143333,-0.06644866943359375,0.06994596782483553,0.06940217552542371,1914.9219986495968,1914.948234375,1.0078377539320633,-0.02623572540306486,0.02761655305585775,0.027400976101654706,8.122746646404268e-06,1914.8207782033132,-0.06644054668694734,3.165184580211644e-06,fresh_dynamic_mask,original_fixed_evaluation_mask,-0.020647626370191574,1.3765995502471924,0.0110189039260149,1.4071968793869019,1.3368324041366577,0.47121378779411316,0.5230178236961365,0.75,0.7354999780654907,1.1083110570907593,1.020052194595337,7,7,0.25,0.2645000219345093
19,0,4000,0.7381353378295898,0.859148030219234,-0.6355893611907959,0.5874486565589905,0.5480753183364868,34.27677917480469,43.16568374633789,1.0160800218582153,1.3179312944412231,gaussian,1.0,8.0,16000,linear,identity,dynamic,0,dynamic,2000,1.0,0.05,bounded_heterogenous,1.0,0.75,0.25,4000,0.0001,0.05,1024,dynamic_mask_mae_adam,jax,cuda:0,0.4.30,bool,jax_threefry,torch.float32,torch.bool,128000000,32000000,160000000,128000000,32000000,256000000,256000000,0.375,0.375,0.25,2.5,1.0,2.0,100,10000,1598165,1624458.34375,16000,1600833,1627071.125,16000,16000,1,1,101.65458616355102,"Monte Carlo mask-averaged training risk; one fixed evaluation mask per training sample, independent of dynamic training masks",Monte Carlo population risk; independent test samples and one independent mask per sample,1.0161895774390204,1.0162368627119456,0.4982786774635315,0.014536918140947819,4000,8.0,101.5024135017395,101.528646484375,1.0164522084703393,-0.02623298263549805,0.524659652709961,0.5167602158377971,101.6765941028595,101.6919453125,1.0163902949277033,-0.01535120964050293,0.30702419281005855,0.3019159402120053,3.671554103493691e-06,101.5024171732936,-0.026229311081394556,4.500543946051039e-05,fresh_dynamic_mask,original_fixed_evaluation_mask,0.16625657677650452,0.9975387454032898,-0.006171966902911663,0.9679208993911743,-0.9083152413368225,0.6124338507652283,0.5559951066970825,0.6600000262260437,0.7240999937057495,0.35226666927337646,0.4522676169872284,6,6,0.3399999737739563,0.2759000062942505
19,0,4000,0.7582024335861206,0.8707482033206388,0.6516134142875671,0.6011011600494385,0.5573071837425232,34.67279052734375,43.16568374633789,1.0160800218582153,1.3179312944412231,gaussian,1.0,8.0,16000,linear,identity,dynamic,0,dynamic,2000,1.0,0.1,bounded_heterogenous,1.0,0.75,0.25,4000,0.0001,0.05,1024,dynamic_mask_mae_adam,jax,cuda:0,0.4.30,bool,jax_threefry,torch.float32,torch.bool,128000000,32000000,160000000,128000000,32000000,256000000,256000000,0.375,0.375,0.25,2.5,1.0,2.0,100,10000,3198710,3253434.3515625,16000,3199893,3253060.453125,16000,16000,1,1,203.30917232710203,"Monte Carlo mask-averaged training risk; one fixed evaluation mask per training sample, independent of dynamic training masks",Monte Carlo population risk; independent test samples and one independent mask per sample,1.0168313989005102,1.016462127286106,0.5211979746818542,0.015031901188194752,4000,8.0,203.2842977485657,203.33964697265625,1.0171082566292349,-0.055349224090547065,0.5534922409054707,0.5444016935662876,203.285627866745,203.3162783203125,1.0166153846784878,-0.030650453567504884,0.3065045356750488,0.30150516053817356,3.7568822503089906e-06,203.28430150544796,-0.05534546720829676,3.071032551815733e-05,fresh_dynamic_mask,original_fixed_evaluation_mask,-0.17340244352817535,0.9977943301200867,0.005656494293361902,0.9819115400314331,0.915526270866394,0.6104057431221008,0.5515038967132568,0.6499999761581421,0.7250000238418579,0.36045876145362854,0.46875,6,6,0.3500000238418579,0.2749999761581421
19,0,4000,0.7664031386375427,0.8754445377278578,-0.6762678027153015,0.6405201554298401,0.5901020169258118,35.791622161865234,43.16568374633789,1.0160800218582153,1.3179312944412231,gaussian,1.0,8.0,16000,linear,identity,dynamic,0,dynamic,2000,1.0,0.2,bounded_heterogenous,1.0,0.75,0.25,4000,0.0001,0.05,1024,dynamic_mask_mae_adam,jax,cuda:0,0.4.30,bool,jax_threefry,torch.float32,torch.bool,128000000,32000000,160000000,128000000,32000000,256000000,256000000,0.375,0.375,0.25,2.5,1.0,2.0,100,10000,6397612,6505733.4375,16000,6399553,6507255.515625,16000,16000,1,1,406.61834465420407,"Monte Carlo mask-averaged training risk; one fixed evaluation mask per training sample, independent of dynamic training masks",Monte Carlo population risk; independent test samples and one independent mask per sample,1.0166246128448921,1.016705509884587,0.4985427260398865,0.01392903458327055,4000,8.0,406.49811391448975,406.60833984375,1.0169002805265466,-0.1102259292602539,0.5511296463012695,0.5421724960319452,406.6537997436524,406.7034697265625,1.0168296935153127,-0.04966998291009804,0.2483499145504902,0.2442564994269425,4.0032509714365e-06,406.49811791774073,-0.11022192600928246,1.9348599380464293e-05,fresh_dynamic_mask,original_fixed_evaluation_mask,0.15140609443187714,1.035345435142517,-0.004935368895530701,1.015069603919983,-0.8502069711685181,0.6149521470069885,0.5536519289016724,0.6600000262260437,0.7268999814987183,0.33754169940948486,0.450908362865448,6,6,0.3399999737739563,0.27310001850128174
19,0,4000,0.7653549313545227,0.8748456614480766,-0.6969097256660461,0.6811500787734985,0.6232534050941467,36.90935134887695,43.16568374633789,1.0160800218582153,1.3179312944412231,gaussian,1.0,8.0,16000,linear,identity,dynamic,0,dynamic,2000,1.0,0.3,bounded_heterogenous,1.0,0.75,0.25,4000,0.0001,0.05,1024,dynamic_mask_mae_adam,jax,cuda:0,0.4.30,bool,jax_threefry,torch.float32,torch.bool,128000000,32000000,160000000,128000000,32000000,256000000,256000000,0.375,0.375,0.25,2.5,1.0,2.0,100,10000,9595972,9756273.75,16000,9603762,9763936.28125,16000,16000,1,1,609.9275169813061,"Monte Carlo mask-averaged training risk; one fixed evaluation mask per training sample, independent of dynamic training masks",Monte Carlo population risk; independent test samples and one independent mask per sample,1.01643676017705,1.0165730120516001,0.489667147397995,0.013266750611364841,4000,8.0,609.6061681518555,609.767109375,1.0167051081432918,-0.16094122314453124,0.5364707438151042,0.5278776787731587,610.1828289604186,610.246017578125,1.0166782851605445,-0.06318861770629883,0.21062872568766278,0.2070922738901526,4.2571879923343656e-06,609.6061724090436,-0.16093696595653892,1.4302762792794965e-05,fresh_dynamic_mask,original_fixed_evaluation_mask,0.1624159961938858,1.055661678314209,-0.005547820124775171,1.044404149055481,-0.8449270129203796,0.6129555702209473,0.5522743463516235,0.6600000262260437,0.7250000238418579,0.3465938866138458,0.4608796238899231,6,6,0.3399999737739563,0.2749999761581421
19,0,4000,0.7690606713294983,0.8769610432222735,-0.7246806621551514,0.7329686880111694,0.6628322005271912,38.287559509277344,43.16568374633789,1.0160800218582153,1.3179312944412231,gaussian,1.0,8.0,16000,linear,identity,dynamic,0,dynamic,2000,1.0,0.4,bounded_heterogenous,1.0,0.75,0.25,4000,0.0001,0.05,1024,dynamic_mask_mae_adam,jax,cuda:0,0.4.30,bool,jax_threefry,torch.float32,torch.bool,128000000,32000000,160000000,128000000,32000000,256000000,256000000,0.375,0.375,0.25,2.5,1.0,2.0,100,10000,12796665,13005329.53125,16000,12805639,13024731.5625,16000,16000,1,1,813.2366893084081,"Monte Carlo mask-averaged training risk; one fixed evaluation mask per training sample, independent of dynamic training masks",Monte Carlo population risk; independent test samples and one independent mask per sample,1.0160563249963468,1.0170143287791302,0.4758397340774536,0.012428050860762596,4000,8.0,812.633275756836,812.833095703125,1.0163061650242466,-0.1998199462889461,0.4995498657223652,0.4916629191042965,813.9698970108033,814.04572265625,1.017109069098387,-0.07582564544677735,0.18956411361694336,0.18629333300679285,4.58105430006981e-06,812.6332803378904,-0.19981536523464602,1.0859112080652267e-05,fresh_dynamic_mask,original_fixed_evaluation_mask,0.18202441930770874,1.0809599161148071,-0.005553198046982288,1.078583002090454,-0.816038966178894,0.614174485206604,0.5512034893035889,0.6600000262260437,0.7282000184059143,0.34104296565055847,0.46215200424194336,6,6,0.3399999737739563,0.2717999815940857
19,0,4000,0.7747358679771423,0.8801908133905638,-0.7569808959960938,0.79390549659729,0.7090997099876404,39.847347259521484,43.16568374633789,1.0160800218582153,1.3179312944412231,gaussian,1.0,8.0,16000,linear,identity,dynamic,0,dynamic,2000,1.0,0.5,bounded_heterogenous,1.0,0.75,0.25,4000,0.0001,0.05,1024,dynamic_mask_mae_adam,jax,cuda:0,0.4.30,bool,jax_threefry,torch.float32,torch.bool,128000000,32000000,160000000,128000000,32000000,256000000,256000000,0.375,0.375,0.25,2.5,1.0,2.0,100,10000,15996464,16249262.3125,16000,16003658,16276248.5,16000,16000,1,1,1016.5458616355102,"Monte Carlo mask-averaged training risk; one fixed evaluation mask per training sample, independent of dynamic training masks",Monte Carlo population risk; independent test samples and one independent mask per sample,1.0155795681303332,1.0169509832621768,0.47714465856552124,0.011974314227700233,4000,8.0,1015.3551250457765,1015.57889453125,1.0158033870797947,-0.2237694854735164,0.4475389709470328,0.44067376090328736,1017.1834836807251,1017.26553125,1.0170330120776137,-0.08204756927490234,0.16409513854980468,0.16131003509789466,4.961909353733063e-06,1015.3551300076858,-0.22376452356416268,8.622678251413163e-06,fresh_dynamic_mask,original_fixed_evaluation_mask,0.19862155616283417,1.1318694353103638,-0.005366494879126549,1.1200337409973145,-0.792741596698761,0.6116775274276733,0.549446165561676,0.6700000166893005,0.7307999730110168,0.35251864790916443,0.4686545431613922,6,6,0.32999998331069946,0.26920002698898315
19,0,4000,0.7761588096618652,0.8809987569014301,-0.7914632558822632,0.8662905097007751,0.7610227465629578,41.62428283691406,43.16568374633789,1.0160800218582153,1.3179312944412231,gaussian,1.0,8.0,16000,linear,identity,dynamic,0,dynamic,2000,1.0,0.6,bounded_heterogenous,1.0,0.75,0.25,4000,0.0001,0.05,1024,dynamic_mask_mae_adam,jax,cuda:0,0.4.30,bool,jax_threefry,torch.float32,torch.bool,128000000,32000000,160000000,128000000,32000000,256000000,256000000,0.375,0.375,0.25,2.5,1.0,2.0,100,10000,19197009,19501079.625,16000,19202307,19527165.0625,16000,16000,1,1,1219.8550339626122,"Monte Carlo mask-averaged training risk; one fixed evaluation mask per training sample, independent of dynamic training masks",Monte Carlo population risk; independent test samples and one independent mask per sample,1.0156463068902792,1.0168458781477119,0.47197118401527405,0.01133884210139513,4000,8.0,1218.5857058868407,1218.8174765625,1.015839479212621,-0.2317706756591797,0.38628445943196615,0.3803205650001473,1220.3616702423096,1220.44781640625,1.0169176579928652,-0.08614616394042969,0.14357693990071616,0.14117140082903212,5.414315685629845e-06,1218.5857113011564,-0.23176526134349407,7.26697226127726e-06,fresh_dynamic_mask,original_fixed_evaluation_mask,0.1857941448688507,1.180868148803711,-0.0054057445377111435,1.1640360355377197,-0.7725457549095154,0.6099420785903931,0.5471367239952087,0.6700000166893005,0.7322999835014343,0.360824316740036,0.4775990843772888,6,6,0.32999998331069946,0.2677000164985657
19,0,4000,0.7776991724967957,0.8818725375567581,-0.8316770195960999,0.9546636939048767,0.8241125345230103,43.69585037231445,43.16568374633789,1.0160800218582153,1.3179312944412231,gaussian,1.0,8.0,16000,linear,identity,dynamic,0,dynamic,2000,1.0,0.7,bounded_heterogenous,1.0,0.75,0.25,4000,0.0001,0.05,1024,dynamic_mask_mae_adam,jax,cuda:0,0.4.30,bool,jax_threefry,torch.float32,torch.bool,128000000,32000000,160000000,128000000,32000000,256000000,256000000,0.375,0.375,0.25,2.5,1.0,2.0,100,10000,22397767,22755943.25,16000,22401850,22776745.75,16000,16000,1,1,1423.1642062897142,"Monte Carlo mask-averaged training risk; one fixed evaluation mask per training sample, independent of dynamic training masks",Monte Carlo population risk; independent test samples and one independent mask per sample,1.015830532944597,1.0166786882571832,0.46328791975975037,0.010602560825645924,4000,8.0,1422.0209742736815,1422.246453125,1.01599160532387,-0.22547885131835937,0.32211264474051343,0.3170742325606657,1423.4677170333862,1423.546609375,1.0167350352761044,-0.07889234161376953,0.1127033451625279,0.11083914090925795,5.96664808690548e-06,1422.0209802403297,-0.22547288467027246,6.3568745645170566e-06,fresh_dynamic_mask,original_fixed_evaluation_mask,0.18551580607891083,1.2389111518859863,-0.004263903014361858,1.2183117866516113,-0.7465473413467407,0.6086982488632202,0.5451566576957703,0.6499999761581421,0.732699990272522,0.36746683716773987,0.48548486828804016,6,6,0.3500000238418579,0.267300009727478
19,0,4000,0.7746626138687134,0.8801491997773522,0.8741098642349243,1.0586979389190674,0.8993858695030212,46.015167236328125,43.16568374633789,1.0160800218582153,1.3179312944412231,gaussian,1.0,8.0,16000,linear,identity,dynamic,0,dynamic,2000,1.0,0.8,bounded_heterogenous,1.0,0.75,0.25,4000,0.0001,0.05,1024,dynamic_mask_mae_adam,jax,cuda:0,0.4.30,bool,jax_threefry,torch.float32,torch.bool,128000000,32000000,160000000,128000000,32000000,256000000,256000000,0.375,0.375,0.25,2.5,1.0,2.0,100,10000,25598321,26006613.375,16000,25600839,26028551.6875,16000,16000,1,1,1626.4733786168163,"Monte Carlo mask-averaged training risk; one fixed evaluation mask per training sample, independent of dynamic training masks",Monte Carlo population risk; independent test samples and one independent mask per sample,1.0158343735971522,1.0166662408802976,0.46129047870635986,0.01002474781125784,4000,8.0,1625.2283986358643,1625.4133359375,1.0159499669919758,-0.18493730163574218,0.23117162704467772,0.22755725887901868,1626.7192968444822,1626.78448046875,1.0167069793103265,-0.06518362426781095,0.08147953033476368,0.08013799621320317,6.616862118244172e-06,1625.2284052527264,-0.18493068477362393,5.323242930899141e-06,fresh_dynamic_mask,original_fixed_evaluation_mask,-0.20652130246162415,1.2997606992721558,0.003119360888376832,1.27669358253479,0.7221106290817261,0.6074095368385315,0.5428636074066162,0.6499999761581421,0.7337999939918518,0.375101238489151,0.4947831630706787,6,6,0.3500000238418579,0.2662000060081482
19,0,4000,0.7656236886978149,0.8749992506841449,0.9233617782592773,1.195311427116394,0.9973090887069702,48.89399719238281,43.16568374633789,1.0160800218582153,1.3179312944412231,gaussian,1.0,8.0,16000,linear,identity,dynamic,0,dynamic,2000,1.0,0.9,bounded_heterogenous,1.0,0.75,0.25,4000,0.0001,0.05,1024,dynamic_mask_mae_adam,jax,cuda:0,0.4.30,bool,jax_threefry,torch.float32,torch.bool,128000000,32000000,160000000,128000000,32000000,256000000,256000000,0.375,0.375,0.25,2.5,1.0,2.0,100,10000,28799851,29256800.75,16000,28801232,29280128.25,16000,16000,1,1,1829.7825509439183,"Monte Carlo mask-averaged training risk; one fixed evaluation mask per training sample, independent of dynamic training masks",Monte Carlo population risk; independent test samples and one independent mask per sample,1.0158022102326467,1.0166042445752081,0.4497295916080475,0.009198052808642387,4000,8.0,1828.4345187606814,1828.550046875,1.0158663928504352,-0.11552811431861483,0.12836457146512759,0.12636035258206668,1829.9659187622071,1830.008015625,1.0166276307207969,-0.04209686279296875,0.0467742919921875,0.046007298802663854,7.470696419477463e-06,1828.4345262313777,-0.11552064362219536,4.2093392949027475e-06,fresh_dynamic_mask,original_fixed_evaluation_mask,-0.24045352637767792,1.3518766164779663,0.005278252996504307,1.3490650653839111,0.6805812120437622,0.6100354790687561,0.5437096953392029,0.6600000262260437,0.7340999841690063,0.3631630837917328,0.49154993891716003,6,6,0.3399999737739563,0.26590001583099365
19,0,4000,0.7562881708145142,0.8696483029446526,0.9464001655578613,1.2712031602859497,1.0470775365829468,50.42228317260742,43.16568374633789,1.0160800218582153,1.3179312944412231,gaussian,1.0,8.0,16000,linear,identity,dynamic,0,dynamic,2000,1.0,0.95,bounded_heterogenous,1.0,0.75,0.25,4000,0.0001,0.05,1024,dynamic_mask_mae_adam,jax,cuda:0,0.4.30,bool,jax_threefry,torch.float32,torch.bool,128000000,32000000,160000000,128000000,32000000,256000000,256000000,0.375,0.375,0.25,2.5,1.0,2.0,100,10000,30399972,30882865.5,16000,30400019,30904141.5,16000,16000,1,1,1931.4371371074692,"Monte Carlo mask-averaged training risk; one fixed evaluation mask per training sample, independent of dynamic training masks",Monte Carlo population risk; independent test samples and one independent mask per sample,1.0158520243697877,1.0165736375993286,0.4397047460079193,0.008720445446670055,4000,8.0,1930.1170685615539,1930.17909375,1.0158846692358796,-0.062025188446044925,0.06528967204846835,0.06426884287247248,1931.491118619919,1931.50884375,1.01658296660933,-0.017725130080943927,0.018658031664151503,0.018353661841441493,7.945019751787185e-06,1930.1170765065735,-0.06201724342629314,3.220217195121222e-06,fresh_dynamic_mask,original_fixed_evaluation_mask,-0.22286862134933472,1.402157187461853,0.003981422167271376,1.3829764127731323,0.663764476776123,0.608788013458252,0.5434520840644836,0.6700000166893005,0.7342000007629395,0.368875116109848,0.49198824167251587,6,6,0.32999998331069946,0.26579999923706055
20,0,4000,0.7721263766288757,0.8787072189466044,0.6924494504928589,0.6053118705749512,0.5471792817115784,34.79402160644531,45.2969856262207,0.9753574132919312,1.2243432998657227,gaussian,1.0,8.0,16000,linear,identity,dynamic,0,dynamic,2000,1.0,0.05,bounded_heterogenous,1.0,0.75,0.25,4000,0.0001,0.05,1024,dynamic_mask_mae_adam,jax,cuda:0,0.4.30,bool,jax_threefry,torch.float32,torch.bool,128000000,32000000,160000000,128000000,32000000,256000000,256000000,0.375,0.375,0.25,2.5,1.0,2.0,100,10000,1599541,1562316.1484375,16000,1598670,1562509.76171875,16000,16000,1,1,97.58703554095024,"Monte Carlo mask-averaged training risk; one fixed evaluation mask per training sample, independent of dynamic training masks",Monte Carlo population risk; independent test samples and one independent mask per sample,0.9763720644331279,0.9771896692455071,0.5099215507507324,0.014655438251793385,4000,8.0,97.60919676971436,97.64475927734375,0.9767277915586409,-0.03556250762939453,0.7112501525878906,0.728405864125925,97.63773803329468,97.65686010742188,0.9773810490712592,-0.019122074127197266,0.3824414825439453,0.39161763149375695,3.783199191093445e-06,97.60920055291355,-0.035558724430203435,4.3988173274556175e-05,fresh_dynamic_mask,original_fixed_evaluation_mask,0.12323726713657379,1.0993629693984985,0.006830527447164059,1.0118502378463745,2.2900230884552,0.3951352834701538,0.5364951491355896,0.8199999928474426,0.7387999892234802,1.691277265548706,1.262649416923523,8,8,0.18000000715255737,0.2612000107765198
20,0,4000,0.7801899313926697,0.8832836075647899,0.7086555361747742,0.6274244785308838,0.5642179250717163,35.42384719848633,45.2969856262207,0.9753574132919312,1.2243432998657227,gaussian,1.0,8.0,16000,linear,identity,dynamic,0,dynamic,2000,1.0,0.1,bounded_heterogenous,1.0,0.75,0.25,4000,0.0001,0.05,1024,dynamic_mask_mae_adam,jax,cuda:0,0.4.30,bool,jax_threefry,torch.float32,torch.bool,128000000,32000000,160000000,128000000,32000000,256000000,256000000,0.375,0.375,0.25,2.5,1.0,2.0,100,10000,3202343,3126786.90625,16000,3199083,3121374.5390625,16000,16000,1,1,195.17407108190048,"Monte Carlo mask-averaged training risk; one fixed evaluation mask per training sample, independent of dynamic training masks",Monte Carlo population risk; independent test samples and one independent mask per sample,0.9760676762609708,0.9755304866771648,0.5188462138175964,0.014646807685494423,4000,8.0,195.35646816253663,195.424181640625,0.9764059959379742,-0.06771347808837891,0.6771347808837891,0.6929897571519295,195.05018724441527,195.08590869140625,0.9757091451089265,-0.0357214469909668,0.357214469909668,0.36621247767798515,3.921402990818024e-06,195.35647208393962,-0.0677095566853881,2.948437031591311e-05,fresh_dynamic_mask,original_fixed_evaluation_mask,0.10826049745082855,1.1303476095199585,0.006749265361577272,1.0303118228912354,2.1915476322174072,0.40151169896125793,0.5313290953636169,0.8100000023841858,0.7400000095367432,1.6477954387664795,1.2352814674377441,8,8,0.1899999976158142,0.25999999046325684
20,0,4000,0.7901799082756042,0.8889206422823155,0.7349681258201599,0.6663501858711243,0.5924144387245178,36.506168365478516,45.2969856262207,0.9753574132919312,1.2243432998657227,gaussian,1.0,8.0,16000,linear,identity,dynamic,0,dynamic,2000,1.0,0.2,bounded_heterogenous,1.0,0.75,0.25,4000,0.0001,0.05,1024,dynamic_mask_mae_adam,jax,cuda:0,0.4.30,bool,jax_threefry,torch.float32,torch.bool,128000000,32000000,160000000,128000000,32000000,256000000,256000000,0.375,0.375,0.25,2.5,1.0,2.0,100,10000,6399437,6246708.375,16000,6401321,6244770.28125,16000,16000,1,1,390.34814216380096,"Monte Carlo mask-averaged training risk; one fixed evaluation mask per training sample, independent of dynamic training masks",Monte Carlo population risk; independent test samples and one independent mask per sample,0.9758230789321718,0.9753890740277109,0.5057216286659241,0.013853046111762524,4000,8.0,390.2948947982788,390.4192734375,0.9761340528862148,-0.12437863922119141,0.6218931961059571,0.6371541964416139,390.2361601715088,390.298142578125,0.9755439980669615,-0.06198240661621094,0.3099120330810547,0.31761568839039356,4.164688661694527e-06,390.29489896296747,-0.12437447453252971,1.8828744941856712e-05,fresh_dynamic_mask,original_fixed_evaluation_mask,0.12047399580478668,1.1615053415298462,0.008090234361588955,1.063681960105896,2.0626020431518555,0.4089423418045044,0.5238969922065735,0.8100000023841858,0.7419999837875366,1.5825060606002808,1.2087924480438232,8,8,0.1899999976158142,0.2580000162124634
20,0,4000,0.7955738306045532,0.8919494551848514,0.761317789554596,0.7101383209228516,0.6239564418792725,37.68655776977539,45.2969856262207,0.9753574132919312,1.2243432998657227,gaussian,1.0,8.0,16000,linear,identity,dynamic,0,dynamic,2000,1.0,0.3,bounded_heterogenous,1.0,0.75,0.25,4000,0.0001,0.05,1024,dynamic_mask_mae_adam,jax,cuda:0,0.4.30,bool,jax_threefry,torch.float32,torch.bool,128000000,32000000,160000000,128000000,32000000,256000000,256000000,0.375,0.375,0.25,2.5,1.0,2.0,100,10000,9598832,9367202.5625,16000,9602877,9370839.875,16000,16000,1,1,585.5222132457013,"Monte Carlo mask-averaged training risk; one fixed evaluation mask per training sample, independent of dynamic training masks",Monte Carlo population risk; independent test samples and one independent mask per sample,0.9755770358635821,0.9756923722649204,0.49843987822532654,0.013225933536887169,4000,8.0,585.2750043945313,585.45016015625,0.9758689976551314,-0.17515576171875,0.5838525390625,0.5983626741925541,585.5908650436402,585.6774921875,0.9758367075825297,-0.08662714385986328,0.2887571461995443,0.2958185862198537,4.438364505767823e-06,585.2750088328958,-0.17515132335424424,1.3601472346636001e-05,fresh_dynamic_mask,original_fixed_evaluation_mask,0.12387349456548691,1.1997909545898438,0.008673151955008507,1.0975613594055176,2.0644209384918213,0.4037407636642456,0.5240790247917175,0.8199999928474426,0.7418000102043152,1.6396913528442383,1.2537921667099,8,8,0.18000000715255737,0.2581999897956848
20,0,4000,0.7985487580299377,0.8936155538205105,0.7948634028434753,0.7712141871452332,0.6697614192962646,39.27376174926758,45.2969856262207,0.9753574132919312,1.2243432998657227,gaussian,1.0,8.0,16000,linear,identity,dynamic,0,dynamic,2000,1.0,0.4,bounded_heterogenous,1.0,0.75,0.25,4000,0.0001,0.05,1024,dynamic_mask_mae_adam,jax,cuda:0,0.4.30,bool,jax_threefry,torch.float32,torch.bool,128000000,32000000,160000000,128000000,32000000,256000000,256000000,0.375,0.375,0.25,2.5,1.0,2.0,100,10000,12797775,12490881.1875,16000,12801920,12491480.125,16000,16000,1,1,780.6962843276019,"Monte Carlo mask-averaged training risk; one fixed evaluation mask per training sample, independent of dynamic training masks",Monte Carlo population risk; independent test samples and one independent mask per sample,0.9757528889375424,0.9756207917574876,0.48891448974609375,0.01244888361543417,4000,8.0,780.466620513916,780.68007421875,0.97601975245697,-0.21345370483398438,0.5336342620849609,0.5468404071862221,780.613707901001,780.7175078125,0.9757505221872969,-0.10379991149902344,0.2594997787475586,0.2659090143626308,4.820088669657708e-06,780.4666253340047,-0.2134488847453147,1.0485394341230858e-05,fresh_dynamic_mask,original_fixed_evaluation_mask,0.1283501386642456,1.2434775829315186,0.009348145686089993,1.142106294631958,2.0379600524902344,0.398131787776947,0.5224214196205139,0.8399999737739563,0.7444000244140625,1.6874072551727295,1.2966327667236328,8,8,0.1600000262260437,0.2555999755859375
20,0,4000,0.7981148362159729,0.8933727308441717,0.8279487490653992,0.8372071981430054,0.7182227373123169,40.91960906982422,45.2969856262207,0.9753574132919312,1.2243432998657227,gaussian,1.0,8.0,16000,linear,identity,dynamic,0,dynamic,2000,1.0,0.5,bounded_heterogenous,1.0,0.75,0.25,4000,0.0001,0.05,1024,dynamic_mask_mae_adam,jax,cuda:0,0.4.30,bool,jax_threefry,torch.float32,torch.bool,128000000,32000000,160000000,128000000,32000000,256000000,256000000,0.375,0.375,0.25,2.5,1.0,2.0,100,10000,16000122,15618894.375,16000,16000281,15611872.3125,16000,16000,1,1,975.8703554095023,"Monte Carlo mask-averaged training risk; one fixed evaluation mask per training sample, independent of dynamic training masks",Monte Carlo population risk; independent test samples and one independent mask per sample,0.9759368297676838,0.9756070302081726,0.4804796278476715,0.011742038652300835,4000,8.0,975.9442712860107,976.1808984375,0.9761734551149047,-0.2366271514892578,0.4732543029785156,0.4848018474199467,975.6241643066406,975.74201953125,0.9757248833629859,-0.117855224609375,0.23571044921875,0.24157046073702837,5.2325449883937835e-06,975.9442765185556,-0.23662191894426943,8.533126674592495e-06,fresh_dynamic_mask,original_fixed_evaluation_mask,0.13620033860206604,1.2742875814437866,0.010155619122087955,1.1858481168746948,1.914370059967041,0.40838319063186646,0.5190587639808655,0.8100000023841858,0.7447999715805054,1.6056272983551025,1.2667616605758667,8,8,0.1899999976158142,0.25520002841949463
20,0,4000,0.7973455190658569,0.8929420580675193,0.8646029233932495,0.9138570427894592,0.7696225047111511,42.75177001953125,45.2969856262207,0.9753574132919312,1.2243432998657227,gaussian,1.0,8.0,16000,linear,identity,dynamic,0,dynamic,2000,1.0,0.6,bounded_heterogenous,1.0,0.75,0.25,4000,0.0001,0.05,1024,dynamic_mask_mae_adam,jax,cuda:0,0.4.30,bool,jax_threefry,torch.float32,torch.bool,128000000,32000000,160000000,128000000,32000000,256000000,256000000,0.375,0.375,0.25,2.5,1.0,2.0,100,10000,19199092,18737327.375,16000,19199294,18737061.625,16000,16000,1,1,1171.0444264914026,"Monte Carlo mask-averaged training risk; one fixed evaluation mask per training sample, independent of dynamic training masks",Monte Carlo population risk; independent test samples and one independent mask per sample,0.9757352951238771,0.9758245082269428,0.46247097849845886,0.010817586444318295,4000,8.0,1170.8269811706543,1171.0829609375,0.9759486216848172,-0.2559797668457031,0.4266329447428385,0.4371676053434026,1170.9463516159058,1171.0663515625,0.9759245118596548,-0.11999994659423828,0.19999991099039713,0.20494132793436037,5.711606517434121e-06,1170.8269868822608,-0.2559740552391857,7.238704711198807e-06,fresh_dynamic_mask,original_fixed_evaluation_mask,0.13602188229560852,1.3393298387527466,0.010121386498212814,1.2308558225631714,1.8551297187805176,0.40224501490592957,0.5175244212150574,0.800000011920929,0.7462999820709229,1.6474981307983398,1.2786414623260498,8,8,0.19999998807907104,0.25370001792907715
20,0,4000,0.792447030544281,0.8901949396307985,0.9075767993927002,1.0131831169128418,0.8351327776908875,45.01517868041992,45.2969856262207,0.9753574132919312,1.2243432998657227,gaussian,1.0,8.0,16000,linear,identity,dynamic,0,dynamic,2000,1.0,0.7,bounded_heterogenous,1.0,0.75,0.25,4000,0.0001,0.05,1024,dynamic_mask_mae_adam,jax,cuda:0,0.4.30,bool,jax_threefry,torch.float32,torch.bool,128000000,32000000,160000000,128000000,32000000,256000000,256000000,0.375,0.375,0.25,2.5,1.0,2.0,100,10000,22401095,21862697.75,16000,22401408,21866280.8125,16000,16000,1,1,1366.218497573303,"Monte Carlo mask-averaged training risk; one fixed evaluation mask per training sample, independent of dynamic training masks",Monte Carlo population risk; independent test samples and one independent mask per sample,0.9757825958465981,0.9760325926869474,0.4595690369606018,0.010209201835095882,4000,8.0,1366.1624143066406,1366.418609375,0.9759655833788482,-0.256195068359375,0.36599295479910715,0.3749876744969516,1366.5315206298828,1366.64255078125,0.97611189495321,-0.1110301513671875,0.15861450195312501,0.16248601553314757,6.332394480705262e-06,1366.162420639035,-0.2561887359648943,6.401716291293269e-06,fresh_dynamic_mask,original_fixed_evaluation_mask,0.13719268143177032,1.4053720235824585,0.009658017195761204,1.2878237962722778,1.7821711301803589,0.4018756151199341,0.5149635672569275,0.8100000023841858,0.7468000054359436,1.659399390220642,1.2908583879470825,8,8,0.1899999976158142,0.2531999945640564
20,0,4000,0.7884387969970703,0.8879407620990661,0.9612208008766174,1.142272710800171,0.9228565692901611,47.79692459106445,45.2969856262207,0.9753574132919312,1.2243432998657227,gaussian,1.0,8.0,16000,linear,identity,dynamic,0,dynamic,2000,1.0,0.8,bounded_heterogenous,1.0,0.75,0.25,4000,0.0001,0.05,1024,dynamic_mask_mae_adam,jax,cuda:0,0.4.30,bool,jax_threefry,torch.float32,torch.bool,128000000,32000000,160000000,128000000,32000000,256000000,256000000,0.375,0.375,0.25,2.5,1.0,2.0,100,10000,25599168,24986254.5625,16000,25599039,24986031.3125,16000,16000,1,1,1561.3925686552038,"Monte Carlo mask-averaged training risk; one fixed evaluation mask per training sample, independent of dynamic training masks",Monte Carlo population risk; independent test samples and one independent mask per sample,0.9759201327790712,0.9760000014530346,0.4521646201610565,0.009460121393203735,4000,8.0,1561.4214645996094,1561.64091015625,0.9760572907096043,-0.219445556640625,0.27430694580078124,0.2810448358689932,1561.541381324768,1561.62695703125,0.976053488277431,-0.08557570648193359,0.10696963310241699,0.10959814198474582,7.139204442501068e-06,1561.4214717388138,-0.2194384174361825,5.419744411483407e-06,fresh_dynamic_mask,original_fixed_evaluation_mask,0.15026965737342834,1.4858535528182983,0.009213597513735294,1.3572148084640503,1.6671785116195679,0.40184807777404785,0.5106603503227234,0.8199999928474426,0.7512000203132629,1.646345615386963,1.2787240743637085,8,8,0.18000000715255737,0.24879997968673706
20,0,4000,0.7857129573822021,0.8864045111472539,1.0250095129013062,1.3034167289733887,1.0300463438034058,51.05716323852539,45.2969856262207,0.9753574132919312,1.2243432998657227,gaussian,1.0,8.0,16000,linear,identity,dynamic,0,dynamic,2000,1.0,0.9,bounded_heterogenous,1.0,0.75,0.25,4000,0.0001,0.05,1024,dynamic_mask_mae_adam,jax,cuda:0,0.4.30,bool,jax_threefry,torch.float32,torch.bool,128000000,32000000,160000000,128000000,32000000,256000000,256000000,0.375,0.375,0.25,2.5,1.0,2.0,100,10000,28801507,28109900.125,16000,28799839,28113646.25,16000,16000,1,1,1756.5666397371042,"Monte Carlo mask-averaged training risk; one fixed evaluation mask per training sample, independent of dynamic training masks",Monte Carlo population risk; independent test samples and one independent mask per sample,0.9759117716194394,0.9761427894356567,0.4452519714832306,0.008720656856894493,4000,8.0,1756.7331076049804,1756.8687578125,0.9759871289026647,-0.13565020751953125,0.15072245279947916,0.15442269881149606,1757.0471985473632,1757.102890625,0.9761737296517525,-0.05569207763671875,0.06188008626302083,0.06339079849437823,8.146354556083679e-06,1756.733115751335,-0.13564206116497515,4.1932617023121566e-06,fresh_dynamic_mask,original_fixed_evaluation_mask,0.16311050951480865,1.5670571327209473,0.00738952960819006,1.4406627416610718,1.558178186416626,0.40619587898254395,0.5074133276939392,0.8100000023841858,0.7538999915122986,1.6138578653335571,1.2732912302017212,8,8,0.1899999976158142,0.24610000848770142
20,0,4000,0.7807923555374146,0.8836245557573729,1.0607588291168213,1.4047181606292725,1.0961077213287354,53.00411605834961,45.2969856262207,0.9753574132919312,1.2243432998657227,gaussian,1.0,8.0,16000,linear,identity,dynamic,0,dynamic,2000,1.0,0.95,bounded_heterogenous,1.0,0.75,0.25,4000,0.0001,0.05,1024,dynamic_mask_mae_adam,jax,cuda:0,0.4.30,bool,jax_threefry,torch.float32,torch.bool,128000000,32000000,160000000,128000000,32000000,256000000,256000000,0.375,0.375,0.25,2.5,1.0,2.0,100,10000,30401159,29672604.75,16000,30400510,29677565.125,16000,16000,1,1,1854.1536752780542,"Monte Carlo mask-averaged training risk; one fixed evaluation mask per training sample, independent of dynamic training masks",Monte Carlo population risk; independent test samples and one independent mask per sample,0.9759906332702825,0.9762032257723315,0.4429264962673187,0.008356455713510513,4000,8.0,1854.4529015350342,1854.537796875,0.9760353133247321,-0.08489533996582031,0.08936351575349508,0.091554176042008,1854.8172454452515,1854.8478203125,0.976219317537765,-0.030574867248535156,0.03218407078793174,0.03296752101578093,8.779488503932953e-06,1854.4529103145228,-0.08488656047731638,3.142224159091711e-06,fresh_dynamic_mask,original_fixed_evaluation_mask,0.1614161729812622,1.6206369400024414,0.009405522607266903,1.4894036054611206,1.4679014682769775,0.40947970747947693,0.5038918852806091,0.8199999928474426,0.7545999884605408,1.5708117485046387,1.2430126667022705,7,8,0.18000000715255737,0.24540001153945923
21,0,4000,0.7691904902458191,0.8770350564520321,0.6875671148300171,0.5994017720222473,0.5551506280899048,34.623741149902344,45.284976959228516,0.9910688996315002,1.2673094272613525,gaussian,1.0,8.0,16000,linear,identity,dynamic,0,dynamic,2000,1.0,0.05,bounded_heterogenous,1.0,0.75,0.25,4000,0.0001,0.05,1024,dynamic_mask_mae_adam,jax,cuda:0,0.4.30,bool,jax_threefry,torch.float32,torch.bool,128000000,32000000,160000000,128000000,32000000,256000000,256000000,0.375,0.375,0.25,2.5,1.0,2.0,100,10000,1601959,1589971.29296875,16000,1600273,1588158.171875,16000,16000,1,1,99.15815465709126,"Monte Carlo mask-averaged training risk; one fixed evaluation mask per training sample, independent of dynamic training masks",Monte Carlo population risk; independent test samples and one independent mask per sample,0.9921508123602248,0.9922593813509671,0.5060908198356628,0.014616873115301132,4000,8.0,99.33655770111083,99.37320581054688,0.9925168452930131,-0.03664810943603516,0.7329621887207031,0.7375853307158842,99.24286856079101,99.2598857421875,0.9924295241343196,-0.017017181396484376,0.3403436279296875,0.34288134162641093,3.746261075139046e-06,99.3365614473719,-0.03664436317496002,4.4992008042754605e-05,fresh_dynamic_mask,original_fixed_evaluation_mask,-0.1221022680401802,0.8987571001052856,-0.0038087768480181694,1.0034197568893433,2.0324928760528564,0.47506797313690186,0.5285429358482361,0.7599999904632568,0.7372999787330627,1.095634937286377,1.1019232273101807,7,8,0.24000000953674316,0.26270002126693726
21,0,4000,0.7818620204925537,0.884229619777891,0.6994315981864929,0.6102138757705688,0.5656846165657043,34.93461608886719,45.284976959228516,0.9910688996315002,1.2673094272613525,gaussian,1.0,8.0,16000,linear,identity,dynamic,0,dynamic,2000,1.0,0.1,bounded_heterogenous,1.0,0.75,0.25,4000,0.0001,0.05,1024,dynamic_mask_mae_adam,jax,cuda:0,0.4.30,bool,jax_threefry,torch.float32,torch.bool,128000000,32000000,160000000,128000000,32000000,256000000,256000000,0.375,0.375,0.25,2.5,1.0,2.0,100,10000,3201373,3174975.171875,16000,3201301,3176768.1875,16000,16000,1,1,198.31630931418252,"Monte Carlo mask-averaged training risk; one fixed evaluation mask per training sample, independent of dynamic training masks",Monte Carlo population risk; independent test samples and one independent mask per sample,0.991436334202745,0.9921590435517467,0.48755744099617004,0.01395628321915865,4000,8.0,198.3723444709778,198.4359482421875,0.9917542166673486,-0.0636037712097168,0.636037712097168,0.641050896000861,198.51248364257813,198.54801171875,0.9923366117400394,-0.035528076171875,0.35528076171874995,0.357878941867229,3.8138367235660553e-06,198.3723482848145,-0.06359995737299323,3.02164007734973e-05,fresh_dynamic_mask,original_fixed_evaluation_mask,-0.1311044543981552,0.8933154344558716,-0.002125677652657032,1.0161490440368652,2.1402676105499268,0.46106693148612976,0.5327702164649963,0.8199999928474426,0.7373999953269958,1.180771827697754,1.1764118671417236,7,13,0.18000000715255737,0.26260000467300415
21,0,4000,0.7909227013587952,0.8893383503250015,0.7305272221565247,0.658052384853363,0.6023958325386047,36.27816390991211,45.284976959228516,0.9910688996315002,1.2673094272613525,gaussian,1.0,8.0,16000,linear,identity,dynamic,0,dynamic,2000,1.0,0.2,bounded_heterogenous,1.0,0.75,0.25,4000,0.0001,0.05,1024,dynamic_mask_mae_adam,jax,cuda:0,0.4.30,bool,jax_threefry,torch.float32,torch.bool,128000000,32000000,160000000,128000000,32000000,256000000,256000000,0.375,0.375,0.25,2.5,1.0,2.0,100,10000,6398616,6350747.1875,16000,6400715,6345209.34375,16000,16000,1,1,396.63261862836504,"Monte Carlo mask-averaged training risk; one fixed evaluation mask per training sample, independent of dynamic training masks",Monte Carlo population risk; independent test samples and one independent mask per sample,0.9922111259625385,0.9911671167120099,0.4907952547073364,0.0135286720469594,4000,8.0,396.79862412261963,396.92169921875,0.9925188802547301,-0.1230750961303711,0.6153754806518554,0.6201479857241843,396.511139465332,396.575583984375,0.9913282100124752,-0.06444451904296875,0.3222225952148437,0.32500497582588217,4.112827405333518e-06,396.79862823544704,-0.12307098330296576,1.912015795824118e-05,fresh_dynamic_mask,original_fixed_evaluation_mask,-0.13059566915035248,0.9441252946853638,-0.001783818006515503,1.0557572841644287,1.8730700016021729,0.4783371388912201,0.5209106802940369,0.8100000023841858,0.7394999861717224,1.061964750289917,1.079298496246338,7,8,0.1899999976158142,0.2605000138282776
21,0,4000,0.7951306104660034,0.8917009647107058,0.758711040019989,0.7060510516166687,0.6367389559745789,37.57794952392578,45.284976959228516,0.9910688996315002,1.2673094272613525,gaussian,1.0,8.0,16000,linear,identity,dynamic,0,dynamic,2000,1.0,0.3,bounded_heterogenous,1.0,0.75,0.25,4000,0.0001,0.05,1024,dynamic_mask_mae_adam,jax,cuda:0,0.4.30,bool,jax_threefry,torch.float32,torch.bool,128000000,32000000,160000000,128000000,32000000,256000000,256000000,0.375,0.375,0.25,2.5,1.0,2.0,100,10000,9598329,9519605.90625,16000,9600800,9520258.0,16000,16000,1,1,594.9489279425475,"Monte Carlo mask-averaged training risk; one fixed evaluation mask per training sample, independent of dynamic training masks",Monte Carlo population risk; independent test samples and one independent mask per sample,0.9915110975245177,0.991458088878234,0.4877663552761078,0.012980122119188309,4000,8.0,594.8031075744628,594.975369140625,0.9917982501172861,-0.1722615661621094,0.5742052205403646,0.5790544452652924,594.9244262313842,595.016125,0.9916109074243813,-0.09169876861572265,0.3056625620524089,0.30822280191378226,4.412819072604179e-06,594.8031119872819,-0.1722571533430368,1.3898051292926539e-05,fresh_dynamic_mask,original_fixed_evaluation_mask,-0.14626328647136688,0.9718248248100281,-0.0029367089737206697,1.0903409719467163,1.8293845653533936,0.4774460196495056,0.5187326669692993,0.8100000023841858,0.7414000034332275,1.0704855918884277,1.0943560600280762,7,11,0.1899999976158142,0.25859999656677246
21,0,4000,0.796040415763855,0.8922109704346024,0.7863873243331909,0.7576342821121216,0.6762540340423584,38.92645263671875,45.284976959228516,0.9910688996315002,1.2673094272613525,gaussian,1.0,8.0,16000,linear,identity,dynamic,0,dynamic,2000,1.0,0.4,bounded_heterogenous,1.0,0.75,0.25,4000,0.0001,0.05,1024,dynamic_mask_mae_adam,jax,cuda:0,0.4.30,bool,jax_threefry,torch.float32,torch.bool,128000000,32000000,160000000,128000000,32000000,256000000,256000000,0.375,0.375,0.25,2.5,1.0,2.0,100,10000,12797625,12690772.0625,16000,12804596,12699169.03125,16000,16000,1,1,793.2652372567301,"Monte Carlo mask-averaged training risk; one fixed evaluation mask per training sample, independent of dynamic training masks",Monte Carlo population risk; independent test samples and one independent mask per sample,0.9913838941101437,0.9916264180372075,0.4836776554584503,0.012425423599779606,4000,8.0,792.959956741333,793.17325390625,0.9916505650462488,-0.2132971649169922,0.5332429122924804,0.5378324694296222,793.5859791183472,793.698064453125,0.991766474416686,-0.11208533477783203,0.28021333694458006,0.2824382212776033,4.73521426320076e-06,792.9599614765473,-0.213292429702729,1.0924862181127537e-05,fresh_dynamic_mask,original_fixed_evaluation_mask,-0.14792442321777344,1.00409734249115,-0.0036938691046088934,1.1262264251708984,1.7308809757232666,0.4828062057495117,0.5165802836418152,0.8100000023841858,0.7411999702453613,1.0359920263290405,1.0711369514465332,7,7,0.1899999976158142,0.25880002975463867
21,0,4000,0.7993379831314087,0.8940570357261379,0.8225510120391846,0.8254998326301575,0.7285279631614685,40.63249588012695,45.284976959228516,0.9910688996315002,1.2673094272613525,gaussian,1.0,8.0,16000,linear,identity,dynamic,0,dynamic,2000,1.0,0.5,bounded_heterogenous,1.0,0.75,0.25,4000,0.0001,0.05,1024,dynamic_mask_mae_adam,jax,cuda:0,0.4.30,bool,jax_threefry,torch.float32,torch.bool,128000000,32000000,160000000,128000000,32000000,256000000,256000000,0.375,0.375,0.25,2.5,1.0,2.0,100,10000,15998724,15865369.3125,16000,16002375,15866641.0625,16000,16000,1,1,991.5815465709126,"Monte Carlo mask-averaged training risk; one fixed evaluation mask per training sample, independent of dynamic training masks",Monte Carlo population risk; independent test samples and one independent mask per sample,0.9914248324725528,0.9914003636667214,0.48181986808776855,0.01185799390077591,4000,8.0,991.3457663421631,991.58558203125,0.9916646672884663,-0.23981568908691406,0.4796313781738281,0.4837014442982124,991.5475246582031,991.66506640625,0.9915178879697545,-0.117541748046875,0.23508349609375,0.23705937020213064,5.1593739539384845e-06,991.345771501537,-0.23981052971296013,9.10093240236165e-06,fresh_dynamic_mask,original_fixed_evaluation_mask,-0.13954465091228485,1.0644787549972534,-0.004213785752654076,1.1729991436004639,1.7124522924423218,0.47053319215774536,0.5161985754966736,0.8100000023841858,0.7421000003814697,1.1097465753555298,1.1074060201644897,7,8,0.1899999976158142,0.2578999996185303
21,0,4000,0.799558162689209,0.8941801623214468,0.8615468144416809,0.9053769707679749,0.7901607751846313,42.552955627441406,45.284976959228516,0.9910688996315002,1.2673094272613525,gaussian,1.0,8.0,16000,linear,identity,dynamic,0,dynamic,2000,1.0,0.6,bounded_heterogenous,1.0,0.75,0.25,4000,0.0001,0.05,1024,dynamic_mask_mae_adam,jax,cuda:0,0.4.30,bool,jax_threefry,torch.float32,torch.bool,128000000,32000000,160000000,128000000,32000000,256000000,256000000,0.375,0.375,0.25,2.5,1.0,2.0,100,10000,19197221,19038431.0625,16000,19200078,19038578.125,16000,16000,1,1,1189.897855885095,"Monte Carlo mask-averaged training risk; one fixed evaluation mask per training sample, independent of dynamic training masks",Monte Carlo population risk; independent test samples and one independent mask per sample,0.991517394922112,0.9914897268349985,0.47502532601356506,0.011163158342242241,4000,8.0,1189.6486597290038,1189.90194140625,0.9917284935408099,-0.25328167724609374,0.4221361287434896,0.4257185713081313,1189.7925057144164,1189.9111328125,0.9915885823484676,-0.1186270980834961,0.19771183013916016,0.199388164060732,5.6586060672998425e-06,1189.64866538761,-0.2532760186400264,7.580113560834434e-06,fresh_dynamic_mask,original_fixed_evaluation_mask,-0.15311399102210999,1.1315752267837524,-0.0043230741284787655,1.2247998714447021,1.5923819541931152,0.4718082845211029,0.5119310617446899,0.8100000023841858,0.741599977016449,1.0974851846694946,1.0809231996536255,7,7,0.1899999976158142,0.258400022983551
21,0,4000,0.7993689775466919,0.8940743691364225,0.9054831266403198,1.0003113746643066,0.8580423593521118,44.72832107543945,45.284976959228516,0.9910688996315002,1.2673094272613525,gaussian,1.0,8.0,16000,linear,identity,dynamic,0,dynamic,2000,1.0,0.7,bounded_heterogenous,1.0,0.75,0.25,4000,0.0001,0.05,1024,dynamic_mask_mae_adam,jax,cuda:0,0.4.30,bool,jax_threefry,torch.float32,torch.bool,128000000,32000000,160000000,128000000,32000000,256000000,256000000,0.375,0.375,0.25,2.5,1.0,2.0,100,10000,22396144,22210476.0625,16000,22402163,22216465.375,16000,16000,1,1,1388.2141651992774,"Monte Carlo mask-averaged training risk; one fixed evaluation mask per training sample, independent of dynamic training masks",Monte Carlo population risk; independent test samples and one independent mask per sample,0.9915398504628778,0.9916242892330621,0.4659055471420288,0.010416342876851559,4000,8.0,1387.9168295440675,1388.15475390625,0.9917098256958876,-0.2379243621826172,0.3398919459751675,0.3427922737189171,1388.4080601348876,1388.5290859375,0.9917107278881955,-0.12102580261230468,0.17289400373186384,0.17432231537384268,6.251946091651916e-06,1387.9168357960136,-0.23791811023652554,6.372074039973086e-06,fresh_dynamic_mask,original_fixed_evaluation_mask,-0.16276180744171143,1.1832200288772583,-0.005250117275863886,1.2810765504837036,1.5271415710449219,0.4696580171585083,0.509982705116272,0.7900000214576721,0.7451000213623047,1.1069912910461426,1.088460087776184,7,7,0.20999997854232788,0.2548999786376953
21,0,4000,0.794949471950531,0.8915993898329737,0.9577138423919678,1.1252623796463013,0.9435229301452637,47.439697265625,45.284976959228516,0.9910688996315002,1.2673094272613525,gaussian,1.0,8.0,16000,linear,identity,dynamic,0,dynamic,2000,1.0,0.8,bounded_heterogenous,1.0,0.75,0.25,4000,0.0001,0.05,1024,dynamic_mask_mae_adam,jax,cuda:0,0.4.30,bool,jax_threefry,torch.float32,torch.bool,128000000,32000000,160000000,128000000,32000000,256000000,256000000,0.375,0.375,0.25,2.5,1.0,2.0,100,10000,25600030,25387813.3125,16000,25602904,25388154.3125,16000,16000,1,1,1586.5304745134601,"Monte Carlo mask-averaged training risk; one fixed evaluation mask per training sample, independent of dynamic training masks",Monte Carlo population risk; independent test samples and one independent mask per sample,0.9915875740882768,0.9915472082818192,0.46022582054138184,0.009701280854642391,4000,8.0,1586.5419777679444,1586.73833203125,0.9917102953590289,-0.19635426330566405,0.24544282913208004,0.24749419528324879,1586.6554990692139,1586.75964453125,0.9916122918126787,-0.10414546203613281,0.130181827545166,0.1312681002381133,7.032889872789383e-06,1586.5419848008344,-0.19634723041579127,5.495984623848926e-06,fresh_dynamic_mask,original_fixed_evaluation_mask,-0.18358545005321503,1.2285279035568237,-0.00575796514749527,1.3489259481430054,1.526009440422058,0.46231594681739807,0.5105990767478943,0.7900000214576721,0.7477999925613403,1.16185462474823,1.149228811264038,7,8,0.20999997854232788,0.25220000743865967
21,0,4000,0.7895023226737976,0.8885394322559903,1.0129072666168213,1.2673825025558472,1.0383076667785645,50.34644317626953,45.284976959228516,0.9910688996315002,1.2673094272613525,gaussian,1.0,8.0,16000,linear,identity,dynamic,0,dynamic,2000,1.0,0.9,bounded_heterogenous,1.0,0.75,0.25,4000,0.0001,0.05,1024,dynamic_mask_mae_adam,jax,cuda:0,0.4.30,bool,jax_threefry,torch.float32,torch.bool,128000000,32000000,160000000,128000000,32000000,256000000,256000000,0.375,0.375,0.25,2.5,1.0,2.0,100,10000,28799704,28565153.5,16000,28802542,28562349.875,16000,16000,1,1,1784.8467838276426,"Monte Carlo mask-averaged training risk; one fixed evaluation mask per training sample, independent of dynamic training masks",Monte Carlo population risk; independent test samples and one independent mask per sample,0.9917827897586639,0.9916298566157088,0.44397810101509094,0.008818458765745163,4000,8.0,1785.1906735839843,1785.32209375,0.9918558017124065,-0.131420166015625,0.14602240668402777,0.147222920139356,1785.0912871017456,1785.1468671875,0.9916607317159715,-0.055580085754394534,0.061755650838216145,0.06226948244547614,7.921140640974045e-06,1785.190681505125,-0.13141224487498404,4.106175765627995e-06,fresh_dynamic_mask,original_fixed_evaluation_mask,-0.18039590120315552,1.3090248107910156,-0.004928688984364271,1.4222302436828613,1.4664369821548462,0.45797595381736755,0.5091984868049622,0.8100000023841858,0.7494999766349792,1.1954072713851929,1.1694889068603516,7,8,0.1899999976158142,0.25050002336502075
21,0,4000,0.7864289879798889,0.8868083152406099,1.0419949293136597,1.3464598655700684,1.0963479280471802,51.893348693847656,45.284976959228516,0.9910688996315002,1.2673094272613525,gaussian,1.0,8.0,16000,linear,identity,dynamic,0,dynamic,2000,1.0,0.95,bounded_heterogenous,1.0,0.75,0.25,4000,0.0001,0.05,1024,dynamic_mask_mae_adam,jax,cuda:0,0.4.30,bool,jax_threefry,torch.float32,torch.bool,128000000,32000000,160000000,128000000,32000000,256000000,256000000,0.375,0.375,0.25,2.5,1.0,2.0,100,10000,30399091,30147847.625,16000,30401195,30154530.125,16000,16000,1,1,1884.0049384847339,"Monte Carlo mask-averaged training risk; one fixed evaluation mask per training sample, independent of dynamic training masks",Monte Carlo population risk; independent test samples and one independent mask per sample,0.9916961357881351,0.9918732014557958,0.4354785680770874,0.00839179940521717,4000,8.0,1884.1663172607423,1884.2404765625,0.991735168166706,-0.0741593017578125,0.07806242290296053,0.07871532607461873,1884.6331632957458,1884.6581328125,0.9918863427901436,-0.024969516754150392,0.0262837018464741,0.02649766163886902,8.415374159812928e-06,1884.1663256761165,-0.07415088638365269,3.1959427815309027e-06,fresh_dynamic_mask,original_fixed_evaluation_mask,-0.19502106308937073,1.3307386636734009,-0.007722741924226284,1.4605112075805664,1.39972722530365,0.4651751220226288,0.5087841749191284,0.7900000214576721,0.75,1.1485872268676758,1.144274353981018,7,13,0.20999997854232788,0.25
22,0,4000,0.755673348903656,0.8692947422500932,-0.6692649722099304,0.5876901149749756,0.5486512184143066,34.28382110595703,44.9129753112793,1.009093165397644,1.2993767261505127,gaussian,1.0,8.0,16000,linear,identity,dynamic,0,dynamic,2000,1.0,0.05,bounded_heterogenous,1.0,0.75,0.25,4000,0.0001,0.05,1024,dynamic_mask_mae_adam,jax,cuda:0,0.4.30,bool,jax_threefry,torch.float32,torch.bool,128000000,32000000,160000000,128000000,32000000,256000000,256000000,0.375,0.375,0.25,2.5,1.0,2.0,100,10000,1599147,1616598.5546875,16000,1600057,1615295.8515625,16000,16000,1,1,100.95974234941981,"Monte Carlo mask-averaged training risk; one fixed evaluation mask per training sample, independent of dynamic training masks",Monte Carlo population risk; independent test samples and one independent mask per sample,1.0105874090150924,1.0093480383483568,0.5128788948059082,0.014959794469177723,4000,8.0,101.0048639602661,101.03740966796875,1.0109130396939743,-0.03254570770263672,0.6509141540527343,0.6442308410239406,100.9383996372223,100.95599072265625,1.0095239429360954,-0.01759108543394541,0.35182170867890816,0.34849017493709944,3.6730632185935975e-06,101.00486763332933,-0.03254203463941813,4.3531155824894086e-05,fresh_dynamic_mask,original_fixed_evaluation_mask,0.13854271173477173,0.9934379458427429,0.008035793900489807,0.9901992678642273,-1.6768401861190796,0.4932226836681366,0.5346670746803284,0.7400000095367432,0.7301999926567078,0.9730299115180969,0.8686266541481018,7,7,0.25999999046325684,0.26980000734329224
22,0,4000,0.7695513367652893,0.8772407518835917,-0.6851598620414734,0.6048288345336914,0.5575950145721436,34.78013229370117,44.9129753112793,1.009093165397644,1.2993767261505127,gaussian,1.0,8.0,16000,linear,identity,dynamic,0,dynamic,2000,1.0,0.1,bounded_heterogenous,1.0,0.75,0.25,4000,0.0001,0.05,1024,dynamic_mask_mae_adam,jax,cuda:0,0.4.30,bool,jax_threefry,torch.float32,torch.bool,128000000,32000000,160000000,128000000,32000000,256000000,256000000,0.375,0.375,0.25,2.5,1.0,2.0,100,10000,3199048,3231400.3359375,16000,3200888,3234665.6015625,16000,16000,1,1,201.91948469883963,"Monte Carlo mask-averaged training risk; one fixed evaluation mask per training sample, independent of dynamic training masks",Monte Carlo population risk; independent test samples and one independent mask per sample,1.0098023103752638,1.0103994456872538,0.48152101039886475,0.013844715431332588,4000,8.0,201.9003788375854,201.96252099609376,1.0101131136317743,-0.06214215850832989,0.6214215850832988,0.6153830740658339,202.1359663066864,202.16660009765624,1.0105525721495097,-0.030633790969848633,0.3063379096984863,0.3030549156493034,3.7801802158355715e-06,201.90038261776562,-0.06213837832811405,2.8827089408878237e-05,fresh_dynamic_mask,original_fixed_evaluation_mask,0.1256292313337326,1.0058468580245972,0.01128405425697565,1.006508469581604,-1.670427918434143,0.4918859899044037,0.5294380784034729,0.7400000095367432,0.7325999736785889,0.9809810519218445,0.890509843826294,7,7,0.25999999046325684,0.26740002632141113
22,0,4000,0.7764308452606201,0.8811531338312428,-0.7118974328041077,0.6471700668334961,0.5897166132926941,35.9769401550293,44.9129753112793,1.009093165397644,1.2993767261505127,gaussian,1.0,8.0,16000,linear,identity,dynamic,0,dynamic,2000,1.0,0.2,bounded_heterogenous,1.0,0.75,0.25,4000,0.0001,0.05,1024,dynamic_mask_mae_adam,jax,cuda:0,0.4.30,bool,jax_threefry,torch.float32,torch.bool,128000000,32000000,160000000,128000000,32000000,256000000,256000000,0.375,0.375,0.25,2.5,1.0,2.0,100,10000,6402287,6465938.546875,16000,6398490,6455870.5,16000,16000,1,1,403.83896939767925,"Monte Carlo mask-averaged training risk; one fixed evaluation mask per training sample, independent of dynamic training masks",Monte Carlo population risk; independent test samples and one independent mask per sample,1.009642598703584,1.0088173622048393,0.48263683915138245,0.013415172696113586,4000,8.0,404.0013552703858,404.1211591796875,1.0099420014871248,-0.11980390930169961,0.599019546508498,0.5929108465634325,403.43173774337765,403.49190625,1.0089678189697882,-0.060168506622372664,0.3008425331118633,0.29823897674474686,4.04481291770935e-06,404.00135931519867,-0.1197998644887819,1.8422349967295304e-05,fresh_dynamic_mask,original_fixed_evaluation_mask,0.1317274272441864,1.080855131149292,0.011884692125022411,1.0374727249145508,-1.5250614881515503,0.49605217576026917,0.5268852710723877,0.7400000095367432,0.7340999841690063,0.9555560350418091,0.8405705094337463,7,7,0.25999999046325684,0.26590001583099365
22,0,4000,0.7790290117263794,0.8826262015861411,-0.7385766506195068,0.694262683391571,0.625981330871582,37.26292419433594,44.9129753112793,1.009093165397644,1.2993767261505127,gaussian,1.0,8.0,16000,linear,identity,dynamic,0,dynamic,2000,1.0,0.3,bounded_heterogenous,1.0,0.75,0.25,4000,0.0001,0.05,1024,dynamic_mask_mae_adam,jax,cuda:0,0.4.30,bool,jax_threefry,torch.float32,torch.bool,128000000,32000000,160000000,128000000,32000000,256000000,256000000,0.375,0.375,0.25,2.5,1.0,2.0,100,10000,9601750,9694506.84375,16000,9595212,9676812.3125,16000,16000,1,1,605.7584540965188,"Monte Carlo mask-averaged training risk; one fixed evaluation mask per training sample, independent of dynamic training masks",Monte Carlo population risk; independent test samples and one independent mask per sample,1.0093706524445414,1.0083661326764213,0.47295576333999634,0.012692395597696304,4000,8.0,605.7327913818359,605.906677734375,1.0096604102116802,-0.1738863525390625,0.5796211751302084,0.5739707414655904,604.7179260406493,604.80076953125,1.0085042740587702,-0.08284349060070235,0.27614496866900784,0.2739529933630802,4.339141771197319e-06,605.7327957209777,-0.1738820133972913,1.364593754260568e-05,fresh_dynamic_mask,original_fixed_evaluation_mask,0.13651975989341736,1.1193106174468994,0.011434915475547314,1.0723347663879395,-1.520002841949463,0.4906040132045746,0.5245346426963806,0.7599999904632568,0.7340999841690063,0.9954705834388733,0.8713423013687134,7,7,0.24000000953674316,0.26590001583099365
22,0,4000,0.7864769101142883,0.8868353342725404,-0.772327721118927,0.7519752383232117,0.668699324131012,38.780799865722656,44.9129753112793,1.009093165397644,1.2993767261505127,gaussian,1.0,8.0,16000,linear,identity,dynamic,0,dynamic,2000,1.0,0.4,bounded_heterogenous,1.0,0.75,0.25,4000,0.0001,0.05,1024,dynamic_mask_mae_adam,jax,cuda:0,0.4.30,bool,jax_threefry,torch.float32,torch.bool,128000000,32000000,160000000,128000000,32000000,256000000,256000000,0.375,0.375,0.25,2.5,1.0,2.0,100,10000,12800074,12923551.9375,16000,12796678,12913734.8125,16000,16000,1,1,807.6779387953585,"Monte Carlo mask-averaged training risk; one fixed evaluation mask per training sample, independent of dynamic training masks",Monte Carlo population risk; independent test samples and one independent mask per sample,1.0093765760406932,1.0090158232405366,0.47344622015953064,0.012208263389766216,4000,8.0,807.5059291992187,807.72199609375,1.0096466580974455,-0.21606689453125,0.5401672363281249,0.5350031213120499,807.0031616821291,807.10842578125,1.009147437522457,-0.10526409912097734,0.26316024780244335,0.26084252315694556,4.699845239520073e-06,807.505933899064,-0.21606219468601048,1.0971023584716022e-05,fresh_dynamic_mask,original_fixed_evaluation_mask,0.1310274749994278,1.1466280221939087,0.012091382406651974,1.113694190979004,-1.4790500402450562,0.4917508661746979,0.5218726396560669,0.7699999809265137,0.7376000285148621,0.988986074924469,0.8862396478652954,7,7,0.23000001907348633,0.26239997148513794
22,0,4000,0.7904720306396484,0.8890849400589622,-0.8064885139465332,0.815823495388031,0.7124881744384766,40.39365005493164,44.9129753112793,1.009093165397644,1.2993767261505127,gaussian,1.0,8.0,16000,linear,identity,dynamic,0,dynamic,2000,1.0,0.5,bounded_heterogenous,1.0,0.75,0.25,4000,0.0001,0.05,1024,dynamic_mask_mae_adam,jax,cuda:0,0.4.30,bool,jax_threefry,torch.float32,torch.bool,128000000,32000000,160000000,128000000,32000000,256000000,256000000,0.375,0.375,0.25,2.5,1.0,2.0,100,10000,16002902,16157319.125,16000,15995658,16144026.3125,16000,16000,1,1,1009.5974234941981,"Monte Carlo mask-averaged training risk; one fixed evaluation mask per training sample, independent of dynamic training masks",Monte Carlo population risk; independent test samples and one independent mask per sample,1.0094048072951178,1.0091533813606222,0.4688326418399811,0.011606592684984207,4000,8.0,1009.587888092041,1009.8324453125,1.0096493201670547,-0.24455722045898437,0.48911444091796874,0.48435207562236293,1008.8795223617553,1009.00164453125,1.0092755366800166,-0.12212216949462891,0.24424433898925782,0.242065352730636,5.0988968461751946e-06,1009.5878931909378,-0.2445521215621382,8.927184353524353e-06,fresh_dynamic_mask,original_fixed_evaluation_mask,0.14393988251686096,1.1821988821029663,0.013075661845505238,1.1559168100357056,-1.4833710193634033,0.48383253812789917,0.5195332765579224,0.7599999904632568,0.7378000020980835,1.0390325784683228,0.928977370262146,7,13,0.24000000953674316,0.2621999979019165
22,0,4000,0.7895962595939636,0.8885922909827452,-0.8420711159706116,0.8903868794441223,0.7712817192077637,42.199214935302734,44.9129753112793,1.009093165397644,1.2993767261505127,gaussian,1.0,8.0,16000,linear,identity,dynamic,0,dynamic,2000,1.0,0.6,bounded_heterogenous,1.0,0.75,0.25,4000,0.0001,0.05,1024,dynamic_mask_mae_adam,jax,cuda:0,0.4.30,bool,jax_threefry,torch.float32,torch.bool,128000000,32000000,160000000,128000000,32000000,256000000,256000000,0.375,0.375,0.25,2.5,1.0,2.0,100,10000,19204500,19387397.5,16000,19195988,19379112.125,16000,16000,1,1,1211.5169081930376,"Monte Carlo mask-averaged training risk; one fixed evaluation mask per training sample, independent of dynamic training masks",Monte Carlo population risk; independent test samples and one independent mask per sample,1.0093064043725917,1.009441929234292,0.47622159123420715,0.011285081505775452,4000,8.0,1211.4515526733398,1211.71234375,1.0095236793459865,-0.2607910766601563,0.4346517944335938,0.43045047449630225,1211.0771975173948,1211.1945078125,1.0095397082452855,-0.1173102951052133,0.19551715850868884,0.19371008429858172,5.564917996525765e-06,1211.4515582382578,-0.26078551174215975,7.430642199324211e-06,fresh_dynamic_mask,original_fixed_evaluation_mask,0.14325667917728424,1.2317417860031128,0.0139621552079916,1.204833745956421,-1.4262888431549072,0.48352450132369995,0.5181573033332825,0.7400000095367432,0.7376000285148621,1.0407174825668335,0.9339622259140015,7,7,0.25999999046325684,0.26239997148513794
22,0,4000,0.7862560153007507,0.8867107844730157,-0.8836629986763,0.984681248664856,0.8353090286254883,44.37750244140625,44.9129753112793,1.009093165397644,1.2993767261505127,gaussian,1.0,8.0,16000,linear,identity,dynamic,0,dynamic,2000,1.0,0.7,bounded_heterogenous,1.0,0.75,0.25,4000,0.0001,0.05,1024,dynamic_mask_mae_adam,jax,cuda:0,0.4.30,bool,jax_threefry,torch.float32,torch.bool,128000000,32000000,160000000,128000000,32000000,256000000,256000000,0.375,0.375,0.25,2.5,1.0,2.0,100,10000,22402992,22615380.125,16000,22396368,22615381.625,16000,16000,1,1,1413.4363928918772,"Monte Carlo mask-averaged training risk; one fixed evaluation mask per training sample, independent of dynamic training masks",Monte Carlo population risk; independent test samples and one independent mask per sample,1.0093062446791774,1.0097018527960842,0.4624931514263153,0.010421792976558208,4000,8.0,1413.2174828186032,1413.4612578125,1.0094803464197997,-0.2437749938967172,0.3482499912810246,0.3449333931855314,1413.353391593933,1413.4613515625,1.0097789795649008,-0.10795996856689453,0.15422852652413505,0.1527597036135031,6.1542578041553496e-06,1413.217488972861,-0.24376883963891305,6.294947525020689e-06,fresh_dynamic_mask,original_fixed_evaluation_mask,0.143027663230896,1.284744143486023,0.015757940709590912,1.2593004703521729,-1.3333494663238525,0.4890894293785095,0.5156763792037964,0.7400000095367432,0.7394000291824341,1.0036553144454956,0.9166105389595032,7,7,0.25999999046325684,0.2605999708175659
22,0,4000,0.7872245907783508,0.8872567783783626,-0.9320644736289978,1.0941567420959473,0.9096134901046753,46.77941131591797,44.9129753112793,1.009093165397644,1.2993767261505127,gaussian,1.0,8.0,16000,linear,identity,dynamic,0,dynamic,2000,1.0,0.8,bounded_heterogenous,1.0,0.75,0.25,4000,0.0001,0.05,1024,dynamic_mask_mae_adam,jax,cuda:0,0.4.30,bool,jax_threefry,torch.float32,torch.bool,128000000,32000000,160000000,128000000,32000000,256000000,256000000,0.375,0.375,0.25,2.5,1.0,2.0,100,10000,25600093,25848450.25,16000,25595777,25847092.9375,16000,16000,1,1,1615.355877590717,"Monte Carlo mask-averaged training risk; one fixed evaluation mask per training sample, independent of dynamic training masks",Monte Carlo population risk; independent test samples and one independent mask per sample,1.0095706426646636,1.009761910936893,0.46103212237358093,0.009855449199676514,4000,8.0,1615.3188963928224,1615.528140625,1.0097014198346859,-0.20924423217773438,0.26155529022216795,0.2590412719110091,1615.3525434646608,1615.44330859375,1.0098186485020557,-0.09076512908912264,0.11345641136140329,0.1123717912059341,6.838479638099671e-06,1615.318903231302,-0.2092373936980963,5.459824478748487e-06,fresh_dynamic_mask,original_fixed_evaluation_mask,0.15967150032520294,1.3465831279754639,0.015375502407550812,1.319715976715088,-1.262860894203186,0.4915132224559784,0.5125972032546997,0.7200000286102295,0.7412999868392944,0.9911932349205017,0.9158210754394531,7,7,0.2799999713897705,0.25870001316070557
22,0,4000,0.7813699245452881,0.883951313447346,-0.9917435050010681,1.248039722442627,1.0219894647598267,49.96076965332031,44.9129753112793,1.009093165397644,1.2993767261505127,gaussian,1.0,8.0,16000,linear,identity,dynamic,0,dynamic,2000,1.0,0.9,bounded_heterogenous,1.0,0.75,0.25,4000,0.0001,0.05,1024,dynamic_mask_mae_adam,jax,cuda:0,0.4.30,bool,jax_threefry,torch.float32,torch.bool,128000000,32000000,160000000,128000000,32000000,256000000,256000000,0.375,0.375,0.25,2.5,1.0,2.0,100,10000,28801769,29079164.25,16000,28795669,29078529.375,16000,16000,1,1,1817.2753622895566,"Monte Carlo mask-averaged training risk; one fixed evaluation mask per training sample, independent of dynamic training masks",Monte Carlo population risk; independent test samples and one independent mask per sample,1.009561839066374,1.0097927818913537,0.44974374771118164,0.009001937694847584,4000,8.0,1817.3229300003052,1817.447765625,1.009631187931547,-0.12483562469482422,0.1387062496609158,0.1373746492812078,1817.3536691207883,1817.4080859375,1.0098230180031587,-0.054416816711658614,0.060463129679620684,0.05988398217526836,7.80024826526642e-06,1817.3229378005535,-0.12482782444655895,4.208372502034763e-06,fresh_dynamic_mask,original_fixed_evaluation_mask,0.17707107961177826,1.3934956789016724,0.015256083570420742,1.399652123451233,-1.234792947769165,0.4872196614742279,0.5124059915542603,0.7200000286102295,0.743399977684021,1.0137033462524414,0.9509270787239075,7,7,0.2799999713897705,0.256600022315979
22,0,4000,0.7781592607498169,0.8821333576902173,-1.0265600681304932,1.3427232503890991,1.0828490257263184,51.821292877197266,44.9129753112793,1.009093165397644,1.2993767261505127,gaussian,1.0,8.0,16000,linear,identity,dynamic,0,dynamic,2000,1.0,0.95,bounded_heterogenous,1.0,0.75,0.25,4000,0.0001,0.05,1024,dynamic_mask_mae_adam,jax,cuda:0,0.4.30,bool,jax_threefry,torch.float32,torch.bool,128000000,32000000,160000000,128000000,32000000,256000000,256000000,0.375,0.375,0.25,2.5,1.0,2.0,100,10000,30401142,30694766.625,16000,30396861,30693417.875,16000,16000,1,1,1918.2351046389763,"Monte Carlo mask-averaged training risk; one fixed evaluation mask per training sample, independent of dynamic training masks",Monte Carlo population risk; independent test samples and one independent mask per sample,1.0096174583279995,1.0097409542569593,0.43206989765167236,0.008337690494954586,4000,8.0,1918.3452322692874,1918.4229140625,1.0096583419464966,-0.0776817932126578,0.08177030864490295,0.08098505563425284,1918.3097145347592,1918.3386171875,1.0097561677503477,-0.028902652740711347,0.030423844990222472,0.03013300413368114,8.392020314931871e-06,1918.3452406613078,-0.07767340119234287,3.310606416562223e-06,fresh_dynamic_mask,original_fixed_evaluation_mask,0.16109447181224823,1.4294469356536865,0.01584034599363804,1.4456323385238647,-1.2366440296173096,0.4789009392261505,0.5107610821723938,0.75,0.7416999936103821,1.0592747926712036,0.9887052774429321,7,7,0.25,0.2583000063896179
23,0,4000,0.7548825740814209,0.8688397861984802,-0.6666911840438843,0.5928228497505188,0.5572371482849121,34.43320846557617,44.56947326660156,1.0051379203796387,1.2974340915679932,gaussian,1.0,8.0,16000,linear,identity,dynamic,0,dynamic,2000,1.0,0.05,bounded_heterogenous,1.0,0.75,0.25,4000,0.0001,0.05,1024,dynamic_mask_mae_adam,jax,cuda:0,0.4.30,bool,jax_threefry,torch.float32,torch.bool,128000000,32000000,160000000,128000000,32000000,256000000,256000000,0.375,0.375,0.25,2.5,1.0,2.0,100,10000,1600209,1610825.11328125,16000,1599631,1609041.4453125,16000,16000,1,1,100.56344879942475,"Monte Carlo mask-averaged training risk; one fixed evaluation mask per training sample, independent of dynamic training masks",Monte Carlo population risk; independent test samples and one independent mask per sample,1.0063023430696079,1.0057586477578626,0.4882780909538269,0.014180442318320274,4000,8.0,100.64337913131713,100.67656958007812,1.0066342042078567,-0.03319044876098633,0.6638089752197265,0.6593480270418173,100.55266946697235,100.56509033203125,1.0058828850606796,-0.012420865058898925,0.2484173011779785,0.24702140708843245,3.7051428109407427e-06,100.64338283645995,-0.033186743618175384,4.382876068120822e-05,fresh_dynamic_mask,original_fixed_evaluation_mask,0.019948825240135193,1.0411062240600586,0.009019516408443451,0.9942305088043213,-1.5188250541687012,0.513494610786438,0.5274083614349365,0.800000011920929,0.7315999865531921,0.8695425391197205,0.8015398979187012,7,7,0.19999998807907104,0.26840001344680786
23,0,4000,0.7660107016563416,0.8752203731954264,-0.6840894818305969,0.6151002645492554,0.571749746799469,35.074214935302734,44.56947326660156,1.0051379203796387,1.2974340915679932,gaussian,1.0,8.0,16000,linear,identity,dynamic,0,dynamic,2000,1.0,0.1,bounded_heterogenous,1.0,0.75,0.25,4000,0.0001,0.05,1024,dynamic_mask_mae_adam,jax,cuda:0,0.4.30,bool,jax_threefry,torch.float32,torch.bool,128000000,32000000,160000000,128000000,32000000,256000000,256000000,0.375,0.375,0.25,2.5,1.0,2.0,100,10000,3199865,3220190.1328125,16000,3201433,3221062.90625,16000,16000,1,1,201.1268975988495,"Monte Carlo mask-averaged training risk; one fixed evaluation mask per training sample, independent of dynamic training masks",Monte Carlo population risk; independent test samples and one independent mask per sample,1.0060178139198597,1.0060035710435118,0.4944874048233032,0.014098317362368107,4000,8.0,201.195074508667,201.26188330078125,1.0063518719735052,-0.06680879211425782,0.6680879211425781,0.663899105171506,201.29081440353394,201.316431640625,1.0061315998960465,-0.025617237091064452,0.2561723709106445,0.25449722988124535,3.8443766534328464e-06,201.19507835304367,-0.06680494773760438,3.019224459421821e-05,fresh_dynamic_mask,original_fixed_evaluation_mask,0.021465860307216644,1.0400012731552124,0.008379891514778137,1.0115933418273926,-1.496705412864685,0.5172189474105835,0.5230727195739746,0.7799999713897705,0.7343000173568726,0.8478112816810608,0.8122957944869995,7,7,0.2200000286102295,0.26569998264312744
23,0,4000,0.7766727805137634,0.8812904064573512,-0.7098848819732666,0.6532700657844543,0.59853196144104,36.146095275878906,44.56947326660156,1.0051379203796387,1.2974340915679932,gaussian,1.0,8.0,16000,linear,identity,dynamic,0,dynamic,2000,1.0,0.2,bounded_heterogenous,1.0,0.75,0.25,4000,0.0001,0.05,1024,dynamic_mask_mae_adam,jax,cuda:0,0.4.30,bool,jax_threefry,torch.float32,torch.bool,128000000,32000000,160000000,128000000,32000000,256000000,256000000,0.375,0.375,0.25,2.5,1.0,2.0,100,10000,6402230,6444868.28125,16000,6404046,6443728.09375,16000,16000,1,1,402.253795197699,"Monte Carlo mask-averaged training risk; one fixed evaluation mask per training sample, independent of dynamic training masks",Monte Carlo population risk; independent test samples and one independent mask per sample,1.0063537831892413,1.006053608458798,0.4798702895641327,0.013275854289531708,4000,8.0,402.6817738342285,402.804267578125,1.0066599108826144,-0.12249374389648438,0.6124687194824219,0.6082047969997451,402.67584918975825,402.733005859375,1.006196409855582,-0.05715666961675742,0.2857833480837871,0.28384397993308497,4.08293791115284e-06,402.6817779171664,-0.12248966095857322,1.9112439986201935e-05,fresh_dynamic_mask,original_fixed_evaluation_mask,0.036379121243953705,1.093076229095459,0.007527485024183989,1.042688012123108,-1.4465941190719604,0.5146975517272949,0.5201903581619263,0.7200000286102295,0.73580002784729,0.8659980893135071,0.8151348829269409,7,7,0.2799999713897705,0.26419997215270996
23,0,4000,0.7798500657081604,0.8830911989755986,-0.7357763648033142,0.6989330649375916,0.6360899806022644,37.3880500793457,44.56947326660156,1.0051379203796387,1.2974340915679932,gaussian,1.0,8.0,16000,linear,identity,dynamic,0,dynamic,2000,1.0,0.3,bounded_heterogenous,1.0,0.75,0.25,4000,0.0001,0.05,1024,dynamic_mask_mae_adam,jax,cuda:0,0.4.30,bool,jax_threefry,torch.float32,torch.bool,128000000,32000000,160000000,128000000,32000000,256000000,256000000,0.375,0.375,0.25,2.5,1.0,2.0,100,10000,9602034,9664656.8125,16000,9602760,9659985.0,16000,16000,1,1,603.3806927965485,"Monte Carlo mask-averaged training risk; one fixed evaluation mask per training sample, independent of dynamic training masks",Monte Carlo population risk; independent test samples and one independent mask per sample,1.0062298977680715,1.0058373050181137,0.47438493371009827,0.01268814504146576,4000,8.0,603.8658556365967,604.04105078125,1.0065218278231467,-0.1751951446533203,0.5839838155110677,0.5800769481700829,603.6758899459838,603.7490625,1.005959224223036,-0.07317255401611328,0.24390851338704428,0.24239393006464383,4.368331655859947e-06,603.8658600049284,-0.17519077632166447,1.3887040040572174e-05,fresh_dynamic_mask,original_fixed_evaluation_mask,0.0373653881251812,1.125572681427002,0.007780210115015507,1.077754020690918,-1.3970094919204712,0.5147645473480225,0.5189535021781921,0.7599999904632568,0.7383000254631042,0.8622204661369324,0.816209614276886,7,7,0.24000000953674316,0.26169997453689575
23,0,4000,0.7839382290840149,0.885402862590818,-0.7655029296875,0.752604603767395,0.6768937706947327,38.797027587890625,44.56947326660156,1.0051379203796387,1.2974340915679932,gaussian,1.0,8.0,16000,linear,identity,dynamic,0,dynamic,2000,1.0,0.4,bounded_heterogenous,1.0,0.75,0.25,4000,0.0001,0.05,1024,dynamic_mask_mae_adam,jax,cuda:0,0.4.30,bool,jax_threefry,torch.float32,torch.bool,128000000,32000000,160000000,128000000,32000000,256000000,256000000,0.375,0.375,0.25,2.5,1.0,2.0,100,10000,12800594,12882748.59375,16000,12804647,12884564.75,16000,16000,1,1,804.507590395398,"Monte Carlo mask-averaged training risk; one fixed evaluation mask per training sample, independent of dynamic training masks",Monte Carlo population risk; independent test samples and one independent mask per sample,1.0061461398753009,1.0061246261249615,0.4695897400379181,0.01210375688970089,4000,8.0,804.9542650756836,805.171787109375,1.0064180298000234,-0.21752203369140624,0.5438050842285156,0.5403121102200981,805.1919172210694,805.285296875,1.0062413083312645,-0.09337965393066407,0.23344913482666016,0.23191694742985547,4.703778773546219e-06,804.9542697794624,-0.2175173299126327,1.1059159987780731e-05,fresh_dynamic_mask,original_fixed_evaluation_mask,0.0509798638522625,1.1567493677139282,0.0065615554340183735,1.1187711954116821,-1.3748599290847778,0.5133081078529358,0.5164390802383423,0.7400000095367432,0.7396000027656555,0.8739290833473206,0.8389732241630554,7,7,0.25999999046325684,0.2603999972343445
23,0,4000,0.7857801914215088,0.8864424354810124,-0.7993701696395874,0.8187471032142639,0.7269839644432068,40.465965270996094,44.56947326660156,1.0051379203796387,1.2974340915679932,gaussian,1.0,8.0,16000,linear,identity,dynamic,0,dynamic,2000,1.0,0.5,bounded_heterogenous,1.0,0.75,0.25,4000,0.0001,0.05,1024,dynamic_mask_mae_adam,jax,cuda:0,0.4.30,bool,jax_threefry,torch.float32,torch.bool,128000000,32000000,160000000,128000000,32000000,256000000,256000000,0.375,0.375,0.25,2.5,1.0,2.0,100,10000,16000294,16104589.9375,16000,16004899,16102971.375,16000,16000,1,1,1005.6344879942475,"Monte Carlo mask-averaged training risk; one fixed evaluation mask per training sample, independent of dynamic training masks",Monte Carlo population risk; independent test samples and one independent mask per sample,1.0062706709855271,1.0060276920394762,0.46859151124954224,0.011579891666769981,4000,8.0,1006.2891612091064,1006.53687109375,1.0065183763185852,-0.2477098846435547,0.4954197692871094,0.4922023062590153,1006.3357251434325,1006.4357109375,1.006127647228514,-0.09998579406749923,0.19997158813499846,0.1986928583335157,5.11716939508915e-06,1006.2891663262758,-0.24770476747415962,8.643541150377132e-06,fresh_dynamic_mask,original_fixed_evaluation_mask,0.045029379427433014,1.2019054889678955,0.007301341276615858,1.1626882553100586,-1.2783920764923096,0.521068811416626,0.5152677893638611,0.7599999904632568,0.7419000267982483,0.8282694816589355,0.8138326406478882,7,7,0.24000000953674316,0.2580999732017517
23,0,4000,0.7891445159912109,0.8883380640224818,-0.8394871354103088,0.899138331413269,0.7855048775672913,42.406097412109375,44.56947326660156,1.0051379203796387,1.2974340915679932,gaussian,1.0,8.0,16000,linear,identity,dynamic,0,dynamic,2000,1.0,0.6,bounded_heterogenous,1.0,0.75,0.25,4000,0.0001,0.05,1024,dynamic_mask_mae_adam,jax,cuda:0,0.4.30,bool,jax_threefry,torch.float32,torch.bool,128000000,32000000,160000000,128000000,32000000,256000000,256000000,0.375,0.375,0.25,2.5,1.0,2.0,100,10000,19201693,19321492.0625,16000,19203429,19321569.9375,16000,16000,1,1,1206.761385593097,"Monte Carlo mask-averaged training risk; one fixed evaluation mask per training sample, independent of dynamic training masks",Monte Carlo population risk; independent test samples and one independent mask per sample,1.006026807949467,1.0060612560786324,0.4617621600627899,0.010889051482081413,4000,8.0,1207.3386197509765,1207.59325390625,1.0062389843697637,-0.2546341552734375,0.42439025878906256,0.4217217253403849,1207.4891187973024,1207.59812109375,1.0061520751059616,-0.1090022964477539,0.18167049407958985,0.1805274363113618,5.619614571332931e-06,1207.338625370591,-0.2546285356588662,7.092903615557589e-06,fresh_dynamic_mask,original_fixed_evaluation_mask,0.07158054411411285,1.2454848289489746,0.0073021817952394485,1.2144795656204224,-1.2795984745025635,0.5137913823127747,0.5126291513442993,0.7300000190734863,0.7414000034332275,0.8735166788101196,0.8551980257034302,7,7,0.26999998092651367,0.25859999656677246
23,0,4000,0.7920374870300293,0.8899648796610062,-0.879328727722168,0.9829055070877075,0.8432281613349915,44.337467193603516,44.56947326660156,1.0051379203796387,1.2974340915679932,gaussian,1.0,8.0,16000,linear,identity,dynamic,0,dynamic,2000,1.0,0.7,bounded_heterogenous,1.0,0.75,0.25,4000,0.0001,0.05,1024,dynamic_mask_mae_adam,jax,cuda:0,0.4.30,bool,jax_threefry,torch.float32,torch.bool,128000000,32000000,160000000,128000000,32000000,256000000,256000000,0.375,0.375,0.25,2.5,1.0,2.0,100,10000,22402081,22538264.375,16000,22402675,22535077.0625,16000,16000,1,1,1407.8882831919464,"Monte Carlo mask-averaged training risk; one fixed evaluation mask per training sample, independent of dynamic training masks",Monte Carlo population risk; independent test samples and one independent mask per sample,1.005905384258024,1.0058362867406947,0.46229276061058044,0.010426684282720089,4000,8.0,1408.3983685302735,1408.6415234375,1.006079050200738,-0.2431549072265625,0.3473641531808036,0.34523319550205933,1408.3389646911621,1408.44231640625,1.0059101005795066,-0.10335171508789062,0.14764530726841518,0.1467603094340575,6.143159419298172e-06,1408.398374673433,-0.2431487640671432,6.393765943357721e-06,fresh_dynamic_mask,original_fixed_evaluation_mask,0.06788969039916992,1.2913668155670166,0.007527134846895933,1.2641085386276245,-1.2331223487854004,0.5151645541191101,0.5100966095924377,0.75,0.7443000078201294,0.8680911064147949,0.8628862500190735,7,7,0.25,0.2556999921798706
23,0,4000,0.7895176410675049,0.8885480521994885,-0.9249628782272339,1.0910427570343018,0.9208715558052063,46.712799072265625,44.56947326660156,1.0051379203796387,1.2974340915679932,gaussian,1.0,8.0,16000,linear,identity,dynamic,0,dynamic,2000,1.0,0.8,bounded_heterogenous,1.0,0.75,0.25,4000,0.0001,0.05,1024,dynamic_mask_mae_adam,jax,cuda:0,0.4.30,bool,jax_threefry,torch.float32,torch.bool,128000000,32000000,160000000,128000000,32000000,256000000,256000000,0.375,0.375,0.25,2.5,1.0,2.0,100,10000,25601778,25756256.0,16000,25604280,25755403.5,16000,16000,1,1,1609.015180790796,"Monte Carlo mask-averaged training risk; one fixed evaluation mask per training sample, independent of dynamic training masks",Monte Carlo population risk; independent test samples and one independent mask per sample,1.0059006996254505,1.005843216340785,0.4599926173686981,0.009847250767052174,4000,8.0,1609.5529001159666,1609.766,1.0060338778033306,-0.21309988403343597,0.2663748550417949,0.26475883331289474,1609.6182092056274,1609.71271875,1.0059022749321598,-0.0945095443725586,0.11813693046569824,0.11742411334858538,6.819017231464386e-06,1609.5529069349839,-0.2130930650162045,5.375934051699005e-06,fresh_dynamic_mask,original_fixed_evaluation_mask,0.08287369459867477,1.3700939416885376,0.0072699980810284615,1.325617790222168,-1.214453935623169,0.5048953890800476,0.5076299905776978,0.7599999904632568,0.7452999949455261,0.9288226366043091,0.8960196375846863,7,7,0.24000000953674316,0.2547000050544739
23,0,4000,0.7807323932647705,0.883590625383028,-0.9811843037605286,1.2415207624435425,1.031464695930481,49.83013153076172,44.56947326660156,1.0051379203796387,1.2974340915679932,gaussian,1.0,8.0,16000,linear,identity,dynamic,0,dynamic,2000,1.0,0.9,bounded_heterogenous,1.0,0.75,0.25,4000,0.0001,0.05,1024,dynamic_mask_mae_adam,jax,cuda:0,0.4.30,bool,jax_threefry,torch.float32,torch.bool,128000000,32000000,160000000,128000000,32000000,256000000,256000000,0.375,0.375,0.25,2.5,1.0,2.0,100,10000,28800693,28974856.375,16000,28802934,28973593.625,16000,16000,1,1,1810.1420783896456,"Monte Carlo mask-averaged training risk; one fixed evaluation mask per training sample, independent of dynamic training masks",Monte Carlo population risk; independent test samples and one independent mask per sample,1.00597346234775,1.0058924040842485,0.44813990592956543,0.008993351832032204,4000,8.0,1810.7958034515382,1810.9285234375,1.0060471938991191,-0.13271998596191406,0.1474666510687934,0.14657672486162454,1810.7907828712464,1810.8496015625,1.0059250778063096,-0.05881869125366211,0.0653541013929579,0.06496253604160174,7.759504765272142e-06,1810.795811211043,-0.13271222645714878,4.269410055712797e-06,fresh_dynamic_mask,original_fixed_evaluation_mask,0.10777003318071365,1.4591436386108398,0.00909164547920227,1.4045379161834717,-1.119648814201355,0.5086221098899841,0.5072757005691528,0.7699999809265137,0.7461000084877014,0.9060717821121216,0.8762302994728088,7,7,0.23000001907348633,0.2538999915122986
23,0,4000,0.7769829034805298,0.8814663371227116,-1.0199517011642456,1.3480396270751953,1.1068100929260254,51.92378234863281,44.56947326660156,1.0051379203796387,1.2974340915679932,gaussian,1.0,8.0,16000,linear,identity,dynamic,0,dynamic,2000,1.0,0.95,bounded_heterogenous,1.0,0.75,0.25,4000,0.0001,0.05,1024,dynamic_mask_mae_adam,jax,cuda:0,0.4.30,bool,jax_threefry,torch.float32,torch.bool,128000000,32000000,160000000,128000000,32000000,256000000,256000000,0.375,0.375,0.25,2.5,1.0,2.0,100,10000,30400064,30586293.0,16000,30400773,30580934.75,16000,16000,1,1,1910.7055271890702,"Monte Carlo mask-averaged training risk; one fixed evaluation mask per training sample, independent of dynamic training masks",Monte Carlo population risk; independent test samples and one independent mask per sample,1.0060855810121352,1.0059076787893206,0.4531821012496948,0.008727832697331905,4000,8.0,1911.5666282653808,1911.6433125,1.0061259410506505,-0.07668423461914063,0.08072024696751645,0.08022860134815346,1911.2731876144408,1911.308421875,1.0059262226654566,-0.03523426055931486,0.03708869532559459,0.0368692568462059,8.425247669219971e-06,1911.5666366906285,-0.0766758093714714,3.2661387194821145e-06,fresh_dynamic_mask,original_fixed_evaluation_mask,0.13258245587348938,1.498600721359253,0.007955055683851242,1.4574580192565918,-1.0722801685333252,0.5133513808250427,0.5068351626396179,0.7599999904632568,0.7462999820709229,0.8804507255554199,0.8714549541473389,7,7,0.24000000953674316,0.25370001792907715
24,0,4000,0.7757005095481873,0.8807386159060969,-0.7056748270988464,0.6219853758811951,0.5663140416145325,35.26997375488281,45.43416213989258,0.9982873201370239,1.264952540397644,gaussian,1.0,8.0,16000,linear,identity,dynamic,0,dynamic,2000,1.0,0.05,bounded_heterogenous,1.0,0.75,0.25,4000,0.0001,0.05,1024,dynamic_mask_mae_adam,jax,cuda:0,0.4.30,bool,jax_threefry,torch.float32,torch.bool,128000000,32000000,160000000,128000000,32000000,256000000,256000000,0.375,0.375,0.25,2.5,1.0,2.0,100,10000,1599415,1602797.83203125,16000,1598282,1597067.02734375,16000,16000,1,1,99.88033356605389,"Monte Carlo mask-averaged training risk; one fixed evaluation mask per training sample, independent of dynamic training masks",Monte Carlo population risk; independent test samples and one independent mask per sample,1.0017543557689086,0.9990240320104259,0.515010416507721,0.014601952396333218,4000,8.0,100.13880893325806,100.17486450195312,1.0021150433322497,-0.03605556869506836,0.7211113739013671,0.7198526072249578,99.79513299560547,99.81668920898437,0.9992398258528532,-0.02155621337890625,0.431124267578125,0.4319160162440383,3.887408599257469e-06,100.13881282066666,-0.0360516812864691,4.697868644143455e-05,fresh_dynamic_mask,original_fixed_evaluation_mask,0.07874110341072083,0.9943196177482605,-0.019448574632406235,1.0215848684310913,-2.034710645675659,0.4498046636581421,0.5326888561248779,0.800000011920929,0.7364000082015991,1.2651654481887817,1.1192846298217773,7,8,0.19999998807907104,0.2635999917984009
24,0,4000,0.7869816422462463,0.8871198578806848,-0.717995822429657,0.6346645355224609,0.5721150040626526,35.627647399902344,45.43416213989258,0.9982873201370239,1.264952540397644,gaussian,1.0,8.0,16000,linear,identity,dynamic,0,dynamic,2000,1.0,0.1,bounded_heterogenous,1.0,0.75,0.25,4000,0.0001,0.05,1024,dynamic_mask_mae_adam,jax,cuda:0,0.4.30,bool,jax_threefry,torch.float32,torch.bool,128000000,32000000,160000000,128000000,32000000,256000000,256000000,0.375,0.375,0.25,2.5,1.0,2.0,100,10000,3198436,3200904.296875,16000,3197656,3194167.78125,16000,16000,1,1,199.76066713210778,"Monte Carlo mask-averaged training risk; one fixed evaluation mask per training sample, independent of dynamic training masks",Monte Carlo population risk; independent test samples and one independent mask per sample,1.000442516771405,0.9987239648441959,0.4874740540981293,0.013682466931641102,4000,8.0,199.9907100982666,200.0565185546875,1.0007717199515638,-0.06580845642089844,0.6580845642089844,0.6578986468057657,199.5984799079895,199.635486328125,0.9989091325802401,-0.03700642013549805,0.37006420135498047,0.37073990016667224,3.966653347015381e-06,199.99071406491993,-0.06580448976755143,2.9919741791673005e-05,fresh_dynamic_mask,original_fixed_evaluation_mask,0.07044198364019394,0.9896453619003296,-0.01994893327355385,1.035725474357605,-1.9736945629119873,0.45478177070617676,0.5267037749290466,0.8100000023841858,0.7355999946594238,1.2168161869049072,1.109587550163269,8,8,0.1899999976158142,0.26440000534057617
24,0,4000,0.7999801635742188,0.8944161020320569,-0.7447575926780701,0.671762228012085,0.6044754385948181,36.654117584228516,45.43416213989258,0.9982873201370239,1.264952540397644,gaussian,1.0,8.0,16000,linear,identity,dynamic,0,dynamic,2000,1.0,0.2,bounded_heterogenous,1.0,0.75,0.25,4000,0.0001,0.05,1024,dynamic_mask_mae_adam,jax,cuda:0,0.4.30,bool,jax_threefry,torch.float32,torch.bool,128000000,32000000,160000000,128000000,32000000,256000000,256000000,0.375,0.375,0.25,2.5,1.0,2.0,100,10000,6394185,6392069.921875,16000,6397966,6385594.8125,16000,16000,1,1,399.52133426421557,"Monte Carlo mask-averaged training risk; one fixed evaluation mask per training sample, independent of dynamic training masks",Monte Carlo population risk; independent test samples and one independent mask per sample,0.9993594956899499,0.9978990499279136,0.4833458960056305,0.013186672702431679,4000,8.0,399.38059355926515,399.5043701171875,0.9996692184969624,-0.12377655792236328,0.6188827896118163,0.6196505829763055,399.03276205444337,399.09967578125,0.9980663874268791,-0.06691372680664062,0.3345686340332031,0.3353233834413327,4.198513925075531e-06,399.38059775777907,-0.1237723594084382,1.9632148905657232e-05,fresh_dynamic_mask,original_fixed_evaluation_mask,0.05440216884016991,1.0058537721633911,-0.020884720608592033,1.0694010257720947,-1.9247798919677734,0.4596620500087738,0.5252038836479187,0.8299999833106995,0.73580002784729,1.1911979913711548,1.1208913326263428,7,8,0.17000001668930054,0.26419997215270996
24,0,4000,0.8026413321495056,0.895902523799049,-0.7742704749107361,0.7236505150794983,0.6432842016220093,38.04340744018555,45.43416213989258,0.9982873201370239,1.264952540397644,gaussian,1.0,8.0,16000,linear,identity,dynamic,0,dynamic,2000,1.0,0.3,bounded_heterogenous,1.0,0.75,0.25,4000,0.0001,0.05,1024,dynamic_mask_mae_adam,jax,cuda:0,0.4.30,bool,jax_threefry,torch.float32,torch.bool,128000000,32000000,160000000,128000000,32000000,256000000,256000000,0.375,0.375,0.25,2.5,1.0,2.0,100,10000,9596061,9594392.5,16000,9602576,9582904.125,16000,16000,1,1,599.2820013963233,"Monte Carlo mask-averaged training risk; one fixed evaluation mask per training sample, independent of dynamic training masks",Monte Carlo population risk; independent test samples and one independent mask per sample,0.9995276625121805,0.9977933751615354,0.49027398228645325,0.012887226417660713,4000,8.0,599.4705262908935,599.64953125,0.9998261265742266,-0.17900495910644532,0.5966831970214844,0.5970319320798279,598.8366698303223,598.9315078125,0.9979513960628897,-0.09483798217773437,0.31612660725911457,0.31669057627015107,4.5228157192468644e-06,599.4705308137093,-0.17900043629072607,1.4798053598497063e-05,fresh_dynamic_mask,original_fixed_evaluation_mask,0.07686059176921844,1.0513430833816528,-0.021626096218824387,1.1049052476882935,-1.823419451713562,0.4601549506187439,0.5202778577804565,0.8299999833106995,0.737500011920929,1.1823017597198486,1.103761076927185,7,8,0.17000001668930054,0.26249998807907104
24,0,4000,0.8060624003410339,0.8978097795975681,-0.8044253587722778,0.7777997851371765,0.6789569854736328,39.44108963012695,45.43416213989258,0.9982873201370239,1.264952540397644,gaussian,1.0,8.0,16000,linear,identity,dynamic,0,dynamic,2000,1.0,0.4,bounded_heterogenous,1.0,0.75,0.25,4000,0.0001,0.05,1024,dynamic_mask_mae_adam,jax,cuda:0,0.4.30,bool,jax_threefry,torch.float32,torch.bool,128000000,32000000,160000000,128000000,32000000,256000000,256000000,0.375,0.375,0.25,2.5,1.0,2.0,100,10000,12795077,12789501.59375,16000,12799783,12777938.1875,16000,16000,1,1,799.0426685284311,"Monte Carlo mask-averaged training risk; one fixed evaluation mask per training sample, independent of dynamic training masks",Monte Carlo population risk; independent test samples and one independent mask per sample,0.9992752842405471,0.9981474135086411,0.4781080186367035,0.012122079730033875,4000,8.0,799.1127628784179,799.343849609375,0.9995642537946431,-0.23108673095703125,0.5777168273925781,0.578191052748922,798.5043934326172,798.62113671875,0.9982933450903034,-0.1167432861328125,0.2918582153320312,0.29236212458005895,4.861248657107353e-06,799.1127677396665,-0.23108186970837413,1.1178954991919454e-05,fresh_dynamic_mask,original_fixed_evaluation_mask,0.07885443419218063,1.0869524478912354,-0.022333426401019096,1.1418938636779785,-1.8137034177780151,0.45275455713272095,0.5184983611106873,0.8199999928474426,0.739300012588501,1.2306112051010132,1.1412204504013062,7,8,0.18000000715255737,0.260699987411499
24,0,4000,0.8089450597763062,0.8994137311472992,-0.8413469791412354,0.8478055596351624,0.7312242984771729,41.17780303955078,45.43416213989258,0.9982873201370239,1.264952540397644,gaussian,1.0,8.0,16000,linear,identity,dynamic,0,dynamic,2000,1.0,0.5,bounded_heterogenous,1.0,0.75,0.25,4000,0.0001,0.05,1024,dynamic_mask_mae_adam,jax,cuda:0,0.4.30,bool,jax_threefry,torch.float32,torch.bool,128000000,32000000,160000000,128000000,32000000,256000000,256000000,0.375,0.375,0.25,2.5,1.0,2.0,100,10000,15997249,15988720.5,16000,16002935,15980232.25,16000,16000,1,1,998.8033356605389,"Monte Carlo mask-averaged training risk; one fixed evaluation mask per training sample, independent of dynamic training masks",Monte Carlo population risk; independent test samples and one independent mask per sample,0.99920605312699,0.9984549060554287,0.46464815735816956,0.011283948086202145,4000,8.0,999.0342521362305,999.29503125,0.999466877086179,-0.2607791137695312,0.5215582275390624,0.5219261691782329,998.6380601272583,998.764515625,0.9985813383607445,-0.12645549774169923,0.25291099548339846,0.25322384959292066,5.298784747719765e-06,999.0342574350153,-0.2607738149847835,8.949551556725055e-06,fresh_dynamic_mask,original_fixed_evaluation_mask,0.07627466320991516,1.1189532279968262,-0.02359522506594658,1.190469741821289,-1.86268949508667,0.43970629572868347,0.5215016603469849,0.8299999833106995,0.741599977016449,1.326256513595581,1.2266203165054321,8,8,0.17000001668930054,0.258400022983551
24,0,4000,0.8088189363479614,0.8993436141697796,-0.8792970180511475,0.9261574745178223,0.7858384847640991,43.03853225708008,45.43416213989258,0.9982873201370239,1.264952540397644,gaussian,1.0,8.0,16000,linear,identity,dynamic,0,dynamic,2000,1.0,0.6,bounded_heterogenous,1.0,0.75,0.25,4000,0.0001,0.05,1024,dynamic_mask_mae_adam,jax,cuda:0,0.4.30,bool,jax_threefry,torch.float32,torch.bool,128000000,32000000,160000000,128000000,32000000,256000000,256000000,0.375,0.375,0.25,2.5,1.0,2.0,100,10000,19199896,19194748.625,16000,19201077,19169117.375,16000,16000,1,1,1198.5640027926465,"Monte Carlo mask-averaged training risk; one fixed evaluation mask per training sample, independent of dynamic training masks",Monte Carlo population risk; independent test samples and one independent mask per sample,0.9995043345496425,0.9982259039717741,0.4587247371673584,0.010658467188477516,4000,8.0,1199.3987046813966,1199.6717890625,0.999731906099908,-0.2730843811035156,0.45514063517252606,0.45526515434168857,1197.93827784729,1198.0698359375,0.9983355295643052,-0.13155809020996093,0.21926348368326823,0.21961673061743348,5.78848421573639e-06,1199.3987104698808,-0.2730785926192999,7.5295879469194915e-06,fresh_dynamic_mask,original_fixed_evaluation_mask,0.07356297969818115,1.170876383781433,-0.023880748078227043,1.237993836402893,-1.7842730283737183,0.43985992670059204,0.5180345177650452,0.8299999833106995,0.7437000274658203,1.3287725448608398,1.2279200553894043,8,8,0.17000001668930054,0.2562999725341797
24,0,4000,0.8075336217880249,0.8986287452491295,-0.9257717132568359,1.028281807899475,0.8559616208076477,45.3493537902832,45.43416213989258,0.9982873201370239,1.264952540397644,gaussian,1.0,8.0,16000,linear,identity,dynamic,0,dynamic,2000,1.0,0.7,bounded_heterogenous,1.0,0.75,0.25,4000,0.0001,0.05,1024,dynamic_mask_mae_adam,jax,cuda:0,0.4.30,bool,jax_threefry,torch.float32,torch.bool,128000000,32000000,160000000,128000000,32000000,256000000,256000000,0.375,0.375,0.25,2.5,1.0,2.0,100,10000,22399142,22393281.375,16000,22400196,22367233.25,16000,16000,1,1,1398.3246699247543,"Monte Carlo mask-averaged training risk; one fixed evaluation mask per training sample, independent of dynamic training masks",Monte Carlo population risk; independent test samples and one independent mask per sample,0.9995463962431714,0.9984400392680733,0.45294979214668274,0.009988011792302132,4000,8.0,1399.3113540649415,1399.5800859375,0.9997383549334167,-0.26873187255859377,0.3839026750837054,0.38401785686814627,1397.8282858657838,1397.952078125,0.9985284615366758,-0.1237922592163086,0.1768460845947266,0.1771051542516222,6.42676129937172e-06,1399.3113604917028,-0.2687254457972944,6.390736416506115e-06,fresh_dynamic_mask,original_fixed_evaluation_mask,0.08387459069490433,1.2352710962295532,-0.026050323620438576,1.296589970588684,-1.6552388668060303,0.44685402512550354,0.5132459998130798,0.8299999833106995,0.7432000041007996,1.2849539518356323,1.1983433961868286,7,12,0.17000001668930054,0.25679999589920044
24,0,4000,0.8055142760276794,0.8975044713134745,-0.9764566421508789,1.1468263864517212,0.9365705847740173,47.892093658447266,45.43416213989258,0.9982873201370239,1.264952540397644,gaussian,1.0,8.0,16000,linear,identity,dynamic,0,dynamic,2000,1.0,0.8,bounded_heterogenous,1.0,0.75,0.25,4000,0.0001,0.05,1024,dynamic_mask_mae_adam,jax,cuda:0,0.4.30,bool,jax_threefry,torch.float32,torch.bool,128000000,32000000,160000000,128000000,32000000,256000000,256000000,0.375,0.375,0.25,2.5,1.0,2.0,100,10000,25600298,25590404.5625,16000,25599133,25565669.5,16000,16000,1,1,1598.0853370568623,"Monte Carlo mask-averaged training risk; one fixed evaluation mask per training sample, independent of dynamic training masks",Monte Carlo population risk; independent test samples and one independent mask per sample,0.9994710611498546,0.9986282378631058,0.4654257297515869,0.009718216024339199,4000,8.0,1599.1723129882812,1599.40028515625,0.9996135420962677,-0.22797216796875,0.2849652099609375,0.28507206117756034,1597.75106741333,1597.85434375,0.998692787759648,-0.10327633666992188,0.12909542083740233,0.12926877480912147,7.167664915323258e-06,1599.1723201559462,-0.22796500030383468,5.3774501793668605e-06,fresh_dynamic_mask,original_fixed_evaluation_mask,0.07586270570755005,1.2927055358886719,-0.027304455637931824,1.3619773387908936,-1.5994676351547241,0.44552475214004517,0.5105975270271301,0.8100000023841858,0.7490000128746033,1.2988407611846924,1.2236008644104004,8,8,0.1899999976158142,0.25099998712539673
24,0,4000,0.8000944256782532,0.8944799750012591,-1.0377280712127686,1.3040398359298706,1.0448209047317505,51.069366455078125,45.43416213989258,0.9982873201370239,1.264952540397644,gaussian,1.0,8.0,16000,linear,identity,dynamic,0,dynamic,2000,1.0,0.9,bounded_heterogenous,1.0,0.75,0.25,4000,0.0001,0.05,1024,dynamic_mask_mae_adam,jax,cuda:0,0.4.30,bool,jax_threefry,torch.float32,torch.bool,128000000,32000000,160000000,128000000,32000000,256000000,256000000,0.375,0.375,0.25,2.5,1.0,2.0,100,10000,28799934,28784824.875,16000,28797961,28761103.125,16000,16000,1,1,1797.84600418897,"Monte Carlo mask-averaged training risk; one fixed evaluation mask per training sample, independent of dynamic training masks",Monte Carlo population risk; independent test samples and one independent mask per sample,0.9993986694542669,0.9986833270559068,0.4555138945579529,0.00891951471567154,4000,8.0,1798.9134824981688,1799.0515546875,0.9994753764019042,-0.1380721893310547,0.15341354370117188,0.15349442207068797,1797.5027189941407,1797.5689453125,0.9987201220600306,-0.066226318359375,0.07358479817708333,0.07368431517695839,8.150248974561692e-06,1798.9134906484178,-0.13806403908208012,4.276251274859533e-06,fresh_dynamic_mask,original_fixed_evaluation_mask,0.0760791078209877,1.3824518918991089,-0.028103472664952278,1.4421149492263794,-1.5392330884933472,0.43832823634147644,0.5086889863014221,0.800000011920929,0.7483999729156494,1.3516567945480347,1.253326177597046,7,8,0.19999998807907104,0.2516000270843506
24,0,4000,0.791806161403656,0.8898349068246626,-1.0730552673339844,1.4089326858520508,1.1088579893112183,53.08357238769531,45.43416213989258,0.9982873201370239,1.264952540397644,gaussian,1.0,8.0,16000,linear,identity,dynamic,0,dynamic,2000,1.0,0.95,bounded_heterogenous,1.0,0.75,0.25,4000,0.0001,0.05,1024,dynamic_mask_mae_adam,jax,cuda:0,0.4.30,bool,jax_threefry,torch.float32,torch.bool,128000000,32000000,160000000,128000000,32000000,256000000,256000000,0.375,0.375,0.25,2.5,1.0,2.0,100,10000,30400028,30381905.5,16000,30400702,30356381.625,16000,16000,1,1,1897.726337755024,"Monte Carlo mask-averaged training risk; one fixed evaluation mask per training sample, independent of dynamic training masks",Monte Carlo population risk; independent test samples and one independent mask per sample,0.999362595504782,0.9985226413805924,0.43870463967323303,0.008264414966106415,4000,8.0,1898.7906803436279,1898.86909375,0.99940386568065,-0.07841340637207031,0.08254042776007402,0.08258958622286983,1897.236828804016,1897.2738515625,0.9985421265929978,-0.03702275848388672,0.03897132471988076,0.03902732170524281,8.805829286575318e-06,1898.7906891494572,-0.07840460054278374,3.2704047043807805e-06,fresh_dynamic_mask,original_fixed_evaluation_mask,0.0854610949754715,1.4256643056869507,-0.032098740339279175,1.4893434047698975,-1.5966027975082397,0.41722241044044495,0.513938307762146,0.8199999928474426,0.7487999796867371,1.4954255819320679,1.344253659248352,7,8,0.18000000715255737,0.25120002031326294
25,0,4000,0.7442958354949951,0.862725817102395,0.6476697325706482,0.5712000727653503,0.5465202927589417,33.79941177368164,44.42236328125,1.0112740993499756,1.299826741218567,gaussian,1.0,8.0,16000,linear,identity,dynamic,0,dynamic,2000,1.0,0.05,bounded_heterogenous,1.0,0.75,0.25,4000,0.0001,0.05,1024,dynamic_mask_mae_adam,jax,cuda:0,0.4.30,bool,jax_threefry,torch.float32,torch.bool,128000000,32000000,160000000,128000000,32000000,256000000,256000000,0.375,0.375,0.25,2.5,1.0,2.0,100,10000,1600063,1622341.94140625,16000,1600413,1617896.5703125,16000,16000,1,1,101.17674273046006,"Monte Carlo mask-averaged training risk; one fixed evaluation mask per training sample, independent of dynamic training masks",Monte Carlo population risk; independent test samples and one independent mask per sample,1.0136421732009109,1.0107758231792863,0.5101810097694397,0.015094375237822533,4000,8.0,101.36820853614807,101.39637133789063,1.0139237901296698,-0.02816280174255371,0.5632560348510742,0.5554992031955308,101.10367296886444,101.11853564453125,1.010924411581573,-0.014862675666809082,0.2972535133361816,0.2939654054932017,3.5700004547834397e-06,101.36821210614853,-0.028159231742098927,4.471954525797628e-05,fresh_dynamic_mask,original_fixed_evaluation_mask,0.0847441703081131,1.1527938842773438,-0.0018594976281747222,0.9883702397346497,1.6505447626113892,0.4851381182670593,0.5317684412002563,0.7900000214576721,0.7279999852180481,1.0833152532577515,0.857805073261261,8,8,0.20999997854232788,0.2720000147819519
25,0,4000,0.7597929239273071,0.8716610143440552,0.6630659103393555,0.5864686369895935,0.5548332929611206,34.248172760009766,44.42236328125,1.0112740993499756,1.299826741218567,gaussian,1.0,8.0,16000,linear,identity,dynamic,0,dynamic,2000,1.0,0.1,bounded_heterogenous,1.0,0.75,0.25,4000,0.0001,0.05,1024,dynamic_mask_mae_adam,jax,cuda:0,0.4.30,bool,jax_threefry,torch.float32,torch.bool,128000000,32000000,160000000,128000000,32000000,256000000,256000000,0.375,0.375,0.25,2.5,1.0,2.0,100,10000,3201730,3242998.0,16000,3201618,3241577.984375,16000,16000,1,1,202.35348546092013,"Monte Carlo mask-averaged training risk; one fixed evaluation mask per training sample, independent of dynamic training masks",Monte Carlo population risk; independent test samples and one independent mask per sample,1.0126167802037151,1.0123288841774507,0.5026262402534485,0.014676003716886044,4000,8.0,202.63284523010256,202.687375,1.0128892817320636,-0.054529769897431836,0.5452976989743183,0.5380677498776354,202.56814859390258,202.5986240234375,1.0124811843183665,-0.03047542953491211,0.3047542953491211,0.30084537525176813,3.66542898118496e-06,202.63284889553154,-0.05452610446845065,3.069702870561741e-05,fresh_dynamic_mask,original_fixed_evaluation_mask,0.08353559672832489,1.170911431312561,0.0003973430721089244,1.000042200088501,1.7133429050445557,0.4692801535129547,0.5294108390808105,0.8100000023841858,0.7329000234603882,1.1813985109329224,0.9085999131202698,7,8,0.1899999976158142,0.2670999765396118
25,0,4000,0.7743871212005615,0.879992682469895,0.6919724345207214,0.6266803741455078,0.5857843160629272,35.40283203125,44.42236328125,1.0112740993499756,1.299826741218567,gaussian,1.0,8.0,16000,linear,identity,dynamic,0,dynamic,2000,1.0,0.2,bounded_heterogenous,1.0,0.75,0.25,4000,0.0001,0.05,1024,dynamic_mask_mae_adam,jax,cuda:0,0.4.30,bool,jax_threefry,torch.float32,torch.bool,128000000,32000000,160000000,128000000,32000000,256000000,256000000,0.375,0.375,0.25,2.5,1.0,2.0,100,10000,6402411,6484537.984375,16000,6399874,6476810.75,16000,16000,1,1,404.70697092184025,"Monte Carlo mask-averaged training risk; one fixed evaluation mask per training sample, independent of dynamic training masks",Monte Carlo population risk; independent test samples and one independent mask per sample,1.012536027946762,1.0118959299732924,0.48372867703437805,0.013663559220731258,4000,8.0,405.16698770141596,405.2836240234375,1.0128275089454581,-0.11663632202154259,0.5831816101077129,0.5755787557544245,404.7504033088684,404.800671875,1.012021603862826,-0.050268566131591794,0.2513428306579589,0.24836206866329924,3.9167523384094236e-06,405.1669916181683,-0.11663240526920418,1.8767783330986276e-05,fresh_dynamic_mask,original_fixed_evaluation_mask,0.08188516646623611,1.2204291820526123,0.0011934898793697357,1.0325733423233032,1.7577134370803833,0.4526277482509613,0.5280468463897705,0.7799999713897705,0.7304999828338623,1.2973202466964722,0.9698430895805359,8,8,0.2200000286102295,0.2695000171661377
25,0,4000,0.7772985696792603,0.8816453763726435,0.718170702457428,0.672502875328064,0.6208741664886475,36.67431640625,44.42236328125,1.0112740993499756,1.299826741218567,gaussian,1.0,8.0,16000,linear,identity,dynamic,0,dynamic,2000,1.0,0.3,bounded_heterogenous,1.0,0.75,0.25,4000,0.0001,0.05,1024,dynamic_mask_mae_adam,jax,cuda:0,0.4.30,bool,jax_threefry,torch.float32,torch.bool,128000000,32000000,160000000,128000000,32000000,256000000,256000000,0.375,0.375,0.25,2.5,1.0,2.0,100,10000,9598384,9716952.625,16000,9604254,9724213.90625,16000,16000,1,1,607.0604563827603,"Monte Carlo mask-averaged training risk; one fixed evaluation mask per training sample, independent of dynamic training masks",Monte Carlo population risk; independent test samples and one independent mask per sample,1.0120842410592403,1.012370842201108,0.4746805727481842,0.012943131849169731,4000,8.0,607.1483241271973,607.3095390625,1.012352977855439,-0.16121493530273437,0.5373831176757813,0.5309152085823943,607.691669418335,607.763369140625,1.0124902888084801,-0.07169972229003906,0.2389990743001302,0.23594617882749525,4.2031429708004e-06,607.1483283303403,-0.16121073215976356,1.3812017641612329e-05,fresh_dynamic_mask,original_fixed_evaluation_mask,0.08414652943611145,1.2508792877197266,-0.00043521079351194203,1.0675870180130005,1.626522421836853,0.4666486382484436,0.5240545868873596,0.7599999904632568,0.7354000210762024,1.201334834098816,0.9323920607566833,7,8,0.24000000953674316,0.2645999789237976
25,0,4000,0.7822576761245728,0.8844533204893138,-0.7463486194610596,0.721705973148346,0.6600267887115479,37.99226379394531,44.42236328125,1.0112740993499756,1.299826741218567,gaussian,1.0,8.0,16000,linear,identity,dynamic,0,dynamic,2000,1.0,0.4,bounded_heterogenous,1.0,0.75,0.25,4000,0.0001,0.05,1024,dynamic_mask_mae_adam,jax,cuda:0,0.4.30,bool,jax_threefry,torch.float32,torch.bool,128000000,32000000,160000000,128000000,32000000,256000000,256000000,0.375,0.375,0.25,2.5,1.0,2.0,100,10000,12796955,12952152.0625,16000,12804853,12962627.125,16000,16000,1,1,809.4139418436805,"Monte Carlo mask-averaged training risk; one fixed evaluation mask per training sample, independent of dynamic training masks",Monte Carlo population risk; independent test samples and one independent mask per sample,1.0118791421596973,1.0122163388821397,0.46581515669822693,0.012260790914297104,4000,8.0,809.3107404785156,809.50950390625,1.0121276555633743,-0.198763427734375,0.49690856933593747,0.49107126420433467,810.080088973999,810.1641953125,1.0123214319602107,-0.08410633850109298,0.21026584625273242,0.20762788330497273,4.510662332177162e-06,809.3107449891779,-0.19875891707204282,1.0869222933251876e-05,fresh_dynamic_mask,original_fixed_evaluation_mask,-0.09138575196266174,1.284981369972229,-0.0004022754728794098,1.1033896207809448,-1.6618708372116089,0.45591381192207336,0.5239306688308716,0.7699999809265137,0.7355999946594238,1.2812718152999878,0.9887343645095825,8,8,0.23000001907348633,0.26440000534057617
25,0,4000,0.7852488160133362,0.8861426612083046,-0.7816835641860962,0.7886446118354797,0.714436411857605,39.71509552001953,44.42236328125,1.0112740993499756,1.299826741218567,gaussian,1.0,8.0,16000,linear,identity,dynamic,0,dynamic,2000,1.0,0.5,bounded_heterogenous,1.0,0.75,0.25,4000,0.0001,0.05,1024,dynamic_mask_mae_adam,jax,cuda:0,0.4.30,bool,jax_threefry,torch.float32,torch.bool,128000000,32000000,160000000,128000000,32000000,256000000,256000000,0.375,0.375,0.25,2.5,1.0,2.0,100,10000,15997188,16195799.3125,16000,16003588,16197315.5625,16000,16000,1,1,1011.7674273046006,"Monte Carlo mask-averaged training risk; one fixed evaluation mask per training sample, independent of dynamic training masks",Monte Carlo population risk; independent test samples and one independent mask per sample,1.0121877204830858,1.0120118402498532,0.46566781401634216,0.011725207790732384,4000,8.0,1012.0098284912109,1012.23745703125,1.0124153890358731,-0.2276285400390625,0.455257080078125,0.44975324407903194,1012.2387839050293,1012.33222265625,1.012105258052132,-0.09343875122070312,0.18687750244140625,0.18460096227213008,4.929028823971749e-06,1012.0098334202397,-0.2276236110102385,8.458194315608125e-06,fresh_dynamic_mask,original_fixed_evaluation_mask,-0.0930446982383728,1.3426291942596436,-0.00012452639930415899,1.1532089710235596,-1.6252974271774292,0.4520859122276306,0.5233269929885864,0.7900000214576721,0.7368999719619751,1.313073992729187,1.0138930082321167,7,15,0.20999997854232788,0.2631000280380249
25,0,4000,0.7820197343826294,0.8843187968049924,-0.8110259175300598,0.8524686098098755,0.7600569128990173,41.29088592529297,44.42236328125,1.0112740993499756,1.299826741218567,gaussian,1.0,8.0,16000,linear,identity,dynamic,0,dynamic,2000,1.0,0.6,bounded_heterogenous,1.0,0.75,0.25,4000,0.0001,0.05,1024,dynamic_mask_mae_adam,jax,cuda:0,0.4.30,bool,jax_threefry,torch.float32,torch.bool,128000000,32000000,160000000,128000000,32000000,256000000,256000000,0.375,0.375,0.25,2.5,1.0,2.0,100,10000,19196491,19433710.5,16000,19203547,19441876.375,16000,16000,1,1,1214.1209127655206,"Monte Carlo mask-averaged training risk; one fixed evaluation mask per training sample, independent of dynamic training masks",Monte Carlo population risk; independent test samples and one independent mask per sample,1.0121634773127897,1.0123312708407544,0.4681868255138397,0.01133874524384737,4000,8.0,1214.3741926727296,1214.60690625,1.0123574407426856,-0.23271357727050782,0.38785596211751305,0.38319159239597056,1215.0219461975098,1215.1172734375,1.012410695534528,-0.09532723999023437,0.1588787333170573,0.15690212306918028,5.3279288113117215e-06,1214.3741980006585,-0.2327082493416965,6.91989316692343e-06,fresh_dynamic_mask,original_fixed_evaluation_mask,-0.08084828406572342,1.3858979940414429,0.0001254398375749588,1.1942063570022583,-1.5834625959396362,0.4486730098724365,0.5225647687911987,0.7799999713897705,0.7368000149726868,1.3317407369613647,1.0254075527191162,8,8,0.2200000286102295,0.26319998502731323
25,0,4000,0.7788349986076355,0.882516288012655,-0.850562572479248,0.9414422512054443,0.82625412940979,43.39221954345703,44.42236328125,1.0112740993499756,1.299826741218567,gaussian,1.0,8.0,16000,linear,identity,dynamic,0,dynamic,2000,1.0,0.7,bounded_heterogenous,1.0,0.75,0.25,4000,0.0001,0.05,1024,dynamic_mask_mae_adam,jax,cuda:0,0.4.30,bool,jax_threefry,torch.float32,torch.bool,128000000,32000000,160000000,128000000,32000000,256000000,256000000,0.375,0.375,0.25,2.5,1.0,2.0,100,10000,22398979,22679445.25,16000,22404972,22679028.8125,16000,16000,1,1,1416.4743982264408,"Monte Carlo mask-averaged training risk; one fixed evaluation mask per training sample, independent of dynamic training masks",Monte Carlo population risk; independent test samples and one independent mask per sample,1.0123611047836083,1.0121673064096588,0.4491465985774994,0.010350856930017471,4000,8.0,1417.2409454040526,1417.465328125,1.0125213854613642,-0.22438272094749845,0.3205467442107121,0.3165971209246887,1417.348759963989,1417.43930078125,1.0122319640702966,-0.09054081726097502,0.12934402465853576,0.12775265538511604,5.884014070034027e-06,1417.2409512880668,-0.22437683693342841,6.225562174222432e-06,fresh_dynamic_mask,original_fixed_evaluation_mask,-0.06786587834358215,1.44363534450531,0.0008658206788823009,1.2472349405288696,-1.5629591941833496,0.4402846395969391,0.5219327807426453,0.7799999713897705,0.7372999787330627,1.3875763416290283,1.0616400241851807,7,8,0.2200000286102295,0.26270002126693726
25,0,4000,0.7767477035522461,0.8813329130086123,-0.899066150188446,1.0547024011611938,0.9109331369400024,45.928260803222656,44.42236328125,1.0112740993499756,1.299826741218567,gaussian,1.0,8.0,16000,linear,identity,dynamic,0,dynamic,2000,1.0,0.8,bounded_heterogenous,1.0,0.75,0.25,4000,0.0001,0.05,1024,dynamic_mask_mae_adam,jax,cuda:0,0.4.30,bool,jax_threefry,torch.float32,torch.bool,128000000,32000000,160000000,128000000,32000000,256000000,256000000,0.375,0.375,0.25,2.5,1.0,2.0,100,10000,25600276,25921608.9375,16000,25604851,25908462.4375,16000,16000,1,1,1618.827883687361,"Monte Carlo mask-averaged training risk; one fixed evaluation mask per training sample, independent of dynamic training masks",Monte Carlo population risk; independent test samples and one independent mask per sample,1.01243740768967,1.011814778947201,0.45964473485946655,0.010007885284721851,4000,8.0,1619.9173168487546,1620.10055859375,1.012551932545571,-0.18324174499535,0.2290521812441875,0.22621033493663845,1619.2104159088135,1619.27890234375,1.011857574859545,-0.06848643493652344,0.08560804367065429,0.08458880658213097,6.591890007257462e-06,1619.9173234406446,-0.18323515310534275,5.462149147206219e-06,fresh_dynamic_mask,original_fixed_evaluation_mask,-0.06798680126667023,1.5207316875457764,-0.0002666543878149241,1.3138738870620728,-1.4514610767364502,0.4433149993419647,0.5186782479286194,0.7599999904632568,0.7400000095367432,1.3558547496795654,1.0424033403396606,8,18,0.24000000953674316,0.25999999046325684
25,0,4000,0.7702290415763855,0.8776269375858887,-0.9504261612892151,1.1886212825775146,1.0049872398376465,48.75697708129883,44.42236328125,1.0112740993499756,1.299826741218567,gaussian,1.0,8.0,16000,linear,identity,dynamic,0,dynamic,2000,1.0,0.9,bounded_heterogenous,1.0,0.75,0.25,4000,0.0001,0.05,1024,dynamic_mask_mae_adam,jax,cuda:0,0.4.30,bool,jax_threefry,torch.float32,torch.bool,128000000,32000000,160000000,128000000,32000000,256000000,256000000,0.375,0.375,0.25,2.5,1.0,2.0,100,10000,28799795,29164739.5,16000,28800979,29142989.0,16000,16000,1,1,1821.181369148281,"Monte Carlo mask-averaged training risk; one fixed evaluation mask per training sample, independent of dynamic training masks",Monte Carlo population risk; independent test samples and one independent mask per sample,1.0126097559836484,1.0118536997125738,0.44708725810050964,0.00916970893740654,4000,8.0,1822.6845867080685,1822.79621875,1.0126717742261706,-0.11163204193138518,0.12403560214598353,0.12248439050188686,1821.398572280884,1821.4368125,1.0118749435566061,-0.03824021911597811,0.042489132351086784,0.041989070225900704,7.428883016109467e-06,1822.6845941369515,-0.11162461304836907,4.252224698575446e-06,fresh_dynamic_mask,original_fixed_evaluation_mask,-0.056356869637966156,1.5902806520462036,-0.001800890313461423,1.3839588165283203,-1.347558617591858,0.4497358798980713,0.5152746438980103,0.7599999904632568,0.7397000193595886,1.305334210395813,1.0238325595855713,7,8,0.24000000953674316,0.2602999806404114
25,0,4000,0.7665857672691345,0.8755488377407251,-0.9830648899078369,1.2777040004730225,1.0694831609725952,50.55104446411133,44.42236328125,1.0112740993499756,1.299826741218567,gaussian,1.0,8.0,16000,linear,identity,dynamic,0,dynamic,2000,1.0,0.95,bounded_heterogenous,1.0,0.75,0.25,4000,0.0001,0.05,1024,dynamic_mask_mae_adam,jax,cuda:0,0.4.30,bool,jax_threefry,torch.float32,torch.bool,128000000,32000000,160000000,128000000,32000000,256000000,256000000,0.375,0.375,0.25,2.5,1.0,2.0,100,10000,30398569,30779456.75,16000,30401092,30760714.25,16000,16000,1,1,1922.358111878741,"Monte Carlo mask-averaged training risk; one fixed evaluation mask per training sample, independent of dynamic training masks",Monte Carlo population risk; independent test samples and one independent mask per sample,1.0124976891540147,1.0118167954421533,0.44495007395744324,0.008801995776593685,4000,8.0,1923.6550541305542,1923.716046875,1.012529792109622,-0.06099274444580078,0.06420288889031661,0.0634113798081426,1922.5209678363804,1922.544640625,1.0118292543570475,-0.023672788619762287,0.024918724862907672,0.024626516461179193,7.985650002956391e-06,1923.6550621162041,-0.060984758795797823,3.2572038435318973e-06,fresh_dynamic_mask,original_fixed_evaluation_mask,-0.08010194450616837,1.661238670349121,-0.0021073955576866865,1.428471326828003,-1.2728654146194458,0.45618343353271484,0.5134401321411133,0.7699999809265137,0.741599977016449,1.2712593078613281,1.0002007484436035,7,8,0.23000001907348633,0.258400022983551
26,0,4000,0.7593879103660583,0.8714286605144785,-0.6778385043144226,0.5998362302780151,0.5616872310638428,34.636287689208984,44.915164947509766,0.9961395263671875,1.2775483131408691,gaussian,1.0,8.0,16000,linear,identity,dynamic,0,dynamic,2000,1.0,0.05,bounded_heterogenous,1.0,0.75,0.25,4000,0.0001,0.05,1024,dynamic_mask_mae_adam,jax,cuda:0,0.4.30,bool,jax_threefry,torch.float32,torch.bool,128000000,32000000,160000000,128000000,32000000,256000000,256000000,0.375,0.375,0.25,2.5,1.0,2.0,100,10000,1598321,1595523.21875,16000,1599324,1593992.9765625,16000,16000,1,1,99.66438949571737,"Monte Carlo mask-averaged training risk; one fixed evaluation mask per training sample, independent of dynamic training masks",Monte Carlo population risk; independent test samples and one independent mask per sample,0.9979765865689891,0.9965223567989581,0.5086925625801086,0.014686694368720055,4000,8.0,99.69293348884582,99.720201171875,0.9982495498401135,-0.027267683029174806,0.5453536605834961,0.5468838351454508,99.61013261032105,99.62456103515625,0.9966667020331715,-0.014428424835205077,0.2885684967041015,0.28965597810981514,3.748976439237595e-06,99.69293723782226,-0.02726393405273557,4.6212462621042505e-05,fresh_dynamic_mask,original_fixed_evaluation_mask,0.028127653524279594,0.9963721036911011,0.0002051357296295464,1.0113483667373657,-1.3828473091125488,0.5417953729629517,0.5278998017311096,0.7099999785423279,0.7268000245094299,0.7050372958183289,0.7411221861839294,7,7,0.2900000214576721,0.27319997549057007
26,0,4000,0.770953357219696,0.8780394963893686,-0.6886649131774902,0.609862208366394,0.5666778087615967,34.9245491027832,44.915164947509766,0.9961395263671875,1.2775483131408691,gaussian,1.0,8.0,16000,linear,identity,dynamic,0,dynamic,2000,1.0,0.1,bounded_heterogenous,1.0,0.75,0.25,4000,0.0001,0.05,1024,dynamic_mask_mae_adam,jax,cuda:0,0.4.30,bool,jax_threefry,torch.float32,torch.bool,128000000,32000000,160000000,128000000,32000000,256000000,256000000,0.375,0.375,0.25,2.5,1.0,2.0,100,10000,3198489,3192285.1875,16000,3200852,3190768.5078125,16000,16000,1,1,199.32877899143475,"Monte Carlo mask-averaged training risk; one fixed evaluation mask per training sample, independent of dynamic training masks",Monte Carlo population risk; independent test samples and one independent mask per sample,0.9977630176499149,0.9966723687355779,0.5053287744522095,0.014469155110418797,4000,8.0,199.45837728500365,199.51782421875,0.9980603927354448,-0.05944693374633789,0.5944693374633788,0.5959059946560874,199.38754655075073,199.42303173828125,0.9968497474461487,-0.035485187530517576,0.35485187530517576,0.35587852838481204,3.8116388022899627e-06,199.45838109664246,-0.0594431221075356,2.9429484129650518e-05,fresh_dynamic_mask,original_fixed_evaluation_mask,0.038323450833559036,0.9919484853744507,-0.0011897480580955744,1.0183024406433105,-1.3748682737350464,0.5440020561218262,0.5259133577346802,0.699999988079071,0.729200005531311,0.6931091547012329,0.7456580400466919,7,7,0.30000001192092896,0.27079999446868896
26,0,4000,0.7813152074813843,0.8839203626353362,-0.7131904363632202,0.6453994512557983,0.5946727395057678,35.92769241333008,44.915164947509766,0.9961395263671875,1.2775483131408691,gaussian,1.0,8.0,16000,linear,identity,dynamic,0,dynamic,2000,1.0,0.2,bounded_heterogenous,1.0,0.75,0.25,4000,0.0001,0.05,1024,dynamic_mask_mae_adam,jax,cuda:0,0.4.30,bool,jax_threefry,torch.float32,torch.bool,128000000,32000000,160000000,128000000,32000000,256000000,256000000,0.375,0.375,0.25,2.5,1.0,2.0,100,10000,6398706,6385403.296875,16000,6398361,6381060.640625,16000,16000,1,1,398.6575579828695,"Monte Carlo mask-averaged training risk; one fixed evaluation mask per training sample, independent of dynamic training masks",Monte Carlo population risk; independent test samples and one independent mask per sample,0.9976331759186631,0.9971284706281861,0.48626822233200073,0.013534635305404663,4000,8.0,398.9725867843628,399.0877060546875,0.9979210322954359,-0.11511927032470703,0.5755963516235352,0.5769121352434681,398.74924490356443,398.8162900390625,0.9972961264025272,-0.06704513549804687,0.33522567749023435,0.33622064681204655,4.03374657034874e-06,398.9725908181094,-0.11511523657813669,1.9068995243287645e-05,fresh_dynamic_mask,original_fixed_evaluation_mask,0.031133387237787247,1.0356395244598389,-0.0025177912320941687,1.0498878955841064,-1.3674468994140625,0.536241888999939,0.5232961177825928,0.7200000286102295,0.7325000166893005,0.7354052662849426,0.769087016582489,7,7,0.2799999713897705,0.26749998331069946
26,0,4000,0.7862637042999268,0.8867151201484763,-0.7369347810745239,0.6847527027130127,0.6234569549560547,37.00682830810547,44.915164947509766,0.9961395263671875,1.2775483131408691,gaussian,1.0,8.0,16000,linear,identity,dynamic,0,dynamic,2000,1.0,0.3,bounded_heterogenous,1.0,0.75,0.25,4000,0.0001,0.05,1024,dynamic_mask_mae_adam,jax,cuda:0,0.4.30,bool,jax_threefry,torch.float32,torch.bool,128000000,32000000,160000000,128000000,32000000,256000000,256000000,0.375,0.375,0.25,2.5,1.0,2.0,100,10000,9600678,9580201.25,16000,9598650,9573229.3125,16000,16000,1,1,597.9863369743042,"Monte Carlo mask-averaged training risk; one fixed evaluation mask per training sample, independent of dynamic training masks",Monte Carlo population risk; independent test samples and one independent mask per sample,0.9975840190987032,0.9972120403467382,0.4825896918773651,0.013040557503700256,4000,8.0,598.5926840820313,598.762578125,0.997867155840452,-0.16989404296875,0.5663134765625,0.567483838087357,598.2430844421386,598.32683203125,0.9973516392930256,-0.08374758911132812,0.2791586303710938,0.2799392727450556,4.27970439195633e-06,598.5926883617357,-0.16988976326435803,1.3947198567620944e-05,fresh_dynamic_mask,original_fixed_evaluation_mask,0.033992890268564224,1.065172791481018,-0.003274074522778392,1.0806243419647217,-1.3262995481491089,0.5366252660751343,0.5213447213172913,0.699999988079071,0.7315999865531921,0.7332706451416016,0.7718027234077454,7,7,0.30000001192092896,0.26840001344680786
26,0,4000,0.7901204228401184,0.8888871822903728,-0.7667987942695618,0.73775714635849,0.6670336127281189,38.41242218017578,44.915164947509766,0.9961395263671875,1.2775483131408691,gaussian,1.0,8.0,16000,linear,identity,dynamic,0,dynamic,2000,1.0,0.4,bounded_heterogenous,1.0,0.75,0.25,4000,0.0001,0.05,1024,dynamic_mask_mae_adam,jax,cuda:0,0.4.30,bool,jax_threefry,torch.float32,torch.bool,128000000,32000000,160000000,128000000,32000000,256000000,256000000,0.375,0.375,0.25,2.5,1.0,2.0,100,10000,12799628,12766608.53125,16000,12796219,12756067.5,16000,16000,1,1,797.315115965739,"Monte Carlo mask-averaged training risk; one fixed evaluation mask per training sample, independent of dynamic training masks",Monte Carlo population risk; independent test samples and one independent mask per sample,0.9971600264682436,0.9967364102337574,0.47401463985443115,0.012340139597654343,4000,8.0,797.7048372039795,797.913033203125,0.9974202790307656,-0.20819599914550782,0.5204899978637695,0.5218513559297477,797.1535869140625,797.25421875,0.9968622371967845,-0.1006318359375,0.25157958984374995,0.25244604185425956,4.610982164740563e-06,797.7048418149617,-0.20819138816334307,1.0576731256151106e-05,fresh_dynamic_mask,original_fixed_evaluation_mask,0.03350559249520302,1.1089584827423096,-0.00297961151227355,1.1205004453659058,-1.3467583656311035,0.5264726877212524,0.518423855304718,0.7400000095367432,0.7343000173568726,0.7942192554473877,0.8172299861907959,7,7,0.25999999046325684,0.26569998264312744
26,0,4000,0.7917722463607788,0.8898158496906979,-0.8014501333236694,0.80426025390625,0.7194076180458069,40.10636520385742,44.915164947509766,0.9961395263671875,1.2775483131408691,gaussian,1.0,8.0,16000,linear,identity,dynamic,0,dynamic,2000,1.0,0.5,bounded_heterogenous,1.0,0.75,0.25,4000,0.0001,0.05,1024,dynamic_mask_mae_adam,jax,cuda:0,0.4.30,bool,jax_threefry,torch.float32,torch.bool,128000000,32000000,160000000,128000000,32000000,256000000,256000000,0.375,0.375,0.25,2.5,1.0,2.0,100,10000,15999844,15956498.875,16000,15997265,15951636.9375,16000,16000,1,1,996.6438949571736,"Monte Carlo mask-averaged training risk; one fixed evaluation mask per training sample, independent of dynamic training masks",Monte Carlo population risk; independent test samples and one independent mask per sample,0.9970577854613575,0.9970371829889628,0.47283753752708435,0.011789590120315552,4000,8.0,997.0480641479492,997.2811796875,0.9972909032738069,-0.23311553955078124,0.4662310791015625,0.46750213339796787,996.8667519454956,996.97730859375,0.9971477585387252,-0.11055664825439453,0.22111329650878905,0.22178368013281435,5.026626586914063e-06,997.0480691745757,-0.23311051292419432,8.703422281541862e-06,fresh_dynamic_mask,original_fixed_evaluation_mask,0.031503964215517044,1.151776671409607,-0.0024292697198688984,1.1663140058517456,-1.3320627212524414,0.5207265615463257,0.517562210559845,0.7400000095367432,0.7350999712944031,0.8275460004806519,0.8428415060043335,7,7,0.25999999046325684,0.2649000287055969
26,0,4000,0.7910857200622559,0.8894299972804245,-0.8378798365592957,0.8797997236251831,0.7744334936141968,41.94757843017578,44.915164947509766,0.9961395263671875,1.2775483131408691,gaussian,1.0,8.0,16000,linear,identity,dynamic,0,dynamic,2000,1.0,0.6,bounded_heterogenous,1.0,0.75,0.25,4000,0.0001,0.05,1024,dynamic_mask_mae_adam,jax,cuda:0,0.4.30,bool,jax_threefry,torch.float32,torch.bool,128000000,32000000,160000000,128000000,32000000,256000000,256000000,0.375,0.375,0.25,2.5,1.0,2.0,100,10000,19200615,19147424.5625,16000,19195003,19134688.75,16000,16000,1,1,1195.9726739486084,"Monte Carlo mask-averaged training risk; one fixed evaluation mask per training sample, independent of dynamic training masks",Monte Carlo population risk; independent test samples and one independent mask per sample,0.9970267190782366,0.9967639101873488,0.46869945526123047,0.011173456907272339,4000,8.0,1196.4703861083985,1196.71403515625,0.9972297534480016,-0.2436490478515625,0.40608174641927086,0.40719677499190254,1195.8053903961181,1195.918046875,0.9968578150261295,-0.11265647888183594,0.18776079813639324,0.18840167045919287,5.498748272657394e-06,1196.470391607147,-0.24364354910328984,7.472025117749581e-06,fresh_dynamic_mask,original_fixed_evaluation_mask,0.03133530914783478,1.2054178714752197,-0.0016956989420577884,1.2142139673233032,-1.2980479001998901,0.5163283348083496,0.5161183476448059,0.7400000095367432,0.7372999787330627,0.8528268933296204,0.8578343987464905,7,7,0.25999999046325684,0.26270002126693726
26,0,4000,0.7900217175483704,0.8888316587230511,-0.8786779642105103,0.9688673615455627,0.8381537199020386,44.01970291137695,44.915164947509766,0.9961395263671875,1.2775483131408691,gaussian,1.0,8.0,16000,linear,identity,dynamic,0,dynamic,2000,1.0,0.7,bounded_heterogenous,1.0,0.75,0.25,4000,0.0001,0.05,1024,dynamic_mask_mae_adam,jax,cuda:0,0.4.30,bool,jax_threefry,torch.float32,torch.bool,128000000,32000000,160000000,128000000,32000000,256000000,256000000,0.375,0.375,0.25,2.5,1.0,2.0,100,10000,22398758,22333983.8125,16000,22396788,22323533.375,16000,16000,1,1,1395.301452940043,"Monte Carlo mask-averaged training risk; one fixed evaluation mask per training sample, independent of dynamic training masks",Monte Carlo population risk; independent test samples and one independent mask per sample,0.9969396509693089,0.996652855358526,0.4638741612434387,0.010537874884903431,4000,8.0,1395.638123916626,1395.87398828125,0.9971081348572988,-0.23586436462402344,0.3369490923200335,0.3379450675407014,1395.113919441223,1395.2208359375,0.996729235236767,-0.10691649627685547,0.15273785182407926,0.153261037282304,6.0554210096597675e-06,1395.638129972047,-0.2358583092030138,6.229903647181345e-06,fresh_dynamic_mask,original_fixed_evaluation_mask,0.04692293331027031,1.2607173919677734,-0.0021047054324299097,1.2679082155227661,-1.2474766969680786,0.5152513384819031,0.5148046612739563,0.75,0.7389000058174133,0.8594224452972412,0.8634558320045471,7,7,0.25,0.26109999418258667
26,0,4000,0.7894459962844849,0.8885077356357033,-0.9277864694595337,1.080979824066162,0.9178351163864136,46.49687957763672,44.915164947509766,0.9961395263671875,1.2775483131408691,gaussian,1.0,8.0,16000,linear,identity,dynamic,0,dynamic,2000,1.0,0.8,bounded_heterogenous,1.0,0.75,0.25,4000,0.0001,0.05,1024,dynamic_mask_mae_adam,jax,cuda:0,0.4.30,bool,jax_threefry,torch.float32,torch.bool,128000000,32000000,160000000,128000000,32000000,256000000,256000000,0.375,0.375,0.25,2.5,1.0,2.0,100,10000,25600617,25520939.875,16000,25596617,25512254.5625,16000,16000,1,1,1594.630231931478,"Monte Carlo mask-averaged training risk; one fixed evaluation mask per training sample, independent of dynamic training masks",Monte Carlo population risk; independent test samples and one independent mask per sample,0.9967647862828792,0.9966493548859406,0.45634761452674866,0.00981458555907011,4000,8.0,1594.8620957946778,1595.0587421875,0.9968876873162862,-0.19664639282226562,0.24580799102783202,0.24656946809686886,1594.4282387695312,1594.51591015625,0.9967041567446198,-0.08767138671875,0.10958923339843749,0.10996614854752451,6.756123900413514e-06,1594.8621025508016,-0.1966396366983652,5.366962795960717e-06,fresh_dynamic_mask,original_fixed_evaluation_mask,0.05423721298575401,1.3193110227584839,-0.001054841559380293,1.3336243629455566,-1.1937255859375,0.5138216018676758,0.5131227970123291,0.7400000095367432,0.7408000230789185,0.8650573492050171,0.8722716569900513,7,7,0.25999999046325684,0.25919997692108154
26,0,4000,0.7819890975952148,0.8843014743825857,-0.982667863368988,1.2242121696472168,1.020248293876648,49.4815559387207,44.915164947509766,0.9961395263671875,1.2775483131408691,gaussian,1.0,8.0,16000,linear,identity,dynamic,0,dynamic,2000,1.0,0.9,bounded_heterogenous,1.0,0.75,0.25,4000,0.0001,0.05,1024,dynamic_mask_mae_adam,jax,cuda:0,0.4.30,bool,jax_threefry,torch.float32,torch.bool,128000000,32000000,160000000,128000000,32000000,256000000,256000000,0.375,0.375,0.25,2.5,1.0,2.0,100,10000,28801126,28711145.5,16000,28797697,28708242.25,16000,16000,1,1,1793.9590109229125,"Monte Carlo mask-averaged training risk; one fixed evaluation mask per training sample, independent of dynamic training masks",Monte Carlo population risk; independent test samples and one independent mask per sample,0.9968088316427851,0.9968688375258453,0.45663419365882874,0.009228372015058994,4000,8.0,1794.3260473785401,1794.44659375,0.9968757992309051,-0.12054637145996094,0.13394041273328994,0.13435492800928373,1794.2204207382201,1794.265140625,0.9968936838942364,-0.044719886779785153,0.04968876308865017,0.04984757911996596,7.651326060295105e-06,1794.3260550298662,-0.12053872013390064,4.305111360736191e-06,fresh_dynamic_mask,original_fixed_evaluation_mask,0.04230048134922981,1.3889737129211426,-0.0014564620796591043,1.4094698429107666,-1.1335009336471558,0.5145221948623657,0.5106129050254822,0.7400000095367432,0.7412999868392944,0.8624739050865173,0.8803982138633728,7,7,0.25999999046325684,0.25870001316070557
26,0,4000,0.7765449285507202,0.8812178666769758,-1.0156619548797607,1.3169695138931274,1.083422064781189,51.3219108581543,44.915164947509766,0.9961395263671875,1.2775483131408691,gaussian,1.0,8.0,16000,linear,identity,dynamic,0,dynamic,2000,1.0,0.95,bounded_heterogenous,1.0,0.75,0.25,4000,0.0001,0.05,1024,dynamic_mask_mae_adam,jax,cuda:0,0.4.30,bool,jax_threefry,torch.float32,torch.bool,128000000,32000000,160000000,128000000,32000000,256000000,256000000,0.375,0.375,0.25,2.5,1.0,2.0,100,10000,30401037,30308252.625,16000,30398184,30301587.625,16000,16000,1,1,1893.62340041863,"Monte Carlo mask-averaged training risk; one fixed evaluation mask per training sample, independent of dynamic training masks",Monte Carlo population risk; independent test samples and one independent mask per sample,0.9969131898770504,0.9968059690975386,0.44426825642585754,0.008656501770019531,4000,8.0,1894.1996732025148,1894.2657890625,0.996947986511118,-0.06611585998535156,0.06959564208984376,0.06980631795938663,1893.8182038078307,1893.8492265625,0.9968222978385815,-0.031022754669189453,0.03265553123072574,0.032761588656615714,8.231059461832047e-06,1894.1996814335741,-0.06610762892588973,3.377258735781652e-06,fresh_dynamic_mask,original_fixed_evaluation_mask,0.05737028643488884,1.4315530061721802,-0.0016801655292510986,1.4545996189117432,-1.1143299341201782,0.5121481418609619,0.5093919038772583,0.7599999904632568,0.7415000200271606,0.8785073757171631,0.8955665826797485,7,7,0.24000000953674316,0.25849997997283936
27,0,4000,0.7195187211036682,0.8482444937066601,-0.6280863881111145,0.5788474678993225,0.5500243306159973,34.0249137878418,43.52424240112305,1.0049275159835815,1.2945940494537354,gaussian,1.0,8.0,16000,linear,identity,dynamic,0,dynamic,2000,1.0,0.05,bounded_heterogenous,1.0,0.75,0.25,4000,0.0001,0.05,1024,dynamic_mask_mae_adam,jax,cuda:0,0.4.30,bool,jax_threefry,torch.float32,torch.bool,128000000,32000000,160000000,128000000,32000000,256000000,256000000,0.375,0.375,0.25,2.5,1.0,2.0,100,10000,1600223,1607416.0859375,16000,1598844,1607191.06640625,16000,16000,1,1,100.54010866889246,"Monte Carlo mask-averaged training risk; one fixed evaluation mask per training sample, independent of dynamic training masks",Monte Carlo population risk; independent test samples and one independent mask per sample,1.004203957015538,1.0051270465763076,0.5152815580368042,0.01514424104243517,4000,8.0,100.43439179420471,100.46350537109375,1.0044950522130354,-0.029113576889038085,0.5822715377807617,0.579585129575122,100.44008422851563,100.44944165039063,1.0052206884513124,-0.009357421875,0.18714843750000001,0.18631107791655666,3.6177966743707657e-06,100.4343954120014,-0.029109959092363715,4.3713287595892325e-05,fresh_dynamic_mask,original_fixed_evaluation_mask,0.010571155697107315,1.0437778234481812,0.004907493479549885,0.9655352830886841,-1.2573716640472412,0.5501364469528198,0.5461658835411072,0.7300000190734863,0.7190999984741211,0.6561287641525269,0.6148000955581665,7,7,0.26999998092651367,0.2809000015258789
27,0,4000,0.7427623867988586,0.8618366357952408,-0.6431110501289368,0.5878811478614807,0.548183023929596,34.28939437866211,43.52424240112305,1.0049275159835815,1.2945940494537354,gaussian,1.0,8.0,16000,linear,identity,dynamic,0,dynamic,2000,1.0,0.1,bounded_heterogenous,1.0,0.75,0.25,4000,0.0001,0.05,1024,dynamic_mask_mae_adam,jax,cuda:0,0.4.30,bool,jax_threefry,torch.float32,torch.bool,128000000,32000000,160000000,128000000,32000000,256000000,256000000,0.375,0.375,0.25,2.5,1.0,2.0,100,10000,3199011,3215795.6171875,16000,3198555,3215444.5,16000,16000,1,1,201.08021733778492,"Monte Carlo mask-averaged training risk; one fixed evaluation mask per training sample, independent of dynamic training masks",Monte Carlo population risk; independent test samples and one independent mask per sample,1.0049400549038523,1.0051525815725406,0.5069611072540283,0.014784780330955982,4000,8.0,200.9258931236267,200.98722607421874,1.0052468144646893,-0.06133295059204102,0.6133295059204101,0.6103169021238752,200.93973847198487,200.96528125,1.0052803531594736,-0.02554277801513672,0.2554277801513672,0.2542009033228432,3.6742571741342547e-06,200.9258967978839,-0.061329276334866886,2.796159969875589e-05,fresh_dynamic_mask,original_fixed_evaluation_mask,0.044888049364089966,1.050431489944458,0.0041017378680408,0.9727138876914978,-1.3385504484176636,0.5396053194999695,0.5412002801895142,0.7300000190734863,0.7188000082969666,0.7215051054954529,0.6669497489929199,7,7,0.26999998092651367,0.28119999170303345
27,0,4000,0.7515985369682312,0.8669478282850884,-0.6694753766059875,0.6295799612998962,0.5799149870872498,35.48464584350586,43.52424240112305,1.0049275159835815,1.2945940494537354,gaussian,1.0,8.0,16000,linear,identity,dynamic,0,dynamic,2000,1.0,0.2,bounded_heterogenous,1.0,0.75,0.25,4000,0.0001,0.05,1024,dynamic_mask_mae_adam,jax,cuda:0,0.4.30,bool,jax_threefry,torch.float32,torch.bool,128000000,32000000,160000000,128000000,32000000,256000000,256000000,0.375,0.375,0.25,2.5,1.0,2.0,100,10000,6399735,6434767.375,16000,6400163,6438287.96875,16000,16000,1,1,402.16043467556983,"Monte Carlo mask-averaged training risk; one fixed evaluation mask per training sample, independent of dynamic training masks",Monte Carlo population risk; independent test samples and one independent mask per sample,1.0051821390686428,1.0058280001238775,0.4965589642524719,0.01399363111704588,4000,8.0,402.0562072982788,402.1729609375,1.0054740352530223,-0.1167536392211914,0.583768196105957,0.580614066888252,402.3414469223022,402.392998046875,1.005956874653036,-0.051551124572753904,0.2577556228637695,0.2562227713851506,3.934874758124352e-06,402.0562112331536,-0.11674970434643328,1.8474105672794394e-05,fresh_dynamic_mask,original_fixed_evaluation_mask,0.040200553834438324,1.0709983110427856,0.0037144264206290245,1.0052218437194824,-1.248268723487854,0.5489498972892761,0.5397607684135437,0.7099999785423279,0.7214000225067139,0.6684454083442688,0.6467989683151245,6,7,0.2900000214576721,0.27859997749328613
27,0,4000,0.7538250684738159,0.8682309994890852,-0.6924648880958557,0.6715719103813171,0.6110789179801941,36.64892578125,43.52424240112305,1.0049275159835815,1.2945940494537354,gaussian,1.0,8.0,16000,linear,identity,dynamic,0,dynamic,2000,1.0,0.3,bounded_heterogenous,1.0,0.75,0.25,4000,0.0001,0.05,1024,dynamic_mask_mae_adam,jax,cuda:0,0.4.30,bool,jax_threefry,torch.float32,torch.bool,128000000,32000000,160000000,128000000,32000000,256000000,256000000,0.375,0.375,0.25,2.5,1.0,2.0,100,10000,9603167,9657449.0625,16000,9600595,9657068.75,16000,16000,1,1,603.2406520133547,"Monte Carlo mask-averaged training risk; one fixed evaluation mask per training sample, independent of dynamic training masks",Monte Carlo population risk; independent test samples and one independent mask per sample,1.0053831423875095,1.0057687792025969,0.4990866780281067,0.01361804362386465,4000,8.0,603.4288884582521,603.59056640625,1.0056525167686867,-0.16167794799793045,0.5389264933264348,0.5357205927207787,603.4986695480347,603.566796875,1.005882317710517,-0.06812732696521562,0.22709108988405208,0.2257490879815638,4.197324439883232e-06,603.4288926555765,-0.16167375067349057,1.3907615539210383e-05,fresh_dynamic_mask,original_fixed_evaluation_mask,0.05127859488129616,1.0913095474243164,0.004418437369167805,1.0370359420776367,-1.2549641132354736,0.5434972643852234,0.5368643403053284,0.7200000286102295,0.7231000065803528,0.6967003345489502,0.6750366687774658,6,7,0.2799999713897705,0.2768999934196472
27,0,4000,0.7598088979721069,0.8716701772873194,-0.7222123742103577,0.7247580289840698,0.6509634852409363,38.072509765625,43.52424240112305,1.0049275159835815,1.2945940494537354,gaussian,1.0,8.0,16000,linear,identity,dynamic,0,dynamic,2000,1.0,0.4,bounded_heterogenous,1.0,0.75,0.25,4000,0.0001,0.05,1024,dynamic_mask_mae_adam,jax,cuda:0,0.4.30,bool,jax_threefry,torch.float32,torch.bool,128000000,32000000,160000000,128000000,32000000,256000000,256000000,0.375,0.375,0.25,2.5,1.0,2.0,100,10000,12804321,12880181.65625,16000,12804487,12874949.15625,16000,16000,1,1,804.3208693511397,"Monte Carlo mask-averaged training risk; one fixed evaluation mask per training sample, independent of dynamic training masks",Monte Carlo population risk; independent test samples and one independent mask per sample,1.0056842533578056,1.0053976810333045,0.49950477480888367,0.013119827955961227,4000,8.0,804.819000289917,805.011353515625,1.0059246137495303,-0.1923532257080078,0.4808830642700195,0.47788947290738903,804.6000960388184,804.684322265625,1.005502926923195,-0.08422622680664063,0.21056556701660156,0.20933979816950554,4.529737681150436e-06,804.8190048196547,-0.19234869597032667,1.1021005775546655e-05,fresh_dynamic_mask,original_fixed_evaluation_mask,0.032669100910425186,1.137505054473877,0.003915991168469191,1.0758856534957886,-1.2186154127120972,0.5416639447212219,0.5341509580612183,0.7200000286102295,0.7239000201225281,0.7075638771057129,0.6851969361305237,7,19,0.2799999713897705,0.2760999798774719
27,0,4000,0.7654783725738525,0.8749162088873725,-0.7520377039909363,0.780034601688385,0.6930608153343201,39.497711181640625,43.52424240112305,1.0049275159835815,1.2945940494537354,gaussian,1.0,8.0,16000,linear,identity,dynamic,0,dynamic,2000,1.0,0.5,bounded_heterogenous,1.0,0.75,0.25,4000,0.0001,0.05,1024,dynamic_mask_mae_adam,jax,cuda:0,0.4.30,bool,jax_threefry,torch.float32,torch.bool,128000000,32000000,160000000,128000000,32000000,256000000,256000000,0.375,0.375,0.25,2.5,1.0,2.0,100,10000,16001086,16098593.6875,16000,16005238,16086783.125,16000,16000,1,1,1005.4010866889246,"Monte Carlo mask-averaged training risk; one fixed evaluation mask per training sample, independent of dynamic training masks",Monte Carlo population risk; independent test samples and one independent mask per sample,1.005883742410393,1.0050009209366064,0.48392200469970703,0.01225189957767725,4000,8.0,1005.9520167694092,1006.16210546875,1.0060938168509312,-0.2100886993408203,0.4201773986816406,0.4176040783070434,1005.329933113098,1005.4239453125,1.005094902368837,-0.09401219940197189,0.18802439880394378,0.18701006643073725,4.8752162605524066e-06,1005.9520216446255,-0.21008382412455975,8.562567018088885e-06,fresh_dynamic_mask,original_fixed_evaluation_mask,0.03415773808956146,1.1669597625732422,0.003394513623788953,1.113578200340271,-1.1966183185577393,0.5413517951965332,0.5314549803733826,0.7099999785423279,0.7254999876022339,0.7122628688812256,0.7013124227523804,6,7,0.2900000214576721,0.2745000123977661
27,0,4000,0.7663191556930542,0.8753965705284972,-0.7872366309165955,0.8538241386413574,0.7436109185218811,41.323707580566406,43.52424240112305,1.0049275159835815,1.2945940494537354,gaussian,1.0,8.0,16000,linear,identity,dynamic,0,dynamic,2000,1.0,0.6,bounded_heterogenous,1.0,0.75,0.25,4000,0.0001,0.05,1024,dynamic_mask_mae_adam,jax,cuda:0,0.4.30,bool,jax_threefry,torch.float32,torch.bool,128000000,32000000,160000000,128000000,32000000,256000000,256000000,0.375,0.375,0.25,2.5,1.0,2.0,100,10000,19199828,19311436.625,16000,19203475,19297958.1875,16000,16000,1,1,1206.4813040267095,"Monte Carlo mask-averaged training risk; one fixed evaluation mask per training sample, independent of dynamic training masks",Monte Carlo population risk; independent test samples and one independent mask per sample,1.0056217183248903,1.0048450993448126,0.4690987765789032,0.011351808905601501,4000,8.0,1206.7352515563964,1206.9647890625,1.0058130012935533,-0.22953750610351562,0.382562510172526,0.3803549336045542,1206.0323590087892,1206.12238671875,1.0049201088605058,-0.0900277099609375,0.15004618326822916,0.1492845352217831,5.336400866508485e-06,1206.7352568927972,-0.2295321697026491,6.973879862925969e-06,fresh_dynamic_mask,original_fixed_evaluation_mask,0.038333144038915634,1.2030203342437744,0.004049426876008511,1.159989356994629,-1.206170678138733,0.5348890423774719,0.5280452966690063,0.7300000190734863,0.7297999858856201,0.7515817880630493,0.7416800856590271,7,7,0.26999998092651367,0.2702000141143799
27,0,4000,0.7669528126716614,0.875758421410643,-0.826698362827301,0.9407908320426941,0.8086249232292175,43.377201080322266,43.52424240112305,1.0049275159835815,1.2945940494537354,gaussian,1.0,8.0,16000,linear,identity,dynamic,0,dynamic,2000,1.0,0.7,bounded_heterogenous,1.0,0.75,0.25,4000,0.0001,0.05,1024,dynamic_mask_mae_adam,jax,cuda:0,0.4.30,bool,jax_threefry,torch.float32,torch.bool,128000000,32000000,160000000,128000000,32000000,256000000,256000000,0.375,0.375,0.25,2.5,1.0,2.0,100,10000,22399631,22527352.5,16000,22403878,22519995.8125,16000,16000,1,1,1407.5615213644944,"Monte Carlo mask-averaged training risk; one fixed evaluation mask per training sample, independent of dynamic training masks",Monte Carlo population risk; independent test samples and one independent mask per sample,1.0055474214990452,1.0051222611839092,0.4498722553253174,0.01037116814404726,4000,8.0,1407.743199661255,1407.95953125,1.0057019466079598,-0.21633158874511718,0.30904512677873885,0.3072980209211096,1407.4147821655274,1407.49973828125,1.0051829336197957,-0.08495611572265625,0.12136587960379465,0.12071919221301464,5.879942700266839e-06,1407.7432055411975,-0.21632570880241692,6.0494667195598595e-06,fresh_dynamic_mask,original_fixed_evaluation_mask,0.038379330188035965,1.2641152143478394,0.0030189580284059048,1.213483214378357,-1.1899667978286743,0.5283876657485962,0.5266308188438416,0.7400000095367432,0.7310000061988831,0.7913209795951843,0.7676746249198914,7,7,0.25999999046325684,0.26899999380111694
27,0,4000,0.7658718824386597,0.8751410643082975,-0.8702754974365234,1.0440586805343628,0.8822246193885803,45.695926666259766,43.52424240112305,1.0049275159835815,1.2945940494537354,gaussian,1.0,8.0,16000,linear,identity,dynamic,0,dynamic,2000,1.0,0.8,bounded_heterogenous,1.0,0.75,0.25,4000,0.0001,0.05,1024,dynamic_mask_mae_adam,jax,cuda:0,0.4.30,bool,jax_threefry,torch.float32,torch.bool,128000000,32000000,160000000,128000000,32000000,256000000,256000000,0.375,0.375,0.25,2.5,1.0,2.0,100,10000,25600964,25753367.75,16000,25602672,25736511.5,16000,16000,1,1,1608.6417387022793,"Monte Carlo mask-averaged training risk; one fixed evaluation mask per training sample, independent of dynamic training masks",Monte Carlo population risk; independent test samples and one independent mask per sample,1.0058470721872157,1.0051850096425985,0.4506174623966217,0.009861217811703682,4000,8.0,1609.4159177856443,1609.585484375,1.005953047314937,-0.16956658935570157,0.21195823669462696,0.2106959723504609,1608.4638813247677,1608.53196875,1.0052275598421914,-0.06808742523216642,0.08510928154020801,0.08465784523403741,6.525366753339768e-06,1609.415924311011,-0.16956006398894824,5.162754860066343e-06,fresh_dynamic_mask,original_fixed_evaluation_mask,0.058912426233291626,1.308486819267273,0.004735360853374004,1.2733675241470337,-1.1340762376785278,0.5313038229942322,0.5249417424201965,0.7400000095367432,0.7317000031471252,0.7751551866531372,0.7712160348892212,7,7,0.25999999046325684,0.26829999685287476
27,0,4000,0.7589420080184937,0.8711727773630749,0.9176896810531616,1.171522617340088,0.97276371717453,48.40501403808594,43.52424240112305,1.0049275159835815,1.2945940494537354,gaussian,1.0,8.0,16000,linear,identity,dynamic,0,dynamic,2000,1.0,0.9,bounded_heterogenous,1.0,0.75,0.25,4000,0.0001,0.05,1024,dynamic_mask_mae_adam,jax,cuda:0,0.4.30,bool,jax_threefry,torch.float32,torch.bool,128000000,32000000,160000000,128000000,32000000,256000000,256000000,0.375,0.375,0.25,2.5,1.0,2.0,100,10000,28801277,28970281.875,16000,28801520,28953686.875,16000,16000,1,1,1809.7219560400642,"Monte Carlo mask-averaged training risk; one fixed evaluation mask per training sample, independent of dynamic training masks",Monte Carlo population risk; independent test samples and one independent mask per sample,1.0058060290487578,1.005262647818889,0.45193108916282654,0.00933645199984312,4000,8.0,1810.5311281814575,1810.6426171875,1.0058679646392068,-0.11148900604248047,0.12387667338053385,0.12314854956385624,1809.5682660255432,1809.6054296875,1.0052832932081361,-0.03716366195678711,0.041292957729763456,0.04107377370465848,7.32201635837555e-06,1810.5311355034737,-0.11148168402612209,4.1579228309274185e-06,fresh_dynamic_mask,original_fixed_evaluation_mask,-0.05004581809043884,1.3806811571121216,-0.0038035057950764894,1.3412686586380005,1.0794577598571777,0.5304461121559143,0.524482786655426,0.7599999904632568,0.7332000136375427,0.7800446152687073,0.7739310264587402,6,7,0.24000000953674316,0.2667999863624573
27,0,4000,0.755432665348053,0.8691562951207642,0.9468549489974976,1.2529642581939697,1.0258195400238037,50.05924606323242,43.52424240112305,1.0049275159835815,1.2945940494537354,gaussian,1.0,8.0,16000,linear,identity,dynamic,0,dynamic,2000,1.0,0.95,bounded_heterogenous,1.0,0.75,0.25,4000,0.0001,0.05,1024,dynamic_mask_mae_adam,jax,cuda:0,0.4.30,bool,jax_threefry,torch.float32,torch.bool,128000000,32000000,160000000,128000000,32000000,256000000,256000000,0.375,0.375,0.25,2.5,1.0,2.0,100,10000,30402442,30581359.75,16000,30402429,30561669.0,16000,16000,1,1,1910.2620647089566,"Monte Carlo mask-averaged training risk; one fixed evaluation mask per training sample, independent of dynamic training masks",Monte Carlo population risk; independent test samples and one independent mask per sample,1.0058559094211315,1.0052245355657023,0.427389919757843,0.00853768177330494,4000,8.0,1911.2797466583252,1911.334984375,1.0058849795684175,-0.05523771667480469,0.058144964920847045,0.057800141918029624,1910.0792232246401,1910.1043125,1.0052377393924676,-0.02508927535987459,0.026409763536710096,0.026270057813748693,7.831026613712312e-06,1911.2797544893517,-0.05522988564819098,3.1551353458780795e-06,fresh_dynamic_mask,original_fixed_evaluation_mask,-0.053131841123104095,1.4112131595611572,-0.0016631061444059014,1.377516746520996,1.0709447860717773,0.5263540744781494,0.5239083170890808,0.7400000095367432,0.7336000204086304,0.8006314039230347,0.7894479036331177,6,7,0.25999999046325684,0.26639997959136963
28,0,4000,0.7364646196365356,0.8581751683872796,0.652910053730011,0.5802746415138245,0.5294276475906372,34.066837310791016,44.66584777832031,0.9966944456100464,1.275508165359497,gaussian,1.0,8.0,16000,linear,identity,dynamic,0,dynamic,2000,1.0,0.05,bounded_heterogenous,1.0,0.75,0.25,4000,0.0001,0.05,1024,dynamic_mask_mae_adam,jax,cuda:0,0.4.30,bool,jax_threefry,torch.float32,torch.bool,128000000,32000000,160000000,128000000,32000000,256000000,256000000,0.375,0.375,0.25,2.5,1.0,2.0,100,10000,1599861,1595832.26953125,16000,1599340,1597222.11328125,16000,16000,1,1,99.71932198770867,"Monte Carlo mask-averaged training risk; one fixed evaluation mask per training sample, independent of dynamic training masks",Monte Carlo population risk; independent test samples and one independent mask per sample,0.9971970241764119,0.9985568293899993,0.5072264075279236,0.014889154583215714,4000,8.0,99.71103926849365,99.73951684570312,0.9974818246905512,-0.028477577209472655,0.5695515441894531,0.5710390046009817,99.8144924697876,99.82638208007812,0.9986757745577863,-0.011889610290527344,0.23779220581054686,0.23820577372002383,3.626716509461403e-06,99.71104289521016,-0.028473950492963192,4.28086677857209e-05,fresh_dynamic_mask,original_fixed_evaluation_mask,0.048075318336486816,0.9378631114959717,0.006458059884607792,0.9843204021453857,1.7037187814712524,0.5078656077384949,0.5174832940101624,0.75,0.7378000020980835,0.8923165798187256,0.9120951294898987,7,7,0.25,0.2621999979019165
28,0,4000,0.7608046531677246,0.8722411668613931,0.6751231551170349,0.6005810499191284,0.5442839860916138,34.65778732299805,44.66584777832031,0.9966944456100464,1.275508165359497,gaussian,1.0,8.0,16000,linear,identity,dynamic,0,dynamic,2000,1.0,0.1,bounded_heterogenous,1.0,0.75,0.25,4000,0.0001,0.05,1024,dynamic_mask_mae_adam,jax,cuda:0,0.4.30,bool,jax_threefry,torch.float32,torch.bool,128000000,32000000,160000000,128000000,32000000,256000000,256000000,0.375,0.375,0.25,2.5,1.0,2.0,100,10000,3198753,3190978.953125,16000,3199687,3189849.4375,16000,16000,1,1,199.43864397541734,"Monte Carlo mask-averaged training risk; one fixed evaluation mask per training sample, independent of dynamic training masks",Monte Carlo population risk; independent test samples and one independent mask per sample,0.997271944570812,0.9967799136024227,0.49597159028053284,0.014310539700090885,4000,8.0,199.37666403198241,199.4361845703125,0.9975696632797219,-0.05952053833007812,0.5952053833007812,0.5968880567819301,199.33648321342469,199.36558984375,0.9969254609904031,-0.029106630325317382,0.2910663032531738,0.29199251834910456,3.7536315619945526e-06,199.376667785614,-0.05951678469851613,2.8228618248249404e-05,fresh_dynamic_mask,original_fixed_evaluation_mask,0.04371445253491402,0.961188018321991,0.010167693719267845,1.0070233345031738,1.6796163320541382,0.5068215131759644,0.5133991241455078,0.7400000095367432,0.743399977684021,0.9026117920875549,0.9287097454071045,7,7,0.25999999046325684,0.256600022315979
28,0,4000,0.7735081911087036,0.8794931444353069,0.7010824084281921,0.6370185017585754,0.5697792172431946,35.69365310668945,44.66584777832031,0.9966944456100464,1.275508165359497,gaussian,1.0,8.0,16000,linear,identity,dynamic,0,dynamic,2000,1.0,0.2,bounded_heterogenous,1.0,0.75,0.25,4000,0.0001,0.05,1024,dynamic_mask_mae_adam,jax,cuda:0,0.4.30,bool,jax_threefry,torch.float32,torch.bool,128000000,32000000,160000000,128000000,32000000,256000000,256000000,0.375,0.375,0.25,2.5,1.0,2.0,100,10000,6397842,6381662.046875,16000,6398854,6374407.125,16000,16000,1,1,398.87728795083467,"Monte Carlo mask-averaged training risk; one fixed evaluation mask per training sample, independent of dynamic training masks",Monte Carlo population risk; independent test samples and one independent mask per sample,0.9971772029236761,0.996025784405457,0.49512290954589844,0.013871455565094948,4000,8.0,398.7363868942261,398.8538779296875,0.9974710295870076,-0.11749103546142578,0.5874551773071288,0.5891432525177986,398.33897341537477,398.4004453125,0.9961794916714775,-0.06147189712524414,0.3073594856262207,0.3085935161393216,3.981365635991096e-06,398.7363908755917,-0.11748705409578979,1.8086047930410132e-05,fresh_dynamic_mask,original_fixed_evaluation_mask,0.037645403295755386,1.007568597793579,0.010145988315343857,1.0356614589691162,1.676101565361023,0.4934462308883667,0.5094135403633118,0.7300000190734863,0.7486000061035156,0.9750797152519226,0.9616243243217468,7,7,0.26999998092651367,0.2513999938964844
28,0,4000,0.7806843519210815,0.8835634396697736,0.733864963054657,0.6915692687034607,0.6058509945869446,37.19057083129883,44.66584777832031,0.9966944456100464,1.275508165359497,gaussian,1.0,8.0,16000,linear,identity,dynamic,0,dynamic,2000,1.0,0.3,bounded_heterogenous,1.0,0.75,0.25,4000,0.0001,0.05,1024,dynamic_mask_mae_adam,jax,cuda:0,0.4.30,bool,jax_threefry,torch.float32,torch.bool,128000000,32000000,160000000,128000000,32000000,256000000,256000000,0.375,0.375,0.25,2.5,1.0,2.0,100,10000,9601278,9575426.9375,16000,9598829,9565711.03125,16000,16000,1,1,598.3159319262519,"Monte Carlo mask-averaged training risk; one fixed evaluation mask per training sample, independent of dynamic training masks",Monte Carlo population risk; independent test samples and one independent mask per sample,0.9970311221351453,0.9964024371869955,0.49991050362586975,0.013441861607134342,4000,8.0,598.2983111419678,598.46418359375,0.9973075394233976,-0.16587245178222657,0.5529081726074219,0.554327080314776,597.7685381088257,597.856939453125,0.9965497907348907,-0.08840134429931641,0.29467114766438807,0.29572741726524576,4.3223079293966295e-06,598.2983154642758,-0.16586812947429716,1.3338485587155446e-05,fresh_dynamic_mask,original_fixed_evaluation_mask,0.042069386690855026,1.0611900091171265,0.011803440749645233,1.0758962631225586,1.5653209686279297,0.49701035022735596,0.5051567554473877,0.7400000095367432,0.7519000172615051,0.9531238079071045,0.9409754872322083,7,7,0.25999999046325684,0.24809998273849487
28,0,4000,0.7846335768699646,0.8857954486618028,0.7670801281929016,0.7517845630645752,0.6496942043304443,38.77587890625,44.66584777832031,0.9966944456100464,1.275508165359497,gaussian,1.0,8.0,16000,linear,identity,dynamic,0,dynamic,2000,1.0,0.4,bounded_heterogenous,1.0,0.75,0.25,4000,0.0001,0.05,1024,dynamic_mask_mae_adam,jax,cuda:0,0.4.30,bool,jax_threefry,torch.float32,torch.bool,128000000,32000000,160000000,128000000,32000000,256000000,256000000,0.375,0.375,0.25,2.5,1.0,2.0,100,10000,12797885,12757183.9375,16000,12800539,12758963.0625,16000,16000,1,1,797.7545759016693,"Monte Carlo mask-averaged training risk; one fixed evaluation mask per training sample, independent of dynamic training masks",Monte Carlo population risk; independent test samples and one independent mask per sample,0.9965576087460875,0.99661687176859,0.48206332325935364,0.012432039715349674,4000,8.0,797.1143545379639,797.32399609375,0.9968197039979653,-0.2096415557861328,0.5241038894653319,0.5258629034450291,797.3270709457397,797.43519140625,0.9967520166533612,-0.10812046051025391,0.27030115127563475,0.27117052689784593,4.698653519153596e-06,797.1143592366174,-0.20963685713261365,1.0682427273422945e-05,fresh_dynamic_mask,original_fixed_evaluation_mask,0.050089024007320404,1.099364161491394,0.011173994280397892,1.1197642087936401,1.440405249595642,0.5091739892959595,0.5034900903701782,0.7200000286102295,0.7534999847412109,0.8838071227073669,0.9046075940132141,7,7,0.2799999713897705,0.24650001525878906
28,0,4000,0.7854997515678406,0.8862842385870576,0.8015547394752502,0.8199721574783325,0.6995440721511841,40.4962272644043,44.66584777832031,0.9966944456100464,1.275508165359497,gaussian,1.0,8.0,16000,linear,identity,dynamic,0,dynamic,2000,1.0,0.5,bounded_heterogenous,1.0,0.75,0.25,4000,0.0001,0.05,1024,dynamic_mask_mae_adam,jax,cuda:0,0.4.30,bool,jax_threefry,torch.float32,torch.bool,128000000,32000000,160000000,128000000,32000000,256000000,256000000,0.375,0.375,0.25,2.5,1.0,2.0,100,10000,15997987,15951175.875,16000,15999746,15954654.0,16000,16000,1,1,997.1932198770866,"Monte Carlo mask-averaged training risk; one fixed evaluation mask per training sample, independent of dynamic training masks",Monte Carlo population risk; independent test samples and one independent mask per sample,0.996842260187563,0.9970650155790584,0.48284482955932617,0.01192320603877306,4000,8.0,996.7168449707032,996.9484921875,0.9970739365521425,-0.231647216796875,0.46329443359375,0.46471250744084536,997.0491871719361,997.165875,0.997181705259571,-0.11668782806396484,0.23337565612792968,0.23403895177209755,5.124825984239578e-06,996.7168500955291,-0.23164209197089075,8.646542482892983e-06,fresh_dynamic_mask,original_fixed_evaluation_mask,0.060309037566185,1.1406478881835938,0.012636764906346798,1.1654413938522339,1.4341447353363037,0.50298672914505,0.5015426874160767,0.7200000286102295,0.7516000270843506,0.9244735240936279,0.9411501884460449,7,7,0.2799999713897705,0.24839997291564941
28,0,4000,0.7880793213844299,0.8877383180782668,0.8370338082313538,0.8912404179573059,0.7477586269378662,42.21943664550781,44.66584777832031,0.9966944456100464,1.275508165359497,gaussian,1.0,8.0,16000,linear,identity,dynamic,0,dynamic,2000,1.0,0.6,bounded_heterogenous,1.0,0.75,0.25,4000,0.0001,0.05,1024,dynamic_mask_mae_adam,jax,cuda:0,0.4.30,bool,jax_threefry,torch.float32,torch.bool,128000000,32000000,160000000,128000000,32000000,256000000,256000000,0.375,0.375,0.25,2.5,1.0,2.0,100,10000,19197743,19142371.875,16000,19200554,19146016.0,16000,16000,1,1,1196.6318638525038,"Monte Carlo mask-averaged training risk; one fixed evaluation mask per training sample, independent of dynamic training masks",Monte Carlo population risk; independent test samples and one independent mask per sample,0.9969160075823675,0.9970591102907801,0.48577678203582764,0.01150599867105484,4000,8.0,1196.1585816345214,1196.3982421875,0.9971157481897742,-0.23966055297851563,0.3994342549641927,0.4006367520907883,1196.50545552063,1196.626,0.9971595611251634,-0.12054447937011718,0.20090746561686199,0.20147394318703604,5.570252612233162e-06,1196.158587204774,-0.23965498272590338,7.266804914252134e-06,fresh_dynamic_mask,original_fixed_evaluation_mask,0.06313431262969971,1.178926706314087,0.013763188384473324,1.2112629413604736,1.4295101165771484,0.49779242277145386,0.49956634640693665,0.7200000286102295,0.7526999711990356,0.9612057209014893,0.9791247844696045,7,7,0.2799999713897705,0.24730002880096436
28,0,4000,0.7850314974784851,0.886020032210607,0.8804620504379272,0.9899494051933289,0.8148120045661926,44.496055603027344,44.66584777832031,0.9966944456100464,1.275508165359497,gaussian,1.0,8.0,16000,linear,identity,dynamic,0,dynamic,2000,1.0,0.7,bounded_heterogenous,1.0,0.75,0.25,4000,0.0001,0.05,1024,dynamic_mask_mae_adam,jax,cuda:0,0.4.30,bool,jax_threefry,torch.float32,torch.bool,128000000,32000000,160000000,128000000,32000000,256000000,256000000,0.375,0.375,0.25,2.5,1.0,2.0,100,10000,22397943,22328608.0,16000,22401668,22342380.25,16000,16000,1,1,1396.0705078279211,"Monte Carlo mask-averaged training risk; one fixed evaluation mask per training sample, independent of dynamic training masks",Monte Carlo population risk; independent test samples and one independent mask per sample,0.9967394330944043,0.9972754031077218,0.46776726841926575,0.010512555949389935,4000,8.0,1395.3070630187988,1395.538,0.9969044032302431,-0.23093698120117187,0.32990997314453124,0.3309648052596259,1396.2895303115845,1396.398765625,0.99735342252193,-0.10923531341552735,0.15605044773646765,0.15645289311994048,6.1871837824583055e-06,1395.3070692059825,-0.23093079401738942,6.155473784019705e-06,fresh_dynamic_mask,original_fixed_evaluation_mask,0.07820866256952286,1.2305817604064941,0.014447598718106747,1.2704025506973267,1.3408843278884888,0.5013858675956726,0.4982598125934601,0.7099999785423279,0.7541000247001648,0.9359973073005676,0.9655901193618774,7,7,0.2900000214576721,0.2458999752998352
28,0,4000,0.7812069654464722,0.8838591321282324,0.9247727990150452,1.0974452495574951,0.8865688443183899,46.84965896606445,44.66584777832031,0.9966944456100464,1.275508165359497,gaussian,1.0,8.0,16000,linear,identity,dynamic,0,dynamic,2000,1.0,0.8,bounded_heterogenous,1.0,0.75,0.25,4000,0.0001,0.05,1024,dynamic_mask_mae_adam,jax,cuda:0,0.4.30,bool,jax_threefry,torch.float32,torch.bool,128000000,32000000,160000000,128000000,32000000,256000000,256000000,0.375,0.375,0.25,2.5,1.0,2.0,100,10000,25599916,25524242.25,16000,25602417,25541344.375,16000,16000,1,1,1595.5091518033387,"Monte Carlo mask-averaged training risk; one fixed evaluation mask per training sample, independent of dynamic training masks",Monte Carlo population risk; independent test samples and one independent mask per sample,0.9969186202030959,0.9975605882192106,0.45524168014526367,0.009717075154185295,4000,8.0,1595.0645585021973,1595.265140625,0.9970439844411989,-0.20058212280273438,0.25072765350341797,0.2514718308508357,1596.2476351470948,1596.3340234375,0.9976145758035266,-0.08638829040527343,0.10798536300659178,0.10823335108689491,6.859032809734345e-06,1595.06456536123,-0.20057526376992466,5.279100605548592e-06,fresh_dynamic_mask,original_fixed_evaluation_mask,0.09352471679449081,1.2779712677001953,0.014953634701669216,1.328927755355835,1.3512852191925049,0.4913826286792755,0.4967278838157654,0.7300000190734863,0.7567999958992004,0.9998476505279541,1.0212979316711426,7,7,0.26999998092651367,0.24320000410079956
28,0,4000,0.7723330855369568,0.8788248321121547,0.9824733734130859,1.2528982162475586,0.9893653988838196,50.05793380737305,44.66584777832031,0.9966944456100464,1.275508165359497,gaussian,1.0,8.0,16000,linear,identity,dynamic,0,dynamic,2000,1.0,0.9,bounded_heterogenous,1.0,0.75,0.25,4000,0.0001,0.05,1024,dynamic_mask_mae_adam,jax,cuda:0,0.4.30,bool,jax_threefry,torch.float32,torch.bool,128000000,32000000,160000000,128000000,32000000,256000000,256000000,0.375,0.375,0.25,2.5,1.0,2.0,100,10000,28800834,28717752.125,16000,28801256,28730447.0,16000,16000,1,1,1794.9477957787558,"Monte Carlo mask-averaged training risk; one fixed evaluation mask per training sample, independent of dynamic training masks",Monte Carlo population risk; independent test samples and one independent mask per sample,0.9970435277684391,0.9975123690927824,0.4489346444606781,0.008968302048742771,4000,8.0,1794.7303208770752,1794.8595078125,0.9971152962098251,-0.1291869354248047,0.1435410393608941,0.14395214206186502,1795.6005690879822,1795.6529375,0.9975414613862673,-0.05236841201782227,0.05818712446424696,0.0583279885819632,7.830613851547241e-06,1794.730328707689,-0.12917910481095315,4.260714831616497e-06,fresh_dynamic_mask,original_fixed_evaluation_mask,0.08370978385210037,1.354033350944519,0.014408941380679607,1.4073467254638672,1.2686799764633179,0.49265992641448975,0.4945310056209564,0.7300000190734863,0.7585999965667725,0.9915348887443542,1.0197641849517822,7,7,0.26999998092651367,0.24140000343322754
28,0,4000,0.7671919465065002,0.8758949403361685,1.0123560428619385,1.3391873836517334,1.0443296432495117,51.75301742553711,44.66584777832031,0.9966944456100464,1.275508165359497,gaussian,1.0,8.0,16000,linear,identity,dynamic,0,dynamic,2000,1.0,0.95,bounded_heterogenous,1.0,0.75,0.25,4000,0.0001,0.05,1024,dynamic_mask_mae_adam,jax,cuda:0,0.4.30,bool,jax_threefry,torch.float32,torch.bool,128000000,32000000,160000000,128000000,32000000,256000000,256000000,0.375,0.375,0.25,2.5,1.0,2.0,100,10000,30399022,30308234.625,16000,30400797,30328857.625,16000,16000,1,1,1894.6671177664643,"Monte Carlo mask-averaged training risk; one fixed evaluation mask per training sample, independent of dynamic training masks",Monte Carlo population risk; independent test samples and one independent mask per sample,0.9969734352506986,0.9976153211076665,0.4449445903301239,0.008597461506724358,4000,8.0,1894.1885869750977,1894.2646640625,0.9970134771112045,-0.07607708740234374,0.08008114463404604,0.0803236093094295,1895.5188038177491,1895.5536015625,0.9976336352300237,-0.034797744750976564,0.03662920500102797,0.03671512609537686,8.369921147823335e-06,1894.188595345019,-0.07606871748119592,3.129760443698615e-06,fresh_dynamic_mask,original_fixed_evaluation_mask,0.09785318374633789,1.401829481124878,0.014577874913811684,1.4474570751190186,1.2356780767440796,0.4893032908439636,0.49363598227500916,0.7300000190734863,0.7591999769210815,1.0087857246398926,1.0234462022781372,7,7,0.26999998092651367,0.24080002307891846
29,0,4000,0.7608017921447754,0.872239526818623,-0.6702070236206055,0.5931544899940491,0.546938419342041,34.44283676147461,44.61741256713867,0.9847812652587891,1.2480051517486572,gaussian,1.0,8.0,16000,linear,identity,dynamic,0,dynamic,2000,1.0,0.05,bounded_heterogenous,1.0,0.75,0.25,4000,0.0001,0.05,1024,dynamic_mask_mae_adam,jax,cuda:0,0.4.30,bool,jax_threefry,torch.float32,torch.bool,128000000,32000000,160000000,128000000,32000000,256000000,256000000,0.375,0.375,0.25,2.5,1.0,2.0,100,10000,1599938,1578278.3515625,16000,1600743,1577798.1171875,16000,16000,1,1,98.5279017844959,"Monte Carlo mask-averaged training risk; one fixed evaluation mask per training sample, independent of dynamic training masks",Monte Carlo population risk; independent test samples and one independent mask per sample,0.9861772312439314,0.9855229805478904,0.497024804353714,0.014430425129830837,4000,8.0,98.61390168762208,98.64239697265624,0.986462195136624,-0.02849528503417969,0.5699057006835937,0.5777492418819197,98.59806327819824,98.61238232421876,0.9856661045448895,-0.014319046020507813,0.2863809204101562,0.29041071076507663,3.707215562462807e-06,98.61390539483764,-0.028491577818617227,4.499256465351209e-05,fresh_dynamic_mask,original_fixed_evaluation_mask,-0.09606862813234329,1.0856409072875977,0.016524791717529297,0.9972979426383972,-2.7376582622528076,0.3766511082649231,0.5756586194038391,0.7599999904632568,0.737500011920929,1.9764580726623535,1.4486545324325562,9,9,0.24000000953674316,0.26249998807907104
29,0,4000,0.7770107388496399,0.8814821262224436,-0.6836389303207397,0.6042934656143188,0.5513790845870972,34.76473617553711,44.61741256713867,0.9847812652587891,1.2480051517486572,gaussian,1.0,8.0,16000,linear,identity,dynamic,0,dynamic,2000,1.0,0.1,bounded_heterogenous,1.0,0.75,0.25,4000,0.0001,0.05,1024,dynamic_mask_mae_adam,jax,cuda:0,0.4.30,bool,jax_threefry,torch.float32,torch.bool,128000000,32000000,160000000,128000000,32000000,256000000,256000000,0.375,0.375,0.25,2.5,1.0,2.0,100,10000,3200078,3156694.3828125,16000,3201786,3155849.6484375,16000,16000,1,1,197.0558035689918,"Monte Carlo mask-averaged training risk; one fixed evaluation mask per training sample, independent of dynamic training masks",Monte Carlo population risk; independent test samples and one independent mask per sample,0.9861236814740947,0.9854828629667063,0.48751935362815857,0.014023386873304844,4000,8.0,197.22954364776612,197.29339892578125,0.986442950081998,-0.06385527801513671,0.6385527801513671,0.6473128686799168,197.20657711791992,197.24060302734375,0.9856528976132384,-0.034025909423828125,0.3402590942382812,0.3450193205818408,3.776834160089493e-06,197.22954742460027,-0.06385150118097663,2.968095213873312e-05,fresh_dynamic_mask,original_fixed_evaluation_mask,-0.08190140128135681,1.1332905292510986,0.017117692157626152,1.0090864896774292,-2.7708444595336914,0.3614746332168579,0.5735559463500977,0.7900000214576721,0.7379000186920166,2.122293710708618,1.4957748651504517,9,9,0.20999997854232788,0.2620999813079834
29,0,4000,0.7818185687065125,0.8842050490166364,-0.7095794081687927,0.6470195055007935,0.5846961736679077,35.97275161743164,44.61741256713867,0.9847812652587891,1.2480051517486572,gaussian,1.0,8.0,16000,linear,identity,dynamic,0,dynamic,2000,1.0,0.2,bounded_heterogenous,1.0,0.75,0.25,4000,0.0001,0.05,1024,dynamic_mask_mae_adam,jax,cuda:0,0.4.30,bool,jax_threefry,torch.float32,torch.bool,128000000,32000000,160000000,128000000,32000000,256000000,256000000,0.375,0.375,0.25,2.5,1.0,2.0,100,10000,6399491,6312166.875,16000,6401553,6312634.09375,16000,16000,1,1,394.1116071379836,"Monte Carlo mask-averaged training risk; one fixed evaluation mask per training sample, independent of dynamic training masks",Monte Carlo population risk; independent test samples and one independent mask per sample,0.986034238444767,0.9859532595177583,0.4851014018058777,0.013485243543982506,4000,8.0,394.3823271636963,394.5104296875,0.9863545202266868,-0.12810252380371093,0.6405126190185546,0.6494252834086112,394.4770028953552,394.539630859375,0.9861097914443573,-0.06262796401977538,0.3131398200988769,0.3174736281035262,4.0438719093799595e-06,394.3823312075682,-0.12809847993180154,1.9113169400952756e-05,fresh_dynamic_mask,original_fixed_evaluation_mask,-0.09842730313539505,1.1634440422058105,0.018228644505143166,1.045000433921814,-2.982340097427368,0.34202560782432556,0.593795657157898,0.8199999928474426,0.739300012588501,2.3837223052978516,1.6738440990447998,9,9,0.18000000715255737,0.260699987411499
29,0,4000,0.7820528149604797,0.8843375005960562,-0.7368937730789185,0.6975817680358887,0.6205664873123169,37.35188674926758,44.61741256713867,0.9847812652587891,1.2480051517486572,gaussian,1.0,8.0,16000,linear,identity,dynamic,0,dynamic,2000,1.0,0.3,bounded_heterogenous,1.0,0.75,0.25,4000,0.0001,0.05,1024,dynamic_mask_mae_adam,jax,cuda:0,0.4.30,bool,jax_threefry,torch.float32,torch.bool,128000000,32000000,160000000,128000000,32000000,256000000,256000000,0.375,0.375,0.25,2.5,1.0,2.0,100,10000,9597406,9460307.8125,16000,9603926,9465832.21875,16000,16000,1,1,591.1674107069754,"Monte Carlo mask-averaged training risk; one fixed evaluation mask per training sample, independent of dynamic training masks",Monte Carlo population risk; independent test samples and one independent mask per sample,0.9854050712466359,0.9854796661498649,0.4856690764427185,0.013002531602978706,4000,8.0,591.0832839508057,591.26923828125,0.9857150788973604,-0.18595433044433593,0.6198477681477864,0.629000524312362,591.5296117630005,591.614513671875,0.9856211114860735,-0.08490190887451173,0.2830063629150391,0.2870176674589775,4.359886050224304e-06,591.0832883106917,-0.18594997055828572,1.3381943972490262e-05,fresh_dynamic_mask,original_fixed_evaluation_mask,-0.095858134329319,1.1965208053588867,0.01875322498381138,1.080706000328064,-2.9233298301696777,0.3402538597583771,0.5921114683151245,0.8100000023841858,0.741599977016449,2.4092307090759277,1.706887125968933,9,9,0.1899999976158142,0.258400022983551
29,0,4000,0.7887744307518005,0.8881297375675473,-0.7721105813980103,0.7593247294425964,0.6647235155105591,38.969852447509766,44.61741256713867,0.9847812652587891,1.2480051517486572,gaussian,1.0,8.0,16000,linear,identity,dynamic,0,dynamic,2000,1.0,0.4,bounded_heterogenous,1.0,0.75,0.25,4000,0.0001,0.05,1024,dynamic_mask_mae_adam,jax,cuda:0,0.4.30,bool,jax_threefry,torch.float32,torch.bool,128000000,32000000,160000000,128000000,32000000,256000000,256000000,0.375,0.375,0.25,2.5,1.0,2.0,100,10000,12799538,12614007.0,16000,12799959,12612890.375,16000,16000,1,1,788.2232142759672,"Monte Carlo mask-averaged training risk; one fixed evaluation mask per training sample, independent of dynamic training masks",Monte Carlo population risk; independent test samples and one independent mask per sample,0.9852199686809191,0.9852604095877103,0.4682345688343048,0.012015302665531635,4000,8.0,788.1475267181396,788.3754375,0.9855048674413092,-0.22791078186035157,0.5697769546508789,0.5781782917617662,788.2058029403687,788.3056484375,0.9853852168588978,-0.09984549713134766,0.24961374282836915,0.25331671117467813,4.745779559016228e-06,788.1475314639191,-0.22790603608079255,1.0340315384382848e-05,fresh_dynamic_mask,original_fixed_evaluation_mask,-0.08837281167507172,1.2550830841064453,0.018245089799165726,1.123704433441162,-2.922440767288208,0.3374980688095093,0.5955488085746765,0.8500000238418579,0.7416999936103821,2.5181996822357178,1.7865495681762695,9,10,0.1499999761581421,0.2583000063896179
29,0,4000,0.7901540398597717,0.8889060916991016,-0.8059141635894775,0.8258234262466431,0.714601993560791,40.64046096801758,44.61741256713867,0.9847812652587891,1.2480051517486572,gaussian,1.0,8.0,16000,linear,identity,dynamic,0,dynamic,2000,1.0,0.5,bounded_heterogenous,1.0,0.75,0.25,4000,0.0001,0.05,1024,dynamic_mask_mae_adam,jax,cuda:0,0.4.30,bool,jax_threefry,torch.float32,torch.bool,128000000,32000000,160000000,128000000,32000000,256000000,256000000,0.375,0.375,0.25,2.5,1.0,2.0,100,10000,15996319,15762347.0,16000,15998225,15763107.3125,16000,16000,1,1,985.279017844959,"Monte Carlo mask-averaged training risk; one fixed evaluation mask per training sample, independent of dynamic training masks",Monte Carlo population risk; independent test samples and one independent mask per sample,0.9851205412110162,0.9851893817578298,0.4633728265762329,0.011401761323213577,4000,8.0,984.8939019165039,985.1466875,0.9853733849643783,-0.25278558349609376,0.5055711669921875,0.5131937947993048,985.080087310791,985.19420703125,0.9853035141398498,-0.11411972045898437,0.22823944091796874,0.23166949144548532,5.161396414041519e-06,984.8939070779003,-0.2527804220996797,8.46155671752058e-06,fresh_dynamic_mask,original_fixed_evaluation_mask,-0.09689415991306305,1.2949481010437012,0.01875397004187107,1.1697782278060913,-2.881089925765991,0.3329133689403534,0.5978664755821228,0.8299999833106995,0.7432000041007996,2.568704128265381,1.8424454927444458,9,16,0.17000001668930054,0.25679999589920044
29,0,4000,0.7886324524879456,0.8880498029322148,-0.8426547646522522,0.9045781493186951,0.7747616767883301,42.534175872802734,44.61741256713867,0.9847812652587891,1.2480051517486572,gaussian,1.0,8.0,16000,linear,identity,dynamic,0,dynamic,2000,1.0,0.6,bounded_heterogenous,1.0,0.75,0.25,4000,0.0001,0.05,1024,dynamic_mask_mae_adam,jax,cuda:0,0.4.30,bool,jax_threefry,torch.float32,torch.bool,128000000,32000000,160000000,128000000,32000000,256000000,256000000,0.375,0.375,0.25,2.5,1.0,2.0,100,10000,19194619,18911801.5625,16000,19203058,18917487.4375,16000,16000,1,1,1182.3348214139507,"Monte Carlo mask-averaged training risk; one fixed evaluation mask per training sample, independent of dynamic training masks",Monte Carlo population risk; independent test samples and one independent mask per sample,0.9850505670914691,0.985031060606235,0.46053123474121094,0.010827322490513325,4000,8.0,1181.729395690918,1181.98759765625,0.9852657957159764,-0.25820196533203127,0.4303366088867188,0.4368945424537696,1182.2255367889404,1182.34296484375,0.9851289017353382,-0.11742805480957032,0.1957134246826172,0.1986361966048733,5.653613433241844e-06,1181.7294013445314,-0.258196311718598,7.076332167343935e-06,fresh_dynamic_mask,original_fixed_evaluation_mask,-0.11164746433496475,1.3494527339935303,0.02116798609495163,1.22110116481781,-2.6880130767822266,0.3363381326198578,0.5897347927093506,0.8100000023841858,0.7444999814033508,2.500181198120117,1.7971398830413818,9,9,0.1899999976158142,0.25550001859664917
29,0,4000,0.7901606559753418,0.888909813184297,-0.8885582685470581,1.0038707256317139,0.8434286117553711,44.80782699584961,44.61741256713867,0.9847812652587891,1.2480051517486572,gaussian,1.0,8.0,16000,linear,identity,dynamic,0,dynamic,2000,1.0,0.7,bounded_heterogenous,1.0,0.75,0.25,4000,0.0001,0.05,1024,dynamic_mask_mae_adam,jax,cuda:0,0.4.30,bool,jax_threefry,torch.float32,torch.bool,128000000,32000000,160000000,128000000,32000000,256000000,256000000,0.375,0.375,0.25,2.5,1.0,2.0,100,10000,22394410,22067158.625,16000,22403895,22073170.375,16000,16000,1,1,1379.3906249829424,"Monte Carlo mask-averaged training risk; one fixed evaluation mask per training sample, independent of dynamic training masks",Monte Carlo population risk; independent test samples and one independent mask per sample,0.9852152113671133,0.9851542053780663,0.4632956087589264,0.010339613072574139,4000,8.0,1378.9570863494873,1379.1974140625,0.9853869168689865,-0.24032771301269532,0.3433253043038505,0.3485037175421368,1379.4557110061646,1379.5731484375,0.985238074674069,-0.11743743133544922,0.16776775905064176,0.1702518369084416,6.274192035198212e-06,1378.9570926236793,-0.24032143882066012,6.2390104176301975e-06,fresh_dynamic_mask,original_fixed_evaluation_mask,-0.12286641448736191,1.423534631729126,0.021552566438913345,1.2798306941986084,-2.4589476585388184,0.34451839327812195,0.5745379328727722,0.7900000214576721,0.7465999722480774,2.3936874866485596,1.7340335845947266,9,9,0.20999997854232788,0.2534000277519226
29,0,4000,0.7881799936294556,0.8877950177994105,-0.9369069337844849,1.1188937425613403,0.9233900308609009,47.30526351928711,44.61741256713867,0.9847812652587891,1.2480051517486572,gaussian,1.0,8.0,16000,linear,identity,dynamic,0,dynamic,2000,1.0,0.8,bounded_heterogenous,1.0,0.75,0.25,4000,0.0001,0.05,1024,dynamic_mask_mae_adam,jax,cuda:0,0.4.30,bool,jax_threefry,torch.float32,torch.bool,128000000,32000000,160000000,128000000,32000000,256000000,256000000,0.375,0.375,0.25,2.5,1.0,2.0,100,10000,25597794,25230483.25,16000,25602688,25223541.25,16000,16000,1,1,1576.4464285519343,"Monte Carlo mask-averaged training risk; one fixed evaluation mask per training sample, independent of dynamic training masks",Monte Carlo population risk; independent test samples and one independent mask per sample,0.9855251322110846,0.9851336039994578,0.4670830965042114,0.009873809292912483,4000,8.0,1576.7043322601319,1576.905203125,0.9856506873209465,-0.20087086486816405,0.25108858108520504,0.25476593579631945,1576.3792688446044,1576.471328125,0.9851911350089491,-0.09205928039550781,0.11507410049438477,0.11679156956811987,6.993085891008378e-06,1576.7043392532178,-0.20086387178227305,5.4134461606736295e-06,fresh_dynamic_mask,original_fixed_evaluation_mask,-0.11449024081230164,1.5209927558898926,0.02326897904276848,1.3440766334533691,-2.283402919769287,0.3495837152004242,0.5670095086097717,0.8100000023841858,0.7451000213623047,2.3542847633361816,1.6954021453857422,9,9,0.1899999976158142,0.2548999786376953
29,0,4000,0.7850226759910583,0.8860150540431344,-0.9963207244873047,1.2703912258148193,1.0249582529067993,50.40617370605469,44.61741256713867,0.9847812652587891,1.2480051517486572,gaussian,1.0,8.0,16000,linear,identity,dynamic,0,dynamic,2000,1.0,0.9,bounded_heterogenous,1.0,0.75,0.25,4000,0.0001,0.05,1024,dynamic_mask_mae_adam,jax,cuda:0,0.4.30,bool,jax_threefry,torch.float32,torch.bool,128000000,32000000,160000000,128000000,32000000,256000000,256000000,0.375,0.375,0.25,2.5,1.0,2.0,100,10000,28799216,28387574.375,16000,28802192,28374928.625,16000,16000,1,1,1773.5022321209262,"Monte Carlo mask-averaged training risk; one fixed evaluation mask per training sample, independent of dynamic training masks",Monte Carlo population risk; independent test samples and one independent mask per sample,0.9856323893128207,0.9851382940827771,0.47328421473503113,0.00938940979540348,4000,8.0,1774.090004776001,1774.2233984375,0.9857064989199706,-0.13339366149902343,0.14821517944335935,0.15036850671279467,1773.383893295288,1773.4330390625,0.9851655952088647,-0.04914576721191406,0.054606408013237843,0.05542444076467312,7.939945161342622e-06,1774.0900127159462,-0.13338572155386208,4.2443580241524614e-06,fresh_dynamic_mask,original_fixed_evaluation_mask,-0.11712488532066345,1.588869333267212,0.024455193430185318,1.4240913391113281,-2.215379476547241,0.34210821986198425,0.5684118270874023,0.8199999928474426,0.7469000220298767,2.4034883975982666,1.752233624458313,9,9,0.18000000715255737,0.2530999779701233
29,0,4000,0.7777140736579895,0.88188098610753,-1.0264346599578857,1.361018419265747,1.0876107215881348,52.17314147949219,44.61741256713867,0.9847812652587891,1.2480051517486572,gaussian,1.0,8.0,16000,linear,identity,dynamic,0,dynamic,2000,1.0,0.95,bounded_heterogenous,1.0,0.75,0.25,4000,0.0001,0.05,1024,dynamic_mask_mae_adam,jax,cuda:0,0.4.30,bool,jax_threefry,torch.float32,torch.bool,128000000,32000000,160000000,128000000,32000000,256000000,256000000,0.375,0.375,0.25,2.5,1.0,2.0,100,10000,30399077,29962993.625,16000,30401706,29949319.0,16000,16000,1,1,1872.030133905422,"Monte Carlo mask-averaged training risk; one fixed evaluation mask per training sample, independent of dynamic training masks",Monte Carlo population risk; independent test samples and one independent mask per sample,0.9856139375621374,0.9851057099650529,0.4524425268173218,0.00867194402962923,4000,8.0,1872.6096237640381,1872.6871015625,0.985654716588928,-0.07747779846191406,0.0815555773283306,0.08274505484373584,1871.8058858299255,1871.8324375,0.9851196837440636,-0.02655167007446289,0.027949126394171464,0.028369708252151682,8.506365120410919e-06,1872.6096322704032,-0.07746929209679365,3.239715852032532e-06,fresh_dynamic_mask,original_fixed_evaluation_mask,-0.13231618702411652,1.6374452114105225,0.023783881217241287,1.4659252166748047,-2.1062700748443604,0.34492018818855286,0.5640116333961487,0.8100000023841858,0.7472000122070312,2.356968641281128,1.7140976190567017,9,9,0.1899999976158142,0.25279998779296875
