panel,kind,method,alpha,cosine,sd,sem,num_seeds,status,zero_imputed,d,beta,rho,oracle_initialization,plant,num_converged
bounded,simulation,amp,0.1,0.034510108451589624,0.02391693214371732,0.0075631980217840305,10,all_seeds_including_nonconverged,False,4000,1,,True,0.05,10
bounded,simulation,amp,0.1333521432163324,0.05131778487069473,0.05019034671530987,0.015871581217392978,10,all_seeds_including_nonconverged,False,4000,1,,True,0.05,10
bounded,simulation,amp,0.1778279410038923,0.0637724861455947,0.05437328274148223,0.017194341732340815,10,all_seeds_including_nonconverged,False,4000,1,,True,0.05,10
bounded,simulation,amp,0.2371373705661655,0.0751216599712636,0.05647939710958867,0.01786035357394308,10,all_seeds_including_nonconverged,False,4000,1,,True,0.05,10
bounded,simulation,amp,0.3162277660168379,0.09130808012357348,0.06016040562765472,0.019024390674300055,10,all_seeds_including_nonconverged,False,4000,1,,True,0.05,10
bounded,simulation,amp,0.4216965034285823,0.20370335124427563,0.08277146812067362,0.026174636453734537,10,all_seeds_including_nonconverged,False,4000,1,,True,0.05,10
bounded,simulation,amp,0.5623413251903491,0.32052655478386943,0.06953583334280902,0.021989161236115648,10,all_seeds_including_nonconverged,False,4000,1,,True,0.05,10
bounded,simulation,amp,0.7498942093324559,0.4594806939198154,0.04704042645624765,0.014875488970738553,10,all_seeds_including_nonconverged,False,4000,1,,True,0.05,10
bounded,simulation,amp,1.0,0.5483773771173027,0.01891744725547644,0.005982222084340676,10,all_seeds_including_nonconverged,False,4000,1,,True,0.05,10
bounded,simulation,amp,1.333521432163324,0.6162646796913985,0.014311307290552454,0.0045256327332718884,10,all_seeds_including_nonconverged,False,4000,1,,True,0.05,10
bounded,simulation,amp,1.7782794100389228,0.6877835419010296,0.015397283652639007,0.004869048612201611,10,all_seeds_including_nonconverged,False,4000,1,,True,0.05,10
bounded,simulation,amp,2.3713737056616555,0.7494670664850543,0.011642961958382698,0.0036818278499183886,10,all_seeds_including_nonconverged,False,4000,1,,True,0.05,10
bounded,simulation,amp,3.1622776601683795,0.7985669589362223,0.011219451325832566,0.0035479020287026825,10,all_seeds_including_nonconverged,False,4000,1,,True,0.05,10
bounded,simulation,amp,4.216965034285822,0.8377649566276567,0.007564118646693826,0.002391984341530296,10,all_seeds_including_nonconverged,False,4000,1,,True,0.05,10
bounded,simulation,amp,5.62341325190349,0.8741531443423574,0.0037211193776760707,0.00117672126788447,10,all_seeds_including_nonconverged,False,4000,1,,True,0.05,10
bounded,simulation,amp,7.498942093324557,0.9028857044417714,0.003603332880384223,0.0011394739069789206,10,all_seeds_including_nonconverged,False,4000,1,,True,0.05,10
bounded,simulation,amp,10.0,0.924378648232447,0.0032723993042952067,0.0010348235215123277,10,all_seeds_including_nonconverged,False,4000,1,,True,0.05,10
bounded,simulation,dynamic,0.1,0.0336321821277028,0.022778908860805,0.0050935188666032,20,all_seeds,False,2000,1,0.75,,,
bounded,simulation,dynamic,0.1333521432163324,0.0390264581734765,0.028051441611571,0.0062724930310339,20,all_seeds,False,2000,1,0.75,,,
bounded,simulation,dynamic,0.1778279410038923,0.0359509028127316,0.028947600942761,0.006472880349355,20,all_seeds,False,2000,1,0.75,,,
bounded,simulation,dynamic,0.2371373705661655,0.0510257570282521,0.0365279771415671,0.0081679039969102,20,all_seeds,False,2000,1,0.75,,,
bounded,simulation,dynamic,0.3162277660168379,0.0593900783975363,0.045307012649302,0.0101309560141282,20,all_seeds,False,2000,1,0.75,,,
bounded,simulation,dynamic,0.4216965034285823,0.0580682348332807,0.0420733467784147,0.0094078863437457,20,all_seeds,False,2000,1,0.75,,,
bounded,simulation,dynamic,0.5623413251903491,0.0969726483387951,0.0670051222616402,0.0149828008217712,20,all_seeds,False,2000,1,0.75,,,
bounded,simulation,dynamic,0.7498942093324559,0.0799538871046936,0.0517924289637918,0.0115811391882867,20,all_seeds,False,2000,1,0.75,,,
bounded,simulation,dynamic,1.0,0.1549707411829885,0.1009748446362591,0.0225786616624155,20,all_seeds,False,2000,1,0.75,,,
bounded,simulation,dynamic,1.333521432163324,0.2948682659593605,0.1222517570252033,0.0273363239077142,20,all_seeds,False,2000,1,0.75,,,
bounded,simulation,dynamic,1.7782794100389228,0.5055084379875046,0.1059527127676759,0.0236917468149033,20,all_seeds,False,2000,1,0.75,,,
bounded,simulation,dynamic,2.3713737056616555,0.6599697093974505,0.034356926015366,0.0076824422068289,20,all_seeds,False,2000,1,0.75,,,
bounded,simulation,dynamic,3.1622776601683795,0.7515052285381966,0.017572450977787,0.0039293194917614,20,all_seeds,False,2000,1,0.75,,,
bounded,simulation,dynamic,4.216965034285822,0.8086257863604767,0.0174804567692757,0.0039087489613846,20,all_seeds,False,2000,1,0.75,,,
bounded,simulation,dynamic,5.62341325190349,0.852303870671965,0.0090549811892855,0.0020247553474224,20,all_seeds,False,2000,1,0.75,,,
bounded,simulation,dynamic,7.498942093324557,0.8818688964330221,0.0067155294488415,0.0015016380352511,20,all_seeds,False,2000,1,0.75,,,
bounded,simulation,dynamic,10.0,0.9047675660609183,0.004823505660207,0.0010785686546077,20,all_seeds,False,2000,1,0.75,,,
bounded,simulation,full,0.1,0.0276406022119308,0.0208509555243876,0.0046624153948355,20,all_seeds,False,2000,1,,,,
bounded,simulation,full,0.1778279410038923,0.029510218002683,0.0213826344492025,0.0047813024166445,20,all_seeds,False,2000,1,,,,
bounded,simulation,full,0.3162277660168379,0.0480001727384146,0.0362407877901405,0.0081036865056898,20,all_seeds,False,2000,1,,,,
bounded,simulation,full,0.5623413251903491,0.0562007833539635,0.0431482293890921,0.0096482374022764,20,all_seeds,False,2000,1,,,,
bounded,simulation,full,1.0,0.0555470050410325,0.043443415258469,0.0097142429692688,20,all_seeds,False,2000,1,,,,
bounded,simulation,full,1.7782794100389228,0.0798730566159497,0.0748788281187114,0.0167434149748961,20,all_seeds,False,2000,1,,,,
bounded,simulation,full,3.1622776601683795,0.0648823650079644,0.0486484746599803,0.0108781296341392,20,all_seeds,False,2000,1,,,,
bounded,simulation,full,5.62341325190349,0.1428502283440507,0.0959516122131603,0.0214554327459325,20,all_seeds,False,2000,1,,,,
bounded,simulation,full,10.0,0.1825075052540507,0.136754188240923,0.0305791661114506,20,all_seeds,False,2000,1,,,,
bounded,simulation,pca,0.1,0.0276408950136047,0.0208517403363159,0.0046625908841176,20,all_seeds,False,2000,1,,,,
bounded,simulation,pca,0.1333521432163324,0.0343385531752745,0.0219038717979475,0.0048978546310651,20,all_seeds,False,2000,1,,,,
bounded,simulation,pca,0.1778279410038923,0.0295102183738322,0.0213826327379444,0.0047813020339956,20,all_seeds,False,2000,1,,,,
bounded,simulation,pca,0.2371373705661655,0.0403931740675111,0.0262200814689177,0.0058629884540082,20,all_seeds,False,2000,1,,,,
bounded,simulation,pca,0.3162277660168379,0.0480001701556903,0.036240789977563,0.0081036869948123,20,all_seeds,False,2000,1,,,,
bounded,simulation,pca,0.4216965034285823,0.0354784212595044,0.0375010365239143,0.0083854866894174,20,all_seeds,False,2000,1,,,,
bounded,simulation,pca,0.5623413251903491,0.0562007749213677,0.0431482163781159,0.0096482344929337,20,all_seeds,False,2000,1,,,,
bounded,simulation,pca,0.7498942093324559,0.0449361256992005,0.0327123765439861,0.0073147097657922,20,all_seeds,False,2000,1,,,,
bounded,simulation,pca,1.0,0.0555470369534359,0.0434434667421939,0.0097142544813796,20,all_seeds,False,2000,1,,,,
bounded,simulation,pca,1.333521432163324,0.0528766834882601,0.0416152475137354,0.0093054522341191,20,all_seeds,False,2000,1,,,,
bounded,simulation,pca,1.7782794100389228,0.0798729814594575,0.0748787990977275,0.0167434084856068,20,all_seeds,False,2000,1,,,,
bounded,simulation,pca,2.3713737056616555,0.0794117639306279,0.0626718792198978,0.0140138582213348,20,all_seeds,False,2000,1,,,,
bounded,simulation,pca,3.1622776601683795,0.0648823404835214,0.0486484015766547,0.0108781132922107,20,all_seeds,False,2000,1,,,,
bounded,simulation,pca,4.216965034285822,0.106584904215107,0.0848561268128501,0.0189744067860875,20,all_seeds,False,2000,1,,,,
bounded,simulation,pca,5.62341325190349,0.1428498151093191,0.0959522967727642,0.0214555858181134,20,all_seeds,False,2000,1,,,,
bounded,simulation,pca,7.498942093324557,0.138114768075509,0.0913222907264436,0.0204202849925326,20,all_seeds,False,2000,1,,,,
bounded,simulation,pca,10.0,0.182506867032845,0.1367568063769325,0.0305797515444597,20,all_seeds,False,2000,1,,,,
bounded,simulation,static,0.1,0.0298876368721531,0.0182370027287598,0.0040779177807356,20,all_seeds,False,2000,1,0.75,,,
bounded,simulation,static,0.1333521432163324,0.0248226191990448,0.019995118454059,0.0044710444081436,20,all_seeds,False,2000,1,0.75,,,
bounded,simulation,static,0.1778279410038923,0.0268080054700825,0.0249096280307627,0.0055699621571019,20,all_seeds,False,2000,1,0.75,,,
bounded,simulation,static,0.2371373705661655,0.0272576065260807,0.0232231436837184,0.0051928527928039,20,all_seeds,False,2000,1,0.75,,,
bounded,simulation,static,0.3162277660168379,0.0261758130956285,0.0188875984270671,0.004223395401464,20,all_seeds,False,2000,1,0.75,,,
bounded,simulation,static,0.4216965034285823,0.0388410603752437,0.0358252158048955,0.0080107617848346,20,all_seeds,False,2000,1,0.75,,,
bounded,simulation,static,0.5623413251903491,0.0379494170397242,0.0221956401423853,0.0049630960162496,20,all_seeds,False,2000,1,0.75,,,
bounded,simulation,static,0.7498942093324559,0.0402110148155933,0.0302085066136572,0.0067548274286889,20,all_seeds,False,2000,1,0.75,,,
bounded,simulation,static,1.0,0.044973567884715,0.0346082523732805,0.0077386404889123,20,all_seeds,False,2000,1,0.75,,,
bounded,simulation,static,1.333521432163324,0.0692567958733588,0.0409492494671824,0.0091565305436216,20,all_seeds,False,2000,1,0.75,,,
bounded,simulation,static,1.7782794100389228,0.1297856754520961,0.0914643241726099,0.0204520446366033,20,all_seeds,False,2000,1,0.75,,,
bounded,simulation,static,2.3713737056616555,0.1537170946717846,0.1116746860982359,0.0249712189481606,20,all_seeds,False,2000,1,0.75,,,
bounded,simulation,static,3.1622776601683795,0.3657106281010762,0.1200485070519489,0.026843662236552,20,all_seeds,False,2000,1,0.75,,,
bounded,simulation,static,4.216965034285822,0.5527590864751881,0.0896010509885993,0.0200354040865932,20,all_seeds,False,2000,1,0.75,,,
bounded,simulation,static,5.62341325190349,0.699431406361158,0.0260016812374462,0.005814152677621,20,all_seeds,False,2000,1,0.75,,,
bounded,simulation,static,7.498942093324557,0.7721833435092107,0.022877136399659,0.0051154832120172,20,all_seeds,False,2000,1,0.75,,,
bounded,simulation,static,10.0,0.8253866705707077,0.0141927513592233,0.0031735956826976,20,all_seeds,False,2000,1,0.75,,,
bounded,theory,bayes,0.0899999999999999,1.3281954231769669e-06,,,,converged,False,,1,,,,
bounded,theory,bayes,0.0944323418170058,1.3290856542393183e-06,,,,converged,False,,1,,,,
bounded,theory,bayes,0.0990829686782647,1.3477328000951531e-06,,,,converged,False,,1,,,,
bounded,theory,bayes,0.1039626307385509,1.3859198120609176e-06,,,,converged,False,,1,,,,
bounded,theory,bayes,0.1090826075788666,1.4464138707456128e-06,,,,converged,False,,1,,,,
bounded,theory,bayes,0.1144547342797539,1.42236659885866e-06,,,,converged,False,,1,,,,
bounded,theory,bayes,0.1200914287786699,1.4268171700362173e-06,,,,converged,False,,1,,,,
bounded,theory,bayes,0.1260057205746664,1.461663881635679e-06,,,,converged,False,,1,,,,
bounded,theory,bayes,0.1322112808467225,1.4279275799666117e-06,,,,converged,False,,1,,,,
bounded,theory,bayes,0.138722454055354,1.534018853427585e-06,,,,converged,False,,1,,,,
bounded,theory,bayes,0.1455542911005453,1.4815531569783602e-06,,,,converged,False,,1,,,,
bounded,theory,bayes,0.1527225841126518,1.5784827029292614e-06,,,,converged,False,,1,,,,
bounded,theory,bayes,0.160243902956693,1.6336624406730564e-06,,,,converged,False,,1,,,,
bounded,theory,bayes,0.1681356335344172,1.6569850334049548e-06,,,,converged,False,,1,,,,
bounded,theory,bayes,0.1764160179726768,1.6628308000782382e-06,,,,converged,False,,1,,,,
bounded,theory,bayes,0.1851041967910096,1.6680701382869566e-06,,,,converged,False,,1,,,,
bounded,theory,bayes,0.1942202531458993,1.7800569201112602e-06,,,,converged,False,,1,,,,
bounded,theory,bayes,0.2037852592539886,1.8409552610736824e-06,,,,converged,False,,1,,,,
bounded,theory,bayes,0.2138213251015534,1.8846815892257124e-06,,,,converged,False,,1,,,,
bounded,theory,bayes,0.2243516495528336,1.9540573258714323e-06,,,,converged,False,,1,,,,
bounded,theory,bayes,0.2354005739753588,2.022062254731836e-06,,,,converged,False,,1,,,,
bounded,theory,bayes,0.2469936385062272,2.089362925875388e-06,,,,converged,False,,1,,,,
bounded,theory,bayes,0.2591576410894004,2.2651481537947645e-06,,,,converged,False,,1,,,,
bounded,theory,bayes,0.2719206994204797,2.4212731821418174e-06,,,,converged,False,,1,,,,
bounded,theory,bayes,0.2853123159421561,2.5561230243074057e-06,,,,converged,False,,1,,,,
bounded,theory,bayes,0.2993634460405695,2.803515296330208e-06,,,,converged,False,,1,,,,
bounded,theory,bayes,0.3141065696002205,3.106257228324491e-06,,,,converged,False,,1,,,,
bounded,theory,bayes,0.3295757660828352,3.601261506308047e-06,,,,converged,False,,1,,,,
bounded,theory,bayes,0.33,3.649980447883461e-06,,,,converged,False,,1,,,,
bounded,theory,bayes,0.33235,3.7161494906985706e-06,,,,converged,False,,1,,,,
bounded,theory,bayes,0.3347,3.858235850080228e-06,,,,converged,False,,1,,,,
bounded,theory,bayes,0.33705,3.967746088525452e-06,,,,converged,False,,1,,,,
bounded,theory,bayes,0.3394,4.0799509465496e-06,,,,converged,False,,1,,,,
bounded,theory,bayes,0.34175,4.193799547983735e-06,,,,converged,False,,1,,,,
bounded,theory,bayes,0.3441,4.358137495017199e-06,,,,converged,False,,1,,,,
bounded,theory,bayes,0.3458067933037317,4.459727632106487e-06,,,,converged,False,,1,,,,
bounded,theory,bayes,0.34645,4.515136852987819e-06,,,,converged,False,,1,,,,
bounded,theory,bayes,0.3488,4.706330284096084e-06,,,,converged,False,,1,,,,
bounded,theory,bayes,0.35115,4.922349789066673e-06,,,,converged,False,,1,,,,
bounded,theory,bayes,0.3535,5.157154774604772e-06,,,,converged,False,,1,,,,
bounded,theory,bayes,0.35585,5.425633375320671e-06,,,,converged,False,,1,,,,
bounded,theory,bayes,0.3582,5.726900140118485e-06,,,,converged,False,,1,,,,
bounded,theory,bayes,0.36055,6.124753131236816e-06,,,,converged,False,,1,,,,
bounded,theory,bayes,0.3628371700877854,6.563067632715414e-06,,,,converged,False,,1,,,,
bounded,theory,bayes,0.3629,6.57555283996046e-06,,,,converged,False,,1,,,,
bounded,theory,bayes,0.36525,7.177130344361249e-06,,,,converged,False,,1,,,,
bounded,theory,bayes,0.3676,7.958508825256696e-06,,,,converged,False,,1,,,,
bounded,theory,bayes,0.36995,9.064270479017012e-06,,,,converged,False,,1,,,,
bounded,theory,bayes,0.3723,1.0787349494319888e-05,,,,converged,False,,1,,,,
bounded,theory,bayes,0.37465,1.4135998438100371e-05,,,,converged,False,,1,,,,
bounded,theory,bayes,0.377,2.6418551472626923e-05,,,,converged,False,,1,,,,
bounded,theory,bayes,0.37935,0.0318743118582075,,,,converged,False,,1,,,,
bounded,theory,bayes,0.3807062629960537,0.0446519803402745,,,,converged,False,,1,,,,
bounded,theory,bayes,0.3817,0.0520455870727116,,,,converged,False,,1,,,,
bounded,theory,bayes,0.38405,0.0662901636086931,,,,converged,False,,1,,,,
bounded,theory,bayes,0.3864,0.0779291577670065,,,,converged,False,,1,,,,
bounded,theory,bayes,0.38875,0.0880028395973658,,,,converged,False,,1,,,,
bounded,theory,bayes,0.3911,0.0970003955700124,,,,converged,False,,1,,,,
bounded,theory,bayes,0.39345,0.1051985571856443,,,,converged,False,,1,,,,
bounded,theory,bayes,0.3958,0.1127720274977267,,,,converged,False,,1,,,,
bounded,theory,bayes,0.39815,0.1198395124788993,,,,converged,False,,1,,,,
bounded,theory,bayes,0.3994553773235364,0.1235790423024784,,,,converged,False,,1,,,,
bounded,theory,bayes,0.4005,0.1264860558311628,,,,converged,False,,1,,,,
bounded,theory,bayes,0.40285,0.1327750749373159,,,,converged,False,,1,,,,
bounded,theory,bayes,0.4052,0.1387553690874917,,,,converged,False,,1,,,,
bounded,theory,bayes,0.40755,0.1444654513808514,,,,converged,False,,1,,,,
bounded,theory,bayes,0.4099,0.1499363568784802,,,,converged,False,,1,,,,
bounded,theory,bayes,0.41225,0.1551935351543074,,,,converged,False,,1,,,,
bounded,theory,bayes,0.4146,0.1602581677617637,,,,converged,False,,1,,,,
bounded,theory,bayes,0.41695,0.1651481108594179,,,,converged,False,,1,,,,
bounded,theory,bayes,0.4191278525784138,0.1695371748573371,,,,converged,False,,1,,,,
bounded,theory,bayes,0.4193,0.1698785856858716,,,,converged,False,,1,,,,
bounded,theory,bayes,0.42165,0.1744626947688538,,,,converged,False,,1,,,,
bounded,theory,bayes,0.424,0.1789118148060488,,,,converged,False,,1,,,,
bounded,theory,bayes,0.42635,0.1832359004406689,,,,converged,False,,1,,,,
bounded,theory,bayes,0.4287,0.1874437224752762,,,,converged,False,,1,,,,
bounded,theory,bayes,0.43105,0.1915430570302242,,,,converged,False,,1,,,,
bounded,theory,bayes,0.4334,0.1955408374675649,,,,converged,False,,1,,,,
bounded,theory,bayes,0.43575,0.1994432776775339,,,,converged,False,,1,,,,
bounded,theory,bayes,0.4381,0.2032559730530507,,,,converged,False,,1,,,,
bounded,theory,bayes,0.4397691626634711,0.2059123475723769,,,,converged,False,,1,,,,
bounded,theory,bayes,0.44045,0.2069839839098479,,,,converged,False,,1,,,,
bounded,theory,bayes,0.4428,0.2106319049515601,,,,converged,False,,1,,,,
bounded,theory,bayes,0.44515,0.2142039235165068,,,,converged,False,,1,,,,
bounded,theory,bayes,0.4475,0.2177038687675327,,,,converged,False,,1,,,,
bounded,theory,bayes,0.44985,0.2211352534753781,,,,converged,False,,1,,,,
bounded,theory,bayes,0.4522,0.2245013097195916,,,,converged,False,,1,,,,
bounded,theory,bayes,0.45455,0.227805019558049,,,,converged,False,,1,,,,
bounded,theory,bayes,0.4569,0.2310491415117793,,,,converged,False,,1,,,,
bounded,theory,bayes,0.45925,0.2342362335270432,,,,converged,False,,1,,,,
bounded,theory,bayes,0.4614270209912817,0.2371399141051484,,,,converged,False,,1,,,,
bounded,theory,bayes,0.4616,0.2373686729930631,,,,converged,False,,1,,,,
bounded,theory,bayes,0.46395,0.2404486742461078,,,,converged,False,,1,,,,
bounded,theory,bayes,0.4663,0.2434783039467965,,,,converged,False,,1,,,,
bounded,theory,bayes,0.46865,0.2464594946346562,,,,converged,False,,1,,,,
bounded,theory,bayes,0.471,0.2493940567174636,,,,converged,False,,1,,,,
bounded,theory,bayes,0.47335,0.2522836891149012,,,,converged,False,,1,,,,
bounded,theory,bayes,0.4757,0.2551299887288836,,,,converged,False,,1,,,,
bounded,theory,bayes,0.47805,0.257934458905814,,,,converged,False,,1,,,,
bounded,theory,bayes,0.4804,0.260698517007836,,,,converged,False,,1,,,,
bounded,theory,bayes,0.48275,0.263423501216566,,,,converged,False,,1,,,,
bounded,theory,bayes,0.4841514907761273,0.2650305486991024,,,,converged,False,,1,,,,
bounded,theory,bayes,0.4851,0.2661106766512424,,,,converged,False,,1,,,,
bounded,theory,bayes,0.48745,0.2687612408952561,,,,converged,False,,1,,,,
bounded,theory,bayes,0.4898,0.2713763289884383,,,,converged,False,,1,,,,
bounded,theory,bayes,0.49215,0.2739570179574181,,,,converged,False,,1,,,,
bounded,theory,bayes,0.4945,0.2765043309286589,,,,converged,False,,1,,,,
bounded,theory,bayes,0.49685,0.2790192408699191,,,,converged,False,,1,,,,
bounded,theory,bayes,0.4992,0.2815026740068441,,,,converged,False,,1,,,,
bounded,theory,bayes,0.50155,0.2839555129425902,,,,converged,False,,1,,,,
bounded,theory,bayes,0.5039,0.2863785995111355,,,,converged,False,,1,,,,
bounded,theory,bayes,0.5062500000000001,0.2887727373979329,,,,converged,False,,1,,,,
bounded,theory,bayes,0.5079951007576022,0.2905323398676544,,,,converged,False,,1,,,,
bounded,theory,bayes,0.5086,0.2911386945440241,,,,converged,False,,1,,,,
bounded,theory,bayes,0.51095,0.2934772053591252,,,,converged,False,,1,,,,
bounded,theory,bayes,0.5133000000000001,0.2957889727577898,,,,converged,False,,1,,,,
bounded,theory,bayes,0.51565,0.2980746700424796,,,,converged,False,,1,,,,
bounded,theory,bayes,0.518,0.3003349426408371,,,,converged,False,,1,,,,
bounded,theory,bayes,0.5203500000000001,0.3025704097139394,,,,converged,False,,1,,,,
bounded,theory,bayes,0.5227,0.3047816656471825,,,,converged,False,,1,,,,
bounded,theory,bayes,0.52505,0.3069692814299989,,,,converged,False,,1,,,,
bounded,theory,bayes,0.5274000000000001,0.3091338059450904,,,,converged,False,,1,,,,
bounded,theory,bayes,0.52975,0.3112757671579591,,,,converged,False,,1,,,,
bounded,theory,bayes,0.5321,0.3133956732319701,,,,converged,False,,1,,,,
bounded,theory,bayes,0.5330129666234025,0.3142134063139495,,,,converged,False,,1,,,,
bounded,theory,bayes,0.5344500000000001,0.3154940135651677,,,,converged,False,,1,,,,
bounded,theory,bayes,0.5368,0.317571259755107,,,,converged,False,,1,,,,
bounded,theory,bayes,0.53915,0.3196278665069615,,,,converged,False,,1,,,,
bounded,theory,bayes,0.5415000000000001,0.3216642724768643,,,,converged,False,,1,,,,
bounded,theory,bayes,0.5438500000000001,0.3236809010618537,,,,converged,False,,1,,,,
bounded,theory,bayes,0.5462,0.3256781611435633,,,,converged,False,,1,,,,
bounded,theory,bayes,0.5485500000000001,0.3276564477830445,,,,converged,False,,1,,,,
bounded,theory,bayes,0.5509000000000001,0.3296161428737303,,,,converged,False,,1,,,,
bounded,theory,bayes,0.55325,0.3315576157549796,,,,converged,False,,1,,,,
bounded,theory,bayes,0.5556000000000001,0.3334812237890835,,,,converged,False,,1,,,,
bounded,theory,bayes,0.5579500000000001,0.3353873129050576,,,,converged,False,,1,,,,
bounded,theory,bayes,0.559262918411972,0.3364447202418662,,,,converged,False,,1,,,,
bounded,theory,bayes,0.5603,0.3372762181075148,,,,converged,False,,1,,,,
bounded,theory,bayes,0.56265,0.3391482639637681,,,,converged,False,,1,,,,
bounded,theory,bayes,0.5650000000000001,0.3410037650541519,,,,converged,False,,1,,,,
bounded,theory,bayes,0.56735,0.3428430264037933,,,,converged,False,,1,,,,
bounded,theory,bayes,0.5697,0.3446663438905945,,,,converged,False,,1,,,,
bounded,theory,bayes,0.5720500000000001,0.3464740046252003,,,,converged,False,,1,,,,
bounded,theory,bayes,0.5744,0.3482662873169794,,,,converged,False,,1,,,,
bounded,theory,bayes,0.57675,0.3500434626173842,,,,converged,False,,1,,,,
bounded,theory,bayes,0.5791000000000001,0.3518057934459354,,,,converged,False,,1,,,,
bounded,theory,bayes,0.58145,0.3535535352993132,,,,converged,False,,1,,,,
bounded,theory,bayes,0.5838000000000001,0.3552869365446147,,,,converged,False,,1,,,,
bounded,theory,bayes,0.58615,0.3570062386984263,,,,converged,False,,1,,,,
bounded,theory,bayes,0.5868056341895066,0.3574834289367679,,,,converged,False,,1,,,,
bounded,theory,bayes,0.5885,0.3587116766886593,,,,converged,False,,1,,,,
bounded,theory,bayes,0.5908500000000001,0.3604034791098727,,,,converged,False,,1,,,,
bounded,theory,bayes,0.5932,0.3620818684604096,,,,converged,False,,1,,,,
bounded,theory,bayes,0.59555,0.3637470613679125,,,,converged,False,,1,,,,
bounded,theory,bayes,0.5979000000000001,0.3653992688105529,,,,converged,False,,1,,,,
bounded,theory,bayes,0.60025,0.3670386963181453,,,,converged,False,,1,,,,
bounded,theory,bayes,0.6026,0.3686655441740956,,,,converged,False,,1,,,,
bounded,theory,bayes,0.6049500000000001,0.3702800075983733,,,,converged,False,,1,,,,
bounded,theory,bayes,0.6073,0.3718822769291391,,,,converged,False,,1,,,,
bounded,theory,bayes,0.60965,0.3734725377922959,,,,converged,False,,1,,,,
bounded,theory,bayes,0.6120000000000001,0.3750509712672231,,,,converged,False,,1,,,,
bounded,theory,bayes,0.61435,0.3766177540388539,,,,converged,False,,1,,,,
bounded,theory,bayes,0.6157047803103154,0.3775157809065546,,,,converged,False,,1,,,,
bounded,theory,bayes,0.6167,0.3781730585493152,,,,converged,False,,1,,,,
bounded,theory,bayes,0.6190500000000001,0.3797170531398454,,,,converged,False,,1,,,,
bounded,theory,bayes,0.6214,0.3812499021872087,,,,converged,False,,1,,,,
bounded,theory,bayes,0.62375,0.3827717662342831,,,,converged,False,,1,,,,
bounded,theory,bayes,0.6261000000000001,0.3842828021151203,,,,converged,False,,1,,,,
bounded,theory,bayes,0.62845,0.3857831630747672,,,,converged,False,,1,,,,
bounded,theory,bayes,0.6308,0.3872729988841132,,,,converged,False,,1,,,,
bounded,theory,bayes,0.6331500000000001,0.3887524559500153,,,,converged,False,,1,,,,
bounded,theory,bayes,0.6355,0.3902216774209374,,,,converged,False,,1,,,,
bounded,theory,bayes,0.63785,0.3916808032889742,,,,converged,False,,1,,,,
bounded,theory,bayes,0.6402000000000001,0.3931299704846012,,,,converged,False,,1,,,,
bounded,theory,bayes,0.64255,0.3945693129739821,,,,converged,False,,1,,,,
bounded,theory,bayes,0.6449,0.3959989618468526,,,,converged,False,,1,,,,
bounded,theory,bayes,0.6460271585847579,0.3966812793833202,,,,converged,False,,1,,,,
bounded,theory,bayes,0.6472500000000001,0.3974190454009303,,,,converged,False,,1,,,,
bounded,theory,bayes,0.6496,0.398829689228654,,,,converged,False,,1,,,,
bounded,theory,bayes,0.65195,0.4002310162951307,,,,converged,False,,1,,,,
bounded,theory,bayes,0.6543000000000001,0.4016231470129939,,,,converged,False,,1,,,,
bounded,theory,bayes,0.65665,0.4030061993200708,,,,converged,False,,1,,,,
bounded,theory,bayes,0.659,0.4043802887486832,,,,converged,False,,1,,,,
bounded,theory,bayes,0.6613500000000001,0.4057455284921759,,,,converged,False,,1,,,,
bounded,theory,bayes,0.6637,0.4071020294754406,,,,converged,False,,1,,,,
bounded,theory,bayes,0.66605,0.408449900414003,,,,converged,False,,1,,,,
bounded,theory,bayes,0.6684000000000001,0.4097892478773293,,,,converged,False,,1,,,,
bounded,theory,bayes,0.67075,0.4111201763497424,,,,converged,False,,1,,,,
bounded,theory,bayes,0.6731,0.4124427882831242,,,,converged,False,,1,,,,
bounded,theory,bayes,0.6754500000000001,0.4137571841569252,,,,converged,False,,1,,,,
bounded,theory,bayes,0.6778,0.4150634625268758,,,,converged,False,,1,,,,
bounded,theory,bayes,0.6778428606949434,0.4150872124379449,,,,converged,False,,1,,,,
bounded,theory,bayes,0.68015,0.4163617200781757,,,,converged,False,,1,,,,
bounded,theory,bayes,0.6825000000000001,0.4176520516768309,,,,converged,False,,1,,,,
bounded,theory,bayes,0.68485,0.4189345504137493,,,,converged,False,,1,,,,
bounded,theory,bayes,0.6872,0.4202093076528364,,,,converged,False,,1,,,,
bounded,theory,bayes,0.6895500000000001,0.4214764130775114,,,,converged,False,,1,,,,
bounded,theory,bayes,0.6919,0.4227359547301243,,,,converged,False,,1,,,,
bounded,theory,bayes,0.69425,0.4239880190562256,,,,converged,False,,1,,,,
bounded,theory,bayes,0.6966000000000001,0.4252326909436885,,,,converged,False,,1,,,,
bounded,theory,bayes,0.69895,0.4264700537642791,,,,converged,False,,1,,,,
bounded,theory,bayes,0.7013,0.4277001894076916,,,,converged,False,,1,,,,
bounded,theory,bayes,0.7036500000000001,0.4289231783206693,,,,converged,False,,1,,,,
bounded,theory,bayes,0.706,0.4301390995417999,,,,converged,False,,1,,,,
bounded,theory,bayes,0.70835,0.4313480307358292,,,,converged,False,,1,,,,
bounded,theory,bayes,0.7107000000000001,0.4325500482268959,,,,converged,False,,1,,,,
bounded,theory,bayes,0.7112254302151331,0.4328178660129204,,,,converged,False,,1,,,,
bounded,theory,bayes,0.71305,0.4337452270307345,,,,converged,False,,1,,,,
bounded,theory,bayes,0.7154,0.4349336408852626,,,,converged,False,,1,,,,
bounded,theory,bayes,0.7177500000000001,0.4361153622833118,,,,converged,False,,1,,,,
bounded,theory,bayes,0.7201,0.4372904624982259,,,,converged,False,,1,,,,
bounded,theory,bayes,0.72245,0.4384590116147929,,,,converged,False,,1,,,,
bounded,theory,bayes,0.7248000000000001,0.4396210785562057,,,,converged,False,,1,,,,
bounded,theory,bayes,0.72715,0.440776731110825,,,,converged,False,,1,,,,
bounded,theory,bayes,0.7295,0.4419260359581488,,,,converged,False,,1,,,,
bounded,theory,bayes,0.7318500000000001,0.4430690586940163,,,,converged,False,,1,,,,
bounded,theory,bayes,0.7342,0.4442058638550764,,,,converged,False,,1,,,,
bounded,theory,bayes,0.73655,0.4453365149425448,,,,converged,False,,1,,,,
bounded,theory,bayes,0.7389000000000001,0.446461074445275,,,,converged,False,,1,,,,
bounded,theory,bayes,0.74125,0.4475796038621694,,,,converged,False,,1,,,,
bounded,theory,bayes,0.7436,0.4486921637245784,,,,converged,False,,1,,,,
bounded,theory,bayes,0.7459500000000001,0.4497988136149545,,,,converged,False,,1,,,,
bounded,theory,bayes,0.746252032611361,0.449940619684232,,,,converged,False,,1,,,,
bounded,theory,bayes,0.7483,0.4508996121911593,,,,converged,False,,1,,,,
bounded,theory,bayes,0.75065,0.4519946172039596,,,,converged,False,,1,,,,
bounded,theory,bayes,0.7530000000000001,0.4530838855170811,,,,converged,False,,1,,,,
bounded,theory,bayes,0.75535,0.4541674731261066,,,,converged,False,,1,,,,
bounded,theory,bayes,0.7577,0.4552454351768557,,,,converged,False,,1,,,,
bounded,theory,bayes,0.7600500000000001,0.4563178259832625,,,,converged,False,,1,,,,
bounded,theory,bayes,0.7624,0.4573846990454006,,,,converged,False,,1,,,,
bounded,theory,bayes,0.76475,0.458446107063908,,,,converged,False,,1,,,,
bounded,theory,bayes,0.7671000000000001,0.4595021019601993,,,,converged,False,,1,,,,
bounded,theory,bayes,0.76945,0.4605527348900221,,,,converged,False,,1,,,,
bounded,theory,bayes,0.7718,0.4615980562596894,,,,converged,False,,1,,,,
bounded,theory,bayes,0.7741500000000001,0.4626381157419104,,,,converged,False,,1,,,,
bounded,theory,bayes,0.7765,0.4636729622881072,,,,converged,False,,1,,,,
bounded,theory,bayes,0.77885,0.4647026441465544,,,,converged,False,,1,,,,
bounded,theory,bayes,0.7812000000000001,0.4657272088739679,,,,converged,False,,1,,,,
bounded,theory,bayes,0.7830036336132382,0.4665101245536902,,,,converged,False,,1,,,,
bounded,theory,bayes,0.78355,0.4667467033504313,,,,converged,False,,1,,,,
bounded,theory,bayes,0.7859,0.467761173790269,,,,converged,False,,1,,,,
bounded,theory,bayes,0.78825,0.468770665758733,,,,converged,False,,1,,,,
bounded,theory,bayes,0.7906,0.4697752241822422,,,,converged,False,,1,,,,
bounded,theory,bayes,0.79295,0.4707748933619764,,,,converged,False,,1,,,,
bounded,theory,bayes,0.7953,0.4717697169834408,,,,converged,False,,1,,,,
bounded,theory,bayes,0.79765,0.4727597381319244,,,,converged,False,,1,,,,
bounded,theory,bayes,0.8,0.473744999301515,,,,converged,False,,1,,,,
bounded,theory,bayes,0.8215651863702547,0.4825712530230184,,,,converged,False,,1,,,,
bounded,theory,bayes,0.8620258278252001,0.4981612350733934,,,,converged,False,,1,,,,
bounded,theory,bayes,0.9044790847586306,0.5133112398776158,,,,converged,False,,1,,,,
bounded,theory,bayes,0.949023089980662,0.5280475696072013,,,,converged,False,,1,,,,
bounded,theory,bayes,0.9957608091698334,0.5423925760730138,,,,converged,False,,1,,,,
bounded,theory,bayes,1.044800278883378,0.5563653753706304,,,,converged,False,,1,,,,
bounded,theory,bayes,1.0962548562890913,0.5699824127523853,,,,converged,False,,1,,,,
bounded,theory,bayes,1.1502434811960451,0.5832579146812095,,,,converged,False,,1,,,,
bounded,theory,bayes,1.2068909509898635,0.5962042546996604,,,,converged,False,,1,,,,
bounded,theory,bayes,1.2663282091080668,0.6088322525956015,,,,converged,False,,1,,,,
bounded,theory,bayes,1.3286926477223318,0.6211514213120071,,,,converged,False,,1,,,,
bounded,theory,bayes,1.3941284253273083,0.6331701724715445,,,,converged,False,,1,,,,
bounded,theory,bayes,1.4627867999701392,0.6448959887663956,,,,converged,False,,1,,,,
bounded,theory,bayes,1.534826478890937,0.6563355695571357,,,,converged,False,,1,,,,
bounded,theory,bayes,1.6104139853824502,0.667494954607784,,,,converged,False,,1,,,,
bounded,theory,bayes,1.6897240437169128,0.6783796298031214,,,,converged,False,,1,,,,
bounded,theory,bayes,1.7729399830298769,0.6889946178932019,,,,converged,False,,1,,,,
bounded,theory,bayes,1.860254161094598,0.6993445566808609,,,,converged,False,,1,,,,
bounded,theory,bayes,1.9518684089665843,0.7094337665978974,,,,converged,False,,1,,,,
bounded,theory,bayes,2.047994497526088,0.7192663092299002,,,,converged,False,,1,,,,
bounded,theory,bayes,2.148854626997007,0.7288460380665951,,,,converged,False,,1,,,,
bounded,theory,bayes,2.2546819405737337,0.7381766425204976,,,,converged,False,,1,,,,
bounded,theory,bayes,2.365721063343209,0.7472616860749894,,,,converged,False,,1,,,,
bounded,theory,bayes,2.482228667747961,0.7561046392785451,,,,converged,False,,1,,,,
bounded,theory,bayes,2.6044740668971835,0.7647089081829032,,,,converged,False,,1,,,,
bounded,theory,bayes,2.7327398370973586,0.7730778587381003,,,,converged,False,,1,,,,
bounded,theory,bayes,2.8673224710414065,0.7812148375751983,,,,converged,False,,1,,,,
bounded,theory,bayes,3.008533063166267,0.7891231895463144,,,,converged,False,,1,,,,
bounded,theory,bayes,3.156698028763117,0.7968062723563358,,,,converged,False,,1,,,,
bounded,theory,bayes,3.3121598585025254,0.8042674685656815,,,,converged,False,,1,,,,
bounded,theory,bayes,3.475277910118624,0.8115101952218923,,,,converged,False,,1,,,,
bounded,theory,bayes,3.646429239082352,0.8185379113486514,,,,converged,False,,1,,,,
bounded,theory,bayes,3.82600947018388,0.8253541235001869,,,,converged,False,,1,,,,
bounded,theory,bayes,4.014433712038952,0.8319623895715647,,,,converged,False,,1,,,,
bounded,theory,bayes,4.212137516633042,0.838366321040793,,,,converged,False,,1,,,,
bounded,theory,bayes,4.419577886121397,0.8445695838067125,,,,converged,False,,1,,,,
bounded,theory,bayes,4.637234329212179,0.8505758977732933,,,,converged,False,,1,,,,
bounded,theory,bayes,4.865609969574646,0.8563890353297063,,,,converged,False,,1,,,,
bounded,theory,bayes,5.105232708834495,0.8620128188540683,,,,converged,False,,1,,,,
bounded,theory,bayes,5.3566564468446405,0.867451117371866,,,,converged,False,,1,,,,
bounded,theory,bayes,5.620462362052236,0.872707842492691,,,,converged,False,,1,,,,
bounded,theory,bayes,5.897260254921474,0.8777869437298014,,,,converged,False,,1,,,,
bounded,theory,bayes,6.187689957517644,0.8826924033195351,,,,converged,False,,1,,,,
bounded,theory,bayes,6.492422812510671,0.8874282306298678,,,,converged,False,,1,,,,
bounded,theory,bayes,6.812163225017048,0.8919984562614833,,,,converged,False,,1,,,,
bounded,theory,bayes,7.147650290867185,0.8964071259180865,,,,converged,False,,1,,,,
bounded,theory,bayes,7.499659505062127,0.9006582941356566,,,,converged,False,,1,,,,
bounded,theory,bayes,7.869004554368707,0.9047560179346408,,,,converged,False,,1,,,,
bounded,theory,bayes,8.256539198196908,0.9087043504714224,,,,converged,False,,1,,,,
bounded,theory,bayes,8.663159242107085,0.9125073347405726,,,,converged,False,,1,,,,
bounded,theory,bayes,9.089804608509002,0.9161689973893656,,,,converged,False,,1,,,,
bounded,theory,bayes,9.537461509339078,0.919693342689321,,,,converged,False,,1,,,,
bounded,theory,bayes,10.007164725738267,0.9230843467043152,,,,converged,False,,1,,,,
bounded,theory,bayes,10.5,0.9263459516977994,,,,converged,False,,1,,,,
bounded,theory,dynamic,0.0899999999999999,2.3652866310097242e-07,,,,converged,False,,1,0.75,,,
bounded,theory,dynamic,0.0944323418170058,2.408325778903601e-07,,,,converged,False,,1,0.75,,,
bounded,theory,dynamic,0.0990829686782647,2.462635581747195e-07,,,,converged,False,,1,0.75,,,
bounded,theory,dynamic,0.1039626307385509,2.474765862407806e-07,,,,converged,False,,1,0.75,,,
bounded,theory,dynamic,0.1090826075788666,2.553747841476508e-07,,,,converged,False,,1,0.75,,,
bounded,theory,dynamic,0.1144547342797539,2.5916250291823504e-07,,,,converged,False,,1,0.75,,,
bounded,theory,dynamic,0.1200914287786699,2.6438483062855185e-07,,,,converged,False,,1,0.75,,,
bounded,theory,dynamic,0.1260057205746664,2.6556469124467624e-07,,,,converged,False,,1,0.75,,,
bounded,theory,dynamic,0.1322112808467225,2.739524763652052e-07,,,,converged,False,,1,0.75,,,
bounded,theory,dynamic,0.138722454055354,2.784820350420824e-07,,,,converged,False,,1,0.75,,,
bounded,theory,dynamic,0.1455542911005453,2.848914924516157e-07,,,,converged,False,,1,0.75,,,
bounded,theory,dynamic,0.1527225841126518,2.875861231382213e-07,,,,converged,False,,1,0.75,,,
bounded,theory,dynamic,0.160243902956693,2.98212849093729e-07,,,,converged,False,,1,0.75,,,
bounded,theory,dynamic,0.1681356335344172,3.054156464186006e-07,,,,converged,False,,1,0.75,,,
bounded,theory,dynamic,0.1764160179726768,3.09250293850935e-07,,,,converged,False,,1,0.75,,,
bounded,theory,dynamic,0.1851041967910096,3.157965589184177e-07,,,,converged,False,,1,0.75,,,
bounded,theory,dynamic,0.1942202531458993,3.253054557291706e-07,,,,converged,False,,1,0.75,,,
bounded,theory,dynamic,0.2037852592539886,3.320261921728829e-07,,,,converged,False,,1,0.75,,,
bounded,theory,dynamic,0.2138213251015534,3.422399963784677e-07,,,,converged,False,,1,0.75,,,
bounded,theory,dynamic,0.2243516495528336,3.501561097803384e-07,,,,converged,False,,1,0.75,,,
bounded,theory,dynamic,0.2354005739753588,3.560522330899827e-07,,,,converged,False,,1,0.75,,,
bounded,theory,dynamic,0.2469936385062272,3.664441724898773e-07,,,,converged,False,,1,0.75,,,
bounded,theory,dynamic,0.2591576410894004,3.7557726877592746e-07,,,,converged,False,,1,0.75,,,
bounded,theory,dynamic,0.2719206994204797,3.838839885048314e-07,,,,converged,False,,1,0.75,,,
bounded,theory,dynamic,0.2853123159421561,3.9814945045707403e-07,,,,converged,False,,1,0.75,,,
bounded,theory,dynamic,0.2993634460405695,4.063952709104545e-07,,,,converged,False,,1,0.75,,,
bounded,theory,dynamic,0.3141065696002205,4.2192170241445734e-07,,,,converged,False,,1,0.75,,,
bounded,theory,dynamic,0.3295757660828352,4.328062311162873e-07,,,,converged,False,,1,0.75,,,
bounded,theory,dynamic,0.3458067933037317,4.462990071010446e-07,,,,converged,False,,1,0.75,,,
bounded,theory,dynamic,0.3628371700877854,4.634593762764924e-07,,,,converged,False,,1,0.75,,,
bounded,theory,dynamic,0.3807062629960537,4.790392195592095e-07,,,,converged,False,,1,0.75,,,
bounded,theory,dynamic,0.3994553773235364,5.031009643788896e-07,,,,converged,False,,1,0.75,,,
bounded,theory,dynamic,0.4191278525784138,5.235899795584478e-07,,,,converged,False,,1,0.75,,,
bounded,theory,dynamic,0.4397691626634711,5.409441376039236e-07,,,,converged,False,,1,0.75,,,
bounded,theory,dynamic,0.4614270209912817,5.683894807760201e-07,,,,converged,False,,1,0.75,,,
bounded,theory,dynamic,0.4841514907761273,5.939958156594004e-07,,,,converged,False,,1,0.75,,,
bounded,theory,dynamic,0.5079951007576022,6.258513481786595e-07,,,,converged,False,,1,0.75,,,
bounded,theory,dynamic,0.5330129666234025,6.570142881526323e-07,,,,converged,False,,1,0.75,,,
bounded,theory,dynamic,0.559262918411972,7.011811455327509e-07,,,,converged,False,,1,0.75,,,
bounded,theory,dynamic,0.5868056341895066,7.454674445760748e-07,,,,converged,False,,1,0.75,,,
bounded,theory,dynamic,0.6157047803103154,7.922541244553958e-07,,,,converged,False,,1,0.75,,,
bounded,theory,dynamic,0.6460271585847579,8.464741436327385e-07,,,,converged,False,,1,0.75,,,
bounded,theory,dynamic,0.6778428606949434,9.167424567321216e-07,,,,converged,False,,1,0.75,,,
bounded,theory,dynamic,0.7112254302151331,9.95479293959868e-07,,,,converged,False,,1,0.75,,,
bounded,theory,dynamic,0.746252032611361,1.0898936322168276e-06,,,,converged,False,,1,0.75,,,
bounded,theory,dynamic,0.7830036336132382,1.197279362930722e-06,,,,converged,False,,1,0.75,,,
bounded,theory,dynamic,0.8215651863702547,1.3413439748028109e-06,,,,converged,False,,1,0.75,,,
bounded,theory,dynamic,0.8620258278252001,1.518565319864349e-06,,,,converged,False,,1,0.75,,,
bounded,theory,dynamic,0.9044790847586306,1.7517379011757518e-06,,,,converged,False,,1,0.75,,,
bounded,theory,dynamic,0.949023089980662,2.073960489627432e-06,,,,converged,False,,1,0.75,,,
bounded,theory,dynamic,0.9957608091698334,2.5499284797679938e-06,,,,converged,False,,1,0.75,,,
bounded,theory,dynamic,1.044800278883378,3.2976059993835334e-06,,,,converged,False,,1,0.75,,,
bounded,theory,dynamic,1.0962548562890913,4.676460985757909e-06,,,,converged,False,,1,0.75,,,
bounded,theory,dynamic,1.1,4.819911077296968e-06,,,,converged,False,,1,0.75,,,
bounded,theory,dynamic,1.1058333333333334,5.0586374588937285e-06,,,,converged,False,,1,0.75,,,
bounded,theory,dynamic,1.1116666666666668,5.317905593222544e-06,,,,converged,False,,1,0.75,,,
bounded,theory,dynamic,1.1175000000000002,5.609778674179213e-06,,,,converged,False,,1,0.75,,,
bounded,theory,dynamic,1.1233333333333335,5.936447122743003e-06,,,,converged,False,,1,0.75,,,
bounded,theory,dynamic,1.1291666666666669,6.299768684171276e-06,,,,converged,False,,1,0.75,,,
bounded,theory,dynamic,1.135,6.70353633804155e-06,,,,converged,False,,1,0.75,,,
bounded,theory,dynamic,1.1408333333333334,7.164591803593375e-06,,,,converged,False,,1,0.75,,,
bounded,theory,dynamic,1.1466666666666667,7.68553364051144e-06,,,,converged,False,,1,0.75,,,
bounded,theory,dynamic,1.1502434811960451,8.044055969067425e-06,,,,converged,False,,1,0.75,,,
bounded,theory,dynamic,1.1525,8.292918533499018e-06,,,,converged,False,,1,0.75,,,
bounded,theory,dynamic,1.1583333333333334,8.999091227780468e-06,,,,converged,False,,1,0.75,,,
bounded,theory,dynamic,1.1641666666666668,9.82457378067458e-06,,,,converged,False,,1,0.75,,,
bounded,theory,dynamic,1.1700000000000002,1.0820917682145345e-05,,,,converged,False,,1,0.75,,,
bounded,theory,dynamic,1.1758333333333335,1.2028189656388224e-05,,,,converged,False,,1,0.75,,,
bounded,theory,dynamic,1.1816666666666666,1.35387296886687e-05,,,,converged,False,,1,0.75,,,
bounded,theory,dynamic,1.1875,1.546868394524966e-05,,,,converged,False,,1,0.75,,,
bounded,theory,dynamic,1.1933333333333334,1.802160063531101e-05,,,,converged,False,,1,0.75,,,
bounded,theory,dynamic,1.1991666666666667,2.1569461013771205e-05,,,,converged,False,,1,0.75,,,
bounded,theory,dynamic,1.205,2.6825027180928296e-05,,,,converged,False,,1,0.75,,,
bounded,theory,dynamic,1.2068909509898635,2.9111829157689072e-05,,,,converged,False,,1,0.75,,,
bounded,theory,dynamic,1.2108333333333334,3.541573683019732e-05,,,,converged,False,,1,0.75,,,
bounded,theory,dynamic,1.2166666666666668,5.198338341357707e-05,,,,converged,False,,1,0.75,,,
bounded,theory,dynamic,1.2225,9.731122431323066e-05,,,,converged,False,,1,0.75,,,
bounded,theory,dynamic,1.2283333333333335,0.0007365829030638,,,,converged,False,,1,0.75,,,
bounded,theory,dynamic,1.2341666666666669,0.0582686456634843,,,,converged,False,,1,0.75,,,
bounded,theory,dynamic,1.24,0.0859316430957907,,,,converged,False,,1,0.75,,,
bounded,theory,dynamic,1.2458333333333331,0.1064944240015273,,,,converged,False,,1,0.75,,,
bounded,theory,dynamic,1.2516666666666667,0.1235599521784689,,,,converged,False,,1,0.75,,,
bounded,theory,dynamic,1.2575,0.1384297867243253,,,,converged,False,,1,0.75,,,
bounded,theory,dynamic,1.2633333333333334,0.1517525189876286,,,,converged,False,,1,0.75,,,
bounded,theory,dynamic,1.2663282091080668,0.1581208952574566,,,,converged,False,,1,0.75,,,
bounded,theory,dynamic,1.2691666666666668,0.163906639386283,,,,converged,False,,1,0.75,,,
bounded,theory,dynamic,1.275,0.1751363084847694,,,,converged,False,,1,0.75,,,
bounded,theory,dynamic,1.2808333333333335,0.1856103045036833,,,,converged,False,,1,0.75,,,
bounded,theory,dynamic,1.2866666666666666,0.1954509761614113,,,,converged,False,,1,0.75,,,
bounded,theory,dynamic,1.2925,0.204750421084942,,,,converged,False,,1,0.75,,,
bounded,theory,dynamic,1.2983333333333331,0.2135800531603266,,,,converged,False,,1,0.75,,,
bounded,theory,dynamic,1.3041666666666667,0.2219966056763658,,,,converged,False,,1,0.75,,,
bounded,theory,dynamic,1.31,0.2300460536115529,,,,converged,False,,1,0.75,,,
bounded,theory,dynamic,1.3158333333333334,0.2377662836255344,,,,converged,False,,1,0.75,,,
bounded,theory,dynamic,1.3216666666666668,0.2451889729477931,,,,converged,False,,1,0.75,,,
bounded,theory,dynamic,1.3275,0.2523409221457079,,,,converged,False,,1,0.75,,,
bounded,theory,dynamic,1.3286926477223318,0.2537719656608359,,,,converged,False,,1,0.75,,,
bounded,theory,dynamic,1.3333333333333337,0.2592450709698028,,,,converged,False,,1,0.75,,,
bounded,theory,dynamic,1.3391666666666668,0.2659212269775186,,,,converged,False,,1,0.75,,,
bounded,theory,dynamic,1.345,0.2723866424658751,,,,converged,False,,1,0.75,,,
bounded,theory,dynamic,1.350833333333333,0.2786564582675819,,,,converged,False,,1,0.75,,,
bounded,theory,dynamic,1.356666666666667,0.2847440528882957,,,,converged,False,,1,0.75,,,
bounded,theory,dynamic,1.3625,0.2906613079050872,,,,converged,False,,1,0.75,,,
bounded,theory,dynamic,1.3683333333333334,0.2964188578846056,,,,converged,False,,1,0.75,,,
bounded,theory,dynamic,1.3741666666666668,0.3020262428393244,,,,converged,False,,1,0.75,,,
bounded,theory,dynamic,1.38,0.3074920791903089,,,,converged,False,,1,0.75,,,
bounded,theory,dynamic,1.3858333333333337,0.3128241792452895,,,,converged,False,,1,0.75,,,
bounded,theory,dynamic,1.3916666666666666,0.3180296387409892,,,,converged,False,,1,0.75,,,
bounded,theory,dynamic,1.3941284253273083,0.3201900208956026,,,,converged,False,,1,0.75,,,
bounded,theory,dynamic,1.3975,0.3231149517896524,,,,converged,False,,1,0.75,,,
bounded,theory,dynamic,1.403333333333333,0.3280860566311309,,,,converged,False,,1,0.75,,,
bounded,theory,dynamic,1.409166666666667,0.3329484179440743,,,,converged,False,,1,0.75,,,
bounded,theory,dynamic,1.415,0.337707068751417,,,,converged,False,,1,0.75,,,
bounded,theory,dynamic,1.4208333333333334,0.3423666641947781,,,,converged,False,,1,0.75,,,
bounded,theory,dynamic,1.4266666666666667,0.3469315138721871,,,,converged,False,,1,0.75,,,
bounded,theory,dynamic,1.4325,0.3514056203227886,,,,converged,False,,1,0.75,,,
bounded,theory,dynamic,1.4383333333333337,0.3557927164810778,,,,converged,False,,1,0.75,,,
bounded,theory,dynamic,1.4441666666666668,0.3600962775161401,,,,converged,False,,1,0.75,,,
bounded,theory,dynamic,1.4500000000000002,0.36431955510949,,,,converged,False,,1,0.75,,,
bounded,theory,dynamic,1.455833333333333,0.3684655943361229,,,,converged,False,,1,0.75,,,
bounded,theory,dynamic,1.461666666666667,0.3725372448968718,,,,converged,False,,1,0.75,,,
bounded,theory,dynamic,1.4627867999701392,0.3733108113727009,,,,converged,False,,1,0.75,,,
bounded,theory,dynamic,1.4675,0.3765371983876623,,,,converged,False,,1,0.75,,,
bounded,theory,dynamic,1.4733333333333334,0.3804679746398923,,,,converged,False,,1,0.75,,,
bounded,theory,dynamic,1.4791666666666667,0.3843319590767508,,,,converged,False,,1,0.75,,,
bounded,theory,dynamic,1.485,0.3881314003132872,,,,converged,False,,1,0.75,,,
bounded,theory,dynamic,1.4908333333333337,0.3918684206664952,,,,converged,False,,1,0.75,,,
bounded,theory,dynamic,1.4966666666666666,0.3955450323463385,,,,converged,False,,1,0.75,,,
bounded,theory,dynamic,1.5025,0.3991631424622095,,,,converged,False,,1,0.75,,,
bounded,theory,dynamic,1.5083333333333333,0.4027245606845455,,,,converged,False,,1,0.75,,,
bounded,theory,dynamic,1.5141666666666669,0.406231002898504,,,,converged,False,,1,0.75,,,
bounded,theory,dynamic,1.52,0.4096841107303406,,,,converged,False,,1,0.75,,,
bounded,theory,dynamic,1.5258333333333334,0.4130854341984408,,,,converged,False,,1,0.75,,,
bounded,theory,dynamic,1.5316666666666667,0.4164364600392117,,,,converged,False,,1,0.75,,,
bounded,theory,dynamic,1.534826478890937,0.4182311501461839,,,,converged,False,,1,0.75,,,
bounded,theory,dynamic,1.5375,0.4197386001184823,,,,converged,False,,1,0.75,,,
bounded,theory,dynamic,1.5433333333333334,0.4229932056261478,,,,converged,False,,1,0.75,,,
bounded,theory,dynamic,1.5491666666666668,0.4262015710394172,,,,converged,False,,1,0.75,,,
bounded,theory,dynamic,1.5550000000000002,0.4293649282266944,,,,converged,False,,1,0.75,,,
bounded,theory,dynamic,1.5608333333333333,0.4324844595127997,,,,converged,False,,1,0.75,,,
bounded,theory,dynamic,1.5666666666666669,0.4355612976066693,,,,converged,False,,1,0.75,,,
bounded,theory,dynamic,1.5725,0.4385965285171587,,,,converged,False,,1,0.75,,,
bounded,theory,dynamic,1.5783333333333334,0.4415911973790044,,,,converged,False,,1,0.75,,,
bounded,theory,dynamic,1.5841666666666667,0.4445462984232591,,,,converged,False,,1,0.75,,,
bounded,theory,dynamic,1.59,0.4474627960907328,,,,converged,False,,1,0.75,,,
bounded,theory,dynamic,1.5958333333333334,0.4503416146422219,,,,converged,False,,1,0.75,,,
bounded,theory,dynamic,1.6016666666666666,0.4531836432927618,,,,converged,False,,1,0.75,,,
bounded,theory,dynamic,1.6075,0.455989738070781,,,,converged,False,,1,0.75,,,
bounded,theory,dynamic,1.6104139853824502,0.4573782927375196,,,,converged,False,,1,0.75,,,
bounded,theory,dynamic,1.6133333333333333,0.4587607205001615,,,,converged,False,,1,0.75,,,
bounded,theory,dynamic,1.6191666666666666,0.4614973884010175,,,,converged,False,,1,0.75,,,
bounded,theory,dynamic,1.625,0.4642005081986095,,,,converged,False,,1,0.75,,,
bounded,theory,dynamic,1.6308333333333334,0.4668708194025851,,,,converged,False,,1,0.75,,,
bounded,theory,dynamic,1.6366666666666667,0.4695090329189392,,,,converged,False,,1,0.75,,,
bounded,theory,dynamic,1.6425,0.472115841358643,,,,converged,False,,1,0.75,,,
bounded,theory,dynamic,1.6483333333333334,0.4746919081076248,,,,converged,False,,1,0.75,,,
bounded,theory,dynamic,1.6541666666666668,0.4772378804751602,,,,converged,False,,1,0.75,,,
bounded,theory,dynamic,1.66,0.4797543816785045,,,,converged,False,,1,0.75,,,
bounded,theory,dynamic,1.6658333333333335,0.4822420118479333,,,,converged,False,,1,0.75,,,
bounded,theory,dynamic,1.6716666666666669,0.4847013578798779,,,,converged,False,,1,0.75,,,
bounded,theory,dynamic,1.6775,0.48713298237663,,,,converged,False,,1,0.75,,,
bounded,theory,dynamic,1.6833333333333331,0.4895374363198271,,,,converged,False,,1,0.75,,,
bounded,theory,dynamic,1.6891666666666667,0.4919152480077766,,,,converged,False,,1,0.75,,,
bounded,theory,dynamic,1.6897240437169128,0.4921410727156403,,,,converged,False,,1,0.75,,,
bounded,theory,dynamic,1.695,0.4942669326275371,,,,converged,False,,1,0.75,,,
bounded,theory,dynamic,1.7008333333333332,0.4965929929004258,,,,converged,False,,1,0.75,,,
bounded,theory,dynamic,1.7066666666666666,0.4988939109419715,,,,converged,False,,1,0.75,,,
bounded,theory,dynamic,1.7125,0.5011701605801235,,,,converged,False,,1,0.75,,,
bounded,theory,dynamic,1.7183333333333333,0.5034221962351688,,,,converged,False,,1,0.75,,,
bounded,theory,dynamic,1.7241666666666666,0.5056504651323047,,,,converged,False,,1,0.75,,,
bounded,theory,dynamic,1.73,0.5078553961851742,,,,converged,False,,1,0.75,,,
bounded,theory,dynamic,1.7358333333333331,0.5100374092068323,,,,converged,False,,1,0.75,,,
bounded,theory,dynamic,1.7416666666666667,0.5121969124519365,,,,converged,False,,1,0.75,,,
bounded,theory,dynamic,1.7475,0.514334305945419,,,,converged,False,,1,0.75,,,
bounded,theory,dynamic,1.7533333333333334,0.5164499732679523,,,,converged,False,,1,0.75,,,
bounded,theory,dynamic,1.7591666666666668,0.5185442934588496,,,,converged,False,,1,0.75,,,
bounded,theory,dynamic,1.765,0.5206176299160455,,,,converged,False,,1,0.75,,,
bounded,theory,dynamic,1.7708333333333337,0.5226703393719295,,,,converged,False,,1,0.75,,,
bounded,theory,dynamic,1.7729399830298769,0.5234066526950382,,,,converged,False,,1,0.75,,,
bounded,theory,dynamic,1.7766666666666668,0.5247027693531756,,,,converged,False,,1,0.75,,,
bounded,theory,dynamic,1.7825,0.5267152613468146,,,,converged,False,,1,0.75,,,
bounded,theory,dynamic,1.788333333333333,0.5287081397863123,,,,converged,False,,1,0.75,,,
bounded,theory,dynamic,1.794166666666667,0.5306817350024147,,,,converged,False,,1,0.75,,,
bounded,theory,dynamic,1.8,0.5326363523848696,,,,converged,False,,1,0.75,,,
bounded,theory,dynamic,1.8058333333333327,0.5345723009318045,,,,converged,False,,1,0.75,,,
bounded,theory,dynamic,1.8116666666666663,0.5364898822056283,,,,converged,False,,1,0.75,,,
bounded,theory,dynamic,1.8175,0.5383893849352583,,,,converged,False,,1,0.75,,,
bounded,theory,dynamic,1.8233333333333333,0.5402710965334192,,,,converged,False,,1,0.75,,,
bounded,theory,dynamic,1.8291666666666664,0.5421352892846498,,,,converged,False,,1,0.75,,,
bounded,theory,dynamic,1.835,0.5439822401746796,,,,converged,False,,1,0.75,,,
bounded,theory,dynamic,1.840833333333333,0.5458122115053586,,,,converged,False,,1,0.75,,,
bounded,theory,dynamic,1.846666666666667,0.5476254622916065,,,,converged,False,,1,0.75,,,
bounded,theory,dynamic,1.8525,0.5494222456494872,,,,converged,False,,1,0.75,,,
bounded,theory,dynamic,1.8583333333333327,0.5512028117591375,,,,converged,False,,1,0.75,,,
bounded,theory,dynamic,1.860254161094598,0.551785614477251,,,,converged,False,,1,0.75,,,
bounded,theory,dynamic,1.8641666666666667,0.5529673969457076,,,,converged,False,,1,0.75,,,
bounded,theory,dynamic,1.87,0.5547162432621623,,,,converged,False,,1,0.75,,,
bounded,theory,dynamic,1.8758333333333328,0.5564495792448175,,,,converged,False,,1,0.75,,,
bounded,theory,dynamic,1.8816666666666668,0.5581676311630763,,,,converged,False,,1,0.75,,,
bounded,theory,dynamic,1.8875,0.5598706231512602,,,,converged,False,,1,0.75,,,
bounded,theory,dynamic,1.893333333333333,0.5615587663308353,,,,converged,False,,1,0.75,,,
bounded,theory,dynamic,1.899166666666667,0.5632322782290654,,,,converged,False,,1,0.75,,,
bounded,theory,dynamic,1.905,0.5648913636465495,,,,converged,False,,1,0.75,,,
bounded,theory,dynamic,1.9108333333333327,0.5665362257976622,,,,converged,False,,1,0.75,,,
bounded,theory,dynamic,1.9166666666666663,0.5681670636767588,,,,converged,False,,1,0.75,,,
bounded,theory,dynamic,1.9225,0.5697840721781989,,,,converged,False,,1,0.75,,,
bounded,theory,dynamic,1.9283333333333328,0.5713874422119626,,,,converged,False,,1,0.75,,,
bounded,theory,dynamic,1.9341666666666664,0.5729773635489471,,,,converged,False,,1,0.75,,,
bounded,theory,dynamic,1.94,0.5745540140086758,,,,converged,False,,1,0.75,,,
bounded,theory,dynamic,1.9458333333333333,0.5761175786623991,,,,converged,False,,1,0.75,,,
bounded,theory,dynamic,1.9516666666666669,0.5776682308353283,,,,converged,False,,1,0.75,,,
bounded,theory,dynamic,1.9518684089665843,0.5777216310490653,,,,converged,False,,1,0.75,,,
bounded,theory,dynamic,1.9575,0.5792061431207505,,,,converged,False,,1,0.75,,,
bounded,theory,dynamic,1.9633333333333327,0.5807314847392043,,,,converged,False,,1,0.75,,,
bounded,theory,dynamic,1.9691666666666667,0.582244424334348,,,,converged,False,,1,0.75,,,
bounded,theory,dynamic,1.975,0.5837451192437466,,,,converged,False,,1,0.75,,,
bounded,theory,dynamic,1.9808333333333328,0.5852337317980476,,,,converged,False,,1,0.75,,,
bounded,theory,dynamic,1.9866666666666668,0.5867104213053317,,,,converged,False,,1,0.75,,,
bounded,theory,dynamic,1.9925,0.5881753387063422,,,,converged,False,,1,0.75,,,
bounded,theory,dynamic,1.9983333333333333,0.5896286347784513,,,,converged,False,,1,0.75,,,
bounded,theory,dynamic,2.0041666666666664,0.5910704548117264,,,,converged,False,,1,0.75,,,
bounded,theory,dynamic,2.01,0.5925009494145422,,,,converged,False,,1,0.75,,,
bounded,theory,dynamic,2.015833333333333,0.5939202611531231,,,,converged,False,,1,0.75,,,
bounded,theory,dynamic,2.0216666666666665,0.5953285246458155,,,,converged,False,,1,0.75,,,
bounded,theory,dynamic,2.0275,0.5967258800143059,,,,converged,False,,1,0.75,,,
bounded,theory,dynamic,2.033333333333333,0.5981124622277539,,,,converged,False,,1,0.75,,,
bounded,theory,dynamic,2.0391666666666666,0.5994884065234578,,,,converged,False,,1,0.75,,,
bounded,theory,dynamic,2.045,0.6008538377592916,,,,converged,False,,1,0.75,,,
bounded,theory,dynamic,2.047994497526088,0.6015507322877051,,,,converged,False,,1,0.75,,,
bounded,theory,dynamic,2.0508333333333333,0.6022088891908517,,,,converged,False,,1,0.75,,,
bounded,theory,dynamic,2.056666666666666,0.6035536838096336,,,,converged,False,,1,0.75,,,
bounded,theory,dynamic,2.0625,0.6048883450978673,,,,converged,False,,1,0.75,,,
bounded,theory,dynamic,2.0683333333333334,0.6062129943997445,,,,converged,False,,1,0.75,,,
bounded,theory,dynamic,2.0741666666666667,0.6075277509713672,,,,converged,False,,1,0.75,,,
bounded,theory,dynamic,2.08,0.6088327320291984,,,,converged,False,,1,0.75,,,
bounded,theory,dynamic,2.085833333333333,0.6101280527970706,,,,converged,False,,1,0.75,,,
bounded,theory,dynamic,2.091666666666667,0.6114138265518052,,,,converged,False,,1,0.75,,,
bounded,theory,dynamic,2.0975,0.6126901646674929,,,,converged,False,,1,0.75,,,
bounded,theory,dynamic,2.103333333333333,0.613957179299561,,,,converged,False,,1,0.75,,,
bounded,theory,dynamic,2.109166666666667,0.6152149728736571,,,,converged,False,,1,0.75,,,
bounded,theory,dynamic,2.115,0.616463656574275,,,,converged,False,,1,0.75,,,
bounded,theory,dynamic,2.1208333333333336,0.6177033293313943,,,,converged,False,,1,0.75,,,
bounded,theory,dynamic,2.126666666666667,0.6189340988809042,,,,converged,False,,1,0.75,,,
bounded,theory,dynamic,2.1325000000000003,0.6201560607921133,,,,converged,False,,1,0.75,,,
bounded,theory,dynamic,2.1383333333333336,0.6213693195191616,,,,converged,False,,1,0.75,,,
bounded,theory,dynamic,2.1441666666666666,0.6225739700346336,,,,converged,False,,1,0.75,,,
bounded,theory,dynamic,2.148854626997007,0.6235359141695698,,,,converged,False,,1,0.75,,,
bounded,theory,dynamic,2.15,0.623770108388953,,,,converged,False,,1,0.75,,,
bounded,theory,dynamic,2.1558333333333333,0.6249578291086835,,,,converged,False,,1,0.75,,,
bounded,theory,dynamic,2.161666666666666,0.6261372252288783,,,,converged,False,,1,0.75,,,
bounded,theory,dynamic,2.1675,0.6273083883245543,,,,converged,False,,1,0.75,,,
bounded,theory,dynamic,2.1733333333333333,0.6284714085413164,,,,converged,False,,1,0.75,,,
bounded,theory,dynamic,2.1791666666666667,0.6296263746251635,,,,converged,False,,1,0.75,,,
bounded,theory,dynamic,2.185,0.6307733739514997,,,,converged,False,,1,0.75,,,
bounded,theory,dynamic,2.1908333333333334,0.6319124951634268,,,,converged,False,,1,0.75,,,
bounded,theory,dynamic,2.1966666666666663,0.633043817768619,,,,converged,False,,1,0.75,,,
bounded,theory,dynamic,2.2025,0.6341674277996483,,,,converged,False,,1,0.75,,,
bounded,theory,dynamic,2.208333333333333,0.6352834100347478,,,,converged,False,,1,0.75,,,
bounded,theory,dynamic,2.2141666666666664,0.6363918402005523,,,,converged,False,,1,0.75,,,
bounded,theory,dynamic,2.22,0.6374928032213374,,,,converged,False,,1,0.75,,,
bounded,theory,dynamic,2.225833333333333,0.6385863750245444,,,,converged,False,,1,0.75,,,
bounded,theory,dynamic,2.2316666666666665,0.6396726304060038,,,,converged,False,,1,0.75,,,
bounded,theory,dynamic,2.2375,0.6407516507652963,,,,converged,False,,1,0.75,,,
bounded,theory,dynamic,2.243333333333333,0.6418235086239598,,,,converged,False,,1,0.75,,,
bounded,theory,dynamic,2.2491666666666665,0.6428882754190505,,,,converged,False,,1,0.75,,,
bounded,theory,dynamic,2.2546819405737337,0.6438885348457003,,,,converged,False,,1,0.75,,,
bounded,theory,dynamic,2.255,0.643946029256893,,,,converged,False,,1,0.75,,,
bounded,theory,dynamic,2.2608333333333333,0.6449968394343423,,,,converged,False,,1,0.75,,,
bounded,theory,dynamic,2.2666666666666666,0.6460407768018883,,,,converged,False,,1,0.75,,,
bounded,theory,dynamic,2.2725,0.6470779111949417,,,,converged,False,,1,0.75,,,
bounded,theory,dynamic,2.2783333333333333,0.6481083114530981,,,,converged,False,,1,0.75,,,
bounded,theory,dynamic,2.2841666666666667,0.6491320454389387,,,,converged,False,,1,0.75,,,
bounded,theory,dynamic,2.29,0.6501491800563822,,,,converged,False,,1,0.75,,,
bounded,theory,dynamic,2.2958333333333334,0.651159781268597,,,,converged,False,,1,0.75,,,
bounded,theory,dynamic,2.3016666666666667,0.6521639141154899,,,,converged,False,,1,0.75,,,
bounded,theory,dynamic,2.3075,0.65316164529972,,,,converged,False,,1,0.75,,,
bounded,theory,dynamic,2.313333333333333,0.6541530329346801,,,,converged,False,,1,0.75,,,
bounded,theory,dynamic,2.319166666666667,0.6551381419546961,,,,converged,False,,1,0.75,,,
bounded,theory,dynamic,2.325,0.6561170364319437,,,,converged,False,,1,0.75,,,
bounded,theory,dynamic,2.330833333333333,0.6570897719325093,,,,converged,False,,1,0.75,,,
bounded,theory,dynamic,2.336666666666667,0.6580564108505056,,,,converged,False,,1,0.75,,,
bounded,theory,dynamic,2.3425,0.659017014779585,,,,converged,False,,1,0.75,,,
bounded,theory,dynamic,2.3483333333333336,0.6599716368512134,,,,converged,False,,1,0.75,,,
bounded,theory,dynamic,2.3541666666666665,0.6609203396205428,,,,converged,False,,1,0.75,,,
bounded,theory,dynamic,2.36,0.6618631746783484,,,,converged,False,,1,0.75,,,
bounded,theory,dynamic,2.365721063343209,0.6627822230697753,,,,converged,False,,1,0.75,,,
bounded,theory,dynamic,2.365833333333333,0.6628002030483703,,,,converged,False,,1,0.75,,,
bounded,theory,dynamic,2.3716666666666666,0.6637314748248656,,,,converged,False,,1,0.75,,,
bounded,theory,dynamic,2.3775,0.6646570495631112,,,,converged,False,,1,0.75,,,
bounded,theory,dynamic,2.3833333333333333,0.6655769784505982,,,,converged,False,,1,0.75,,,
bounded,theory,dynamic,2.3891666666666667,0.6664913119912378,,,,converged,False,,1,0.75,,,
bounded,theory,dynamic,2.395,0.6674001076137708,,,,converged,False,,1,0.75,,,
bounded,theory,dynamic,2.4008333333333334,0.668303414436829,,,,converged,False,,1,0.75,,,
bounded,theory,dynamic,2.4066666666666667,0.6692012834580128,,,,converged,False,,1,0.75,,,
bounded,theory,dynamic,2.4125,0.6700937650174432,,,,converged,False,,1,0.75,,,
bounded,theory,dynamic,2.418333333333333,0.6709809088088763,,,,converged,False,,1,0.75,,,
bounded,theory,dynamic,2.4241666666666664,0.6718627638905769,,,,converged,False,,1,0.75,,,
bounded,theory,dynamic,2.43,0.6727393786959663,,,,converged,False,,1,0.75,,,
bounded,theory,dynamic,2.435833333333333,0.6736108010440425,,,,converged,False,,1,0.75,,,
bounded,theory,dynamic,2.4416666666666664,0.6744770781495814,,,,converged,False,,1,0.75,,,
bounded,theory,dynamic,2.4475,0.675338256633128,,,,converged,False,,1,0.75,,,
bounded,theory,dynamic,2.453333333333333,0.6761943849998799,,,,converged,False,,1,0.75,,,
bounded,theory,dynamic,2.4591666666666665,0.6770455037729985,,,,converged,False,,1,0.75,,,
bounded,theory,dynamic,2.465,0.6778916603181514,,,,converged,False,,1,0.75,,,
bounded,theory,dynamic,2.470833333333333,0.6787328989747594,,,,converged,False,,1,0.75,,,
bounded,theory,dynamic,2.4766666666666666,0.6795692659739757,,,,converged,False,,1,0.75,,,
bounded,theory,dynamic,2.482228667747961,0.6803622278199655,,,,converged,False,,1,0.75,,,
bounded,theory,dynamic,2.4825,0.6804007996952887,,,,converged,False,,1,0.75,,,
bounded,theory,dynamic,2.4883333333333333,0.6812275477100812,,,,converged,False,,1,0.75,,,
bounded,theory,dynamic,2.494166666666666,0.682049547403394,,,,converged,False,,1,0.75,,,
bounded,theory,dynamic,2.5,0.6828668428713591,,,,converged,False,,1,0.75,,,
bounded,theory,dynamic,2.6044740668971835,0.6967519427776092,,,,converged,False,,1,0.75,,,
bounded,theory,dynamic,2.7327398370973586,0.7120575615569715,,,,converged,False,,1,0.75,,,
bounded,theory,dynamic,2.8673224710414065,0.7263715068718258,,,,converged,False,,1,0.75,,,
bounded,theory,dynamic,3.008533063166267,0.7397749861595126,,,,converged,False,,1,0.75,,,
bounded,theory,dynamic,3.156698028763117,0.7523399283784976,,,,converged,False,,1,0.75,,,
bounded,theory,dynamic,3.3121598585025254,0.7641304970080812,,,,converged,False,,1,0.75,,,
bounded,theory,dynamic,3.475277910118624,0.7752042767602811,,,,converged,False,,1,0.75,,,
bounded,theory,dynamic,3.646429239082352,0.7856132229313745,,,,converged,False,,1,0.75,,,
bounded,theory,dynamic,3.82600947018388,0.7954044205145424,,,,converged,False,,1,0.75,,,
bounded,theory,dynamic,4.014433712038952,0.8046207143835942,,,,converged,False,,1,0.75,,,
bounded,theory,dynamic,4.212137516633042,0.8133012241975737,,,,converged,False,,1,0.75,,,
bounded,theory,dynamic,4.419577886121397,0.8214817802684545,,,,converged,False,,1,0.75,,,
bounded,theory,dynamic,4.637234329212179,0.8291952839748159,,,,converged,False,,1,0.75,,,
bounded,theory,dynamic,4.865609969574646,0.8364720225783879,,,,converged,False,,1,0.75,,,
bounded,theory,dynamic,5.105232708834495,0.8433399312007022,,,,converged,False,,1,0.75,,,
bounded,theory,dynamic,5.3566564468446405,0.8498248287944986,,,,converged,False,,1,0.75,,,
bounded,theory,dynamic,5.620462362052236,0.8559506153750724,,,,converged,False,,1,0.75,,,
bounded,theory,dynamic,5.897260254921474,0.8617394490006262,,,,converged,False,,1,0.75,,,
bounded,theory,dynamic,6.187689957517644,0.867211900988467,,,,converged,False,,1,0.75,,,
bounded,theory,dynamic,6.492422812510671,0.8723870929541433,,,,converged,False,,1,0.75,,,
bounded,theory,dynamic,6.812163225017048,0.8772828210075174,,,,converged,False,,1,0.75,,,
bounded,theory,dynamic,7.147650290867185,0.8819156630930916,,,,converged,False,,1,0.75,,,
bounded,theory,dynamic,7.499659505062127,0.8863010794255517,,,,converged,False,,1,0.75,,,
bounded,theory,dynamic,7.869004554368707,0.8904534992509532,,,,converged,False,,1,0.75,,,
bounded,theory,dynamic,8.256539198196908,0.8943864023565791,,,,converged,False,,1,0.75,,,
bounded,theory,dynamic,8.663159242107085,0.8981123915334092,,,,converged,False,,1,0.75,,,
bounded,theory,dynamic,9.089804608509002,0.9016432578601288,,,,converged,False,,1,0.75,,,
bounded,theory,dynamic,9.537461509339078,0.9049900407307688,,,,converged,False,,1,0.75,,,
bounded,theory,dynamic,10.007164725738267,0.9081630843869104,,,,converged,False,,1,0.75,,,
bounded,theory,dynamic,10.5,0.9111720861398426,,,,converged,False,,1,0.75,,,
bounded,theory,full_reconstruction,0.0899999999999999,1.6118002052452222e-151,,,,converged,False,,1,,,,
bounded,theory,full_reconstruction,0.0944323418170058,3.67514914750138e-148,,,,converged,False,,1,,,,
bounded,theory,full_reconstruction,0.0990829686782647,8.159073201072401e-145,,,,converged,False,,1,,,,
bounded,theory,full_reconstruction,0.1039626307385509,1.7615679373128536e-141,,,,converged,False,,1,,,,
bounded,theory,full_reconstruction,0.1090826075788666,3.694322699414127e-138,,,,converged,False,,1,,,,
bounded,theory,full_reconstruction,0.1144547342797539,7.516660929675058e-135,,,,converged,False,,1,,,,
bounded,theory,full_reconstruction,0.1200914287786699,1.4819769545427365e-131,,,,converged,False,,1,,,,
bounded,theory,full_reconstruction,0.1260057205746664,2.838262209620235e-128,,,,converged,False,,1,,,,
bounded,theory,full_reconstruction,0.1322112808467225,5.254162475585854e-125,,,,converged,False,,1,,,,
bounded,theory,full_reconstruction,0.138722454055354,9.423819981399078e-122,,,,converged,False,,1,,,,
bounded,theory,full_reconstruction,0.1455542911005453,1.629598230201234e-118,,,,converged,False,,1,,,,
bounded,theory,full_reconstruction,0.1527225841126518,2.723084790139475e-115,,,,converged,False,,1,,,,
bounded,theory,full_reconstruction,0.160243902956693,4.375627390359313e-112,,,,converged,False,,1,,,,
bounded,theory,full_reconstruction,0.1681356335344172,6.776096633884444e-109,,,,converged,False,,1,,,,
bounded,theory,full_reconstruction,0.1764160179726768,1.0099073089503507e-105,,,,converged,False,,1,,,,
bounded,theory,full_reconstruction,0.1851041967910096,1.4465849091520009e-102,,,,converged,False,,1,,,,
bounded,theory,full_reconstruction,0.1942202531458993,1.9886585830598274e-99,,,,converged,False,,1,,,,
bounded,theory,full_reconstruction,0.2037852592539886,2.6201111520823828e-96,,,,converged,False,,1,,,,
bounded,theory,full_reconstruction,0.2138213251015534,3.303756035143849e-93,,,,converged,False,,1,,,,
bounded,theory,full_reconstruction,0.2243516495528336,3.981138012641853e-90,,,,converged,False,,1,,,,
bounded,theory,full_reconstruction,0.2354005739753588,4.593351058737079e-87,,,,converged,False,,1,,,,
bounded,theory,full_reconstruction,0.2469936385062272,5.0501555614439975e-84,,,,converged,False,,1,,,,
bounded,theory,full_reconstruction,0.2591576410894004,5.300427685379308e-81,,,,converged,False,,1,,,,
bounded,theory,full_reconstruction,0.2719206994204797,5.302632272926007e-78,,,,converged,False,,1,,,,
bounded,theory,full_reconstruction,0.2853123159421561,5.048802147987918e-75,,,,converged,False,,1,,,,
bounded,theory,full_reconstruction,0.2993634460405695,4.568169414442942e-72,,,,converged,False,,1,,,,
bounded,theory,full_reconstruction,0.3141065696002205,3.9218715608337577e-69,,,,converged,False,,1,,,,
bounded,theory,full_reconstruction,0.3295757660828352,3.1899384951893355e-66,,,,converged,False,,1,,,,
bounded,theory,full_reconstruction,0.3458067933037317,2.461852752432061e-63,,,,converged,False,,1,,,,
bounded,theory,full_reconstruction,0.3628371700877854,1.7945172822675543e-60,,,,converged,False,,1,,,,
bounded,theory,full_reconstruction,0.3807062629960537,1.2372669717245816e-57,,,,converged,False,,1,,,,
bounded,theory,full_reconstruction,0.3994553773235364,8.056091974727504e-55,,,,converged,False,,1,,,,
bounded,theory,full_reconstruction,0.4191278525784138,4.9459400300444135e-52,,,,converged,False,,1,,,,
bounded,theory,full_reconstruction,0.4397691626634711,2.858636577173038e-49,,,,converged,False,,1,,,,
bounded,theory,full_reconstruction,0.4614270209912817,1.5573818755439435e-46,,,,converged,False,,1,,,,
bounded,theory,full_reconstruction,0.4841514907761273,7.984656904367645e-44,,,,converged,False,,1,,,,
bounded,theory,full_reconstruction,0.5079951007576022,3.8463388521764477e-41,,,,converged,False,,1,,,,
bounded,theory,full_reconstruction,0.5330129666234025,1.738126529726616e-38,,,,converged,False,,1,,,,
bounded,theory,full_reconstruction,0.559262918411972,7.356623392178246e-36,,,,converged,False,,1,,,,
bounded,theory,full_reconstruction,0.5868056341895066,2.919414763440332e-33,,,,converged,False,,1,,,,
bounded,theory,full_reconstruction,0.6157047803103154,1.0845219842678938e-30,,,,converged,False,,1,,,,
bounded,theory,full_reconstruction,0.6460271585847579,3.765499774404591e-28,,,,converged,False,,1,,,,
bounded,theory,full_reconstruction,0.6778428606949434,1.2200497134115168e-25,,,,converged,False,,1,,,,
bounded,theory,full_reconstruction,0.7112254302151331,3.692333180203037e-23,,,,converged,False,,1,,,,
bounded,theory,full_reconstruction,0.746252032611361,1.042111329544258e-20,,,,converged,False,,1,,,,
bounded,theory,full_reconstruction,0.7830036336132382,2.738765295070839e-18,,,,converged,False,,1,,,,
bounded,theory,full_reconstruction,0.8215651863702547,6.707774068114686e-16,,,,converged,False,,1,,,,
bounded,theory,full_reconstruction,0.8620258278252001,1.5287001101794474e-13,,,,converged,False,,1,,,,
bounded,theory,full_reconstruction,0.9044790847586306,3.237010829542853e-11,,,,converged,False,,1,,,,
bounded,theory,full_reconstruction,0.949023089980662,6.3733596718577695e-09,,,,converged,False,,1,,,,
bounded,theory,full_reconstruction,0.9957608091698334,1.165094596100933e-06,,,,converged,False,,1,,,,
bounded,theory,full_reconstruction,1.044800278883378,8.426529631457403e-09,,,,converged,False,,1,,,,
bounded,theory,full_reconstruction,1.0962548562890913,6.58642821782191e-11,,,,converged,False,,1,,,,
bounded,theory,full_reconstruction,1.1502434811960451,5.569924670494022e-13,,,,converged,False,,1,,,,
bounded,theory,full_reconstruction,1.2068909509898635,5.101521331658751e-15,,,,converged,False,,1,,,,
bounded,theory,full_reconstruction,1.2663282091080668,5.06547962908422e-17,,,,converged,False,,1,,,,
bounded,theory,full_reconstruction,1.3286926477223318,5.447542686607736e-19,,,,converged,False,,1,,,,
bounded,theory,full_reconstruction,1.3941284253273083,6.35073729053403e-21,,,,converged,False,,1,,,,
bounded,theory,full_reconstruction,1.4627867999701392,8.032231009347835e-23,,,,converged,False,,1,,,,
bounded,theory,full_reconstruction,1.534826478890937,1.1010341125471472e-24,,,,converged,False,,1,,,,
bounded,theory,full_reconstruction,1.6104139853824502,1.6368753312810164e-26,,,,converged,False,,1,,,,
bounded,theory,full_reconstruction,1.6897240437169128,2.636511144224232e-28,,,,converged,False,,1,,,,
bounded,theory,full_reconstruction,1.7729399830298769,4.6107309366195135e-30,,,,converged,False,,1,,,,
bounded,theory,full_reconstruction,1.860254161094598,8.730859713824354e-32,,,,converged,False,,1,,,,
bounded,theory,full_reconstruction,1.9518684089665843,1.7935657470757536e-33,,,,converged,False,,1,,,,
bounded,theory,full_reconstruction,2.047994497526088,3.992136803304543e-35,,,,converged,False,,1,,,,
bounded,theory,full_reconstruction,2.148854626997007,9.615523514841391e-37,,,,converged,False,,1,,,,
bounded,theory,full_reconstruction,2.2546819405737337,2.5064729497394036e-38,,,,converged,False,,1,,,,
bounded,theory,full_reconstruction,2.365721063343209,7.070639645935457e-40,,,,converged,False,,1,,,,
bounded,theory,full_reconstruction,2.482228667747961,2.1553450836369406e-41,,,,converged,False,,1,,,,
bounded,theory,full_reconstruction,2.6044740668971835,7.097865376037764e-43,,,,converged,False,,1,,,,
bounded,theory,full_reconstruction,2.7327398370973586,2.521066150704276e-44,,,,converged,False,,1,,,,
bounded,theory,full_reconstruction,2.8673224710414065,9.653286362366538e-46,,,,converged,False,,1,,,,
bounded,theory,full_reconstruction,3.008533063166267,3.982173464644919e-47,,,,converged,False,,1,,,,
bounded,theory,full_reconstruction,3.156698028763117,1.7663744109551763e-48,,,,converged,False,,1,,,,
bounded,theory,full_reconstruction,3.3121598585025254,8.408131789644801e-50,,,,converged,False,,1,,,,
bounded,theory,full_reconstruction,3.475277910118624,4.2952677683080463e-51,,,,converged,False,,1,,,,
bounded,theory,full_reconstruction,3.646429239082352,2.347095813211804e-52,,,,converged,False,,1,,,,
bounded,theory,full_reconstruction,3.82600947018388,1.3714894132409102e-53,,,,converged,False,,1,,,,
bounded,theory,full_reconstruction,4.014433712038952,8.548696756017075e-55,,,,converged,False,,1,,,,
bounded,theory,full_reconstruction,4.212137516633042,5.669473709202929e-56,,,,converged,False,,1,,,,
bounded,theory,full_reconstruction,4.419577886121397,3.9936044803833796e-57,,,,converged,False,,1,,,,
bounded,theory,full_reconstruction,4.637234329212179,2.9848155247012685e-58,,,,converged,False,,1,,,,
bounded,theory,full_reconstruction,4.865609969574646,2.3579877775840384e-59,,,,converged,False,,1,,,,
bounded,theory,full_reconstruction,5.105232708834495,1.9614468682095478e-60,,,,converged,False,,1,,,,
bounded,theory,full_reconstruction,5.3566564468446405,1.7114216774592067e-61,,,,converged,False,,1,,,,
bounded,theory,full_reconstruction,5.620462362052236,1.5603087850189829e-62,,,,converged,False,,1,,,,
bounded,theory,full_reconstruction,5.897260254921474,1.4806625436967793e-63,,,,converged,False,,1,,,,
bounded,theory,full_reconstruction,6.187689957517644,1.4546660034140892e-64,,,,converged,False,,1,,,,
bounded,theory,full_reconstruction,6.492422812510671,1.473886660071222e-65,,,,converged,False,,1,,,,
bounded,theory,full_reconstruction,6.812163225017048,1.5331112247092894e-66,,,,converged,False,,1,,,,
bounded,theory,full_reconstruction,7.147650290867185,1.629735265952885e-67,,,,converged,False,,1,,,,
bounded,theory,full_reconstruction,7.499659505062127,1.762496443246957e-68,,,,converged,False,,1,,,,
bounded,theory,full_reconstruction,7.869004554368707,1.9304124179004519e-69,,,,converged,False,,1,,,,
bounded,theory,full_reconstruction,8.256539198196908,2.1317459096384803e-70,,,,converged,False,,1,,,,
bounded,theory,full_reconstruction,8.663159242107085,2.358452194633855e-71,,,,converged,False,,1,,,,
bounded,theory,full_reconstruction,9.089804608509002,2.4386083842908847e-72,,,,converged,False,,1,,,,
bounded,theory,full_reconstruction,9.537461509339078,2.3989360715621978e-73,,,,converged,False,,1,,,,
bounded,theory,full_reconstruction,10.007164725738267,2.270699550382571e-74,,,,converged,False,,1,,,,
bounded,theory,full_reconstruction,10.5,2.077724380589874e-75,,,,converged,False,,1,,,,
bounded,theory,static,0.0899999999999999,1.1625367433882037e-237,,,,converged,False,,1,0.75,,,
bounded,theory,static,0.0944323418170058,4.495402804128725e-241,,,,converged,False,,1,0.75,,,
bounded,theory,static,0.0990829686782647,1.3082558512047983e-244,,,,converged,False,,1,0.75,,,
bounded,theory,static,0.1039626307385509,1.0805162510813908e-242,,,,converged,False,,1,0.75,,,
bounded,theory,static,0.1090826075788666,1.946951979289528e-246,,,,converged,False,,1,0.75,,,
bounded,theory,static,0.1144547342797539,2.2819257033678368e-250,,,,converged,False,,1,0.75,,,
bounded,theory,static,0.1200914287786699,1.788866099413215e-254,,,,converged,False,,1,0.75,,,
bounded,theory,static,0.1260057205746664,8.700659600216313e-253,,,,converged,False,,1,0.75,,,
bounded,theory,static,0.1322112808467225,2.7197381119296044e-263,,,,converged,False,,1,0.75,,,
bounded,theory,static,0.138722454055354,7.708671509046521e-262,,,,converged,False,,1,0.75,,,
bounded,theory,static,0.1455542911005453,9.65230697582398e-267,,,,converged,False,,1,0.75,,,
bounded,theory,static,0.1527225841126518,6.533999807351198e-272,,,,converged,False,,1,0.75,,,
bounded,theory,static,0.160243902956693,2.119838885628112e-277,,,,converged,False,,1,0.75,,,
bounded,theory,static,0.1681356335344172,3.225192148665348e-283,,,,converged,False,,1,0.75,,,
bounded,theory,static,0.1764160179726768,1.3911668692059866e-282,,,,converged,False,,1,0.75,,,
bounded,theory,static,0.1851041967910096,4.6745058009723255e-289,,,,converged,False,,1,0.75,,,
bounded,theory,static,0.1942202531458993,7.58520219929322e-289,,,,converged,False,,1,0.75,,,
bounded,theory,static,0.2037852592539886,3.7518546040283606e-296,,,,converged,False,,1,0.75,,,
bounded,theory,static,0.2138213251015534,1.5592096570617191e-296,,,,converged,False,,1,0.75,,,
bounded,theory,static,0.2243516495528336,3.443906589353965e-297,,,,converged,False,,1,0.75,,,
bounded,theory,static,0.2354005739753588,3.4295281920045744e-298,,,,converged,False,,1,0.75,,,
bounded,theory,static,0.2469936385062272,2.0828618727006106e-291,,,,converged,False,,1,0.75,,,
bounded,theory,static,0.2591576410894004,4.609449595192522e-293,,,,converged,False,,1,0.75,,,
bounded,theory,static,0.2719206994204797,1.4189796803200142e-286,,,,converged,False,,1,0.75,,,
bounded,theory,static,0.2853123159421561,3.240511560204268e-280,,,,converged,False,,1,0.75,,,
bounded,theory,static,0.2993634460405695,1.34523871794945e-264,,,,converged,False,,1,0.75,,,
bounded,theory,static,0.3141065696002205,1.761412316655407e-248,,,,converged,False,,1,0.75,,,
bounded,theory,static,0.3295757660828352,2.3352928474296214e-221,,,,converged,False,,1,0.75,,,
bounded,theory,static,0.3458067933037317,2.355696397751324e-192,,,,converged,False,,1,0.75,,,
bounded,theory,static,0.3628371700877854,1.0392216763701871e-160,,,,converged,False,,1,0.75,,,
bounded,theory,static,0.3807062629960537,4.671101291978552e-111,,,,converged,False,,1,0.75,,,
bounded,theory,static,0.3994553773235364,4.615412312232555e-53,,,,converged,False,,1,0.75,,,
bounded,theory,static,0.4191278525784138,2.4204300459024786e-33,,,,converged,False,,1,0.75,,,
bounded,theory,static,0.4397691626634711,1.104372558984875e-20,,,,converged,False,,1,0.75,,,
bounded,theory,static,0.4614270209912817,1.2034939059479965e-15,,,,converged,False,,1,0.75,,,
bounded,theory,static,0.4841514907761273,1.876266794254854e-12,,,,converged,False,,1,0.75,,,
bounded,theory,static,0.5079951007576022,2.1933363887956198e-10,,,,converged,False,,1,0.75,,,
bounded,theory,static,0.5330129666234025,5.895036742870143e-09,,,,converged,False,,1,0.75,,,
bounded,theory,static,0.559262918411972,6.358939860614783e-08,,,,converged,False,,1,0.75,,,
bounded,theory,static,0.5868056341895066,2.2691110545466857e-07,,,,converged,False,,1,0.75,,,
bounded,theory,static,0.6157047803103154,2.41985151428233e-07,,,,converged,False,,1,0.75,,,
bounded,theory,static,0.6460271585847579,2.566363710994549e-07,,,,converged,False,,1,0.75,,,
bounded,theory,static,0.6778428606949434,2.7158657104157853e-07,,,,converged,False,,1,0.75,,,
bounded,theory,static,0.7112254302151331,2.876567406405559e-07,,,,converged,False,,1,0.75,,,
bounded,theory,static,0.746252032611361,3.057979107515851e-07,,,,converged,False,,1,0.75,,,
bounded,theory,static,0.7830036336132382,3.2714591765703893e-07,,,,converged,False,,1,0.75,,,
bounded,theory,static,0.8215651863702547,3.483465106503963e-07,,,,converged,False,,1,0.75,,,
bounded,theory,static,0.8620258278252001,3.658448792325889e-07,,,,converged,False,,1,0.75,,,
bounded,theory,static,0.9044790847586306,3.907561835019145e-07,,,,converged,False,,1,0.75,,,
bounded,theory,static,0.949023089980662,4.153633686943128e-07,,,,converged,False,,1,0.75,,,
bounded,theory,static,0.9957608091698334,4.418482860588667e-07,,,,converged,False,,1,0.75,,,
bounded,theory,static,1.044800278883378,4.730285102465854e-07,,,,converged,False,,1,0.75,,,
bounded,theory,static,1.0962548562890913,5.071969355124296e-07,,,,converged,False,,1,0.75,,,
bounded,theory,static,1.1502434811960451,5.432525278512164e-07,,,,converged,False,,1,0.75,,,
bounded,theory,static,1.2068909509898635,5.810470459152187e-07,,,,converged,False,,1,0.75,,,
bounded,theory,static,1.2663282091080668,6.274589002525505e-07,,,,converged,False,,1,0.75,,,
bounded,theory,static,1.3286926477223318,6.802843682249425e-07,,,,converged,False,,1,0.75,,,
bounded,theory,static,1.3941284253273083,7.398232244379416e-07,,,,converged,False,,1,0.75,,,
bounded,theory,static,1.4627867999701392,8.102367801035635e-07,,,,converged,False,,1,0.75,,,
bounded,theory,static,1.534826478890937,8.894977144066072e-07,,,,converged,False,,1,0.75,,,
bounded,theory,static,1.6104139853824502,9.839981331822986e-07,,,,converged,False,,1,0.75,,,
bounded,theory,static,1.6897240437169128,1.1014238931072063e-06,,,,converged,False,,1,0.75,,,
bounded,theory,static,1.7729399830298769,1.2527970085200016e-06,,,,converged,False,,1,0.75,,,
bounded,theory,static,1.860254161094598,1.4423937744082877e-06,,,,converged,False,,1,0.75,,,
bounded,theory,static,1.9518684089665843,1.6916505695694568e-06,,,,converged,False,,1,0.75,,,
bounded,theory,static,2.047994497526088,2.0489786523753142e-06,,,,converged,False,,1,0.75,,,
bounded,theory,static,2.148854626997007,2.57302091780257e-06,,,,converged,False,,1,0.75,,,
bounded,theory,static,2.2546819405737337,3.4570798569421383e-06,,,,converged,False,,1,0.75,,,
bounded,theory,static,2.3,4.017643704222977e-06,,,,converged,False,,1,0.75,,,
bounded,theory,static,2.31,4.16746645782063e-06,,,,converged,False,,1,0.75,,,
bounded,theory,static,2.32,4.326642128372597e-06,,,,converged,False,,1,0.75,,,
bounded,theory,static,2.33,4.497218508009499e-06,,,,converged,False,,1,0.75,,,
bounded,theory,static,2.34,4.675620999521228e-06,,,,converged,False,,1,0.75,,,
bounded,theory,static,2.35,4.873732192236673e-06,,,,converged,False,,1,0.75,,,
bounded,theory,static,2.36,5.09145127300174e-06,,,,converged,False,,1,0.75,,,
bounded,theory,static,2.365721063343209,5.216459683698725e-06,,,,converged,False,,1,0.75,,,
bounded,theory,static,2.37,5.316998462757762e-06,,,,converged,False,,1,0.75,,,
bounded,theory,static,2.38,5.569237770547564e-06,,,,converged,False,,1,0.75,,,
bounded,theory,static,2.39,5.849557796234528e-06,,,,converged,False,,1,0.75,,,
bounded,theory,static,2.4,6.149571097108915e-06,,,,converged,False,,1,0.75,,,
bounded,theory,static,2.41,6.487159318804013e-06,,,,converged,False,,1,0.75,,,
bounded,theory,static,2.42,6.851879810030932e-06,,,,converged,False,,1,0.75,,,
bounded,theory,static,2.43,7.269907174737476e-06,,,,converged,False,,1,0.75,,,
bounded,theory,static,2.44,7.729387067291513e-06,,,,converged,False,,1,0.75,,,
bounded,theory,static,2.45,8.254152398698784e-06,,,,converged,False,,1,0.75,,,
bounded,theory,static,2.46,8.852428004919037e-06,,,,converged,False,,1,0.75,,,
bounded,theory,static,2.47,9.537927279508268e-06,,,,converged,False,,1,0.75,,,
bounded,theory,static,2.48,1.0333218238331025e-05,,,,converged,False,,1,0.75,,,
bounded,theory,static,2.482228667747961,1.052952967955864e-05,,,,converged,False,,1,0.75,,,
bounded,theory,static,2.49,1.1271352053539955e-05,,,,converged,False,,1,0.75,,,
bounded,theory,static,2.5,1.2385046476681655e-05,,,,converged,False,,1,0.75,,,
bounded,theory,static,2.51,1.374649791746318e-05,,,,converged,False,,1,0.75,,,
bounded,theory,static,2.52,1.5421308476759548e-05,,,,converged,False,,1,0.75,,,
bounded,theory,static,2.53,1.7560346272373484e-05,,,,converged,False,,1,0.75,,,
bounded,theory,static,2.54,2.0366084623902074e-05,,,,converged,False,,1,0.75,,,
bounded,theory,static,2.55,2.421862656644801e-05,,,,converged,False,,1,0.75,,,
bounded,theory,static,2.56,2.9838976740115825e-05,,,,converged,False,,1,0.75,,,
bounded,theory,static,2.57,3.879456753197038e-05,,,,converged,False,,1,0.75,,,
bounded,theory,static,2.58,5.531047981418433e-05,,,,converged,False,,1,0.75,,,
bounded,theory,static,2.59,9.60010224011725e-05,,,,converged,False,,1,0.75,,,
bounded,theory,static,2.6,0.0003584658043955,,,,converged,False,,1,0.75,,,
bounded,theory,static,2.6044740668971835,0.0166249241405531,,,,converged,False,,1,0.75,,,
bounded,theory,static,2.61,0.0443398439951435,,,,converged,False,,1,0.75,,,
bounded,theory,static,2.62,0.0712298774680875,,,,converged,False,,1,0.75,,,
bounded,theory,static,2.63,0.0903318213672425,,,,converged,False,,1,0.75,,,
bounded,theory,static,2.64,0.1059565256537589,,,,converged,False,,1,0.75,,,
bounded,theory,static,2.65,0.1194757173939285,,,,converged,False,,1,0.75,,,
bounded,theory,static,2.66,0.1315413334179749,,,,converged,False,,1,0.75,,,
bounded,theory,static,2.67,0.1425240126805644,,,,converged,False,,1,0.75,,,
bounded,theory,static,2.68,0.1526583873240448,,,,converged,False,,1,0.75,,,
bounded,theory,static,2.69,0.1621042333646332,,,,converged,False,,1,0.75,,,
bounded,theory,static,2.7,0.1709762310219029,,,,converged,False,,1,0.75,,,
bounded,theory,static,2.71,0.1793600302223104,,,,converged,False,,1,0.75,,,
bounded,theory,static,2.72,0.1873216283106069,,,,converged,False,,1,0.75,,,
bounded,theory,static,2.73,0.1949131888477015,,,,converged,False,,1,0.75,,,
bounded,theory,static,2.7327398370973586,0.196934335018654,,,,converged,False,,1,0.75,,,
bounded,theory,static,2.74,0.2021767834244635,,,,converged,False,,1,0.75,,,
bounded,theory,static,2.75,0.2091469616797543,,,,converged,False,,1,0.75,,,
bounded,theory,static,2.76,0.2158524968587598,,,,converged,False,,1,0.75,,,
bounded,theory,static,2.77,0.2223176790520898,,,,converged,False,,1,0.75,,,
bounded,theory,static,2.78,0.2285632244066616,,,,converged,False,,1,0.75,,,
bounded,theory,static,2.79,0.2346069891340172,,,,converged,False,,1,0.75,,,
bounded,theory,static,2.8,0.2404644878314184,,,,converged,False,,1,0.75,,,
bounded,theory,static,2.81,0.2461493107017665,,,,converged,False,,1,0.75,,,
bounded,theory,static,2.82,0.2516734340729353,,,,converged,False,,1,0.75,,,
bounded,theory,static,2.83,0.2570474914714403,,,,converged,False,,1,0.75,,,
bounded,theory,static,2.84,0.2622809676157276,,,,converged,False,,1,0.75,,,
bounded,theory,static,2.85,0.2673823768705819,,,,converged,False,,1,0.75,,,
bounded,theory,static,2.86,0.2723593805888578,,,,converged,False,,1,0.75,,,
bounded,theory,static,2.8673224710414065,0.2759289124488523,,,,converged,False,,1,0.75,,,
bounded,theory,static,2.87,0.2772189225744697,,,,converged,False,,1,0.75,,,
bounded,theory,static,2.88,0.2819673067507189,,,,converged,False,,1,0.75,,,
bounded,theory,static,2.89,0.2866102844791146,,,,converged,False,,1,0.75,,,
bounded,theory,static,2.9,0.2911531212173804,,,,converged,False,,1,0.75,,,
bounded,theory,static,2.91,0.2956006429422745,,,,converged,False,,1,0.75,,,
bounded,theory,static,2.92,0.2999573053527622,,,,converged,False,,1,0.75,,,
bounded,theory,static,2.93,0.3042272123674081,,,,converged,False,,1,0.75,,,
bounded,theory,static,2.94,0.3084141650844381,,,,converged,False,,1,0.75,,,
bounded,theory,static,2.95,0.3125216929050572,,,,converged,False,,1,0.75,,,
bounded,theory,static,2.96,0.3165530757962567,,,,converged,False,,1,0.75,,,
bounded,theory,static,2.97,0.3205113754920273,,,,converged,False,,1,0.75,,,
bounded,theory,static,2.98,0.3243994442591448,,,,converged,False,,1,0.75,,,
bounded,theory,static,2.99,0.3282199579294799,,,,converged,False,,1,0.75,,,
bounded,theory,static,3.0,0.3319754178108114,,,,converged,False,,1,0.75,,,
bounded,theory,static,3.008533063166267,0.3351303126218206,,,,converged,False,,1,0.75,,,
bounded,theory,static,3.01,0.3356681818556995,,,,converged,False,,1,0.75,,,
bounded,theory,static,3.02,0.3393004586464698,,,,converged,False,,1,0.75,,,
bounded,theory,static,3.03,0.3428743331267603,,,,converged,False,,1,0.75,,,
bounded,theory,static,3.04,0.3463917721870367,,,,converged,False,,1,0.75,,,
bounded,theory,static,3.05,0.3498546339565412,,,,converged,False,,1,0.75,,,
bounded,theory,static,3.06,0.3532646761663108,,,,converged,False,,1,0.75,,,
bounded,theory,static,3.07,0.3566235636944914,,,,converged,False,,1,0.75,,,
bounded,theory,static,3.08,0.3599328709278214,,,,converged,False,,1,0.75,,,
bounded,theory,static,3.09,0.3631941014199716,,,,converged,False,,1,0.75,,,
bounded,theory,static,3.1,0.3664086777838654,,,,converged,False,,1,0.75,,,
bounded,theory,static,3.11,0.3695779580055519,,,,converged,False,,1,0.75,,,
bounded,theory,static,3.12,0.3727032290422335,,,,converged,False,,1,0.75,,,
bounded,theory,static,3.13,0.3757857243457864,,,,converged,False,,1,0.75,,,
bounded,theory,static,3.14,0.3788266167615526,,,,converged,False,,1,0.75,,,
bounded,theory,static,3.15,0.3818270308547264,,,,converged,False,,1,0.75,,,
bounded,theory,static,3.156698028763117,0.3838146173141454,,,,converged,False,,1,0.75,,,
bounded,theory,static,3.16,0.3847880396636098,,,,converged,False,,1,0.75,,,
bounded,theory,static,3.17,0.3877106677721182,,,,converged,False,,1,0.75,,,
bounded,theory,static,3.18,0.3905959005588919,,,,converged,False,,1,0.75,,,
bounded,theory,static,3.19,0.3934446781820551,,,,converged,False,,1,0.75,,,
bounded,theory,static,3.2,0.3962579044055618,,,,converged,False,,1,0.75,,,
bounded,theory,static,3.21,0.399036446651095,,,,converged,False,,1,0.75,,,
bounded,theory,static,3.22,0.4017811401514415,,,,converged,False,,1,0.75,,,
bounded,theory,static,3.23,0.4044927814284436,,,,converged,False,,1,0.75,,,
bounded,theory,static,3.24,0.4071721447876246,,,,converged,False,,1,0.75,,,
bounded,theory,static,3.25,0.4098199692423499,,,,converged,False,,1,0.75,,,
bounded,theory,static,3.26,0.4124369663796549,,,,converged,False,,1,0.75,,,
bounded,theory,static,3.27,0.4150238279839044,,,,converged,False,,1,0.75,,,
bounded,theory,static,3.28,0.4175812128368283,,,,converged,False,,1,0.75,,,
bounded,theory,static,3.29,0.4201097645404743,,,,converged,False,,1,0.75,,,
bounded,theory,static,3.3,0.422610096154499,,,,converged,False,,1,0.75,,,
bounded,theory,static,3.31,0.4250828057135801,,,,converged,False,,1,0.75,,,
bounded,theory,static,3.3121598585025254,0.4256133052134008,,,,converged,False,,1,0.75,,,
bounded,theory,static,3.32,0.4275284669743504,,,,converged,False,,1,0.75,,,
bounded,theory,static,3.33,0.429947640586867,,,,converged,False,,1,0.75,,,
bounded,theory,static,3.34,0.4323408607296468,,,,converged,False,,1,0.75,,,
bounded,theory,static,3.35,0.4347086481886023,,,,converged,False,,1,0.75,,,
bounded,theory,static,3.36,0.437051511103892,,,,converged,False,,1,0.75,,,
bounded,theory,static,3.37,0.4393699335947869,,,,converged,False,,1,0.75,,,
bounded,theory,static,3.38,0.4416643886110055,,,,converged,False,,1,0.75,,,
bounded,theory,static,3.39,0.4439353365432127,,,,converged,False,,1,0.75,,,
bounded,theory,static,3.4,0.4461832218384647,,,,converged,False,,1,0.75,,,
bounded,theory,static,3.41,0.4484084736083446,,,,converged,False,,1,0.75,,,
bounded,theory,static,3.42,0.4506115121906776,,,,converged,False,,1,0.75,,,
bounded,theory,static,3.43,0.4527927416861967,,,,converged,False,,1,0.75,,,
bounded,theory,static,3.44,0.4549525584365834,,,,converged,False,,1,0.75,,,
bounded,theory,static,3.45,0.4570913435428357,,,,converged,False,,1,0.75,,,
bounded,theory,static,3.46,0.4592094712559303,,,,converged,False,,1,0.75,,,
bounded,theory,static,3.47,0.4613073014842128,,,,converged,False,,1,0.75,,,
bounded,theory,static,3.475277910118624,0.4624064530024106,,,,converged,False,,1,0.75,,,
bounded,theory,static,3.4799999999999995,0.4633851861346841,,,,converged,False,,1,0.75,,,
bounded,theory,static,3.49,0.4654434694846122,,,,converged,False,,1,0.75,,,
bounded,theory,static,3.5,0.4674824826446587,,,,converged,False,,1,0.75,,,
bounded,theory,static,3.51,0.4695025517792507,,,,converged,False,,1,0.75,,,
bounded,theory,static,3.52,0.471503990574865,,,,converged,False,,1,0.75,,,
bounded,theory,static,3.53,0.4734871084035209,,,,converged,False,,1,0.75,,,
bounded,theory,static,3.54,0.4754522008518154,,,,converged,False,,1,0.75,,,
bounded,theory,static,3.55,0.4773995636571858,,,,converged,False,,1,0.75,,,
bounded,theory,static,3.56,0.4793294812820847,,,,converged,False,,1,0.75,,,
bounded,theory,static,3.57,0.4812422291318675,,,,converged,False,,1,0.75,,,
bounded,theory,static,3.58,0.4831380777029252,,,,converged,False,,1,0.75,,,
bounded,theory,static,3.59,0.4850172908609774,,,,converged,False,,1,0.75,,,
bounded,theory,static,3.6,0.4868801280000423,,,,converged,False,,1,0.75,,,
bounded,theory,static,3.61,0.4887268365438291,,,,converged,False,,1,0.75,,,
bounded,theory,static,3.62,0.4905576675865237,,,,converged,False,,1,0.75,,,
bounded,theory,static,3.63,0.4923728548742845,,,,converged,False,,1,0.75,,,
bounded,theory,static,3.64,0.4941726362015624,,,,converged,False,,1,0.75,,,
bounded,theory,static,3.646429239082352,0.495321727719271,,,,converged,False,,1,0.75,,,
bounded,theory,static,3.65,0.4959572381841997,,,,converged,False,,1,0.75,,,
bounded,theory,static,3.66,0.4977268841327775,,,,converged,False,,1,0.75,,,
bounded,theory,static,3.67,0.4994817922913881,,,,converged,False,,1,0.75,,,
bounded,theory,static,3.68,0.5012221779211821,,,,converged,False,,1,0.75,,,
bounded,theory,static,3.69,0.5029482476937897,,,,converged,False,,1,0.75,,,
bounded,theory,static,3.7,0.5046602056008146,,,,converged,False,,1,0.75,,,
bounded,theory,static,3.71,0.5063582530785614,,,,converged,False,,1,0.75,,,
bounded,theory,static,3.72,0.508042581518929,,,,converged,False,,1,0.75,,,
bounded,theory,static,3.73,0.5097133857402327,,,,converged,False,,1,0.75,,,
bounded,theory,static,3.74,0.5113708507773834,,,,converged,False,,1,0.75,,,
bounded,theory,static,3.75,0.5130151596228464,,,,converged,False,,1,0.75,,,
bounded,theory,static,3.76,0.5146464914346406,,,,converged,False,,1,0.75,,,
bounded,theory,static,3.77,0.5162650235520648,,,,converged,False,,1,0.75,,,
bounded,theory,static,3.78,0.5178709258955729,,,,converged,False,,1,0.75,,,
bounded,theory,static,3.79,0.519464366782627,,,,converged,False,,1,0.75,,,
bounded,theory,static,3.8,0.5210455111185217,,,,converged,False,,1,0.75,,,
bounded,theory,static,3.81,0.522614520492419,,,,converged,False,,1,0.75,,,
bounded,theory,static,3.82,0.5241715532698844,,,,converged,False,,1,0.75,,,
bounded,theory,static,3.82600947018388,0.5251015522508029,,,,converged,False,,1,0.75,,,
bounded,theory,static,3.83,0.5257167665761037,,,,converged,False,,1,0.75,,,
bounded,theory,static,3.84,0.5272503107050217,,,,converged,False,,1,0.75,,,
bounded,theory,static,3.85,0.5287723348822373,,,,converged,False,,1,0.75,,,
bounded,theory,static,3.86,0.5302829854479243,,,,converged,False,,1,0.75,,,
bounded,theory,static,3.87,0.5317824059341132,,,,converged,False,,1,0.75,,,
bounded,theory,static,3.88,0.5332707371392947,,,,converged,False,,1,0.75,,,
bounded,theory,static,3.89,0.5347481190799459,,,,converged,False,,1,0.75,,,
bounded,theory,static,3.9,0.5362146835515935,,,,converged,False,,1,0.75,,,
bounded,theory,static,3.91,0.5376705673303461,,,,converged,False,,1,0.75,,,
bounded,theory,static,3.92,0.5391158991047331,,,,converged,False,,1,0.75,,,
bounded,theory,static,3.93,0.5405508070458747,,,,converged,False,,1,0.75,,,
bounded,theory,static,3.94,0.5419754169887695,,,,converged,False,,1,0.75,,,
bounded,theory,static,3.95,0.5433898524910772,,,,converged,False,,1,0.75,,,
bounded,theory,static,3.96,0.544794236760373,,,,converged,False,,1,0.75,,,
bounded,theory,static,3.97,0.5461886852354354,,,,converged,False,,1,0.75,,,
bounded,theory,static,3.98,0.5475733187105969,,,,converged,False,,1,0.75,,,
bounded,theory,static,3.99,0.5489482484572848,,,,converged,False,,1,0.75,,,
bounded,theory,static,4.0,0.5503135912017677,,,,converged,False,,1,0.75,,,
bounded,theory,static,4.01,0.5516694561067442,,,,converged,False,,1,0.75,,,
bounded,theory,static,4.014433712038952,0.5522676044167606,,,,converged,False,,1,0.75,,,
bounded,theory,static,4.02,0.553015952289447,,,,converged,False,,1,0.75,,,
bounded,theory,static,4.029999999999999,0.554353186997231,,,,converged,False,,1,0.75,,,
bounded,theory,static,4.04,0.5556812675140863,,,,converged,False,,1,0.75,,,
bounded,theory,static,4.05,0.5570002937592389,,,,converged,False,,1,0.75,,,
bounded,theory,static,4.06,0.5583103694882412,,,,converged,False,,1,0.75,,,
bounded,theory,static,4.07,0.5596115967626915,,,,converged,False,,1,0.75,,,
bounded,theory,static,4.08,0.5609040703943822,,,,converged,False,,1,0.75,,,
bounded,theory,static,4.09,0.5621878910201279,,,,converged,False,,1,0.75,,,
bounded,theory,static,4.1,0.5634631520995924,,,,converged,False,,1,0.75,,,
bounded,theory,static,4.109999999999999,0.5647299474064521,,,,converged,False,,1,0.75,,,
bounded,theory,static,4.12,0.5659883691967972,,,,converged,False,,1,0.75,,,
bounded,theory,static,4.13,0.5672385082427788,,,,converged,False,,1,0.75,,,
bounded,theory,static,4.14,0.5684804538652931,,,,converged,False,,1,0.75,,,
bounded,theory,static,4.15,0.5697142939657386,,,,converged,False,,1,0.75,,,
bounded,theory,static,4.16,0.5709401169152092,,,,converged,False,,1,0.75,,,
bounded,theory,static,4.17,0.572158004158633,,,,converged,False,,1,0.75,,,
bounded,theory,static,4.18,0.5733680432282787,,,,converged,False,,1,0.75,,,
bounded,theory,static,4.19,0.5745703129480724,,,,converged,False,,1,0.75,,,
bounded,theory,static,4.2,0.5757648982721714,,,,converged,False,,1,0.75,,,
bounded,theory,static,4.21,0.5769518773533268,,,,converged,False,,1,0.75,,,
bounded,theory,static,4.212137516633042,0.5772046156575334,,,,converged,False,,1,0.75,,,
bounded,theory,static,4.22,0.5781313271317287,,,,converged,False,,1,0.75,,,
bounded,theory,static,4.23,0.5793033288967712,,,,converged,False,,1,0.75,,,
bounded,theory,static,4.24,0.580467957218104,,,,converged,False,,1,0.75,,,
bounded,theory,static,4.25,0.5816252873707366,,,,converged,False,,1,0.75,,,
bounded,theory,static,4.26,0.5827753935066501,,,,converged,False,,1,0.75,,,
bounded,theory,static,4.27,0.5839183486776062,,,,converged,False,,1,0.75,,,
bounded,theory,static,4.279999999999999,0.5850542267051322,,,,converged,False,,1,0.75,,,
bounded,theory,static,4.29,0.5861830948160439,,,,converged,False,,1,0.75,,,
bounded,theory,static,4.3,0.5873050247366385,,,,converged,False,,1,0.75,,,
bounded,theory,static,4.3100000000000005,0.5884200871803141,,,,converged,False,,1,0.75,,,
bounded,theory,static,4.32,0.5895283463365787,,,,converged,False,,1,0.75,,,
bounded,theory,static,4.33,0.590629872785737,,,,converged,False,,1,0.75,,,
bounded,theory,static,4.34,0.5917247287916994,,,,converged,False,,1,0.75,,,
bounded,theory,static,4.35,0.5928129830400892,,,,converged,False,,1,0.75,,,
bounded,theory,static,4.359999999999999,0.5938946959334054,,,,converged,False,,1,0.75,,,
bounded,theory,static,4.369999999999999,0.5949699343448763,,,,converged,False,,1,0.75,,,
bounded,theory,static,4.38,0.5960387587277487,,,,converged,False,,1,0.75,,,
bounded,theory,static,4.39,0.5971012305150699,,,,converged,False,,1,0.75,,,
bounded,theory,static,4.4,0.5981574102882786,,,,converged,False,,1,0.75,,,
bounded,theory,static,4.41,0.5992073577931816,,,,converged,False,,1,0.75,,,
bounded,theory,static,4.419577886121397,0.6002071964353929,,,,converged,False,,1,0.75,,,
bounded,theory,static,4.42,0.600251131955548,,,,converged,False,,1,0.75,,,
bounded,theory,static,4.43,0.6012887908963279,,,,converged,False,,1,0.75,,,
bounded,theory,static,4.44,0.6023203919465111,,,,converged,False,,1,0.75,,,
bounded,theory,static,4.449999999999999,0.6033459916616307,,,,converged,False,,1,0.75,,,
bounded,theory,static,4.46,0.6043656458359277,,,,converged,False,,1,0.75,,,
bounded,theory,static,4.47,0.6053794113552289,,,,converged,False,,1,0.75,,,
bounded,theory,static,4.48,0.6063873388606988,,,,converged,False,,1,0.75,,,
bounded,theory,static,4.49,0.6073894837781266,,,,converged,False,,1,0.75,,,
bounded,theory,static,4.5,0.6083859008313681,,,,converged,False,,1,0.75,,,
bounded,theory,static,4.51,0.6093766385396635,,,,converged,False,,1,0.75,,,
bounded,theory,static,4.52,0.6103617520779616,,,,converged,False,,1,0.75,,,
bounded,theory,static,4.529999999999999,0.6113412886174043,,,,converged,False,,1,0.75,,,
bounded,theory,static,4.54,0.6123153020010095,,,,converged,False,,1,0.75,,,
bounded,theory,static,4.55,0.6132838380910617,,,,converged,False,,1,0.75,,,
bounded,theory,static,4.5600000000000005,0.6142469494524199,,,,converged,False,,1,0.75,,,
bounded,theory,static,4.57,0.6152046825146604,,,,converged,False,,1,0.75,,,
bounded,theory,static,4.58,0.6161570830994422,,,,converged,False,,1,0.75,,,
bounded,theory,static,4.59,0.6171042019283148,,,,converged,False,,1,0.75,,,
bounded,theory,static,4.6,0.6180460836190012,,,,converged,False,,1,0.75,,,
bounded,theory,static,4.609999999999999,0.6189827740443055,,,,converged,False,,1,0.75,,,
bounded,theory,static,4.619999999999999,0.6199143185030492,,,,converged,False,,1,0.75,,,
bounded,theory,static,4.63,0.6208407617297028,,,,converged,False,,1,0.75,,,
bounded,theory,static,4.637234329212179,0.6215078260111239,,,,converged,False,,1,0.75,,,
bounded,theory,static,4.64,0.6217621479038118,,,,converged,False,,1,0.75,,,
bounded,theory,static,4.65,0.6226785206592216,,,,converged,False,,1,0.75,,,
bounded,theory,static,4.66,0.6235899230931056,,,,converged,False,,1,0.75,,,
bounded,theory,static,4.67,0.6244963977748034,,,,converged,False,,1,0.75,,,
bounded,theory,static,4.68,0.6253979867544737,,,,converged,False,,1,0.75,,,
bounded,theory,static,4.69,0.6262947315715645,,,,converged,False,,1,0.75,,,
bounded,theory,static,4.699999999999999,0.6271866732631078,,,,converged,False,,1,0.75,,,
bounded,theory,static,4.71,0.628073854206208,,,,converged,False,,1,0.75,,,
bounded,theory,static,4.72,0.6289563107944558,,,,converged,False,,1,0.75,,,
bounded,theory,static,4.73,0.6298340844349827,,,,converged,False,,1,0.75,,,
bounded,theory,static,4.74,0.6307072160659425,,,,converged,False,,1,0.75,,,
bounded,theory,static,4.75,0.6315757406766888,,,,converged,False,,1,0.75,,,
bounded,theory,static,4.76,0.6324396982784122,,,,converged,False,,1,0.75,,,
bounded,theory,static,4.77,0.633299128444444,,,,converged,False,,1,0.75,,,
bounded,theory,static,4.779999999999999,0.6341540648122567,,,,converged,False,,1,0.75,,,
bounded,theory,static,4.79,0.6350045479016888,,,,converged,False,,1,0.75,,,
bounded,theory,static,4.8,0.6358506104918935,,,,converged,False,,1,0.75,,,
bounded,theory,static,4.8100000000000005,0.636692292250813,,,,converged,False,,1,0.75,,,
bounded,theory,static,4.82,0.6375296251200666,,,,converged,False,,1,0.75,,,
bounded,theory,static,4.83,0.6383626479473701,,,,converged,False,,1,0.75,,,
bounded,theory,static,4.84,0.6391913936859895,,,,converged,False,,1,0.75,,,
bounded,theory,static,4.85,0.640015894905937,,,,converged,False,,1,0.75,,,
bounded,theory,static,4.859999999999999,0.6408361892578144,,,,converged,False,,1,0.75,,,
bounded,theory,static,4.865609969574646,0.6412945410868521,,,,converged,False,,1,0.75,,,
bounded,theory,static,4.869999999999999,0.6416523085285291,,,,converged,False,,1,0.75,,,
bounded,theory,static,4.88,0.6424642841314062,,,,converged,False,,1,0.75,,,
bounded,theory,static,4.89,0.6432721525850276,,,,converged,False,,1,0.75,,,
bounded,theory,static,4.9,0.644075944555878,,,,converged,False,,1,0.75,,,
bounded,theory,static,4.91,0.6448756921789097,,,,converged,False,,1,0.75,,,
bounded,theory,static,4.92,0.6456714272323806,,,,converged,False,,1,0.75,,,
bounded,theory,static,4.93,0.646463181143105,,,,converged,False,,1,0.75,,,
bounded,theory,static,4.94,0.6472509831678944,,,,converged,False,,1,0.75,,,
bounded,theory,static,4.949999999999999,0.6480348676954255,,,,converged,False,,1,0.75,,,
bounded,theory,static,4.96,0.6488148633024464,,,,converged,False,,1,0.75,,,
bounded,theory,static,4.97,0.6495910000605819,,,,converged,False,,1,0.75,,,
bounded,theory,static,4.98,0.6503633077148394,,,,converged,False,,1,0.75,,,
bounded,theory,static,4.99,0.6511318156883028,,,,converged,False,,1,0.75,,,
bounded,theory,static,5.0,0.6518965530867433,,,,converged,False,,1,0.75,,,
bounded,theory,static,5.105232708834495,0.6597225880488492,,,,converged,False,,1,0.75,,,
bounded,theory,static,5.3566564468446405,0.6769223747639027,,,,converged,False,,1,0.75,,,
bounded,theory,static,5.620462362052236,0.6930050831600549,,,,converged,False,,1,0.75,,,
bounded,theory,static,5.897260254921474,0.7080666923359029,,,,converged,False,,1,0.75,,,
bounded,theory,static,6.187689957517644,0.722190978203136,,,,converged,False,,1,0.75,,,
bounded,theory,static,6.492422812510671,0.7354517468878718,,,,converged,False,,1,0.75,,,
bounded,theory,static,6.812163225017048,0.7479145455170246,,,,converged,False,,1,0.75,,,
bounded,theory,static,7.147650290867185,0.7596380008815462,,,,converged,False,,1,0.75,,,
bounded,theory,static,7.499659505062127,0.770674880431373,,,,converged,False,,1,0.75,,,
bounded,theory,static,7.869004554368707,0.7810729171089659,,,,converged,False,,1,0.75,,,
bounded,theory,static,8.256539198196908,0.7908755034295117,,,,converged,False,,1,0.75,,,
bounded,theory,static,8.663159242107085,0.8001222348369472,,,,converged,False,,1,0.75,,,
bounded,theory,static,9.089804608509002,0.8088493782968328,,,,converged,False,,1,0.75,,,
bounded,theory,static,9.537461509339078,0.8170902507983051,,,,converged,False,,1,0.75,,,
bounded,theory,static,10.007164725738267,0.8248755431071425,,,,converged,False,,1,0.75,,,
bounded,theory,static,10.5,0.8322335968192304,,,,converged,False,,1,0.75,,,
homogeneous,simulation,amp,0.5,0.04540696512589966,0.026141836231563055,0.008266774471085217,10,all_seeds_including_nonconverged,False,4000,1,,True,0.05,10
homogeneous,simulation,amp,0.6029542755153482,0.05277393234502231,0.03569261247035165,0.011286995104804033,10,all_seeds_including_nonconverged,False,4000,1,,True,0.05,10
homogeneous,simulation,amp,0.7271077167244768,0.09393684373174731,0.10114853758978148,0.03198597607788675,10,all_seeds_including_nonconverged,False,4000,1,,True,0.05,10
homogeneous,simulation,amp,0.8768254131184519,0.08321547246706075,0.06509317610062215,0.020584269661240367,10,all_seeds_including_nonconverged,False,4000,1,,True,0.05,10
homogeneous,simulation,amp,1.057371263440564,0.2279090975829361,0.08249116333653127,0.02608599629804137,10,all_seeds_including_nonconverged,False,4000,1,,True,0.05,8
homogeneous,simulation,amp,1.2750930481971074,0.3773376870443826,0.08061193205696851,0.025491731188676273,10,all_seeds_including_nonconverged,False,4000,1,,True,0.05,10
homogeneous,simulation,amp,1.537645610180688,0.4211725508473485,0.11236510208378322,0.03553296521020871,10,all_seeds_including_nonconverged,False,4000,1,,True,0.05,10
homogeneous,simulation,amp,1.8542599897717045,0.5376869576813672,0.023935491051585787,0.007569066863758988,10,all_seeds_including_nonconverged,False,4000,1,,True,0.05,10
homogeneous,simulation,amp,2.23606797749979,0.6170503606013942,0.026182521232718133,0.00827964019811088,10,all_seeds_including_nonconverged,False,4000,1,,True,0.05,10
homogeneous,simulation,amp,2.696493494752912,0.6714057161331605,0.012028738627806247,0.003803821144271614,10,all_seeds_including_nonconverged,False,4000,1,,True,0.05,10
homogeneous,simulation,amp,3.251724563121181,0.7289924966265225,0.01203446666110508,0.0038056325074453737,10,all_seeds_including_nonconverged,False,4000,1,,True,0.05,10
homogeneous,simulation,amp,3.9212824562643886,0.773514811083243,0.005180245340354466,0.001638137411399427,10,all_seeds_including_nonconverged,False,4000,1,,True,0.05,10
homogeneous,simulation,amp,4.728708045015879,0.8092367093945139,0.01064161261066304,0.0033651733826865833,10,all_seeds_including_nonconverged,False,4000,1,,True,0.05,10
homogeneous,simulation,amp,5.702389466812296,0.8375432979826121,0.007478906049835014,0.0023650377523891405,10,all_seeds_including_nonconverged,False,4000,1,,True,0.05,10
homogeneous,simulation,amp,6.876560219336321,0.8656276914330686,0.005203675499768882,0.0016455466783684661,10,all_seeds_including_nonconverged,False,4000,1,,True,0.05,10
homogeneous,simulation,amp,8.29250277017519,0.8868368608067666,0.006483630800764151,0.002050304083803609,10,all_seeds_including_nonconverged,False,4000,1,,True,0.05,10
homogeneous,simulation,amp,10.0,0.9057397281912948,0.0030166013418124237,0.0009539331032847384,10,all_seeds_including_nonconverged,False,4000,1,,True,0.05,10
homogeneous,simulation,dynamic,0.5,0.0830475966406483,0.0501850994768173,0.0112217293887752,20,all_seeds,False,2000,1,0.75,,,
homogeneous,simulation,dynamic,0.6029542755153482,0.1058050818271076,0.0657532501964302,0.0147028737180769,20,all_seeds,False,2000,1,0.75,,,
homogeneous,simulation,dynamic,0.7271077167244768,0.1159651197964809,0.0912245334111032,0.0203984257922927,20,all_seeds,False,2000,1,0.75,,,
homogeneous,simulation,dynamic,0.8768254131184519,0.1502835323707266,0.1110674560007187,0.0248354381705574,20,all_seeds,False,2000,1,0.75,,,
homogeneous,simulation,dynamic,1.057371263440564,0.2807677871392693,0.1341640772685283,0.0299999996910963,20,all_seeds,False,2000,1,0.75,,,
homogeneous,simulation,dynamic,1.2750930481971074,0.3098206137501565,0.1267231282456313,0.0283361529078655,20,all_seeds,False,2000,1,0.75,,,
homogeneous,simulation,dynamic,1.537645610180688,0.4479052129296487,0.0756336361975992,0.016912195192332,20,all_seeds,False,2000,1,0.75,,,
homogeneous,simulation,dynamic,1.8542599897717045,0.5142528219308097,0.050737882925356,0.0113453355255522,20,all_seeds,False,2000,1,0.75,,,
homogeneous,simulation,dynamic,2.23606797749979,0.606609069805923,0.0299526132587895,0.0066976079350414,20,all_seeds,False,2000,1,0.75,,,
homogeneous,simulation,dynamic,2.696493494752912,0.6612136911604737,0.0360028536660639,0.0080504828181296,20,all_seeds,False,2000,1,0.75,,,
homogeneous,simulation,dynamic,3.251724563121181,0.7182513634318938,0.0220099172288863,0.0049215671102933,20,all_seeds,False,2000,1,0.75,,,
homogeneous,simulation,dynamic,3.9212824562643886,0.7601667382350767,0.015904030826958,0.003556249404533,20,all_seeds,False,2000,1,0.75,,,
homogeneous,simulation,dynamic,4.728708045015879,0.8051561868205621,0.0149762450960847,0.0033487902082543,20,all_seeds,False,2000,1,0.75,,,
homogeneous,simulation,dynamic,5.702389466812296,0.8299903493593463,0.0106957063610947,0.0023916326490784,20,all_seeds,False,2000,1,0.75,,,
homogeneous,simulation,dynamic,6.876560219336321,0.8564118472228006,0.0079940611975473,0.0017875264254009,20,all_seeds,False,2000,1,0.75,,,
homogeneous,simulation,dynamic,8.29250277017519,0.8824918473552472,0.0063855227822005,0.0014278463012874,20,all_seeds,False,2000,1,0.75,,,
homogeneous,simulation,dynamic,10.0,0.8987910327395714,0.0049036942181778,0.0010964993612718,20,all_seeds,False,2000,1,0.75,,,
homogeneous,simulation,pca,0.5,0.084004051152686,0.0590685100793319,0.0132081203867017,20,all_seeds,False,2000,1,,,,
homogeneous,simulation,pca,0.6029542755153482,0.1006715249818564,0.0541690097653476,0.0121125588109167,20,all_seeds,False,2000,1,,,,
homogeneous,simulation,pca,0.7271077167244768,0.1181063645851897,0.0942919650498113,0.0210843243583412,20,all_seeds,False,2000,1,,,,
homogeneous,simulation,pca,0.8768254131184519,0.1586194319797257,0.1088848048017972,0.0243473825253614,20,all_seeds,False,2000,1,,,,
homogeneous,simulation,pca,1.057371263440564,0.2947870018579693,0.1196731152191842,0.026759722070926,20,all_seeds,False,2000,1,,,,
homogeneous,simulation,pca,1.2750930481971074,0.3329465617781871,0.1096533431027407,0.0245192329137835,20,all_seeds,False,2000,1,,,,
homogeneous,simulation,pca,1.537645610180688,0.4547640446285309,0.0742208124786269,0.0165962782047474,20,all_seeds,False,2000,1,,,,
homogeneous,simulation,pca,1.8542599897717045,0.5215948675211876,0.0533166479747195,0.0119219649203899,20,all_seeds,False,2000,1,,,,
homogeneous,simulation,pca,2.23606797749979,0.611958489156337,0.0298639865865921,0.0066777904086762,20,all_seeds,False,2000,1,,,,
homogeneous,simulation,pca,2.696493494752912,0.6659691500082444,0.0357831994716246,0.0080013666470987,20,all_seeds,False,2000,1,,,,
homogeneous,simulation,pca,3.251724563121181,0.7250467459275785,0.0216121497095983,0.0048326235890564,20,all_seeds,False,2000,1,,,,
homogeneous,simulation,pca,3.9212824562643886,0.7670317733538041,0.0153583012072043,0.0034342205518225,20,all_seeds,False,2000,1,,,,
homogeneous,simulation,pca,4.728708045015879,0.8122288419001128,0.0150828273106898,0.0033726227159592,20,all_seeds,False,2000,1,,,,
homogeneous,simulation,pca,5.702389466812296,0.8361295182931613,0.0104030663027441,0.0023261963427373,20,all_seeds,False,2000,1,,,,
homogeneous,simulation,pca,6.876560219336321,0.8620687291170922,0.007621311959482,0.0017041771619133,20,all_seeds,False,2000,1,,,,
homogeneous,simulation,pca,8.29250277017519,0.8882483102175284,0.0061698913660679,0.0013796296508316,20,all_seeds,False,2000,1,,,,
homogeneous,simulation,pca,10.0,0.9045768896946728,0.0046437521230029,0.0010383745417693,20,all_seeds,False,2000,1,,,,
homogeneous,simulation,static,0.5,0.0323876942677783,0.0212582224488748,0.0047534830476496,20,all_seeds,False,2000,1,0.75,,,
homogeneous,simulation,static,0.6029542755153482,0.0407854315781691,0.0323627219658015,0.0072365246252457,20,all_seeds,False,2000,1,0.75,,,
homogeneous,simulation,static,0.7271077167244768,0.0490706855370224,0.0319879308098587,0.0071527187750404,20,all_seeds,False,2000,1,0.75,,,
homogeneous,simulation,static,0.8768254131184519,0.0630205168341429,0.0431488243955269,0.0096483704497599,20,all_seeds,False,2000,1,0.75,,,
homogeneous,simulation,static,1.057371263440564,0.08504277801152,0.0728539559078533,0.0162906397839732,20,all_seeds,False,2000,1,0.75,,,
homogeneous,simulation,static,1.2750930481971074,0.0876397232713282,0.069311508782673,0.015498524526113,20,all_seeds,False,2000,1,0.75,,,
homogeneous,simulation,static,1.537645610180688,0.1326696229907641,0.0744416013611057,0.0166456480997373,20,all_seeds,False,2000,1,0.75,,,
homogeneous,simulation,static,1.8542599897717045,0.1520305988423292,0.0797059352213906,0.0178227889365224,20,all_seeds,False,2000,1,0.75,,,
homogeneous,simulation,static,2.23606797749979,0.2477371363858066,0.1289233623552619,0.0288281402114203,20,all_seeds,False,2000,1,0.75,,,
homogeneous,simulation,static,2.696493494752912,0.3022203666744111,0.1323618789994018,0.0295970159072264,20,all_seeds,False,2000,1,0.75,,,
homogeneous,simulation,static,3.251724563121181,0.4610935060161362,0.0772518403820674,0.0172740366481266,20,all_seeds,False,2000,1,0.75,,,
homogeneous,simulation,static,3.9212824562643886,0.543796282131051,0.0301382898885352,0.0067391264916359,20,all_seeds,False,2000,1,0.75,,,
homogeneous,simulation,static,4.728708045015879,0.6229278205341563,0.0249486759766339,0.0055786935432369,20,all_seeds,False,2000,1,0.75,,,
homogeneous,simulation,static,5.702389466812296,0.6726440947488862,0.0253614606429281,0.0056709950006272,20,all_seeds,False,2000,1,0.75,,,
homogeneous,simulation,static,6.876560219336321,0.7154892849432826,0.0182785989666172,0.0040872189822813,20,all_seeds,False,2000,1,0.75,,,
homogeneous,simulation,static,8.29250277017519,0.7673460643197219,0.0142643847104751,0.0031896133869831,20,all_seeds,False,2000,1,0.75,,,
homogeneous,simulation,static,10.0,0.7981689744499724,0.0123376025551162,0.0027587717992614,20,all_seeds,False,2000,1,0.75,,,
homogeneous,theory,bayes,0.3,0.00023396580783912574,,,,converged,False,,1,,,,
homogeneous,theory,bayes,0.3111157347726084,0.00023649666332830975,,,,converged,False,,1,,,,
homogeneous,theory,bayes,0.3226433347436668,0.00024034126743280193,,,,converged,False,,1,,,,
homogeneous,theory,bayes,0.3345980605275352,0.0002456251892904892,,,,converged,False,,1,,,,
homogeneous,theory,bayes,0.34699573818171275,0.00025250598566507867,,,,converged,False,,1,,,,
homogeneous,theory,bayes,0.3598527801578908,0.00024391263001524537,,,,converged,False,,1,,,,
homogeneous,theory,bayes,0.3731862070292938,0.0002542982859669682,,,,converged,False,,1,,,,
homogeneous,theory,bayes,0.3870136700230717,0.0002669227871469778,,,,converged,False,,1,,,,
homogeneous,theory,bayes,0.4013534743875726,0.00026473398043730785,,,,converged,False,,1,,,,
homogeneous,theory,bayes,0.41622460362542973,0.000265382453712755,,,,converged,False,,1,,,,
homogeneous,theory,bayes,0.4316467446245443,0.00026901780574551347,,,,converged,False,,1,,,,
homogeneous,theory,bayes,0.44764031372023194,0.00027589816332335674,,,,converged,False,,1,,,,
homogeneous,theory,bayes,0.4642264837230364,0.00028641358723812207,,,,converged,False,,1,,,,
homogeneous,theory,bayes,0.48142721194798943,0.0002850782527157462,,,,converged,False,,1,,,,
homogeneous,theory,bayes,0.4992652692824235,0.00028866216566857437,,,,converged,False,,1,,,,
homogeneous,theory,bayes,0.517764270330818,0.0002975733587920896,,,,converged,False,,1,,,,
homogeneous,theory,bayes,0.5369487046765863,0.00031254288537575526,,,,converged,False,,1,,,,
homogeneous,theory,bayes,0.5568439693021884,0.0003195414124620853,,,,converged,False,,1,,,,
homogeneous,theory,bayes,0.5774764022104871,0.0003204377837233187,,,,converged,False,,1,,,,
homogeneous,theory,bayes,0.5988733172918602,0.00033129668444603324,,,,converged,False,,1,,,,
homogeneous,theory,bayes,0.6210630404832219,0.0003399430458833479,,,,converged,False,,1,,,,
homogeneous,theory,bayes,0.6440749472668262,0.0003492514966717267,,,,converged,False,,1,,,,
homogeneous,theory,bayes,0.6679395015584924,0.00036263132181189867,,,,converged,False,,1,,,,
homogeneous,theory,bayes,0.692688296036734,0.00038430204276076844,,,,converged,False,,1,,,,
homogeneous,theory,bayes,0.718354093966182,0.00040803605634584587,,,,converged,False,,1,,,,
homogeneous,theory,bayes,0.7449708725706671,0.00043113975367267183,,,,converged,False,,1,,,,
homogeneous,theory,bayes,0.7725738680133811,0.00045607033193834616,,,,converged,False,,1,,,,
homogeneous,theory,bayes,0.8011996220436644,0.0004826819341796089,,,,converged,False,,1,,,,
homogeneous,theory,bayes,0.8308860303721695,0.0005338311354546831,,,,converged,False,,1,,,,
homogeneous,theory,bayes,0.8616723928384445,0.0005853905581815242,,,,converged,False,,1,,,,
homogeneous,theory,bayes,0.8935994654373478,0.0006748796379230588,,,,converged,False,,1,,,,
homogeneous,theory,bayes,0.9267095142731687,0.0008144799195408065,,,,converged,False,,1,,,,
homogeneous,theory,bayes,0.9610463715128799,0.0011255716914301058,,,,converged,False,,1,,,,
homogeneous,theory,bayes,0.9966554934125963,0.0038480960280517606,,,,converged,False,,1,,,,
homogeneous,theory,bayes,1.033584020494055,0.12850357731309123,,,,converged,False,,1,,,,
homogeneous,theory,bayes,1.0718808399507824,0.1862600106941042,,,,converged,False,,1,,,,
homogeneous,theory,bayes,1.1115966503665613,0.22988895939137305,,,,converged,False,,1,,,,
homogeneous,theory,bayes,1.152784028831877,0.2664020998716078,,,,converged,False,,1,,,,
homogeneous,theory,bayes,1.1954975005471906,0.2984031656156846,,,,converged,False,,1,,,,
homogeneous,theory,bayes,1.2397936110051868,0.3272007613289674,,,,converged,False,,1,,,,
homogeneous,theory,bayes,1.2857310008475475,0.3535621490434147,,,,converged,False,,1,,,,
homogeneous,theory,bayes,1.3333704834953533,0.3779822754974204,,,,converged,False,,1,,,,
homogeneous,theory,bayes,1.3827751256558836,0.4008022013520768,,,,converged,False,,1,,,,
homogeneous,theory,bayes,1.4340103308123873,0.4222684612050015,,,,converged,False,,1,,,,
homogeneous,theory,bayes,1.4871439258073573,0.4425659842956094,,,,converged,False,,1,,,,
homogeneous,theory,bayes,1.542246250633925,0.46183765565716506,,,,converged,False,,1,,,,
homogeneous,theory,bayes,1.5993902515542469,0.480196487155516,,,,converged,False,,1,,,,
homogeneous,theory,bayes,1.6586515776681552,0.4977337148524583,,,,converged,False,,1,,,,
homogeneous,theory,bayes,1.7201086810599147,0.5145242058951114,,,,converged,False,,1,,,,
homogeneous,theory,bayes,1.7838429206556587,0.53063034301232,,,,converged,False,,1,,,,
homogeneous,theory,bayes,1.8499386699290037,0.5461047656575222,,,,converged,False,,1,,,,
homogeneous,theory,bayes,1.9184834285974133,0.5609924120163224,,,,converged,False,,1,,,,
homogeneous,theory,bayes,1.9895679384571912,0.5753320126208988,,,,converged,False,,1,,,,
homogeneous,theory,bayes,2.063286303510443,0.5891572972121111,,,,converged,False,,1,,,,
homogeneous,theory,bayes,2.1397361145430356,0.6024978957882644,,,,converged,False,,1,,,,
homogeneous,theory,bayes,2.219018578318476,0.6153800018379358,,,,converged,False,,1,,,,
homogeneous,theory,bayes,2.301238651558739,0.627826982453862,,,,converged,False,,1,,,,
homogeneous,theory,bayes,2.386505179889413,0.6398598209593891,,,,converged,False,,1,,,,
homogeneous,theory,bayes,2.4749310419331025,0.6514974632350564,,,,converged,False,,1,,,,
homogeneous,theory,bayes,2.566633298741848,0.6627571378054795,,,,converged,False,,1,,,,
homogeneous,theory,bayes,2.6617333487663797,0.6736546016663938,,,,converged,False,,1,,,,
homogeneous,theory,bayes,2.7603570885673596,0.6842043193151752,,,,converged,False,,1,,,,
homogeneous,theory,bayes,2.862635079481375,0.694419677735906,,,,converged,False,,1,,,,
homogeneous,theory,bayes,2.9687027204623075,0.7043130910269745,,,,converged,False,,1,,,,
homogeneous,theory,bayes,3.0787004273269085,0.7138961214032243,,,,converged,False,,1,,,,
homogeneous,theory,bayes,3.1927738186418493,0.7231796182360027,,,,converged,False,,1,,,,
homogeneous,theory,bayes,3.311073908498353,0.7321737616362043,,,,converged,False,,1,,,,
homogeneous,theory,bayes,3.433757306429592,0.7408881552855456,,,,converged,False,,1,,,,
homogeneous,theory,bayes,3.560986424735518,0.749331912314028,,,,converged,False,,1,,,,
homogeneous,theory,bayes,3.692929693489582,0.7575136518874597,,,,converged,False,,1,,,,
homogeneous,theory,bayes,3.8297617835119837,0.7654416037867056,,,,converged,False,,1,,,,
homogeneous,theory,bayes,3.9716638376046207,0.7731236199018727,,,,converged,False,,1,,,,
homogeneous,theory,bayes,4.1188237103538645,0.7805672206191083,,,,converged,False,,1,,,,
homogeneous,theory,bayes,4.271436216818614,0.7877796028473211,,,,converged,False,,1,,,,
homogeneous,theory,bayes,4.429703390432846,0.7947677048417151,,,,converged,False,,1,,,,
homogeneous,theory,bayes,4.593834750464097,0.801538190681525,,,,converged,False,,1,,,,
homogeneous,theory,bayes,4.764047579381933,0.8080974872570275,,,,converged,False,,1,,,,
homogeneous,theory,bayes,4.94056721050359,0.8144518166491723,,,,converged,False,,1,,,,
homogeneous,theory,bayes,5.123627326297603,0.8206071801041034,,,,converged,False,,1,,,,
homogeneous,theory,bayes,5.313470267740314,0.8265693925554294,,,,converged,False,,1,,,,
homogeneous,theory,bayes,5.510347355134788,0.8323440890112048,,,,converged,False,,1,,,,
homogeneous,theory,bayes,5.714519220816864,0.8379367349072732,,,,converged,False,,1,,,,
homogeneous,theory,bayes,5.926256154188775,0.8433526352459109,,,,converged,False,,1,,,,
homogeneous,theory,bayes,6.145838459537112,0.8485969426835055,,,,converged,False,,1,,,,
homogeneous,theory,bayes,6.373556827108816,0.8536746647088848,,,,converged,False,,1,,,,
homogeneous,theory,bayes,6.609712717936447,0.8585906749952182,,,,converged,False,,1,,,,
homogeneous,theory,bayes,6.8546187629221755,0.8633496994624655,,,,converged,False,,1,,,,
homogeneous,theory,bayes,7.108599176708804,0.8679563506307656,,,,converged,False,,1,,,,
homogeneous,theory,bayes,7.37199018688573,0.8724151128845232,,,,converged,False,,1,,,,
homogeneous,theory,bayes,7.6451404790980435,0.8767303564354468,,,,converged,False,,1,,,,
homogeneous,theory,bayes,7.928411658647999,0.8809063215449178,,,,converged,False,,1,,,,
homogeneous,theory,bayes,8.222178729199959,0.8849471556174288,,,,converged,False,,1,,,,
homogeneous,theory,bayes,8.526830589222524,0.8888568789713047,,,,converged,False,,1,,,,
homogeneous,theory,bayes,8.842770546825065,0.8926394195988495,,,,converged,False,,1,,,,
homogeneous,theory,bayes,9.170416853670202,0.8962986030330058,,,,converged,False,,1,,,,
homogeneous,theory,bayes,9.510203258669058,0.8998381401536765,,,,converged,False,,1,,,,
homogeneous,theory,bayes,9.862579582192264,0.9032616625395483,,,,converged,False,,1,,,,
homogeneous,theory,bayes,10.2280123115569,0.906572687556618,,,,converged,False,,1,,,,
homogeneous,theory,bayes,10.606985218577703,0.9097746574804202,,,,converged,False,,1,,,,
homogeneous,theory,bayes,11.0,0.9128709047507026,,,,converged,False,,1,,,,
homogeneous,theory,dynamic,0.3,2.684211520879446e-07,,,,converged,False,,1,0.75,,,
homogeneous,theory,dynamic,0.3111157347726084,2.773836188074098e-07,,,,converged,False,,1,0.75,,,
homogeneous,theory,dynamic,0.3226433347436668,2.846565449563658e-07,,,,converged,False,,1,0.75,,,
homogeneous,theory,dynamic,0.3345980605275352,2.906592741740676e-07,,,,converged,False,,1,0.75,,,
homogeneous,theory,dynamic,0.34699573818171275,3.021067955537469e-07,,,,converged,False,,1,0.75,,,
homogeneous,theory,dynamic,0.3598527801578908,3.1337005501238335e-07,,,,converged,False,,1,0.75,,,
homogeneous,theory,dynamic,0.3731862070292938,3.2508355515844654e-07,,,,converged,False,,1,0.75,,,
homogeneous,theory,dynamic,0.3870136700230717,3.3161828272521337e-07,,,,converged,False,,1,0.75,,,
homogeneous,theory,dynamic,0.4013534743875726,3.4656935674056885e-07,,,,converged,False,,1,0.75,,,
homogeneous,theory,dynamic,0.41622460362542973,3.5822457262256287e-07,,,,converged,False,,1,0.75,,,
homogeneous,theory,dynamic,0.4316467446245443,3.7417713455284275e-07,,,,converged,False,,1,0.75,,,
homogeneous,theory,dynamic,0.44764031372023194,3.894052972981627e-07,,,,converged,False,,1,0.75,,,
homogeneous,theory,dynamic,0.4642264837230364,4.1214021085128553e-07,,,,converged,False,,1,0.75,,,
homogeneous,theory,dynamic,0.48142721194798943,4.313055454131258e-07,,,,converged,False,,1,0.75,,,
homogeneous,theory,dynamic,0.4992652692824235,4.4928387535115835e-07,,,,converged,False,,1,0.75,,,
homogeneous,theory,dynamic,0.517764270330818,4.7170931719445446e-07,,,,converged,False,,1,0.75,,,
homogeneous,theory,dynamic,0.5369487046765863,5.04820104014485e-07,,,,converged,False,,1,0.75,,,
homogeneous,theory,dynamic,0.5568439693021884,5.295260117180658e-07,,,,converged,False,,1,0.75,,,
homogeneous,theory,dynamic,0.5774764022104871,5.658367928189072e-07,,,,converged,False,,1,0.75,,,
homogeneous,theory,dynamic,0.5988733172918602,6.022970691933235e-07,,,,converged,False,,1,0.75,,,
homogeneous,theory,dynamic,0.6210630404832219,6.522142088176024e-07,,,,converged,False,,1,0.75,,,
homogeneous,theory,dynamic,0.6440749472668262,7.027665422273451e-07,,,,converged,False,,1,0.75,,,
homogeneous,theory,dynamic,0.6679395015584924,7.655855296026309e-07,,,,converged,False,,1,0.75,,,
homogeneous,theory,dynamic,0.692688296036734,8.377751094001415e-07,,,,converged,False,,1,0.75,,,
homogeneous,theory,dynamic,0.718354093966182,9.337199172564351e-07,,,,converged,False,,1,0.75,,,
homogeneous,theory,dynamic,0.7449708725706671,1.0490981282910374e-06,,,,converged,False,,1,0.75,,,
homogeneous,theory,dynamic,0.7725738680133811,1.1935475975050346e-06,,,,converged,False,,1,0.75,,,
homogeneous,theory,dynamic,0.8011996220436644,1.3850962950692889e-06,,,,converged,False,,1,0.75,,,
homogeneous,theory,dynamic,0.8308860303721695,1.6560425903609834e-06,,,,converged,False,,1,0.75,,,
homogeneous,theory,dynamic,0.8616723928384445,2.0561691523795417e-06,,,,converged,False,,1,0.75,,,
homogeneous,theory,dynamic,0.8935994654373478,2.7201920542972844e-06,,,,converged,False,,1,0.75,,,
homogeneous,theory,dynamic,0.9267095142731687,4.020050029957469e-06,,,,converged,False,,1,0.75,,,
homogeneous,theory,dynamic,0.9610463715128799,7.693256823980775e-06,,,,converged,False,,1,0.75,,,
homogeneous,theory,dynamic,0.9966554934125963,9.12043094575178e-05,,,,converged,False,,1,0.75,,,
homogeneous,theory,dynamic,1.033584020494055,0.12850479697487757,,,,converged,False,,1,0.75,,,
homogeneous,theory,dynamic,1.0718808399507824,0.18625967123926707,,,,converged,False,,1,0.75,,,
homogeneous,theory,dynamic,1.1115966503665613,0.22988846461437373,,,,converged,False,,1,0.75,,,
homogeneous,theory,dynamic,1.152784028831877,0.26640160385690737,,,,converged,False,,1,0.75,,,
homogeneous,theory,dynamic,1.1954975005471906,0.2984026932329089,,,,converged,False,,1,0.75,,,
homogeneous,theory,dynamic,1.2397936110051868,0.32720032467972143,,,,converged,False,,1,0.75,,,
homogeneous,theory,dynamic,1.2857310008475475,0.3535617299847238,,,,converged,False,,1,0.75,,,
homogeneous,theory,dynamic,1.3333704834953533,0.37798189284167194,,,,converged,False,,1,0.75,,,
homogeneous,theory,dynamic,1.3827751256558836,0.4008018389356519,,,,converged,False,,1,0.75,,,
homogeneous,theory,dynamic,1.4340103308123873,0.4222681043849517,,,,converged,False,,1,0.75,,,
homogeneous,theory,dynamic,1.4871439258073573,0.44256565411721577,,,,converged,False,,1,0.75,,,
homogeneous,theory,dynamic,1.542246250633925,0.4618373376437676,,,,converged,False,,1,0.75,,,
homogeneous,theory,dynamic,1.5993902515542469,0.4801961808254653,,,,converged,False,,1,0.75,,,
homogeneous,theory,dynamic,1.6586515776681552,0.4977334146769812,,,,converged,False,,1,0.75,,,
homogeneous,theory,dynamic,1.7201086810599147,0.5145239108048041,,,,converged,False,,1,0.75,,,
homogeneous,theory,dynamic,1.7838429206556587,0.5306300589019605,,,,converged,False,,1,0.75,,,
homogeneous,theory,dynamic,1.8499386699290037,0.5461044960665897,,,,converged,False,,1,0.75,,,
homogeneous,theory,dynamic,1.9184834285974133,0.5609921403519461,,,,converged,False,,1,0.75,,,
homogeneous,theory,dynamic,1.9895679384571912,0.5753317510172906,,,,converged,False,,1,0.75,,,
homogeneous,theory,dynamic,2.063286303510443,0.5891570436686928,,,,converged,False,,1,0.75,,,
homogeneous,theory,dynamic,2.1397361145430356,0.6024976440117044,,,,converged,False,,1,0.75,,,
homogeneous,theory,dynamic,2.219018578318476,0.6153797547148906,,,,converged,False,,1,0.75,,,
homogeneous,theory,dynamic,2.301238651558739,0.6278267442195422,,,,converged,False,,1,0.75,,,
homogeneous,theory,dynamic,2.386505179889413,0.6398595819783223,,,,converged,False,,1,0.75,,,
homogeneous,theory,dynamic,2.4749310419331025,0.6514972305617881,,,,converged,False,,1,0.75,,,
homogeneous,theory,dynamic,2.566633298741848,0.6627569021995715,,,,converged,False,,1,0.75,,,
homogeneous,theory,dynamic,2.6617333487663797,0.6736543746471734,,,,converged,False,,1,0.75,,,
homogeneous,theory,dynamic,2.7603570885673596,0.684204099775453,,,,converged,False,,1,0.75,,,
homogeneous,theory,dynamic,2.862635079481375,0.6944194612984169,,,,converged,False,,1,0.75,,,
homogeneous,theory,dynamic,2.9687027204623075,0.7043128652323141,,,,converged,False,,1,0.75,,,
homogeneous,theory,dynamic,3.0787004273269085,0.7138959046233592,,,,converged,False,,1,0.75,,,
homogeneous,theory,dynamic,3.1927738186418493,0.7231793992534629,,,,converged,False,,1,0.75,,,
homogeneous,theory,dynamic,3.311073908498353,0.7321735447901122,,,,converged,False,,1,0.75,,,
homogeneous,theory,dynamic,3.433757306429592,0.7408879419443375,,,,converged,False,,1,0.75,,,
homogeneous,theory,dynamic,3.560986424735518,0.7493316959003711,,,,converged,False,,1,0.75,,,
homogeneous,theory,dynamic,3.692929693489582,0.7575134434800688,,,,converged,False,,1,0.75,,,
homogeneous,theory,dynamic,3.8297617835119837,0.7654413907618358,,,,converged,False,,1,0.75,,,
homogeneous,theory,dynamic,3.9716638376046207,0.7731234174275178,,,,converged,False,,1,0.75,,,
homogeneous,theory,dynamic,4.1188237103538645,0.7805670109540641,,,,converged,False,,1,0.75,,,
homogeneous,theory,dynamic,4.271436216818614,0.7877793978738379,,,,converged,False,,1,0.75,,,
homogeneous,theory,dynamic,4.429703390432846,0.7947674964687065,,,,converged,False,,1,0.75,,,
homogeneous,theory,dynamic,4.593834750464097,0.8015379859732008,,,,converged,False,,1,0.75,,,
homogeneous,theory,dynamic,4.764047579381933,0.8080972890769269,,,,converged,False,,1,0.75,,,
homogeneous,theory,dynamic,4.94056721050359,0.8144516175800368,,,,converged,False,,1,0.75,,,
homogeneous,theory,dynamic,5.123627326297603,0.8206069781507508,,,,converged,False,,1,0.75,,,
homogeneous,theory,dynamic,5.313470267740314,0.8265691952760266,,,,converged,False,,1,0.75,,,
homogeneous,theory,dynamic,5.510347355134788,0.8323438851164687,,,,converged,False,,1,0.75,,,
homogeneous,theory,dynamic,5.714519220816864,0.8379365322310659,,,,converged,False,,1,0.75,,,
homogeneous,theory,dynamic,5.926256154188775,0.8433524417563596,,,,converged,False,,1,0.75,,,
homogeneous,theory,dynamic,6.145838459537112,0.8485967473635463,,,,converged,False,,1,0.75,,,
homogeneous,theory,dynamic,6.373556827108816,0.8536744660698861,,,,converged,False,,1,0.75,,,
homogeneous,theory,dynamic,6.609712717936447,0.8585904764482134,,,,converged,False,,1,0.75,,,
homogeneous,theory,dynamic,6.8546187629221755,0.8633495045355278,,,,converged,False,,1,0.75,,,
homogeneous,theory,dynamic,7.108599176708804,0.8679561581603144,,,,converged,False,,1,0.75,,,
homogeneous,theory,dynamic,7.37199018688573,0.8724149218004713,,,,converged,False,,1,0.75,,,
homogeneous,theory,dynamic,7.6451404790980435,0.8767301607645651,,,,converged,False,,1,0.75,,,
homogeneous,theory,dynamic,7.928411658647999,0.8809061249942258,,,,converged,False,,1,0.75,,,
homogeneous,theory,dynamic,8.222178729199959,0.8849469624297364,,,,converged,False,,1,0.75,,,
homogeneous,theory,dynamic,8.526830589222524,0.8888566829047272,,,,converged,False,,1,0.75,,,
homogeneous,theory,dynamic,8.842770546825065,0.892639229717053,,,,converged,False,,1,0.75,,,
homogeneous,theory,dynamic,9.170416853670202,0.8962984137403311,,,,converged,False,,1,0.75,,,
homogeneous,theory,dynamic,9.510203258669058,0.8998379455008069,,,,converged,False,,1,0.75,,,
homogeneous,theory,dynamic,9.862579582192264,0.903261467003683,,,,converged,False,,1,0.75,,,
homogeneous,theory,dynamic,10.2280123115569,0.9065724950011077,,,,converged,False,,1,0.75,,,
homogeneous,theory,dynamic,10.606985218577703,0.9097744626045691,,,,converged,False,,1,0.75,,,
homogeneous,theory,dynamic,11.0,0.91287071148708,,,,converged,False,,1,0.75,,,
homogeneous,theory,full_reconstruction,0.2999999999999999,7.221068589501486e-07,,,,converged,False,,1,,,,
homogeneous,theory,full_reconstruction,0.3111157347726084,7.339910658325428e-07,,,,converged,False,,1,,,,
homogeneous,theory,full_reconstruction,0.3226433347436668,7.563946598950179e-07,,,,converged,False,,1,,,,
homogeneous,theory,full_reconstruction,0.3345980605275352,7.80569009380817e-07,,,,converged,False,,1,,,,
homogeneous,theory,full_reconstruction,0.3469957381817127,7.977689280770971e-07,,,,converged,False,,1,,,,
homogeneous,theory,full_reconstruction,0.3598527801578908,8.192565257745148e-07,,,,converged,False,,1,,,,
homogeneous,theory,full_reconstruction,0.3731862070292938,8.465764131355308e-07,,,,converged,False,,1,,,,
homogeneous,theory,full_reconstruction,0.3870136700230717,8.715835920342682e-07,,,,converged,False,,1,,,,
homogeneous,theory,full_reconstruction,0.4013534743875726,8.963217766334278e-07,,,,converged,False,,1,,,,
homogeneous,theory,full_reconstruction,0.4162246036254297,9.231715556497052e-07,,,,converged,False,,1,,,,
homogeneous,theory,full_reconstruction,0.4316467446245443,9.548900023987665e-07,,,,converged,False,,1,,,,
homogeneous,theory,full_reconstruction,0.4476403137202319,9.947276695728074e-07,,,,converged,False,,1,,,,
homogeneous,theory,full_reconstruction,0.4642264837230364,1.0267358961905346e-06,,,,converged,False,,1,,,,
homogeneous,theory,full_reconstruction,0.4814272119479894,1.0752925113983985e-06,,,,converged,False,,1,,,,
homogeneous,theory,full_reconstruction,0.4992652692824235,1.1162376331525145e-06,,,,converged,False,,1,,,,
homogeneous,theory,full_reconstruction,0.517764270330818,1.176071096752292e-06,,,,converged,False,,1,,,,
homogeneous,theory,full_reconstruction,0.5369487046765863,1.2333185340021314e-06,,,,converged,False,,1,,,,
homogeneous,theory,full_reconstruction,0.5568439693021884,1.2982022250801336e-06,,,,converged,False,,1,,,,
homogeneous,theory,full_reconstruction,0.5774764022104871,1.3736648747512383e-06,,,,converged,False,,1,,,,
homogeneous,theory,full_reconstruction,0.5988733172918602,1.4562655291744815e-06,,,,converged,False,,1,,,,
homogeneous,theory,full_reconstruction,0.6210630404832219,1.5573405929649348e-06,,,,converged,False,,1,,,,
homogeneous,theory,full_reconstruction,0.6440749472668262,1.6751961105034886e-06,,,,converged,False,,1,,,,
homogeneous,theory,full_reconstruction,0.6679395015584924,1.8079797129915147e-06,,,,converged,False,,1,,,,
homogeneous,theory,full_reconstruction,0.692688296036734,1.9683771544913274e-06,,,,converged,False,,1,,,,
homogeneous,theory,full_reconstruction,0.718354093966182,2.1714631100892905e-06,,,,converged,False,,1,,,,
homogeneous,theory,full_reconstruction,0.7449708725706671,2.418234077293371e-06,,,,converged,False,,1,,,,
homogeneous,theory,full_reconstruction,0.7725738680133811,2.739808993405288e-06,,,,converged,False,,1,,,,
homogeneous,theory,full_reconstruction,0.8011996220436644,3.165418996317665e-06,,,,converged,False,,1,,,,
homogeneous,theory,full_reconstruction,0.8308860303721695,3.754585587937398e-06,,,,converged,False,,1,,,,
homogeneous,theory,full_reconstruction,0.8616723928384445,4.634124013118057e-06,,,,converged,False,,1,,,,
homogeneous,theory,full_reconstruction,0.8935994654373478,6.0754506893550185e-06,,,,converged,False,,1,,,,
homogeneous,theory,full_reconstruction,0.9267095142731688,8.913547206120572e-06,,,,converged,False,,1,,,,
homogeneous,theory,full_reconstruction,0.96104637151288,1.6927520930580355e-05,,,,converged,False,,1,,,,
homogeneous,theory,full_reconstruction,0.9966554934125964,0.0,,,,max_iter,True,,1,,,,
homogeneous,theory,full_reconstruction,1.033584020494055,0.1284992743316761,,,,converged,False,,1,,,,
homogeneous,theory,full_reconstruction,1.0718808399507824,0.1862570144821462,,,,converged,False,,1,,,,
homogeneous,theory,full_reconstruction,1.1115966503665613,0.2298867055296977,,,,converged,False,,1,,,,
homogeneous,theory,full_reconstruction,1.152784028831877,0.2664002779898856,,,,converged,False,,1,,,,
homogeneous,theory,full_reconstruction,1.1954975005471906,0.2984016228336885,,,,converged,False,,1,,,,
homogeneous,theory,full_reconstruction,1.2397936110051868,0.3271994310739842,,,,converged,False,,1,,,,
homogeneous,theory,full_reconstruction,1.2857310008475475,0.3535609547026151,,,,converged,False,,1,,,,
homogeneous,theory,full_reconstruction,1.3333704834953533,0.377981207903385,,,,converged,False,,1,,,,
homogeneous,theory,full_reconstruction,1.3827751256558836,0.4008012184884513,,,,converged,False,,1,,,,
homogeneous,theory,full_reconstruction,1.4340103308123873,0.4222675523722977,,,,converged,False,,1,,,,
homogeneous,theory,full_reconstruction,1.487143925807357,0.4425651394977781,,,,converged,False,,1,,,,
homogeneous,theory,full_reconstruction,1.542246250633925,0.4618368630871824,,,,converged,False,,1,,,,
homogeneous,theory,full_reconstruction,1.5993902515542469,0.4801957382758034,,,,converged,False,,1,,,,
homogeneous,theory,full_reconstruction,1.6586515776681552,0.4977330018546258,,,,converged,False,,1,,,,
homogeneous,theory,full_reconstruction,1.7201086810599149,0.514523523348641,,,,converged,False,,1,,,,
homogeneous,theory,full_reconstruction,1.7838429206556587,0.5306296921969084,,,,converged,False,,1,,,,
homogeneous,theory,full_reconstruction,1.849938669929004,0.5461041413861644,,,,converged,False,,1,,,,
homogeneous,theory,full_reconstruction,1.9184834285974133,0.560991811457407,,,,converged,False,,1,,,,
homogeneous,theory,full_reconstruction,1.9895679384571912,0.5753314282630192,,,,converged,False,,1,,,,
homogeneous,theory,full_reconstruction,2.063286303510443,0.5891567377565455,,,,converged,False,,1,,,,
homogeneous,theory,full_reconstruction,2.139736114543036,0.6024973502836847,,,,converged,False,,1,,,,
homogeneous,theory,full_reconstruction,2.219018578318476,0.6153794695834734,,,,converged,False,,1,,,,
homogeneous,theory,full_reconstruction,2.301238651558739,0.6278264661023665,,,,converged,False,,1,,,,
homogeneous,theory,full_reconstruction,2.386505179889413,0.6398593194873543,,,,converged,False,,1,,,,
homogeneous,theory,full_reconstruction,2.4749310419331025,0.6514969655600579,,,,converged,False,,1,,,,
homogeneous,theory,full_reconstruction,2.566633298741848,0.6627566546719833,,,,converged,False,,1,,,,
homogeneous,theory,full_reconstruction,2.66173334876638,0.6736541296017337,,,,converged,False,,1,,,,
homogeneous,theory,full_reconstruction,2.76035708856736,0.6842038594702593,,,,converged,False,,1,,,,
homogeneous,theory,full_reconstruction,2.862635079481375,0.6944192298263103,,,,converged,False,,1,,,,
homogeneous,theory,full_reconstruction,2.9687027204623075,0.7043126463884064,,,,converged,False,,1,,,,
homogeneous,theory,full_reconstruction,3.0787004273269085,0.713895684968637,,,,converged,False,,1,,,,
homogeneous,theory,full_reconstruction,3.1927738186418493,0.7231791836648033,,,,converged,False,,1,,,,
homogeneous,theory,full_reconstruction,3.311073908498353,0.732173339415375,,,,converged,False,,1,,,,
homogeneous,theory,full_reconstruction,3.433757306429592,0.7408877427657852,,,,converged,False,,1,,,,
homogeneous,theory,full_reconstruction,3.560986424735518,0.7493314999177512,,,,converged,False,,1,,,,
homogeneous,theory,full_reconstruction,3.692929693489582,0.7575132479758714,,,,converged,False,,1,,,,
homogeneous,theory,full_reconstruction,3.829761783511984,0.7654412018006032,,,,converged,False,,1,,,,
homogeneous,theory,full_reconstruction,3.9716638376046207,0.7731232235619168,,,,converged,False,,1,,,,
homogeneous,theory,full_reconstruction,4.1188237103538645,0.7805668285289579,,,,converged,False,,1,,,,
homogeneous,theory,full_reconstruction,4.271436216818614,0.7877792152545131,,,,converged,False,,1,,,,
homogeneous,theory,full_reconstruction,4.429703390432846,0.7947673212245812,,,,converged,False,,1,,,,
homogeneous,theory,full_reconstruction,4.593834750464097,0.8015378066561609,,,,converged,False,,1,,,,
homogeneous,theory,full_reconstruction,4.764047579381933,0.8080971135539292,,,,converged,False,,1,,,,
homogeneous,theory,full_reconstruction,4.94056721050359,0.8144514440452267,,,,converged,False,,1,,,,
homogeneous,theory,full_reconstruction,5.123627326297603,0.820606814699298,,,,converged,False,,1,,,,
homogeneous,theory,full_reconstruction,5.313470267740314,0.8265690211858001,,,,converged,False,,1,,,,
homogeneous,theory,full_reconstruction,5.510347355134788,0.8323437279739233,,,,converged,False,,1,,,,
homogeneous,theory,full_reconstruction,5.714519220816864,0.8379363714039095,,,,converged,False,,1,,,,
homogeneous,theory,full_reconstruction,5.926256154188775,0.8433522761747866,,,,converged,False,,1,,,,
homogeneous,theory,full_reconstruction,6.145838459537112,0.8485965853531194,,,,converged,False,,1,,,,
homogeneous,theory,full_reconstruction,6.373556827108816,0.853674316349506,,,,converged,False,,1,,,,
homogeneous,theory,full_reconstruction,6.609712717936447,0.8585903185619512,,,,converged,False,,1,,,,
homogeneous,theory,full_reconstruction,6.854618762922176,0.8633493472715357,,,,converged,False,,1,,,,
homogeneous,theory,full_reconstruction,7.108599176708804,0.867956000572753,,,,converged,False,,1,,,,
homogeneous,theory,full_reconstruction,7.37199018688573,0.8724147727525365,,,,converged,False,,1,,,,
homogeneous,theory,full_reconstruction,7.6451404790980435,0.8767300097098394,,,,converged,False,,1,,,,
homogeneous,theory,full_reconstruction,7.928411658647999,0.8809059809263264,,,,converged,False,,1,,,,
homogeneous,theory,full_reconstruction,8.222178729199959,0.8849468148058168,,,,converged,False,,1,,,,
homogeneous,theory,full_reconstruction,8.526830589222524,0.8888565408224991,,,,converged,False,,1,,,,
homogeneous,theory,full_reconstruction,8.842770546825065,0.8926390826989995,,,,converged,False,,1,,,,
homogeneous,theory,full_reconstruction,9.170416853670202,0.8962982611573849,,,,converged,False,,1,,,,
homogeneous,theory,full_reconstruction,9.510203258669058,0.8998378063820175,,,,converged,False,,1,,,,
homogeneous,theory,full_reconstruction,9.862579582192264,0.9032613308736684,,,,converged,False,,1,,,,
homogeneous,theory,full_reconstruction,10.2280123115569,0.9065723613218,,,,converged,False,,1,,,,
homogeneous,theory,full_reconstruction,10.606985218577703,0.9097743211437336,,,,converged,False,,1,,,,
homogeneous,theory,full_reconstruction,11.000000000000002,0.9128705715087896,,,,converged,False,,1,,,,
homogeneous,theory,static,0.3,6.078333040112235e-249,,,,converged,False,,1,0.75,,,
homogeneous,theory,static,0.3111157347726084,3.4496262456857037e-248,,,,converged,False,,1,0.75,,,
homogeneous,theory,static,0.3226433347436668,2.4003503395601326e-240,,,,converged,False,,1,0.75,,,
homogeneous,theory,static,0.3345980605275352,6.493614847528676e-240,,,,converged,False,,1,0.75,,,
homogeneous,theory,static,0.34699573818171275,8.482035423965718e-240,,,,converged,False,,1,0.75,,,
homogeneous,theory,static,0.3598527801578908,5.0552863984077165e-232,,,,converged,False,,1,0.75,,,
homogeneous,theory,static,0.3731862070292938,4.1102874709377057e-224,,,,converged,False,,1,0.75,,,
homogeneous,theory,static,0.3870136700230717,4.3565265017871e-216,,,,converged,False,,1,0.75,,,
homogeneous,theory,static,0.4013534743875726,6.043003215307514e-208,,,,converged,False,,1,0.75,,,
homogeneous,theory,static,0.41622460362542973,1.126872056014088e-199,,,,converged,False,,1,0.75,,,
homogeneous,theory,static,0.4316467446245443,2.7971822750837354e-181,,,,converged,False,,1,0.75,,,
homogeneous,theory,static,0.44764031372023194,1.6415246028364746e-161,,,,converged,False,,1,0.75,,,
homogeneous,theory,static,0.4642264837230364,8.657255872959444e-140,,,,converged,False,,1,0.75,,,
homogeneous,theory,static,0.48142721194798943,1.5039598240273473e-102,,,,converged,False,,1,0.75,,,
homogeneous,theory,static,0.4992652692824235,1.2851789285196524e-71,,,,converged,False,,1,0.75,,,
homogeneous,theory,static,0.517764270330818,5.772556052745776e-37,,,,converged,False,,1,0.75,,,
homogeneous,theory,static,0.5369487046765863,3.458695736485201e-22,,,,converged,False,,1,0.75,,,
homogeneous,theory,static,0.5568439693021884,1.494750794139877e-19,,,,converged,False,,1,0.75,,,
homogeneous,theory,static,0.5774764022104871,2.649007237873255e-15,,,,converged,False,,1,0.75,,,
homogeneous,theory,static,0.5988733172918602,2.2291550553699545e-12,,,,converged,False,,1,0.75,,,
homogeneous,theory,static,0.6210630404832219,2.241823373239482e-10,,,,converged,False,,1,0.75,,,
homogeneous,theory,static,0.6440749472668262,6.201633453423212e-09,,,,converged,False,,1,0.75,,,
homogeneous,theory,static,0.6679395015584924,7.307436856928695e-08,,,,converged,False,,1,0.75,,,
homogeneous,theory,static,0.692688296036734,1.473041940483248e-07,,,,converged,False,,1,0.75,,,
homogeneous,theory,static,0.718354093966182,1.5631585628225696e-07,,,,converged,False,,1,0.75,,,
homogeneous,theory,static,0.7449708725706671,1.686985362456321e-07,,,,converged,False,,1,0.75,,,
homogeneous,theory,static,0.7725738680133811,1.814695326660636e-07,,,,converged,False,,1,0.75,,,
homogeneous,theory,static,0.8011996220436644,1.9128202963834563e-07,,,,converged,False,,1,0.75,,,
homogeneous,theory,static,0.8308860303721695,2.0691915972414424e-07,,,,converged,False,,1,0.75,,,
homogeneous,theory,static,0.8616723928384445,2.170180342499495e-07,,,,converged,False,,1,0.75,,,
homogeneous,theory,static,0.8935994654373478,2.351521899071249e-07,,,,converged,False,,1,0.75,,,
homogeneous,theory,static,0.9267095142731687,2.49864894571987e-07,,,,converged,False,,1,0.75,,,
homogeneous,theory,static,0.9610463715128799,2.669002621986038e-07,,,,converged,False,,1,0.75,,,
homogeneous,theory,static,0.9966554934125963,2.836083622405337e-07,,,,converged,False,,1,0.75,,,
homogeneous,theory,static,1.033584020494055,3.068230271893817e-07,,,,converged,False,,1,0.75,,,
homogeneous,theory,static,1.0718808399507824,3.301640104920969e-07,,,,converged,False,,1,0.75,,,
homogeneous,theory,static,1.1115966503665613,3.522496094148492e-07,,,,converged,False,,1,0.75,,,
homogeneous,theory,static,1.152784028831877,3.8233626488687846e-07,,,,converged,False,,1,0.75,,,
homogeneous,theory,static,1.1954975005471906,4.165710533106074e-07,,,,converged,False,,1,0.75,,,
homogeneous,theory,static,1.2397936110051868,4.5251603073523305e-07,,,,converged,False,,1,0.75,,,
homogeneous,theory,static,1.2857310008475475,4.951973217244284e-07,,,,converged,False,,1,0.75,,,
homogeneous,theory,static,1.3333704834953533,5.482915332626251e-07,,,,converged,False,,1,0.75,,,
homogeneous,theory,static,1.3827751256558836,6.051019729002381e-07,,,,converged,False,,1,0.75,,,
homogeneous,theory,static,1.4340103308123873,6.777084117644866e-07,,,,converged,False,,1,0.75,,,
homogeneous,theory,static,1.4871439258073573,7.705616527906875e-07,,,,converged,False,,1,0.75,,,
homogeneous,theory,static,1.542246250633925,8.893149759899013e-07,,,,converged,False,,1,0.75,,,
homogeneous,theory,static,1.5993902515542469,1.0425440251515868e-06,,,,converged,False,,1,0.75,,,
homogeneous,theory,static,1.6586515776681552,1.253646654260197e-06,,,,converged,False,,1,0.75,,,
homogeneous,theory,static,1.7201086810599147,1.5730778437863104e-06,,,,converged,False,,1,0.75,,,
homogeneous,theory,static,1.7838429206556587,2.0931313417626414e-06,,,,converged,False,,1,0.75,,,
homogeneous,theory,static,1.8499386699290037,3.0923531314676746e-06,,,,converged,False,,1,0.75,,,
homogeneous,theory,static,1.9184834285974133,5.843095085276625e-06,,,,converged,False,,1,0.75,,,
homogeneous,theory,static,1.9895679384571912,4.7193448180417665e-05,,,,converged,False,,1,0.75,,,
homogeneous,theory,static,2.063286303510443,0.12454038760322415,,,,converged,False,,1,0.75,,,
homogeneous,theory,static,2.1397361145430356,0.1827479262280978,,,,converged,False,,1,0.75,,,
homogeneous,theory,static,2.219018578318476,0.2260162538843444,,,,converged,False,,1,0.75,,,
homogeneous,theory,static,2.301238651558739,0.2618890278958848,,,,converged,False,,1,0.75,,,
homogeneous,theory,static,2.386505179889413,0.29311546656667553,,,,converged,False,,1,0.75,,,
homogeneous,theory,static,2.4749310419331025,0.32106894235414835,,,,converged,False,,1,0.75,,,
homogeneous,theory,static,2.566633298741848,0.3465527075103271,,,,converged,False,,1,0.75,,,
homogeneous,theory,static,2.6617333487663797,0.3700843752135037,,,,converged,False,,1,0.75,,,
homogeneous,theory,static,2.7603570885673596,0.3920203033275672,,,,converged,False,,1,0.75,,,
homogeneous,theory,static,2.862635079481375,0.4126178949796308,,,,converged,False,,1,0.75,,,
homogeneous,theory,static,2.9687027204623075,0.43206999173357324,,,,converged,False,,1,0.75,,,
homogeneous,theory,static,3.0787004273269085,0.4505253203318819,,,,converged,False,,1,0.75,,,
homogeneous,theory,static,3.1927738186418493,0.4681012740722826,,,,converged,False,,1,0.75,,,
homogeneous,theory,static,3.311073908498353,0.4848922958036925,,,,converged,False,,1,0.75,,,
homogeneous,theory,static,3.433757306429592,0.5009756464430838,,,,converged,False,,1,0.75,,,
homogeneous,theory,static,3.560986424735518,0.5164153788224983,,,,converged,False,,1,0.75,,,
homogeneous,theory,static,3.692929693489582,0.5312652572513682,,,,converged,False,,1,0.75,,,
homogeneous,theory,static,3.8297617835119837,0.5455709017863841,,,,converged,False,,1,0.75,,,
homogeneous,theory,static,3.9716638376046207,0.5593713455240088,,,,converged,False,,1,0.75,,,
homogeneous,theory,static,4.1188237103538645,0.5727003264726183,,,,converged,False,,1,0.75,,,
homogeneous,theory,static,4.271436216818614,0.585587192510624,,,,converged,False,,1,0.75,,,
homogeneous,theory,static,4.429703390432846,0.5980576842637799,,,,converged,False,,1,0.75,,,
homogeneous,theory,static,4.593834750464097,0.6101344903900157,,,,converged,False,,1,0.75,,,
homogeneous,theory,static,4.764047579381933,0.6218377702286109,,,,converged,False,,1,0.75,,,
homogeneous,theory,static,4.94056721050359,0.6331855368550845,,,,converged,False,,1,0.75,,,
homogeneous,theory,static,5.123627326297603,0.644193960059695,,,,converged,False,,1,0.75,,,
homogeneous,theory,static,5.313470267740314,0.6548776216058205,,,,converged,False,,1,0.75,,,
homogeneous,theory,static,5.510347355134788,0.6652497799950358,,,,converged,False,,1,0.75,,,
homogeneous,theory,static,5.714519220816864,0.6753225198339209,,,,converged,False,,1,0.75,,,
homogeneous,theory,static,5.926256154188775,0.6851069160737653,,,,converged,False,,1,0.75,,,
homogeneous,theory,static,6.145838459537112,0.6946131656515702,,,,converged,False,,1,0.75,,,
homogeneous,theory,static,6.373556827108816,0.7038506900116203,,,,converged,False,,1,0.75,,,
homogeneous,theory,static,6.609712717936447,0.7128282593691856,,,,converged,False,,1,0.75,,,
homogeneous,theory,static,6.8546187629221755,0.7215540464674848,,,,converged,False,,1,0.75,,,
homogeneous,theory,static,7.108599176708804,0.7300356968688058,,,,converged,False,,1,0.75,,,
homogeneous,theory,static,7.37199018688573,0.7382804092626922,,,,converged,False,,1,0.75,,,
homogeneous,theory,static,7.6451404790980435,0.7462949886761977,,,,converged,False,,1,0.75,,,
homogeneous,theory,static,7.928411658647999,0.7540858623971839,,,,converged,False,,1,0.75,,,
homogeneous,theory,static,8.222178729199959,0.7616591596243317,,,,converged,False,,1,0.75,,,
homogeneous,theory,static,8.526830589222524,0.7690207056242714,,,,converged,False,,1,0.75,,,
homogeneous,theory,static,8.842770546825065,0.7761760822064347,,,,converged,False,,1,0.75,,,
homogeneous,theory,static,9.170416853670202,0.7831306543077273,,,,converged,False,,1,0.75,,,
homogeneous,theory,static,9.510203258669058,0.7898895510846735,,,,converged,False,,1,0.75,,,
homogeneous,theory,static,9.862579582192264,0.7964577591294348,,,,converged,False,,1,0.75,,,
homogeneous,theory,static,10.2280123115569,0.8028400771704106,,,,converged,False,,1,0.75,,,
homogeneous,theory,static,10.606985218577703,0.8090411299897059,,,,converged,False,,1,0.75,,,
homogeneous,theory,static,11.0,0.8150654470107573,,,,converged,False,,1,0.75,,,
unbounded,simulation,amp,0.5,0.05988493395001776,0.02014257086511094,0.006369640186509879,10,all_seeds_including_nonconverged,False,4000,1,,True,0.05,10
unbounded,simulation,amp,0.6029542755153482,0.07389060549834518,0.04981765762702434,0.015753726579585594,10,all_seeds_including_nonconverged,False,4000,1,,True,0.05,10
unbounded,simulation,amp,0.7271077167244768,0.12851452071251737,0.11604916545164304,0.03669796833889148,10,all_seeds_including_nonconverged,False,4000,1,,True,0.05,9
unbounded,simulation,amp,0.8768254131184519,0.13109228649859767,0.0711191988969355,0.02248986538808508,10,all_seeds_including_nonconverged,False,4000,1,,True,0.05,9
unbounded,simulation,amp,1.057371263440564,0.3032883925154706,0.09892627123863536,0.03128323375416942,10,all_seeds_including_nonconverged,False,4000,1,,True,0.05,10
unbounded,simulation,amp,1.2750930481971074,0.43897580562208693,0.06695558148764635,0.021173213956196757,10,all_seeds_including_nonconverged,False,4000,1,,True,0.05,10
unbounded,simulation,amp,1.537645610180688,0.46333642594452495,0.16061075231205138,0.05078957940192369,10,all_seeds_including_nonconverged,False,4000,1,,True,0.05,10
unbounded,simulation,amp,1.8542599897717045,0.5806708885566334,0.012661574688324583,0.004003941477944224,10,all_seeds_including_nonconverged,False,4000,1,,True,0.05,10
unbounded,simulation,amp,2.23606797749979,0.6501031920162296,0.02149561546365359,0.006797510457228171,10,all_seeds_including_nonconverged,False,4000,1,,True,0.05,10
unbounded,simulation,amp,2.696493494752912,0.6960660864915521,0.011322517383972485,0.0035804943780204305,10,all_seeds_including_nonconverged,False,4000,1,,True,0.05,10
unbounded,simulation,amp,3.251724563121181,0.7478673798777079,0.01094277572001864,0.0034604095199647898,10,all_seeds_including_nonconverged,False,4000,1,,True,0.05,10
unbounded,simulation,amp,3.9212824562643886,0.7880347592837221,0.005346235818386415,0.001690628209447537,10,all_seeds_including_nonconverged,False,4000,1,,True,0.05,10
unbounded,simulation,amp,4.728708045015879,0.8202871680569361,0.009604718964702497,0.003037278821427427,10,all_seeds_including_nonconverged,False,4000,1,,True,0.05,10
unbounded,simulation,amp,5.702389466812296,0.8466407192863906,0.006993962547318439,0.0022116851519439432,10,all_seeds_including_nonconverged,False,4000,1,,True,0.05,10
unbounded,simulation,amp,6.876560219336321,0.8725545526737337,0.004443915664498469,0.0014052895229515825,10,all_seeds_including_nonconverged,False,4000,1,,True,0.05,10
unbounded,simulation,amp,8.29250277017519,0.892380741473176,0.005709158252844842,0.0018053943601337179,10,all_seeds_including_nonconverged,False,4000,1,,True,0.05,10
unbounded,simulation,amp,10.0,0.9100964252073005,0.002498065626259394,0.0007899577123554613,10,all_seeds_including_nonconverged,False,4000,1,,True,0.05,10
unbounded,simulation,dynamic,0.5,0.0731610291969072,0.0570352331727689,0.0127534658486862,20,all_seeds,False,2000,1,0.75,,,
unbounded,simulation,dynamic,0.6029542755153482,0.1103491840747128,0.0636951739328563,0.0142426738752539,20,all_seeds,False,2000,1,0.75,,,
unbounded,simulation,dynamic,0.7271077167244768,0.1344058469510758,0.0887886134115818,0.0198537375216246,20,all_seeds,False,2000,1,0.75,,,
unbounded,simulation,dynamic,0.8768254131184519,0.1601236464126998,0.0975231672225343,0.0218068431290666,20,all_seeds,False,2000,1,0.75,,,
unbounded,simulation,dynamic,1.057371263440564,0.2771322158384839,0.1242592594050302,0.0277852150863427,20,all_seeds,False,2000,1,0.75,,,
unbounded,simulation,dynamic,1.2750930481971074,0.297750355019538,0.1269143881805424,0.0283789199294488,20,all_seeds,False,2000,1,0.75,,,
unbounded,simulation,dynamic,1.537645610180688,0.4540747443793487,0.06030981554922,0.0134856847278529,20,all_seeds,False,2000,1,0.75,,,
unbounded,simulation,dynamic,1.8542599897717045,0.5153441097667605,0.0617291381566549,0.0138030549110756,20,all_seeds,False,2000,1,0.75,,,
unbounded,simulation,dynamic,2.23606797749979,0.6122206969859996,0.0302905171121495,0.0067731655336387,20,all_seeds,False,2000,1,0.75,,,
unbounded,simulation,dynamic,2.696493494752912,0.6692966898645537,0.0399402651318619,0.0089309147874208,20,all_seeds,False,2000,1,0.75,,,
unbounded,simulation,dynamic,3.251724563121181,0.7273104311132352,0.0200576658159814,0.0044850304234508,20,all_seeds,False,2000,1,0.75,,,
unbounded,simulation,dynamic,3.9212824562643886,0.7686147592553644,0.0155387991028448,0.0034745811082673,20,all_seeds,False,2000,1,0.75,,,
unbounded,simulation,dynamic,4.728708045015879,0.8122099758861451,0.0140927780892869,0.0031512409799465,20,all_seeds,False,2000,1,0.75,,,
unbounded,simulation,dynamic,5.702389466812296,0.8360598243090347,0.0101024934963797,0.0022589862200154,20,all_seeds,False,2000,1,0.75,,,
unbounded,simulation,dynamic,6.876560219336321,0.8611428913606607,0.0075450343519451,0.001687120970352,20,all_seeds,False,2000,1,0.75,,,
unbounded,simulation,dynamic,8.29250277017519,0.8856423972148088,0.005972891315483,0.0013355791003638,20,all_seeds,False,2000,1,0.75,,,
unbounded,simulation,dynamic,10.0,0.901098802745999,0.0048402358052035,0.0010823096287563,20,all_seeds,False,2000,1,0.75,,,
unbounded,simulation,pca,0.5,0.0228716276820064,0.0190358826200189,0.0042565527550069,20,all_seeds,False,2000,1,,,,
unbounded,simulation,pca,0.6029542755153482,0.0391025998779618,0.0288344409244725,0.0064475770000322,20,all_seeds,False,2000,1,,,,
unbounded,simulation,pca,0.7271077167244768,0.0274765945653631,0.020693566416147,0.0046272221203411,20,all_seeds,False,2000,1,,,,
unbounded,simulation,pca,0.8768254131184519,0.0364644873048069,0.0246042203179667,0.0055016709164355,20,all_seeds,False,2000,1,,,,
unbounded,simulation,pca,1.057371263440564,0.0313241978601973,0.026665005186441,0.0059624764217266,20,all_seeds,False,2000,1,,,,
unbounded,simulation,pca,1.2750930481971074,0.0286177649352083,0.0216121336999217,0.0048326200091839,20,all_seeds,False,2000,1,,,,
unbounded,simulation,pca,1.537645610180688,0.028454052143182,0.0209776155325115,0.0046907374336551,20,all_seeds,False,2000,1,,,,
unbounded,simulation,pca,1.8542599897717045,0.0303617458517638,0.0263658202285111,0.005895576631349,20,all_seeds,False,2000,1,,,,
unbounded,simulation,pca,2.23606797749979,0.0287530361533908,0.0249286555591233,0.0055742168417877,20,all_seeds,False,2000,1,,,,
unbounded,simulation,pca,2.696493494752912,0.0326660010756291,0.0233328737624711,0.0052173891843306,20,all_seeds,False,2000,1,,,,
unbounded,simulation,pca,3.251724563121181,0.0313679821835081,0.0251175241626113,0.0056164491454092,20,all_seeds,False,2000,1,,,,
unbounded,simulation,pca,3.9212824562643886,0.0292010512221518,0.0230928053979036,0.0051637082660886,20,all_seeds,False,2000,1,,,,
unbounded,simulation,pca,4.728708045015879,0.0328156861998282,0.0227921986237631,0.0050964905479411,20,all_seeds,False,2000,1,,,,
unbounded,simulation,pca,5.702389466812296,0.0318096851963421,0.0215457379936893,0.0048177734779289,20,all_seeds,False,2000,1,,,,
unbounded,simulation,pca,6.876560219336321,0.0290761349884963,0.021151105615947,0.0047295309956535,20,all_seeds,False,2000,1,,,,
unbounded,simulation,pca,8.29250277017519,0.0295819289771207,0.0233584563014318,0.0052231096139459,20,all_seeds,False,2000,1,,,,
unbounded,simulation,pca,10.0,0.0275377080067855,0.0212472672782723,0.0047510333970323,20,all_seeds,False,2000,1,,,,
unbounded,simulation,static,0.5,0.0318236627038608,0.0244379093845537,0.0054644826611842,20,all_seeds,False,2000,1,0.75,,,
unbounded,simulation,static,0.6029542755153482,0.0393672501229167,0.0346270501170033,0.0077428437921911,20,all_seeds,False,2000,1,0.75,,,
unbounded,simulation,static,0.7271077167244768,0.0570810207139025,0.0387790589523206,0.008671261192086,20,all_seeds,False,2000,1,0.75,,,
unbounded,simulation,static,0.8768254131184519,0.0572040509710271,0.0363418748383904,0.008126290256843,20,all_seeds,False,2000,1,0.75,,,
unbounded,simulation,static,1.057371263440564,0.0819258435000424,0.059981731348398,0.0134123228703148,20,all_seeds,False,2000,1,0.75,,,
unbounded,simulation,static,1.2750930481971074,0.0852541476567645,0.0504860473165493,0.0112890233715075,20,all_seeds,False,2000,1,0.75,,,
unbounded,simulation,static,1.537645610180688,0.1031708897660882,0.0717039813982676,0.0160334976663906,20,all_seeds,False,2000,1,0.75,,,
unbounded,simulation,static,1.8542599897717045,0.1358113297597476,0.0817470955008543,0.0182792062503077,20,all_seeds,False,2000,1,0.75,,,
unbounded,simulation,static,2.23606797749979,0.2504303551442551,0.1071627696567036,0.0239623237609541,20,all_seeds,False,2000,1,0.75,,,
unbounded,simulation,static,2.696493494752912,0.2670888023811987,0.1292415285674523,0.0288992843392804,20,all_seeds,False,2000,1,0.75,,,
unbounded,simulation,static,3.251724563121181,0.4586822299870762,0.0744666786639607,0.0166512555551249,20,all_seeds,False,2000,1,0.75,,,
unbounded,simulation,static,3.9212824562643886,0.5420223344351418,0.0339076874659622,0.0075819894133709,20,all_seeds,False,2000,1,0.75,,,
unbounded,simulation,static,4.728708045015879,0.6296304199889085,0.0264539132972204,0.005915274840347,20,all_seeds,False,2000,1,0.75,,,
unbounded,simulation,static,5.702389466812296,0.6790944805077103,0.0275530619151948,0.0061610519430636,20,all_seeds,False,2000,1,0.75,,,
unbounded,simulation,static,6.876560219336321,0.723543086064464,0.0185459281667261,0.0041469956086627,20,all_seeds,False,2000,1,0.75,,,
unbounded,simulation,static,8.29250277017519,0.7749522039393695,0.0144586916809253,0.0032330617464259,20,all_seeds,False,2000,1,0.75,,,
unbounded,simulation,static,10.0,0.8054803398823742,0.0121497614685326,0.0027167692554046,20,all_seeds,False,2000,1,0.75,,,
unbounded,theory,bayes,0.3,0.00022390727745295817,,,,converged,False,,1,,,,
unbounded,theory,bayes,0.3111157347726084,0.0002318710480902897,,,,converged,False,,1,,,,
unbounded,theory,bayes,0.3226433347436668,0.00022601549437912283,,,,converged,False,,1,,,,
unbounded,theory,bayes,0.3345980605275352,0.00023753491237371084,,,,converged,False,,1,,,,
unbounded,theory,bayes,0.34699573818171275,0.0002358717478998907,,,,converged,False,,1,,,,
unbounded,theory,bayes,0.3598527801578908,0.00023674472612521757,,,,converged,False,,1,,,,
unbounded,theory,bayes,0.3731862070292938,0.00024029699430368431,,,,converged,False,,1,,,,
unbounded,theory,bayes,0.3870136700230717,0.000246770179877097,,,,converged,False,,1,,,,
unbounded,theory,bayes,0.4013534743875726,0.0002565260752871073,,,,converged,False,,1,,,,
unbounded,theory,bayes,0.41622460362542973,0.00025566191265268673,,,,converged,False,,1,,,,
unbounded,theory,bayes,0.4316467446245443,0.00025922138290021074,,,,converged,False,,1,,,,
unbounded,theory,bayes,0.44764031372023194,0.0002675895353155969,,,,converged,False,,1,,,,
unbounded,theory,bayes,0.4642264837230364,0.00026806421905465,,,,converged,False,,1,,,,
unbounded,theory,bayes,0.48142721194798943,0.0002750272477062869,,,,converged,False,,1,,,,
unbounded,theory,bayes,0.4992652692824235,0.00028928562004965015,,,,converged,False,,1,,,,
unbounded,theory,bayes,0.517764270330818,0.0002994586639953385,,,,converged,False,,1,,,,
unbounded,theory,bayes,0.5369487046765863,0.0003076183860961735,,,,converged,False,,1,,,,
unbounded,theory,bayes,0.5568439693021884,0.00031635509001121554,,,,converged,False,,1,,,,
unbounded,theory,bayes,0.5774764022104871,0.00032875360276624874,,,,converged,False,,1,,,,
unbounded,theory,bayes,0.5988733172918602,0.0003486411736402141,,,,converged,False,,1,,,,
unbounded,theory,bayes,0.6210630404832219,0.0003596719329742209,,,,converged,False,,1,,,,
unbounded,theory,bayes,0.6440749472668262,0.000381048841615551,,,,converged,False,,1,,,,
unbounded,theory,bayes,0.6679395015584924,0.0004038978583048421,,,,converged,False,,1,,,,
unbounded,theory,bayes,0.692688296036734,0.0004367277413419872,,,,converged,False,,1,,,,
unbounded,theory,bayes,0.718354093966182,0.0004730732898494645,,,,converged,False,,1,,,,
unbounded,theory,bayes,0.7449708725706671,0.0005244207318301715,,,,converged,False,,1,,,,
unbounded,theory,bayes,0.7725738680133811,0.0005975118091064022,,,,converged,False,,1,,,,
unbounded,theory,bayes,0.8011996220436644,0.0007197152861150621,,,,converged,False,,1,,,,
unbounded,theory,bayes,0.8308860303721695,0.0009820244603835312,,,,converged,False,,1,,,,
unbounded,theory,bayes,0.8616723928384445,0.0027248466729726303,,,,converged,False,,1,,,,
unbounded,theory,bayes,0.8935994654373478,0.11996523809936374,,,,converged,False,,1,,,,
unbounded,theory,bayes,0.9267095142731687,0.17693667356528597,,,,converged,False,,1,,,,
unbounded,theory,bayes,0.9610463715128799,0.2196145178510724,,,,converged,False,,1,,,,
unbounded,theory,bayes,0.9966554934125963,0.25525135207315125,,,,converged,False,,1,,,,
unbounded,theory,bayes,1.033584020494055,0.286468459546418,,,,converged,False,,1,,,,
unbounded,theory,bayes,1.0718808399507824,0.31456753361585726,,,,converged,False,,1,,,,
unbounded,theory,bayes,1.1115966503665613,0.3403063469850508,,,,converged,False,,1,,,,
unbounded,theory,bayes,1.152784028831877,0.3641713546825005,,,,converged,False,,1,,,,
unbounded,theory,bayes,1.1954975005471906,0.38649645853893605,,,,converged,False,,1,,,,
unbounded,theory,bayes,1.2397936110051868,0.40752232541578814,,,,converged,False,,1,,,,
unbounded,theory,bayes,1.2857310008475475,0.427429008373844,,,,converged,False,,1,,,,
unbounded,theory,bayes,1.3333704834953533,0.44635527031597233,,,,converged,False,,1,,,,
unbounded,theory,bayes,1.3827751256558836,0.4644106224640989,,,,converged,False,,1,,,,
unbounded,theory,bayes,1.4340103308123873,0.48168326492127095,,,,converged,False,,1,,,,
unbounded,theory,bayes,1.4871439258073573,0.4982454346221324,,,,converged,False,,1,,,,
unbounded,theory,bayes,1.542246250633925,0.514157157362227,,,,converged,False,,1,,,,
unbounded,theory,bayes,1.5993902515542469,0.5294689673339051,,,,converged,False,,1,,,,
unbounded,theory,bayes,1.6586515776681552,0.544223886941035,,,,converged,False,,1,,,,
unbounded,theory,bayes,1.7201086810599147,0.5584589180316155,,,,converged,False,,1,,,,
unbounded,theory,bayes,1.7838429206556587,0.5722061794164498,,,,converged,False,,1,,,,
unbounded,theory,bayes,1.8499386699290037,0.5854937812017791,,,,converged,False,,1,,,,
unbounded,theory,bayes,1.9184834285974133,0.5983465372761121,,,,converged,False,,1,,,,
unbounded,theory,bayes,1.9895679384571912,0.6107864868508367,,,,converged,False,,1,,,,
unbounded,theory,bayes,2.063286303510443,0.6228333559764663,,,,converged,False,,1,,,,
unbounded,theory,bayes,2.1397361145430356,0.6345049151447196,,,,converged,False,,1,,,,
unbounded,theory,bayes,2.219018578318476,0.6458172573263341,,,,converged,False,,1,,,,
unbounded,theory,bayes,2.301238651558739,0.656785033117613,,,,converged,False,,1,,,,
unbounded,theory,bayes,2.386505179889413,0.6674216889700575,,,,converged,False,,1,,,,
unbounded,theory,bayes,2.4749310419331025,0.6777395885221206,,,,converged,False,,1,,,,
unbounded,theory,bayes,2.566633298741848,0.6877501783071492,,,,converged,False,,1,,,,
unbounded,theory,bayes,2.6617333487663797,0.6974641054268507,,,,converged,False,,1,,,,
unbounded,theory,bayes,2.7603570885673596,0.7068912929871269,,,,converged,False,,1,,,,
unbounded,theory,bayes,2.862635079481375,0.71604106802167,,,,converged,False,,1,,,,
unbounded,theory,bayes,2.9687027204623075,0.7249221914922833,,,,converged,False,,1,,,,
unbounded,theory,bayes,3.0787004273269085,0.7335429450884884,,,,converged,False,,1,,,,
unbounded,theory,bayes,3.1927738186418493,0.7419111785286755,,,,converged,False,,1,,,,
unbounded,theory,bayes,3.311073908498353,0.7500343612855587,,,,converged,False,,1,,,,
unbounded,theory,bayes,3.433757306429592,0.757919600482182,,,,converged,False,,1,,,,
unbounded,theory,bayes,3.560986424735518,0.7655737081049625,,,,converged,False,,1,,,,
unbounded,theory,bayes,3.692929693489582,0.773003214959545,,,,converged,False,,1,,,,
unbounded,theory,bayes,3.8297617835119837,0.7802143851545688,,,,converged,False,,1,,,,
unbounded,theory,bayes,3.9716638376046207,0.787213250824389,,,,converged,False,,1,,,,
unbounded,theory,bayes,4.1188237103538645,0.7940056461398716,,,,converged,False,,1,,,,
unbounded,theory,bayes,4.271436216818614,0.8005971939290764,,,,converged,False,,1,,,,
unbounded,theory,bayes,4.429703390432846,0.8069933414429915,,,,converged,False,,1,,,,
unbounded,theory,bayes,4.593834750464097,0.8131993682139389,,,,converged,False,,1,,,,
unbounded,theory,bayes,4.764047579381933,0.8192203975596687,,,,converged,False,,1,,,,
unbounded,theory,bayes,4.94056721050359,0.8250614066636746,,,,converged,False,,1,,,,
unbounded,theory,bayes,5.123627326297603,0.8307272354180905,,,,converged,False,,1,,,,
unbounded,theory,bayes,5.313470267740314,0.836222598496349,,,,converged,False,,1,,,,
unbounded,theory,bayes,5.510347355134788,0.8415520750568595,,,,converged,False,,1,,,,
unbounded,theory,bayes,5.714519220816864,0.8467201403463848,,,,converged,False,,1,,,,
unbounded,theory,bayes,5.926256154188775,0.8517311579050504,,,,converged,False,,1,,,,
unbounded,theory,bayes,6.145838459537112,0.8565893730641044,,,,converged,False,,1,,,,
unbounded,theory,bayes,6.373556827108816,0.8612989400571165,,,,converged,False,,1,,,,
unbounded,theory,bayes,6.609712717936447,0.8658639142921625,,,,converged,False,,1,,,,
unbounded,theory,bayes,6.8546187629221755,0.8702882446743222,,,,converged,False,,1,,,,
unbounded,theory,bayes,7.108599176708804,0.8745758018791655,,,,converged,False,,1,,,,
unbounded,theory,bayes,7.37199018688573,0.8787303528606024,,,,converged,False,,1,,,,
unbounded,theory,bayes,7.6451404790980435,0.8827555905073954,,,,converged,False,,1,,,,
unbounded,theory,bayes,7.928411658647999,0.8866551093000105,,,,converged,False,,1,,,,
unbounded,theory,bayes,8.222178729199959,0.8904324332338283,,,,converged,False,,1,,,,
unbounded,theory,bayes,8.526830589222524,0.8940909921782989,,,,converged,False,,1,,,,
unbounded,theory,bayes,8.842770546825065,0.897634148698305,,,,converged,False,,1,,,,
unbounded,theory,bayes,9.170416853670202,0.9010651776782609,,,,converged,False,,1,,,,
unbounded,theory,bayes,9.510203258669058,0.9043872778618556,,,,converged,False,,1,,,,
unbounded,theory,bayes,9.862579582192264,0.9076035809051554,,,,converged,False,,1,,,,
unbounded,theory,bayes,10.2280123115569,0.9107171332113025,,,,converged,False,,1,,,,
unbounded,theory,bayes,10.606985218577703,0.9137309197769568,,,,converged,False,,1,,,,
unbounded,theory,bayes,11.0,0.9166478454521686,,,,converged,False,,1,,,,
unbounded,theory,dynamic,0.3,2.548327216548243e-07,,,,converged,False,,1,0.75,,,
unbounded,theory,dynamic,0.3111157347726084,2.622410231361396e-07,,,,converged,False,,1,0.75,,,
unbounded,theory,dynamic,0.3226433347436668,2.734930227988933e-07,,,,converged,False,,1,0.75,,,
unbounded,theory,dynamic,0.3345980605275352,2.7643768752458787e-07,,,,converged,False,,1,0.75,,,
unbounded,theory,dynamic,0.34699573818171275,2.9025331805226544e-07,,,,converged,False,,1,0.75,,,
unbounded,theory,dynamic,0.3598527801578908,2.9651568474441514e-07,,,,converged,False,,1,0.75,,,
unbounded,theory,dynamic,0.3731862070292938,3.0840371082867535e-07,,,,converged,False,,1,0.75,,,
unbounded,theory,dynamic,0.3870136700230717,3.137189238924255e-07,,,,converged,False,,1,0.75,,,
unbounded,theory,dynamic,0.4013534743875726,3.259309917341674e-07,,,,converged,False,,1,0.75,,,
unbounded,theory,dynamic,0.41622460362542973,3.3944828127392055e-07,,,,converged,False,,1,0.75,,,
unbounded,theory,dynamic,0.4316467446245443,3.486684478507846e-07,,,,converged,False,,1,0.75,,,
unbounded,theory,dynamic,0.44764031372023194,3.6766658196694803e-07,,,,converged,False,,1,0.75,,,
unbounded,theory,dynamic,0.4642264837230364,3.806871680858274e-07,,,,converged,False,,1,0.75,,,
unbounded,theory,dynamic,0.48142721194798943,3.9827083768018297e-07,,,,converged,False,,1,0.75,,,
unbounded,theory,dynamic,0.4992652692824235,4.1873271559802103e-07,,,,converged,False,,1,0.75,,,
unbounded,theory,dynamic,0.517764270330818,4.339259251954669e-07,,,,converged,False,,1,0.75,,,
unbounded,theory,dynamic,0.5369487046765863,4.582317269081023e-07,,,,converged,False,,1,0.75,,,
unbounded,theory,dynamic,0.5568439693021884,4.856759765391269e-07,,,,converged,False,,1,0.75,,,
unbounded,theory,dynamic,0.5774764022104871,5.085027954017983e-07,,,,converged,False,,1,0.75,,,
unbounded,theory,dynamic,0.5988733172918602,5.395553148334641e-07,,,,converged,False,,1,0.75,,,
unbounded,theory,dynamic,0.6210630404832219,5.788881530114521e-07,,,,converged,False,,1,0.75,,,
unbounded,theory,dynamic,0.6440749472668262,6.140335966665254e-07,,,,converged,False,,1,0.75,,,
unbounded,theory,dynamic,0.6679395015584924,6.626294415802579e-07,,,,converged,False,,1,0.75,,,
unbounded,theory,dynamic,0.692688296036734,7.177171388944752e-07,,,,converged,False,,1,0.75,,,
unbounded,theory,dynamic,0.718354093966182,7.84148355773676e-07,,,,converged,False,,1,0.75,,,
unbounded,theory,dynamic,0.7449708725706671,8.598722938109794e-07,,,,converged,False,,1,0.75,,,
unbounded,theory,dynamic,0.7725738680133811,9.5427146267195e-07,,,,converged,False,,1,0.75,,,
unbounded,theory,dynamic,0.8011996220436644,1.073763226970976e-06,,,,converged,False,,1,0.75,,,
unbounded,theory,dynamic,0.8308860303721695,1.227543946072573e-06,,,,converged,False,,1,0.75,,,
unbounded,theory,dynamic,0.8616723928384445,1.4392346504185527e-06,,,,converged,False,,1,0.75,,,
unbounded,theory,dynamic,0.8935994654373478,1.7231436561954213e-06,,,,converged,False,,1,0.75,,,
unbounded,theory,dynamic,0.9267095142731687,2.160773810599876e-06,,,,converged,False,,1,0.75,,,
unbounded,theory,dynamic,0.9610463715128799,2.896036784998868e-06,,,,converged,False,,1,0.75,,,
unbounded,theory,dynamic,0.9966554934125963,4.391195743985261e-06,,,,converged,False,,1,0.75,,,
unbounded,theory,dynamic,1.033584020494055,9.079877149804026e-06,,,,converged,False,,1,0.75,,,
unbounded,theory,dynamic,1.0718808399507824,0.0381610223206437,,,,converged,False,,1,0.75,,,
unbounded,theory,dynamic,1.1115966503665613,0.1533640126093065,,,,converged,False,,1,0.75,,,
unbounded,theory,dynamic,1.152784028831877,0.2127841832513077,,,,converged,False,,1,0.75,,,
unbounded,theory,dynamic,1.1954975005471906,0.2583334824678989,,,,converged,False,,1,0.75,,,
unbounded,theory,dynamic,1.2397936110051868,0.29648320903396813,,,,converged,False,,1,0.75,,,
unbounded,theory,dynamic,1.2857310008475475,0.32981581560160234,,,,converged,False,,1,0.75,,,
unbounded,theory,dynamic,1.3333704834953533,0.35967571063764475,,,,converged,False,,1,0.75,,,
unbounded,theory,dynamic,1.3827751256558836,0.3868690800462896,,,,converged,False,,1,0.75,,,
unbounded,theory,dynamic,1.4340103308123873,0.4119246179194316,,,,converged,False,,1,0.75,,,
unbounded,theory,dynamic,1.4871439258073573,0.4352112823697741,,,,converged,False,,1,0.75,,,
unbounded,theory,dynamic,1.542246250633925,0.45699864614597935,,,,converged,False,,1,0.75,,,
unbounded,theory,dynamic,1.5993902515542469,0.4774907647658282,,,,converged,False,,1,0.75,,,
unbounded,theory,dynamic,1.6586515776681552,0.4968465143757179,,,,converged,False,,1,0.75,,,
unbounded,theory,dynamic,1.7201086810599147,0.5151924715206301,,,,converged,False,,1,0.75,,,
unbounded,theory,dynamic,1.7838429206556587,0.532631450148277,,,,converged,False,,1,0.75,,,
unbounded,theory,dynamic,1.8499386699290037,0.5492483344721865,,,,converged,False,,1,0.75,,,
unbounded,theory,dynamic,1.9184834285974133,0.5651142161703019,,,,converged,False,,1,0.75,,,
unbounded,theory,dynamic,1.9895679384571912,0.5802893673285748,,,,converged,False,,1,0.75,,,
unbounded,theory,dynamic,2.063286303510443,0.5948254664878848,,,,converged,False,,1,0.75,,,
unbounded,theory,dynamic,2.1397361145430356,0.608767252661271,,,,converged,False,,1,0.75,,,
unbounded,theory,dynamic,2.219018578318476,0.622153813076455,,,,converged,False,,1,0.75,,,
unbounded,theory,dynamic,2.301238651558739,0.6350195716216498,,,,converged,False,,1,0.75,,,
unbounded,theory,dynamic,2.386505179889413,0.6473950760915835,,,,converged,False,,1,0.75,,,
unbounded,theory,dynamic,2.4749310419331025,0.6593076227308619,,,,converged,False,,1,0.75,,,
unbounded,theory,dynamic,2.566633298741848,0.6707817507728551,,,,converged,False,,1,0.75,,,
unbounded,theory,dynamic,2.6617333487663797,0.6818396632933472,,,,converged,False,,1,0.75,,,
unbounded,theory,dynamic,2.7603570885673596,0.6925015518391269,,,,converged,False,,1,0.75,,,
unbounded,theory,dynamic,2.862635079481375,0.7027858791140428,,,,converged,False,,1,0.75,,,
unbounded,theory,dynamic,2.9687027204623075,0.7127096068263701,,,,converged,False,,1,0.75,,,
unbounded,theory,dynamic,3.0787004273269085,0.7222883902156306,,,,converged,False,,1,0.75,,,
unbounded,theory,dynamic,3.1927738186418493,0.7315367311720987,,,,converged,False,,1,0.75,,,
unbounded,theory,dynamic,3.311073908498353,0.7404681281073808,,,,converged,False,,1,0.75,,,
unbounded,theory,dynamic,3.433757306429592,0.7490951814288234,,,,converged,False,,1,0.75,,,
unbounded,theory,dynamic,3.560986424735518,0.7574297039003206,,,,converged,False,,1,0.75,,,
unbounded,theory,dynamic,3.692929693489582,0.7654827901554324,,,,converged,False,,1,0.75,,,
unbounded,theory,dynamic,3.8297617835119837,0.7732649033396725,,,,converged,False,,1,0.75,,,
unbounded,theory,dynamic,3.9716638376046207,0.7807859361914625,,,,converged,False,,1,0.75,,,
unbounded,theory,dynamic,4.1188237103538645,0.7880552613558767,,,,converged,False,,1,0.75,,,
unbounded,theory,dynamic,4.271436216818614,0.7950817766861011,,,,converged,False,,1,0.75,,,
unbounded,theory,dynamic,4.429703390432846,0.801873962909422,,,,converged,False,,1,0.75,,,
unbounded,theory,dynamic,4.593834750464097,0.8084398946240773,,,,converged,False,,1,0.75,,,
unbounded,theory,dynamic,4.764047579381933,0.8147872976607808,,,,converged,False,,1,0.75,,,
unbounded,theory,dynamic,4.94056721050359,0.8209235609090099,,,,converged,False,,1,0.75,,,
unbounded,theory,dynamic,5.123627326297603,0.826855761013384,,,,converged,False,,1,0.75,,,
unbounded,theory,dynamic,5.313470267740314,0.8325906983481179,,,,converged,False,,1,0.75,,,
unbounded,theory,dynamic,5.510347355134788,0.8381349000454311,,,,converged,False,,1,0.75,,,
unbounded,theory,dynamic,5.714519220816864,0.8434946490507044,,,,converged,False,,1,0.75,,,
unbounded,theory,dynamic,5.926256154188775,0.8486759877542113,,,,converged,False,,1,0.75,,,
unbounded,theory,dynamic,6.145838459537112,0.853684748340698,,,,converged,False,,1,0.75,,,
unbounded,theory,dynamic,6.373556827108816,0.858526548662779,,,,converged,False,,1,0.75,,,
unbounded,theory,dynamic,6.609712717936447,0.8632068128762503,,,,converged,False,,1,0.75,,,
unbounded,theory,dynamic,6.8546187629221755,0.8677307815517202,,,,converged,False,,1,0.75,,,
unbounded,theory,dynamic,7.108599176708804,0.8721035113385706,,,,converged,False,,1,0.75,,,
unbounded,theory,dynamic,7.37199018688573,0.8763298998856626,,,,converged,False,,1,0.75,,,
unbounded,theory,dynamic,7.6451404790980435,0.8804146768661392,,,,converged,False,,1,0.75,,,
unbounded,theory,dynamic,7.928411658647999,0.8843624204353537,,,,converged,False,,1,0.75,,,
unbounded,theory,dynamic,8.222178729199959,0.8881775612517766,,,,converged,False,,1,0.75,,,
unbounded,theory,dynamic,8.526830589222524,0.8918643883908579,,,,converged,False,,1,0.75,,,
unbounded,theory,dynamic,8.842770546825065,0.8954270548219159,,,,converged,False,,1,0.75,,,
unbounded,theory,dynamic,9.170416853670202,0.8988695848990041,,,,converged,False,,1,0.75,,,
unbounded,theory,dynamic,9.510203258669058,0.902195869567682,,,,converged,False,,1,0.75,,,
unbounded,theory,dynamic,9.862579582192264,0.9054096874657729,,,,converged,False,,1,0.75,,,
unbounded,theory,dynamic,10.2280123115569,0.9085146900507581,,,,converged,False,,1,0.75,,,
unbounded,theory,dynamic,10.606985218577703,0.9115144246590491,,,,converged,False,,1,0.75,,,
unbounded,theory,dynamic,11.0,0.9144123214093869,,,,converged,False,,1,0.75,,,
unbounded,theory,full_reconstruction,0.2999999999999999,0.0,,,,"failed: non-positive coordinate precision somewhere on the actual gamma support: inf=-inf, support=(0.75, inf)",True,,1,,,,
unbounded,theory,full_reconstruction,0.3111157347726084,0.0,,,,"failed: non-positive coordinate precision somewhere on the actual gamma support: inf=-inf, support=(0.75, inf)",True,,1,,,,
unbounded,theory,full_reconstruction,0.3226433347436668,0.0,,,,"failed: non-positive coordinate precision somewhere on the actual gamma support: inf=-inf, support=(0.75, inf)",True,,1,,,,
unbounded,theory,full_reconstruction,0.3345980605275352,0.0,,,,"failed: non-positive coordinate precision somewhere on the actual gamma support: inf=-inf, support=(0.75, inf)",True,,1,,,,
unbounded,theory,full_reconstruction,0.3469957381817127,0.0,,,,"failed: non-positive coordinate precision somewhere on the actual gamma support: inf=-inf, support=(0.75, inf)",True,,1,,,,
unbounded,theory,full_reconstruction,0.3598527801578908,0.0,,,,"failed: non-positive coordinate precision somewhere on the actual gamma support: inf=-inf, support=(0.75, inf)",True,,1,,,,
unbounded,theory,full_reconstruction,0.3731862070292938,0.0,,,,"failed: non-positive coordinate precision somewhere on the actual gamma support: inf=-inf, support=(0.75, inf)",True,,1,,,,
unbounded,theory,full_reconstruction,0.3870136700230717,0.0,,,,"failed: non-positive coordinate precision somewhere on the actual gamma support: inf=-inf, support=(0.75, inf)",True,,1,,,,
unbounded,theory,full_reconstruction,0.4013534743875726,0.0,,,,"failed: non-positive coordinate precision somewhere on the actual gamma support: inf=-inf, support=(0.75, inf)",True,,1,,,,
unbounded,theory,full_reconstruction,0.4162246036254297,0.0,,,,"failed: non-positive coordinate precision somewhere on the actual gamma support: inf=-inf, support=(0.75, inf)",True,,1,,,,
unbounded,theory,full_reconstruction,0.4316467446245443,0.0,,,,"failed: non-positive coordinate precision somewhere on the actual gamma support: inf=-inf, support=(0.75, inf)",True,,1,,,,
unbounded,theory,full_reconstruction,0.4476403137202319,0.0,,,,"failed: non-positive coordinate precision somewhere on the actual gamma support: inf=-inf, support=(0.75, inf)",True,,1,,,,
unbounded,theory,full_reconstruction,0.4642264837230364,0.0,,,,"failed: non-positive coordinate precision somewhere on the actual gamma support: inf=-inf, support=(0.75, inf)",True,,1,,,,
unbounded,theory,full_reconstruction,0.4814272119479894,0.0,,,,"failed: non-positive coordinate precision somewhere on the actual gamma support: inf=-inf, support=(0.75, inf)",True,,1,,,,
unbounded,theory,full_reconstruction,0.4992652692824235,0.0,,,,"failed: non-positive coordinate precision somewhere on the actual gamma support: inf=-inf, support=(0.75, inf)",True,,1,,,,
unbounded,theory,full_reconstruction,0.517764270330818,0.0,,,,"failed: non-positive coordinate precision somewhere on the actual gamma support: inf=-inf, support=(0.75, inf)",True,,1,,,,
unbounded,theory,full_reconstruction,0.5369487046765863,0.0,,,,"failed: non-positive coordinate precision somewhere on the actual gamma support: inf=-inf, support=(0.75, inf)",True,,1,,,,
unbounded,theory,full_reconstruction,0.5568439693021884,0.0,,,,"failed: non-positive coordinate precision somewhere on the actual gamma support: inf=-inf, support=(0.75, inf)",True,,1,,,,
unbounded,theory,full_reconstruction,0.5774764022104871,0.0,,,,"failed: non-positive coordinate precision somewhere on the actual gamma support: inf=-inf, support=(0.75, inf)",True,,1,,,,
unbounded,theory,full_reconstruction,0.5988733172918602,0.0,,,,"failed: non-positive coordinate precision somewhere on the actual gamma support: inf=-inf, support=(0.75, inf)",True,,1,,,,
unbounded,theory,full_reconstruction,0.6210630404832219,0.0,,,,"failed: non-positive coordinate precision somewhere on the actual gamma support: inf=-inf, support=(0.75, inf)",True,,1,,,,
unbounded,theory,full_reconstruction,0.6440749472668262,0.0,,,,"failed: non-positive coordinate precision somewhere on the actual gamma support: inf=-inf, support=(0.75, inf)",True,,1,,,,
unbounded,theory,full_reconstruction,0.6679395015584924,0.0,,,,"failed: non-positive coordinate precision somewhere on the actual gamma support: inf=-inf, support=(0.75, inf)",True,,1,,,,
unbounded,theory,full_reconstruction,0.692688296036734,0.0,,,,"failed: non-positive coordinate precision somewhere on the actual gamma support: inf=-inf, support=(0.75, inf)",True,,1,,,,
unbounded,theory,full_reconstruction,0.718354093966182,0.0,,,,"failed: non-positive coordinate precision somewhere on the actual gamma support: inf=-inf, support=(0.75, inf)",True,,1,,,,
unbounded,theory,full_reconstruction,0.7449708725706671,0.0,,,,"failed: non-positive coordinate precision somewhere on the actual gamma support: inf=-inf, support=(0.75, inf)",True,,1,,,,
unbounded,theory,full_reconstruction,0.7725738680133811,0.0,,,,"failed: non-positive coordinate precision somewhere on the actual gamma support: inf=-inf, support=(0.75, inf)",True,,1,,,,
unbounded,theory,full_reconstruction,0.8011996220436644,0.0,,,,"failed: non-positive coordinate precision somewhere on the actual gamma support: inf=-inf, support=(0.75, inf)",True,,1,,,,
unbounded,theory,full_reconstruction,0.8308860303721695,0.0,,,,"failed: non-positive coordinate precision somewhere on the actual gamma support: inf=-inf, support=(0.75, inf)",True,,1,,,,
unbounded,theory,full_reconstruction,0.8616723928384445,0.0,,,,"failed: non-positive coordinate precision somewhere on the actual gamma support: inf=-inf, support=(0.75, inf)",True,,1,,,,
unbounded,theory,full_reconstruction,0.8935994654373478,0.0,,,,"failed: non-positive coordinate precision somewhere on the actual gamma support: inf=-inf, support=(0.75, inf)",True,,1,,,,
unbounded,theory,full_reconstruction,0.9267095142731688,0.0,,,,"failed: non-positive coordinate precision somewhere on the actual gamma support: inf=-inf, support=(0.75, inf)",True,,1,,,,
unbounded,theory,full_reconstruction,0.96104637151288,0.0,,,,"failed: non-positive coordinate precision somewhere on the actual gamma support: inf=-inf, support=(0.75, inf)",True,,1,,,,
unbounded,theory,full_reconstruction,0.9966554934125964,0.0,,,,"failed: non-positive coordinate precision somewhere on the actual gamma support: inf=-inf, support=(0.75, inf)",True,,1,,,,
unbounded,theory,full_reconstruction,1.033584020494055,0.0,,,,"failed: non-positive coordinate precision somewhere on the actual gamma support: inf=-inf, support=(0.75, inf)",True,,1,,,,
unbounded,theory,full_reconstruction,1.0718808399507824,0.0,,,,"failed: non-positive coordinate precision somewhere on the actual gamma support: inf=-inf, support=(0.75, inf)",True,,1,,,,
unbounded,theory,full_reconstruction,1.1115966503665613,0.0,,,,"failed: non-positive coordinate precision somewhere on the actual gamma support: inf=-inf, support=(0.75, inf)",True,,1,,,,
unbounded,theory,full_reconstruction,1.152784028831877,0.0,,,,"failed: non-positive coordinate precision somewhere on the actual gamma support: inf=-inf, support=(0.75, inf)",True,,1,,,,
unbounded,theory,full_reconstruction,1.1954975005471906,0.0,,,,"failed: non-positive coordinate precision somewhere on the actual gamma support: inf=-inf, support=(0.75, inf)",True,,1,,,,
unbounded,theory,full_reconstruction,1.2397936110051868,0.0,,,,"failed: non-positive coordinate precision somewhere on the actual gamma support: inf=-inf, support=(0.75, inf)",True,,1,,,,
unbounded,theory,full_reconstruction,1.2857310008475475,0.0,,,,"failed: non-positive coordinate precision somewhere on the actual gamma support: inf=-inf, support=(0.75, inf)",True,,1,,,,
unbounded,theory,full_reconstruction,1.3333704834953533,0.0,,,,"failed: non-positive coordinate precision somewhere on the actual gamma support: inf=-inf, support=(0.75, inf)",True,,1,,,,
unbounded,theory,full_reconstruction,1.3827751256558836,0.0,,,,"failed: non-positive coordinate precision somewhere on the actual gamma support: inf=-inf, support=(0.75, inf)",True,,1,,,,
unbounded,theory,full_reconstruction,1.4340103308123873,0.0,,,,"failed: non-positive coordinate precision somewhere on the actual gamma support: inf=-inf, support=(0.75, inf)",True,,1,,,,
unbounded,theory,full_reconstruction,1.487143925807357,0.0,,,,"failed: non-positive coordinate precision somewhere on the actual gamma support: inf=-inf, support=(0.75, inf)",True,,1,,,,
unbounded,theory,full_reconstruction,1.542246250633925,0.0,,,,"failed: non-positive coordinate precision somewhere on the actual gamma support: inf=-inf, support=(0.75, inf)",True,,1,,,,
unbounded,theory,full_reconstruction,1.5993902515542469,0.0,,,,"failed: non-positive coordinate precision somewhere on the actual gamma support: inf=-inf, support=(0.75, inf)",True,,1,,,,
unbounded,theory,full_reconstruction,1.6586515776681552,0.0,,,,"failed: non-positive coordinate precision somewhere on the actual gamma support: inf=-inf, support=(0.75, inf)",True,,1,,,,
unbounded,theory,full_reconstruction,1.7201086810599149,0.0,,,,"failed: non-positive coordinate precision somewhere on the actual gamma support: inf=-inf, support=(0.75, inf)",True,,1,,,,
unbounded,theory,full_reconstruction,1.7838429206556587,0.0,,,,"failed: non-positive coordinate precision somewhere on the actual gamma support: inf=-inf, support=(0.75, inf)",True,,1,,,,
unbounded,theory,full_reconstruction,1.849938669929004,0.0,,,,"failed: non-positive coordinate precision somewhere on the actual gamma support: inf=-inf, support=(0.75, inf)",True,,1,,,,
unbounded,theory,full_reconstruction,1.9184834285974133,0.0,,,,"failed: non-positive coordinate precision somewhere on the actual gamma support: inf=-inf, support=(0.75, inf)",True,,1,,,,
unbounded,theory,full_reconstruction,1.9895679384571912,0.0,,,,"failed: non-positive coordinate precision somewhere on the actual gamma support: inf=-inf, support=(0.75, inf)",True,,1,,,,
unbounded,theory,full_reconstruction,2.063286303510443,0.0,,,,"failed: non-positive coordinate precision somewhere on the actual gamma support: inf=-inf, support=(0.75, inf)",True,,1,,,,
unbounded,theory,full_reconstruction,2.139736114543036,0.0,,,,"failed: non-positive coordinate precision somewhere on the actual gamma support: inf=-inf, support=(0.75, inf)",True,,1,,,,
unbounded,theory,full_reconstruction,2.219018578318476,0.0,,,,"failed: non-positive coordinate precision somewhere on the actual gamma support: inf=-inf, support=(0.75, inf)",True,,1,,,,
unbounded,theory,full_reconstruction,2.301238651558739,0.0,,,,"failed: non-positive coordinate precision somewhere on the actual gamma support: inf=-inf, support=(0.75, inf)",True,,1,,,,
unbounded,theory,full_reconstruction,2.386505179889413,0.0,,,,"failed: non-positive coordinate precision somewhere on the actual gamma support: inf=-inf, support=(0.75, inf)",True,,1,,,,
unbounded,theory,full_reconstruction,2.4749310419331025,0.0,,,,"failed: non-positive coordinate precision somewhere on the actual gamma support: inf=-inf, support=(0.75, inf)",True,,1,,,,
unbounded,theory,full_reconstruction,2.566633298741848,0.0,,,,"failed: non-positive coordinate precision somewhere on the actual gamma support: inf=-inf, support=(0.75, inf)",True,,1,,,,
unbounded,theory,full_reconstruction,2.66173334876638,0.0,,,,"failed: non-positive coordinate precision somewhere on the actual gamma support: inf=-inf, support=(0.75, inf)",True,,1,,,,
unbounded,theory,full_reconstruction,2.76035708856736,0.0,,,,"failed: non-positive coordinate precision somewhere on the actual gamma support: inf=-inf, support=(0.75, inf)",True,,1,,,,
unbounded,theory,full_reconstruction,2.862635079481375,0.0,,,,"failed: non-positive coordinate precision somewhere on the actual gamma support: inf=-inf, support=(0.75, inf)",True,,1,,,,
unbounded,theory,full_reconstruction,2.9687027204623075,0.0,,,,"failed: non-positive coordinate precision somewhere on the actual gamma support: inf=-inf, support=(0.75, inf)",True,,1,,,,
unbounded,theory,full_reconstruction,3.0787004273269085,0.0,,,,"failed: non-positive coordinate precision somewhere on the actual gamma support: inf=-inf, support=(0.75, inf)",True,,1,,,,
unbounded,theory,full_reconstruction,3.1927738186418493,0.0,,,,"failed: non-positive coordinate precision somewhere on the actual gamma support: inf=-inf, support=(0.75, inf)",True,,1,,,,
unbounded,theory,full_reconstruction,3.311073908498353,0.0,,,,"failed: non-positive coordinate precision somewhere on the actual gamma support: inf=-inf, support=(0.75, inf)",True,,1,,,,
unbounded,theory,full_reconstruction,3.433757306429592,0.0,,,,"failed: non-positive coordinate precision somewhere on the actual gamma support: inf=-inf, support=(0.75, inf)",True,,1,,,,
unbounded,theory,full_reconstruction,3.560986424735518,0.0,,,,"failed: non-positive coordinate precision somewhere on the actual gamma support: inf=-inf, support=(0.75, inf)",True,,1,,,,
unbounded,theory,full_reconstruction,3.692929693489582,0.0,,,,"failed: non-positive coordinate precision somewhere on the actual gamma support: inf=-inf, support=(0.75, inf)",True,,1,,,,
unbounded,theory,full_reconstruction,3.829761783511984,0.0,,,,"failed: non-positive coordinate precision somewhere on the actual gamma support: inf=-inf, support=(0.75, inf)",True,,1,,,,
unbounded,theory,full_reconstruction,3.9716638376046207,0.0,,,,"failed: non-positive coordinate precision somewhere on the actual gamma support: inf=-inf, support=(0.75, inf)",True,,1,,,,
unbounded,theory,full_reconstruction,4.1188237103538645,0.0,,,,"failed: non-positive coordinate precision somewhere on the actual gamma support: inf=-inf, support=(0.75, inf)",True,,1,,,,
unbounded,theory,full_reconstruction,4.271436216818614,0.0,,,,"failed: non-positive coordinate precision somewhere on the actual gamma support: inf=-inf, support=(0.75, inf)",True,,1,,,,
unbounded,theory,full_reconstruction,4.429703390432846,0.0,,,,"failed: non-positive coordinate precision somewhere on the actual gamma support: inf=-inf, support=(0.75, inf)",True,,1,,,,
unbounded,theory,full_reconstruction,4.593834750464097,0.0,,,,"failed: non-positive coordinate precision somewhere on the actual gamma support: inf=-inf, support=(0.75, inf)",True,,1,,,,
unbounded,theory,full_reconstruction,4.764047579381933,0.0,,,,"failed: non-positive coordinate precision somewhere on the actual gamma support: inf=-inf, support=(0.75, inf)",True,,1,,,,
unbounded,theory,full_reconstruction,4.94056721050359,0.0,,,,"failed: non-positive coordinate precision somewhere on the actual gamma support: inf=-inf, support=(0.75, inf)",True,,1,,,,
unbounded,theory,full_reconstruction,5.123627326297603,0.0,,,,"failed: non-positive coordinate precision somewhere on the actual gamma support: inf=-inf, support=(0.75, inf)",True,,1,,,,
unbounded,theory,full_reconstruction,5.313470267740314,0.0,,,,"failed: non-positive coordinate precision somewhere on the actual gamma support: inf=-inf, support=(0.75, inf)",True,,1,,,,
unbounded,theory,full_reconstruction,5.510347355134788,0.0,,,,"failed: non-positive coordinate precision somewhere on the actual gamma support: inf=-inf, support=(0.75, inf)",True,,1,,,,
unbounded,theory,full_reconstruction,5.714519220816864,0.0,,,,"failed: non-positive coordinate precision somewhere on the actual gamma support: inf=-inf, support=(0.75, inf)",True,,1,,,,
unbounded,theory,full_reconstruction,5.926256154188775,0.0,,,,"failed: non-positive coordinate precision somewhere on the actual gamma support: inf=-inf, support=(0.75, inf)",True,,1,,,,
unbounded,theory,full_reconstruction,6.145838459537112,0.0,,,,"failed: non-positive coordinate precision somewhere on the actual gamma support: inf=-inf, support=(0.75, inf)",True,,1,,,,
unbounded,theory,full_reconstruction,6.373556827108816,0.0,,,,"failed: non-positive coordinate precision somewhere on the actual gamma support: inf=-inf, support=(0.75, inf)",True,,1,,,,
unbounded,theory,full_reconstruction,6.609712717936447,0.0,,,,"failed: non-positive coordinate precision somewhere on the actual gamma support: inf=-inf, support=(0.75, inf)",True,,1,,,,
unbounded,theory,full_reconstruction,6.854618762922176,0.0,,,,"failed: non-positive coordinate precision somewhere on the actual gamma support: inf=-inf, support=(0.75, inf)",True,,1,,,,
unbounded,theory,full_reconstruction,7.108599176708804,0.0,,,,"failed: non-positive coordinate precision somewhere on the actual gamma support: inf=-inf, support=(0.75, inf)",True,,1,,,,
unbounded,theory,full_reconstruction,7.37199018688573,0.0,,,,"failed: non-positive coordinate precision somewhere on the actual gamma support: inf=-inf, support=(0.75, inf)",True,,1,,,,
unbounded,theory,full_reconstruction,7.6451404790980435,0.0,,,,"failed: non-positive coordinate precision somewhere on the actual gamma support: inf=-inf, support=(0.75, inf)",True,,1,,,,
unbounded,theory,full_reconstruction,7.928411658647999,0.0,,,,"failed: non-positive coordinate precision somewhere on the actual gamma support: inf=-inf, support=(0.75, inf)",True,,1,,,,
unbounded,theory,full_reconstruction,8.222178729199959,0.0,,,,"failed: non-positive coordinate precision somewhere on the actual gamma support: inf=-inf, support=(0.75, inf)",True,,1,,,,
unbounded,theory,full_reconstruction,8.526830589222524,0.0,,,,"failed: non-positive coordinate precision somewhere on the actual gamma support: inf=-inf, support=(0.75, inf)",True,,1,,,,
unbounded,theory,full_reconstruction,8.842770546825065,0.0,,,,"failed: non-positive coordinate precision somewhere on the actual gamma support: inf=-inf, support=(0.75, inf)",True,,1,,,,
unbounded,theory,full_reconstruction,9.170416853670202,0.0,,,,"failed: non-positive coordinate precision somewhere on the actual gamma support: inf=-inf, support=(0.75, inf)",True,,1,,,,
unbounded,theory,full_reconstruction,9.510203258669058,0.0,,,,"failed: non-positive coordinate precision somewhere on the actual gamma support: inf=-inf, support=(0.75, inf)",True,,1,,,,
unbounded,theory,full_reconstruction,9.862579582192264,0.0,,,,"failed: non-positive coordinate precision somewhere on the actual gamma support: inf=-inf, support=(0.75, inf)",True,,1,,,,
unbounded,theory,full_reconstruction,10.2280123115569,0.0,,,,"failed: non-positive coordinate precision somewhere on the actual gamma support: inf=-inf, support=(0.75, inf)",True,,1,,,,
unbounded,theory,full_reconstruction,10.606985218577703,0.0,,,,"failed: non-positive coordinate precision somewhere on the actual gamma support: inf=-inf, support=(0.75, inf)",True,,1,,,,
unbounded,theory,full_reconstruction,11.000000000000002,0.0,,,,"failed: non-positive coordinate precision somewhere on the actual gamma support: inf=-inf, support=(0.75, inf)",True,,1,,,,
unbounded,theory,static,0.3,3.2525165e-316,,,,converged,False,,1,0.75,,,
unbounded,theory,static,0.3111157347726084,4.188227517220804e-308,,,,converged,False,,1,0.75,,,
unbounded,theory,static,0.3226433347436668,5.717854233066485e-300,,,,converged,False,,1,0.75,,,
unbounded,theory,static,0.3345980605275352,7.474834684450296e-292,,,,converged,False,,1,0.75,,,
unbounded,theory,static,0.34699573818171275,9.185864846667635e-284,,,,converged,False,,1,0.75,,,
unbounded,theory,static,0.3598527801578908,1.4313376618677577e-266,,,,converged,False,,1,0.75,,,
unbounded,theory,static,0.3731862070292938,2.134751807969192e-258,,,,converged,False,,1,0.75,,,
unbounded,theory,static,0.3870136700230717,1.9492127789150317e-240,,,,converged,False,,1,0.75,,,
unbounded,theory,static,0.4013534743875726,2.3392724700019504e-211,,,,converged,False,,1,0.75,,,
unbounded,theory,static,0.41622460362542973,3.8016123844664788e-180,,,,converged,False,,1,0.75,,,
unbounded,theory,static,0.4316467446245443,7.008429927055137e-146,,,,converged,False,,1,0.75,,,
unbounded,theory,static,0.44764031372023194,6.955595377626117e-107,,,,converged,False,,1,0.75,,,
unbounded,theory,static,0.4642264837230364,3.657988495925114e-64,,,,converged,False,,1,0.75,,,
unbounded,theory,static,0.48142721194798943,5.728102548789933e-38,,,,converged,False,,1,0.75,,,
unbounded,theory,static,0.4992652692824235,7.821245828601696e-23,,,,converged,False,,1,0.75,,,
unbounded,theory,static,0.517764270330818,1.2061944509862128e-19,,,,converged,False,,1,0.75,,,
unbounded,theory,static,0.5369487046765863,8.44352056325267e-16,,,,converged,False,,1,0.75,,,
unbounded,theory,static,0.5568439693021884,4.4687309438328694e-13,,,,converged,False,,1,0.75,,,
unbounded,theory,static,0.5774764022104871,3.887493143658244e-11,,,,converged,False,,1,0.75,,,
unbounded,theory,static,0.5988733172918602,1.0299630983247026e-09,,,,converged,False,,1,0.75,,,
unbounded,theory,static,0.6210630404832219,1.2459221413650214e-08,,,,converged,False,,1,0.75,,,
unbounded,theory,static,0.6440749472668262,8.852632651432142e-08,,,,converged,False,,1,0.75,,,
unbounded,theory,static,0.6679395015584924,1.469784476257826e-07,,,,converged,False,,1,0.75,,,
unbounded,theory,static,0.692688296036734,1.5783931740076316e-07,,,,converged,False,,1,0.75,,,
unbounded,theory,static,0.718354093966182,1.635184591221529e-07,,,,converged,False,,1,0.75,,,
unbounded,theory,static,0.7449708725706671,1.7616758877960267e-07,,,,converged,False,,1,0.75,,,
unbounded,theory,static,0.7725738680133811,1.843277646483691e-07,,,,converged,False,,1,0.75,,,
unbounded,theory,static,0.8011996220436644,1.9663537204802916e-07,,,,converged,False,,1,0.75,,,
unbounded,theory,static,0.8308860303721695,2.05273851332262e-07,,,,converged,False,,1,0.75,,,
unbounded,theory,static,0.8616723928384445,2.1944630412306304e-07,,,,converged,False,,1,0.75,,,
unbounded,theory,static,0.8935994654373478,2.312469848492596e-07,,,,converged,False,,1,0.75,,,
unbounded,theory,static,0.9267095142731687,2.459663540285069e-07,,,,converged,False,,1,0.75,,,
unbounded,theory,static,0.9610463715128799,2.601158212096228e-07,,,,converged,False,,1,0.75,,,
unbounded,theory,static,0.9966554934125963,2.748769888571746e-07,,,,converged,False,,1,0.75,,,
unbounded,theory,static,1.033584020494055,2.96579690945767e-07,,,,converged,False,,1,0.75,,,
unbounded,theory,static,1.0718808399507824,3.12568436875139e-07,,,,converged,False,,1,0.75,,,
unbounded,theory,static,1.1115966503665613,3.34762998074823e-07,,,,converged,False,,1,0.75,,,
unbounded,theory,static,1.152784028831877,3.5598440412745837e-07,,,,converged,False,,1,0.75,,,
unbounded,theory,static,1.1954975005471906,3.847270813555709e-07,,,,converged,False,,1,0.75,,,
unbounded,theory,static,1.2397936110051868,4.098850609806435e-07,,,,converged,False,,1,0.75,,,
unbounded,theory,static,1.2857310008475475,4.474455367671982e-07,,,,converged,False,,1,0.75,,,
unbounded,theory,static,1.3333704834953533,4.835113505473458e-07,,,,converged,False,,1,0.75,,,
unbounded,theory,static,1.3827751256558836,5.27550267240895e-07,,,,converged,False,,1,0.75,,,
unbounded,theory,static,1.4340103308123873,5.76086252685444e-07,,,,converged,False,,1,0.75,,,
unbounded,theory,static,1.4871439258073573,6.358787084452366e-07,,,,converged,False,,1,0.75,,,
unbounded,theory,static,1.542246250633925,7.098943036898925e-07,,,,converged,False,,1,0.75,,,
unbounded,theory,static,1.5993902515542469,7.953865933061536e-07,,,,converged,False,,1,0.75,,,
unbounded,theory,static,1.6586515776681552,9.086311069875813e-07,,,,converged,False,,1,0.75,,,
unbounded,theory,static,1.7201086810599147,1.0527054485896994e-06,,,,converged,False,,1,0.75,,,
unbounded,theory,static,1.7838429206556587,1.2458744889154048e-06,,,,converged,False,,1,0.75,,,
unbounded,theory,static,1.8499386699290037,1.5282758942590312e-06,,,,converged,False,,1,0.75,,,
unbounded,theory,static,1.9184834285974133,1.9592826352413216e-06,,,,converged,False,,1,0.75,,,
unbounded,theory,static,1.9895679384571912,2.720774189358143e-06,,,,converged,False,,1,0.75,,,
unbounded,theory,static,2.063286303510443,4.397919369701197e-06,,,,converged,False,,1,0.75,,,
unbounded,theory,static,2.1397361145430356,1.125798009487119e-05,,,,converged,False,,1,0.75,,,
unbounded,theory,static,2.219018578318476,0.08818347897542748,,,,converged,False,,1,0.75,,,
unbounded,theory,static,2.301238651558739,0.17186831237687397,,,,converged,False,,1,0.75,,,
unbounded,theory,static,2.386505179889413,0.2255004502581023,,,,converged,False,,1,0.75,,,
unbounded,theory,static,2.4749310419331025,0.2678444890024597,,,,converged,False,,1,0.75,,,
unbounded,theory,static,2.566633298741848,0.3037002970135862,,,,converged,False,,1,0.75,,,
unbounded,theory,static,2.6617333487663797,0.33518788756702717,,,,converged,False,,1,0.75,,,
unbounded,theory,static,2.7603570885673596,0.36346886265634737,,,,converged,False,,1,0.75,,,
unbounded,theory,static,2.862635079481375,0.3892622895188835,,,,converged,False,,1,0.75,,,
unbounded,theory,static,2.9687027204623075,0.41305012803549923,,,,converged,False,,1,0.75,,,
unbounded,theory,static,3.0787004273269085,0.4351740710450854,,,,converged,False,,1,0.75,,,
unbounded,theory,static,3.1927738186418493,0.4558867176642166,,,,converged,False,,1,0.75,,,
unbounded,theory,static,3.311073908498353,0.4753809605253596,,,,converged,False,,1,0.75,,,
unbounded,theory,static,3.433757306429592,0.49380796178958763,,,,converged,False,,1,0.75,,,
unbounded,theory,static,3.560986424735518,0.5112887155586415,,,,converged,False,,1,0.75,,,
unbounded,theory,static,3.692929693489582,0.5279218008053267,,,,converged,False,,1,0.75,,,
unbounded,theory,static,3.8297617835119837,0.5437887458760228,,,,converged,False,,1,0.75,,,
unbounded,theory,static,3.9716638376046207,0.5589578617767273,,,,converged,False,,1,0.75,,,
unbounded,theory,static,4.1188237103538645,0.5734870338300482,,,,converged,False,,1,0.75,,,
unbounded,theory,static,4.271436216818614,0.5874258066443943,,,,converged,False,,1,0.75,,,
unbounded,theory,static,4.429703390432846,0.6008169721962868,,,,converged,False,,1,0.75,,,
unbounded,theory,static,4.593834750464097,0.6136977862702746,,,,converged,False,,1,0.75,,,
unbounded,theory,static,4.764047579381933,0.626100927118494,,,,converged,False,,1,0.75,,,
unbounded,theory,static,4.94056721050359,0.6380552547673032,,,,converged,False,,1,0.75,,,
unbounded,theory,static,5.123627326297603,0.6495864187920601,,,,converged,False,,1,0.75,,,
unbounded,theory,static,5.313470267740314,0.6607173452240533,,,,converged,False,,1,0.75,,,
unbounded,theory,static,5.510347355134788,0.6714686447385809,,,,converged,False,,1,0.75,,,
unbounded,theory,static,5.714519220816864,0.6818589426765358,,,,converged,False,,1,0.75,,,
unbounded,theory,static,5.926256154188775,0.6919051498734432,,,,converged,False,,1,0.75,,,
unbounded,theory,static,6.145838459537112,0.7016226961797501,,,,converged,False,,1,0.75,,,
unbounded,theory,static,6.373556827108816,0.7110257221687418,,,,converged,False,,1,0.75,,,
unbounded,theory,static,6.609712717936447,0.7201272422780518,,,,converged,False,,1,0.75,,,
unbounded,theory,static,6.8546187629221755,0.7289392834022939,,,,converged,False,,1,0.75,,,
unbounded,theory,static,7.108599176708804,0.7374730017021756,,,,converged,False,,1,0.75,,,
unbounded,theory,static,7.37199018688573,0.7457387883677954,,,,converged,False,,1,0.75,,,
unbounded,theory,static,7.6451404790980435,0.7537463524728225,,,,converged,False,,1,0.75,,,
unbounded,theory,static,7.928411658647999,0.7615047961152451,,,,converged,False,,1,0.75,,,
unbounded,theory,static,8.222178729199959,0.7690226842167919,,,,converged,False,,1,0.75,,,
unbounded,theory,static,8.526830589222524,0.7763080949415294,,,,converged,False,,1,0.75,,,
unbounded,theory,static,8.842770546825065,0.7833686752056069,,,,converged,False,,1,0.75,,,
unbounded,theory,static,9.170416853670202,0.7902116773378409,,,,converged,False,,1,0.75,,,
unbounded,theory,static,9.510203258669058,0.7968440030355377,,,,converged,False,,1,0.75,,,
unbounded,theory,static,9.862579582192264,0.8032722282421247,,,,converged,False,,1,0.75,,,
unbounded,theory,static,10.2280123115569,0.8095026450134543,,,,converged,False,,1,0.75,,,
unbounded,theory,static,10.606985218577703,0.8155412689731558,,,,converged,False,,1,0.75,,,
unbounded,theory,static,11.0,0.8213938796640811,,,,converged,False,,1,0.75,,,
