alpha,n_ds,activation,masking_protocol,beta,rho,lambda_r,gamma_law,M,Q,C,cosine,snr,correct_orientation_probability,downstream_test_accuracy,population_orientation_accuracy,numerical_mc_standard_error,method,mc_samples,mc_seed,status
0.09,1,linear,dynamic,1.0,0.75,0.0001,"0.25+2.25*Beta(1,2)",1.0205578124863912e-06,3.1319322168998287,4.055657322784989,5.766754119229459e-07,2.5681120610845683e-13,0.5000001613084479,0.5000000000000521,0.5000001613084479,0.0,exact: p_1=1/2+arctan(sqrt(SNR))/pi,0,12345,converged
0.2,1,linear,dynamic,1.0,0.75,0.0001,"0.25+2.25*Beta(1,2)",1.353631948349781e-06,2.650224855195596,3.394438485840256,8.314942200447933e-07,5.398004586728145e-13,0.5000002338658193,0.5000000000001094,0.5000002338658193,0.0,exact: p_1=1/2+arctan(sqrt(SNR))/pi,0,12345,converged
0.35,1,linear,dynamic,1.0,0.75,0.0001,"0.25+2.25*Beta(1,2)",1.9591734056033447e-06,2.2694091730542434,2.884534865007777,1.3005183187547473e-06,1.3306687604252825e-12,0.5000003671851493,0.5000000000002697,0.5000003671851493,0.0,exact: p_1=1/2+arctan(sqrt(SNR))/pi,0,12345,converged
0.45,1,linear,dynamic,1.0,0.75,0.0001,"0.25+2.25*Beta(1,2)",2.2001287095707805e-06,2.0954712946915706,2.655474354640683,1.5198727559040103e-06,1.8228631469244875e-12,0.5000004297611566,0.5000000000003694,0.5000004297611566,0.0,exact: p_1=1/2+arctan(sqrt(SNR))/pi,0,12345,converged
0.6,1,linear,dynamic,1.0,0.75,0.0001,"0.25+2.25*Beta(1,2)",3.085394449935728e-06,1.8989003634313657,2.3993047323183863,2.239028415088547e-06,3.967673961321117e-12,0.5000006340421296,0.500000000000804,0.5000006340421296,0.0,exact: p_1=1/2+arctan(sqrt(SNR))/pi,0,12345,converged
0.8,1,linear,dynamic,1.0,0.75,0.0001,"0.25+2.25*Beta(1,2)",4.706951238179824e-06,1.7084718820048708,2.1536466855104934,3.6011049739482676e-06,1.0287383769892105e-11,0.5000010209455912,0.5000000000020847,0.5000010209455912,0.0,exact: p_1=1/2+arctan(sqrt(SNR))/pi,0,12345,converged
0.9,1,linear,dynamic,1.0,0.75,0.0001,"0.25+2.25*Beta(1,2)",6.423040419423833e-06,1.632996699881705,2.056906572606598,5.0262953138568355e-06,2.0057035540156624e-11,0.5000014255534299,0.5000000000040644,0.5000014255534299,0.0,exact: p_1=1/2+arctan(sqrt(SNR))/pi,0,12345,converged
0.9348314606741572,1,linear,dynamic,1.0,0.75,0.0001,"0.25+2.25*Beta(1,2)",7.476220965626549e-06,1.6090216810526627,2.02624620444882,5.893878526591079e-06,2.7584939976274122e-11,0.500001671807037,0.5000000000055899,0.500001671807037,0.0,exact: p_1=1/2+arctan(sqrt(SNR))/pi,0,12345,converged
0.9696629213483148,1,linear,dynamic,1.0,0.75,0.0001,"0.25+2.25*Beta(1,2)",8.546702515636653e-06,1.5860970508537993,1.99695953957121,6.786310227267657e-06,3.657866994464717e-11,0.5000019251478215,0.5000000000074124,0.5000019251478215,0.0,exact: p_1=1/2+arctan(sqrt(SNR))/pi,0,12345,converged
1.004494382022472,1,linear,dynamic,1.0,0.75,0.0001,"0.25+2.25*Beta(1,2)",9.830160718926509e-06,1.5641469001211497,1.96894516030857,7.85998738953397e-06,4.907808592534985e-11,0.5000022299438909,0.5000000000099453,0.5000022299438909,0.0,exact: p_1=1/2+arctan(sqrt(SNR))/pi,0,12345,converged
1.0393258426966292,1,linear,dynamic,1.0,0.75,0.0001,"0.25+2.25*Beta(1,2)",1.1775384422117082e-05,1.543102890761649,1.942111959579503,9.479330201901966e-06,7.139633614050735e-11,0.50000268960244,0.5000000000144679,0.50000268960244,0.0,exact: p_1=1/2+arctan(sqrt(SNR))/pi,0,12345,converged
1.0741573033707863,1,linear,dynamic,1.0,0.75,0.0001,"0.25+2.25*Beta(1,2)",1.4502721429873691e-05,1.5229033010764137,1.916377818769572,1.1752042166416851e-05,1.0975337264525492e-10,0.5000033347176229,0.5000000000222407,0.5000033347176229,0.0,exact: p_1=1/2+arctan(sqrt(SNR))/pi,0,12345,converged
1.1089887640449438,1,linear,dynamic,1.0,0.75,0.0001,"0.25+2.25*Beta(1,2)",1.906879191296469e-05,1.5034922155302333,1.8916684885684416,1.5551510847850333e-05,1.9222122016480986e-10,0.5000044131713706,0.5000000000389522,0.5000044131713706,0.0,exact: p_1=1/2+arctan(sqrt(SNR))/pi,0,12345,converged
1.1438202247191012,1,linear,dynamic,1.0,0.75,0.0001,"0.25+2.25*Beta(1,2)",2.710751176298559e-05,1.484818833634371,1.867916636738304,2.2246050620893135e-05,3.933886446150596e-10,0.5000063133670172,0.5000000000797172,0.5000063133670172,0.0,exact: p_1=1/2+arctan(sqrt(SNR))/pi,0,12345,converged
1.1786516853932585,1,linear,dynamic,1.0,0.75,0.0001,"0.25+2.25*Beta(1,2)",4.61514278583811e-05,1.466836877718528,1.845061033824711,3.810607623779944e-05,1.1544085828706036e-09,0.5000108150840927,0.5000000002339321,0.5000108150840927,0.0,exact: p_1=1/2+arctan(sqrt(SNR))/pi,0,12345,converged
1.2134831460674158,1,linear,dynamic,1.0,0.75,0.0001,"0.25+2.25*Beta(1,2)",0.0001494838366148,1.449504085549752,1.8230458489480783,0.0001241608033523,1.2257188935743898e-08,0.5000352407843407,0.5000000024838258,0.5000352407843407,0.0,exact: p_1=1/2+arctan(sqrt(SNR))/pi,0,12345,converged
1.2483146067415731,1,linear,dynamic,1.0,0.75,0.0001,"0.25+2.25*Beta(1,2)",0.1366539106426662,1.4357215780256258,1.7961666879858358,0.114047810130251,0.010396747372525071,0.5323445063721943,0.5020923341849218,0.5323445063721943,0.0,exact: p_1=1/2+arctan(sqrt(SNR))/pi,0,12345,converged
1.2831460674157302,1,linear,dynamic,1.0,0.75,0.0001,"0.25+2.25*Beta(1,2)",0.226290622105849,1.4248977580827376,1.7660713703208233,0.1895722238612028,0.02899511679629903,0.5536867243103955,0.5057645287343608,0.5536867243103955,0.0,exact: p_1=1/2+arctan(sqrt(SNR))/pi,0,12345,converged
1.3179775280898878,1,linear,dynamic,1.0,0.75,0.0001,"0.25+2.25*Beta(1,2)",0.2860660655598422,1.4145538842633434,1.737531284633842,0.2405229905986479,0.04709773837662621,0.5680248073648412,0.5092547488340475,0.5680248073648412,0.0,exact: p_1=1/2+arctan(sqrt(SNR))/pi,0,12345,converged
1.3528089887640449,1,linear,dynamic,1.0,0.75,0.0001,"0.25+2.25*Beta(1,2)",0.3327223022341374,1.4046588995449034,1.7104318053041334,0.2807349445204786,0.06472291386343829,0.5792980251377218,0.5125763535814855,0.5792980251377218,0.0,exact: p_1=1/2+arctan(sqrt(SNR))/pi,0,12345,converged
1.3876404494382022,1,linear,dynamic,1.0,0.75,0.0001,"0.25+2.25*Beta(1,2)",0.3714191543393065,1.3951839945814066,1.6846697976479246,0.3144477953279979,0.08188678185050238,0.5887162924027296,0.5157411610753733,0.5887162924027296,0.0,exact: p_1=1/2+arctan(sqrt(SNR))/pi,0,12345,converged
1.4224719101123595,1,linear,dynamic,1.0,0.75,0.0001,"0.25+2.25*Beta(1,2)",0.4045966225402271,1.386102653752673,1.6601517563560466,0.3436564943896204,0.09860449585058971,0.5968499674401371,0.5187598323863112,0.5968499674401371,0.0,exact: p_1=1/2+arctan(sqrt(SNR))/pi,0,12345,converged
1.4573033707865168,1,linear,dynamic,1.0,0.75,0.0001,"0.25+2.25*Beta(1,2)",0.4336502199075354,1.3773905892223288,1.6367924419802051,0.3694970838939053,0.11489087339525242,0.6040243066469325,0.5216421127467501,0.6040243066469325,0.0,exact: p_1=1/2+arctan(sqrt(SNR))/pi,0,12345,converged
1.4921348314606742,1,linear,dynamic,1.0,0.75,0.0001,"0.25+2.25*Beta(1,2)",0.4594714538689277,1.3690254333753873,1.6145141343537586,0.3926926533773815,0.13076009210964804,0.6104465446200096,0.5243968784369996,0.6104465446200096,0.0,exact: p_1=1/2+arctan(sqrt(SNR))/pi,0,12345,converged
1.5269662921348317,1,linear,dynamic,1.0,0.75,0.0001,"0.25+2.25*Beta(1,2)",0.4826735470421313,1.3609865956455347,1.5932457597096057,0.4137391081938045,0.14622587356309405,0.6162588892429007,0.5270322586559861,0.6162588892429007,0.0,exact: p_1=1/2+arctan(sqrt(SNR))/pi,0,12345,converged
1.5617977528089888,1,linear,dynamic,1.0,0.75,0.0001,"0.25+2.25*Beta(1,2)",0.5037010538091777,1.3532551016839165,1.572922187494772,0.432995141145859,0.16130152758069569,0.6215642200120624,0.5295557191742822,0.6215642200120624,0.0,exact: p_1=1/2+arctan(sqrt(SNR))/pi,0,12345,converged
1.596629213483146,1,linear,dynamic,1.0,0.75,0.0001,"0.25+2.25*Beta(1,2)",0.5228889981076057,1.3458134114247375,1.55348367354153,0.4507306362797429,0.1759998569657748,0.6264399320835674,0.5319741128505943,0.6264399320835674,0.0,exact: p_1=1/2+arctan(sqrt(SNR))/pi,0,12345,converged
1.6314606741573034,1,linear,dynamic,1.0,0.75,0.0001,"0.25+2.25*Beta(1,2)",0.5404979731384422,1.3386453587452622,1.5348752126020162,0.4671553225957826,0.19033342682726206,0.630946137878865,0.5342937820507814,0.630946137878865,0.0,exact: p_1=1/2+arctan(sqrt(SNR))/pi,0,12345,converged
1.6662921348314603,1,linear,dynamic,1.0,0.75,0.0001,"0.25+2.25*Beta(1,2)",0.5567349837314035,1.3317358733630802,1.5170463069133706,0.482435727612896,0.20431402831799367,0.635130534223762,0.5365205225591986,0.635130534223762,0.0,exact: p_1=1/2+arctan(sqrt(SNR))/pi,0,12345,converged
1.701123595505618,1,linear,dynamic,1.0,0.75,0.0001,"0.25+2.25*Beta(1,2)",0.5717684539757225,1.3250710598958886,1.499950265829839,0.496707372332254,0.21795333646007373,0.6390318944079836,0.5386597353253454,0.6390318944079836,0.0,exact: p_1=1/2+arctan(sqrt(SNR))/pi,0,12345,converged
1.7359550561797752,1,linear,dynamic,1.0,0.75,0.0001,"0.25+2.25*Beta(1,2)",0.5857372625621879,1.318637988818654,1.4835440065141643,0.5100820744217885,0.23126253029729038,0.6426821717852085,0.5407164042906875,0.6426821717852085,0.0,exact: p_1=1/2+arctan(sqrt(SNR))/pi,0,12345,converged
1.7707865168539323,1,linear,dynamic,1.0,0.75,0.0001,"0.25+2.25*Beta(1,2)",0.5987574710846686,1.312424604856396,1.467787728138572,0.52265338025733,0.2442522868305799,0.6461080621818313,0.5426951316690597,0.6461080621818313,0.0,exact: p_1=1/2+arctan(sqrt(SNR))/pi,0,12345,converged
1.8056179775280896,1,linear,dynamic,1.0,0.75,0.0001,"0.25+2.25*Beta(1,2)",0.6109272941074927,1.3064196753521555,1.452644578500637,0.5345005692754371,0.256932882419689,0.6493321554321456,0.544600185292021,0.6493321554321456,0.0,exact: p_1=1/2+arctan(sqrt(SNR))/pi,0,12345,converged
1.8404494382022472,1,linear,dynamic,1.0,0.75,0.0001,"0.25+2.25*Beta(1,2)",0.6223309871201127,1.300612803917323,1.4380802771541683,0.5456917818928652,0.26931449077120895,0.6523738333563691,0.546435570183429,0.6523738333563691,0.0,exact: p_1=1/2+arctan(sqrt(SNR))/pi,0,12345,converged
1.8752808988764045,1,linear,dynamic,1.0,0.75,0.0001,"0.25+2.25*Beta(1,2)",0.6330408211408332,1.2949941768919744,1.424063143379318,0.5562855876171151,0.28140653951600636,0.6552497294173856,0.5482049569683429,0.6552497294173856,0.0,exact: p_1=1/2+arctan(sqrt(SNR))/pi,0,12345,converged
1.9101123595505616,1,linear,dynamic,1.0,0.75,0.0001,"0.25+2.25*Beta(1,2)",0.6431198837329071,1.2895546992941156,1.4105636189562825,0.5663332404617762,0.2932183839809119,0.6579743715122924,0.5499118041094075,0.6579743715122924,0.0,exact: p_1=1/2+arctan(sqrt(SNR))/pi,0,12345,converged
1.9449438202247191,1,linear,dynamic,1.0,0.75,0.0001,"0.25+2.25*Beta(1,2)",0.6526231838784762,1.284285804490592,1.397554267236074,0.5758795499159701,0.3047588420147793,0.6605604386421529,0.551559308913921,0.6605604386421529,0.0,exact: p_1=1/2+arctan(sqrt(SNR))/pi,0,12345,converged
1.979775280898876,1,linear,dynamic,1.0,0.75,0.0001,"0.25+2.25*Beta(1,2)",0.6615992285923427,1.2791794910436494,1.3850094894077731,0.5849641438870677,0.31603649117317467,0.6630191221829235,0.5531504683945818,0.6630191221829235,0.0,exact: p_1=1/2+arctan(sqrt(SNR))/pi,0,12345,converged
2.0146067415730338,1,linear,dynamic,1.0,0.75,0.0001,"0.25+2.25*Beta(1,2)",0.6700910511226281,1.2742282866251604,1.3729053644976783,0.5936222862464481,0.3270597001118994,0.6653603618375498,0.5546880985340907,0.6653603618375498,0.0,exact: p_1=1/2+arctan(sqrt(SNR))/pi,0,12345,converged
2.049438202247191,1,linear,dynamic,1.0,0.75,0.0001,"0.25+2.25*Beta(1,2)",0.6781368313297341,1.2694251471658484,1.3612195910837586,0.6018853656773085,0.3378364262593364,0.6675929887730959,0.5561748197717982,0.6675929887730959,0.0,exact: p_1=1/2+arctan(sqrt(SNR))/pi,0,12345,converged
2.0842696629213484,1,linear,dynamic,1.0,0.75,0.0001,"0.25+2.25*Beta(1,2)",0.6857704826853577,1.2647633884144214,1.3499314005575194,0.609781361057718,0.3483741134759019,0.6697248605452113,0.5576130565741828,0.6697248605452113,0.0,exact: p_1=1/2+arctan(sqrt(SNR))/pi,0,12345,converged
2.1191011235955055,1,linear,dynamic,1.0,0.75,0.0001,"0.25+2.25*Beta(1,2)",0.6930227949114618,1.26023684477661,1.3390212031041226,0.6173357579327646,0.3586803503585352,0.6717631200124159,0.5590051387927992,0.6717631200124159,0.0,exact: p_1=1/2+arctan(sqrt(SNR))/pi,0,12345,converged
2.153932584269663,1,linear,dynamic,1.0,0.75,0.0001,"0.25+2.25*Beta(1,2)",0.6999212132727362,1.255839618774332,1.3284707629153707,0.6245713611697136,0.36876212745104053,0.6737141475614326,0.5603532101259903,0.6737141475614326,0.0,exact: p_1=1/2+arctan(sqrt(SNR))/pi,0,12345,converged
2.18876404494382,1,linear,dynamic,1.0,0.75,0.0001,"0.25+2.25*Beta(1,2)",0.7064906185899906,1.2515661818438704,1.3182629436341828,0.6315089201772048,0.3786262798070243,0.6755837377050602,0.5616592978929588,0.6755837377050602,0.0,exact: p_1=1/2+arctan(sqrt(SNR))/pi,0,12345,converged
2.2235955056179773,1,linear,dynamic,1.0,0.75,0.0001,"0.25+2.25*Beta(1,2)",0.7127536551558784,1.247411354016084,1.308381619764778,0.6381673879022696,0.38827950902382496,0.6773771738007281,0.5629253235710674,0.6773771738007281,0.0,exact: p_1=1/2+arctan(sqrt(SNR))/pi,0,12345,converged
2.258426966292135,1,linear,dynamic,1.0,0.75,0.0001,"0.25+2.25*Beta(1,2)",0.718730620148261,1.243370142205512,1.2988117657991247,0.6445638288504733,0.39772792173688815,0.6790992043230105,0.564153049978271,0.6790992043230105,0.0,exact: p_1=1/2+arctan(sqrt(SNR))/pi,0,12345,converged
2.293258426966292,1,linear,dynamic,1.0,0.75,0.0001,"0.25+2.25*Beta(1,2)",0.7244403799174592,1.2394379642088094,1.289539091748482,0.6507141525057768,0.4069778631862639,0.6807542490271332,0.5653441970827258,0.6807542490271332,0.0,exact: p_1=1/2+arctan(sqrt(SNR))/pi,0,12345,converged
2.3280898876404494,1,linear,dynamic,1.0,0.75,0.0001,"0.25+2.25*Beta(1,2)",0.7298998958662357,1.2356103846275703,1.2805502712017325,0.6566327306494544,0.4160350983218947,0.6823462934401967,0.5665003414627566,0.6823462934401967,0.0,exact: p_1=1/2+arctan(sqrt(SNR))/pi,0,12345,converged
2.3629213483146065,1,linear,dynamic,1.0,0.75,0.0001,"0.25+2.25*Beta(1,2)",0.7351247902864405,1.2318832392745571,1.2718327124602584,0.6623328498092097,0.4249052976851856,0.6838790162188915,0.5676229852112548,0.6838790162188915,0.0,exact: p_1=1/2+arctan(sqrt(SNR))/pi,0,12345,converged
2.397752808988764,1,linear,dynamic,1.0,0.75,0.0001,"0.25+2.25*Beta(1,2)",0.7401293999011977,1.2282525836921383,1.2633745464734276,0.6678267528195334,0.433593925195982,0.6853558016439606,0.5687135464061506,0.6853558016439606,0.0,exact: p_1=1/2+arctan(sqrt(SNR))/pi,0,12345,converged
2.432584269662921,1,linear,dynamic,1.0,0.75,0.0001,"0.25+2.25*Beta(1,2)",0.7449269089842236,1.2247146787705243,1.255164576383212,0.6731257445579404,0.4421062465989874,0.6867797698688911,0.5697733648645519,0.6867797698688911,0.0,exact: p_1=1/2+arctan(sqrt(SNR))/pi,0,12345,converged
2.4674157303370787,1,linear,dynamic,1.0,0.75,0.0001,"0.25+2.25*Beta(1,2)",0.7495295612154357,1.2212660166805396,1.2471921870357754,0.6782403599892695,0.45044746830160237,0.6881538247270487,0.5708037235188339,0.6881538247270487,0.0,exact: p_1=1/2+arctan(sqrt(SNR))/pi,0,12345,converged
2.502247191011236,1,linear,dynamic,1.0,0.75,0.0001,"0.25+2.25*Beta(1,2)",0.753948385643805,1.2179031549372683,1.239447475905745,0.6831801477581919,0.4586222322971007,0.6894805927397053,0.5718057900499801,0.6894805927397053,0.0,exact: p_1=1/2+arctan(sqrt(SNR))/pi,0,12345,converged
2.537078651685394,1,linear,dynamic,1.0,0.75,0.0001,"0.25+2.25*Beta(1,2)",0.7581939366427319,1.2146229711848908,1.231920913737468,0.6879542561585689,0.46663551138016457,0.6907625890261693,0.5727807307439343,0.6907625890261693,0.0,exact: p_1=1/2+arctan(sqrt(SNR))/pi,0,12345,converged
2.5719101123595505,1,linear,dynamic,1.0,0.75,0.0001,"0.25+2.25*Beta(1,2)",0.762275641319299,1.211422349951556,1.2246036482887988,0.6925709181856767,0.4744916072728505,0.6920020715027938,0.5737295909227279,0.6920020715027938,0.0,exact: p_1=1/2+arctan(sqrt(SNR))/pi,0,12345,converged
2.6067415730337076,1,linear,dynamic,1.0,0.75,0.0001,"0.25+2.25*Beta(1,2)",0.7662025924409639,1.2082984767544067,1.2174871326489107,0.6970380773173472,0.4821951681624444,0.6932012186042908,0.5746534217403659,0.6932012186042908,0.0,exact: p_1=1/2+arctan(sqrt(SNR))/pi,0,12345,converged
2.641573033707865,1,linear,dynamic,1.0,0.75,0.0001,"0.25+2.25*Beta(1,2)",0.7699829791518791,1.2052485606538157,1.2105633920492649,0.7013629403101711,0.489750303104718,0.6943620020607401,0.5755531756901182,0.6943620020607401,0.0,exact: p_1=1/2+arctan(sqrt(SNR))/pi,0,12345,converged
2.676404494382022,1,linear,dynamic,1.0,0.75,0.0001,"0.25+2.25*Beta(1,2)",0.7736245075266288,1.2022699812224131,1.2038248234757785,0.7055523089370663,0.4971611043189798,0.6954862812297529,0.5764297722980761,0.6954862812297529,0.0,exact: p_1=1/2+arctan(sqrt(SNR))/pi,0,12345,converged
2.71123595505618,1,linear,dynamic,1.0,0.75,0.0001,"0.25+2.25*Beta(1,2)",0.7771343571631505,1.1993602412733466,1.197264213249435,0.70961254661061,0.5044315217977372,0.6965757935559926,0.5772840852243365,0.6965757935559926,0.0,exact: p_1=1/2+arctan(sqrt(SNR))/pi,0,12345,converged
2.746067415730337,1,linear,dynamic,1.0,0.75,0.0001,"0.25+2.25*Beta(1,2)",0.7805192258492376,1.196516959668935,1.1908747126887982,0.7135496143316917,0.5115653690763129,0.6976321647317325,0.5781169450731013,0.6976321647317325,0.0,exact: p_1=1/2+arctan(sqrt(SNR))/pi,0,12345,converged
2.7808988764044944,1,linear,dynamic,1.0,0.75,0.0001,"0.25+2.25*Beta(1,2)",0.7837852901043522,1.1937378273012385,1.1846498550742246,0.7173690414243892,0.5185662061685502,0.6986568999846489,0.5789291278230215,0.6986568999846489,0.0,exact: p_1=1/2+arctan(sqrt(SNR))/pi,0,12345,converged
2.8157303370786515,1,linear,dynamic,1.0,0.75,0.0001,"0.25+2.25*Beta(1,2)",0.7869386390545232,1.191020787477727,1.1785833371762426,0.7210762627011789,0.5254379576761151,0.6996514814903338,0.5797214281225702,0.6996514814903338,0.0,exact: p_1=1/2+arctan(sqrt(SNR))/pi,0,12345,converged
2.850561797752809,1,linear,dynamic,1.0,0.75,0.0001,"0.25+2.25*Beta(1,2)",0.7899845113895649,1.188363656860057,1.172669394970192,0.7246760287946482,0.5321836921063954,0.7006171973983688,0.5804945197839522,0.7006171973983688,0.0,exact: p_1=1/2+arctan(sqrt(SNR))/pi,0,12345,converged
2.885393258426966,1,linear,dynamic,1.0,0.75,0.0001,"0.25+2.25*Beta(1,2)",0.7929281203513193,1.1857644932837812,1.1669023904821452,0.728173046036654,0.5388068523744246,0.7015553269285352,0.5812490996265374,0.7015553269285352,0.0,exact: p_1=1/2+arctan(sqrt(SNR))/pi,0,12345,converged
2.9202247191011232,1,linear,dynamic,1.0,0.75,0.0001,"0.25+2.25*Beta(1,2)",0.7957742825673122,1.1832214040685558,1.1612769925852573,0.7315716901038501,0.545310647536168,0.7024670572533641,0.5819858185456741,0.7024670572533641,0.0,exact: p_1=1/2+arctan(sqrt(SNR))/pi,0,12345,converged
2.955056179775281,1,linear,dynamic,1.0,0.75,0.0001,"0.25+2.25*Beta(1,2)",0.798527521761913,1.1807325786077505,1.1557881218859962,0.7348760873076622,0.5516981797413887,0.7033535068551273,0.5827052975005567,0.7033535068551273,0.0,exact: p_1=1/2+arctan(sqrt(SNR))/pi,0,12345,converged
2.989887640449438,1,linear,dynamic,1.0,0.75,0.0001,"0.25+2.25*Beta(1,2)",0.8011920907057674,1.1782962839402429,1.150430936193966,0.7380901325281958,0.5579724484227977,0.7042157305452363,0.5834081292042491,0.7042157305452363,0.0,exact: p_1=1/2+arctan(sqrt(SNR))/pi,0,12345,converged
3.024719101123595,1,linear,dynamic,1.0,0.75,0.0001,"0.25+2.25*Beta(1,2)",0.8037719911968938,1.175910860605984,1.145200816978807,0.7412175055788061,0.5641363543007105,0.7050547240381562,0.5840948797007288,0.7050547240381562,0.0,exact: p_1=1/2+arctan(sqrt(SNR))/pi,0,12345,converged
3.0595505617977525,1,linear,dynamic,1.0,0.75,0.0001,"0.25+2.25*Beta(1,2)",0.8062710653231799,1.1735747566051256,1.1400933184110733,0.7442617415905001,0.5701928256919969,0.7058714445672257,0.5847661033763926,0.7058714445672257,0.0,exact: p_1=1/2+arctan(sqrt(SNR))/pi,0,12345,converged
3.09438202247191,1,linear,dynamic,1.0,0.75,0.0001,"0.25+2.25*Beta(1,2)",0.8086927230090517,1.1712863744452078,1.1351043069986058,0.7472260251873712,0.5761443386441121,0.7066667496424428,0.5854222908155443,0.7066667496424428,0.0,exact: p_1=1/2+arctan(sqrt(SNR))/pi,0,12345,converged
3.129213483146067,1,linear,dynamic,1.0,0.75,0.0001,"0.25+2.25*Beta(1,2)",0.8110403868485009,1.1690442889788186,1.130229725902812,0.7501135294775473,0.5819936372439108,0.7074414972156149,0.586063949534112,0.7074414972156149,0.0,exact: p_1=1/2+arctan(sqrt(SNR))/pi,0,12345,converged
3.1640449438202243,1,linear,dynamic,1.0,0.75,0.0001,"0.25+2.25*Beta(1,2)",0.8133172912016033,1.1668471354130312,1.1254656959281375,0.7529272637219814,0.5877433835262362,0.7081965005852379,0.5866915657118779,0.7081965005852379,0.0,exact: p_1=1/2+arctan(sqrt(SNR))/pi,0,12345,converged
3.198876404494382,1,linear,dynamic,1.0,0.75,0.0001,"0.25+2.25*Beta(1,2)",0.8155262926448364,1.1646934966486029,1.120808614823846,0.7556699320132318,0.5933958083464235,0.7089324856872562,0.587305567150911,0.7089324856872562,0.0,exact: p_1=1/2+arctan(sqrt(SNR))/pi,0,12345,converged
3.233707865168539,1,linear,dynamic,1.0,0.75,0.0001,"0.25+2.25*Beta(1,2)",0.8176702855366091,1.1625821155846274,1.1162549329773872,0.7583442474894286,0.5989534075931954,0.7096501848325204,0.58790640000062,0.7096501848325204,0.0,exact: p_1=1/2+arctan(sqrt(SNR))/pi,0,12345,converged
3.2685393258426965,1,linear,dynamic,1.0,0.75,0.0001,"0.25+2.25*Beta(1,2)",0.8197520153072586,1.1605117890214682,1.1118012492373808,0.7609527918214206,0.6044186108454664,0.710350294723183,0.5884944929802599,0.710350294723183,0.0,exact: p_1=1/2+arctan(sqrt(SNR))/pi,0,12345,converged
3.3033707865168536,1,linear,dynamic,1.0,0.75,0.0001,"0.25+2.25*Beta(1,2)",0.8217738854949522,1.1584812517916936,1.1074444141956703,0.7634978723506682,0.6097934218865023,0.7110334328763872,0.5890702195831853,0.7110334328763872,0.0,exact: p_1=1/2+arctan(sqrt(SNR))/pi,0,12345,converged
3.338202247191011,1,linear,dynamic,1.0,0.75,0.0001,"0.25+2.25*Beta(1,2)",0.8237384279053797,1.1564894289827718,1.1031812718247822,0.765981874241466,0.6150802365287066,0.7117002438978776,0.5896339865328417,0.7117002438978776,0.0,exact: p_1=1/2+arctan(sqrt(SNR))/pi,0,12345,converged
3.373033707865168,1,linear,dynamic,1.0,0.75,0.0001,"0.25+2.25*Beta(1,2)",0.8256477970855525,1.154535147994351,1.0990089333655155,0.768406884178452,0.6202809314248797,0.712351285267105,0.5901861367091829,0.712351285267105,0.0,exact: p_1=1/2+arctan(sqrt(SNR))/pi,0,12345,converged
3.4078651685393258,1,linear,dynamic,1.0,0.75,0.0001,"0.25+2.25*Beta(1,2)",0.8275042783311023,1.1526174173858197,1.094924495790062,0.7707750690615343,0.6253977633062044,0.7129871422933641,0.5907270455645874,0.7129871422933641,0.0,exact: p_1=1/2+arctan(sqrt(SNR))/pi,0,12345,converged
3.442696629213483,1,linear,dynamic,1.0,0.75,0.0001,"0.25+2.25*Beta(1,2)",0.829309806402031,1.1507351477119665,1.0909253058350876,0.773088319681944,0.6304324881968961,0.7136083192160536,0.591257028076615,0.7136083192160536,0.0,exact: p_1=1/2+arctan(sqrt(SNR))/pi,0,12345,converged
3.4775280898876404,1,linear,dynamic,1.0,0.75,0.0001,"0.25+2.25*Beta(1,2)",0.8310664510863655,1.1488874241130145,1.087008687777803,0.7753486106964166,0.6353872364472467,0.7142153492453489,0.5917764317046136,0.7142153492453489,0.0,exact: p_1=1/2+arctan(sqrt(SNR))/pi,0,12345,converged
3.5123595505617975,1,linear,dynamic,1.0,0.75,0.0001,"0.25+2.25*Beta(1,2)",0.8327759524034227,1.1470732319279016,1.0831722016008678,0.7775576583756845,0.6402636495623228,0.7148086892288419,0.5922855459364263,0.7148086892288419,0.0,exact: p_1=1/2+arctan(sqrt(SNR))/pi,0,12345,converged
3.5471910112359546,1,linear,dynamic,1.0,0.75,0.0001,"0.25+2.25*Beta(1,2)",0.834440191237971,1.1452917267445484,1.079413376155887,0.7797172675622706,0.6450637430795599,0.7153888264740795,0.5927846931397622,0.7153888264740795,0.0,exact: p_1=1/2+arctan(sqrt(SNR))/pi,0,12345,converged
3.582022471910112,1,linear,dynamic,1.0,0.75,0.0001,"0.25+2.25*Beta(1,2)",0.8360607343924374,1.1435419611946207,1.0757299649715293,0.7818289984974076,0.6497890496257783,0.7159561754792494,0.5932741394552488,0.7159561754792494,0.0,exact: p_1=1/2+arctan(sqrt(SNR))/pi,0,12345,converged
3.616853932584269,1,linear,dynamic,1.0,0.75,0.0001,"0.25+2.25*Beta(1,2)",0.83763929681429,1.1418231558724878,1.0721196812901843,0.7838945056512622,0.654441480566039,0.7165111830164104,0.5937541847423311,0.7165111830164104,0.0,exact: p_1=1/2+arctan(sqrt(SNR))/pi,0,12345,converged
3.651685393258427,1,linear,dynamic,1.0,0.75,0.0001,"0.25+2.25*Beta(1,2)",0.8391772906133549,1.140134423954598,1.0685804547318705,0.7859152092653584,0.6590224647688082,0.7170542255891111,0.5942250736921775,0.7170542255891111,0.0,exact: p_1=1/2+arctan(sqrt(SNR))/pi,0,12345,converged
3.686516853932584,1,linear,dynamic,1.0,0.75,0.0001,"0.25+2.25*Beta(1,2)",0.8406762847438661,1.1384750462340394,1.0651101649396175,0.7878926303839844,0.6635338193123109,0.7175857141110219,0.5946870859704068,0.7175857141110219,0.0,exact: p_1=1/2+arctan(sqrt(SNR))/pi,0,12345,converged
3.7213483146067414,1,linear,dynamic,1.0,0.75,0.0001,"0.25+2.25*Beta(1,2)",0.8421375525786555,1.1368441903109563,1.0617069021537455,0.7898280631659533,0.6679768738665216,0.7181059908555698,0.5951404464941797,0.7181059908555698,0.0,exact: p_1=1/2+arctan(sqrt(SNR))/pi,0,12345,converged
3.7561797752808985,1,linear,dynamic,1.0,0.75,0.0001,"0.25+2.25*Beta(1,2)",0.8435625345061484,1.135241192952792,1.0583686963191057,0.7917229100841664,0.6723533605040459,0.7186154349794245,0.595585416822486,0.7186154349794245,0.0,exact: p_1=1/2+arctan(sqrt(SNR))/pi,0,12345,converged
3.791011235955056,1,linear,dynamic,1.0,0.75,0.0001,"0.25+2.25*Beta(1,2)",0.8449524354238184,1.133665306593541,1.055093751027442,0.7935783917888414,0.6766646257106615,0.7191143707100711,0.596022214903341,0.7191143707100711,0.0,exact: p_1=1/2+arctan(sqrt(SNR))/pi,0,12345,converged
3.825842696629213,1,linear,dynamic,1.0,0.75,0.0001,"0.25+2.25*Beta(1,2)",0.8463084129234879,1.132115812274152,1.051880332729465,0.7953956838345776,0.6809119892246178,0.7196031102785694,0.596451052088043,0.7196031102785694,0.0,exact: p_1=1/2+arctan(sqrt(SNR))/pi,0,12345,converged
3.8606741573033703,1,linear,dynamic,1.0,0.75,0.0001,"0.25+2.25*Beta(1,2)",0.8476317303746508,1.1305921160772123,1.048726677495786,0.7971760260855408,0.6850970474533501,0.7200819890390122,0.5968721637987358,0.7200819890390122,0.0,exact: p_1=1/2+arctan(sqrt(SNR))/pi,0,12345,converged
3.895505617977528,1,linear,dynamic,1.0,0.75,0.0001,"0.25+2.25*Beta(1,2)",0.8489234366093359,1.1290935413308665,1.045631180562609,0.7989204941144835,0.689221031871719,0.7205512921819006,0.5972857449662122,0.7205512921819006,0.0,exact: p_1=1/2+arctan(sqrt(SNR))/pi,0,12345,converged
3.930337078651685,1,linear,dynamic,1.0,0.75,0.0001,"0.25+2.25*Beta(1,2)",0.8501845399302155,1.1276194361068987,1.0425922923033355,0.8006301245473458,0.6932851482524236,0.7210112945372915,0.5976919846260988,0.7210112945372915,0.0,exact: p_1=1/2+arctan(sqrt(SNR))/pi,0,12345,converged
3.9651685393258425,1,linear,dynamic,1.0,0.75,0.0001,"0.25+2.25*Beta(1,2)",0.8514161550725169,1.1261692684617626,1.039608427442904,0.8023060191535912,0.6972908741241236,0.7214622943844456,0.5980910956680457,0.7214622943844456,0.0,exact: p_1=1/2+arctan(sqrt(SNR))/pi,0,12345,converged
4.0,1,linear,dynamic,1.0,0.75,0.0001,"0.25+2.25*Beta(1,2)",0.8526191977247801,1.1247424236206331,1.0366781488525891,0.8039491287125329,0.7012393355965468,0.7219045433590435,0.5984832527267713,0.7219045433590435,0.0,exact: p_1=1/2+arctan(sqrt(SNR))/pi,0,12345,converged
4.2,1,linear,dynamic,1.0,0.75,0.0001,"0.25+2.25*Beta(1,2)",0.8590180546075223,1.1169739609919944,1.0208219240620413,0.812794520916497,0.7228606682009752,0.7242866221668256,0.6006089777660087,0.7242866221668256,0.0,exact: p_1=1/2+arctan(sqrt(SNR))/pi,0,12345,converged
4.3795494865122535,1,linear,dynamic,1.0,0.75,0.0001,"0.25+2.25*Beta(1,2)",0.8641106616931769,1.1105613105173402,1.0078574614552405,0.8199702465756483,0.7408659103179946,0.7262208483792864,0.6023517444828881,0.7262208483792864,0.0,exact: p_1=1/2+arctan(sqrt(SNR))/pi,0,12345,converged
4.566774691621367,1,linear,dynamic,1.0,0.75,0.0001,"0.25+2.25*Beta(1,2)",0.8688644543335862,1.1043746324319414,0.9954566216031876,0.8267873424154154,0.7583710064518828,0.7280600798782337,0.6040228000681327,0.7280600798782337,0.0,exact: p_1=1/2+arctan(sqrt(SNR))/pi,0,12345,converged
4.7620037513589315,1,linear,dynamic,1.0,0.75,0.0001,"0.25+2.25*Beta(1,2)",0.873303933645484,1.098407060244764,0.9835946111843432,0.8332661860096712,0.7753801737510128,0.7298097196859136,0.6056250145242363,0.7298097196859136,0.0,exact: p_1=1/2+arctan(sqrt(SNR))/pi,0,12345,converged
4.96557882953177,1,linear,dynamic,1.0,0.75,0.0001,"0.25+2.25*Beta(1,2)",0.8774517066104868,1.092651900719005,0.972247662043565,0.8394257941369243,0.7918985331529208,0.7314747975425056,0.6071611637946879,0.7314747975425056,0.0,exact: p_1=1/2+arctan(sqrt(SNR))/pi,0,12345,converged
5.177856717407615,1,linear,dynamic,1.0,0.75,0.0001,"0.25+2.25*Beta(1,2)",0.881328609992308,1.0871025987542442,0.96139302804976,0.8452839087347505,0.8079319239152741,0.7330599937718199,0.6086339213938414,0.7330599937718199,0.0,exact: p_1=1/2+arctan(sqrt(SNR))/pi,0,12345,converged
5.399209459037271,1,linear,dynamic,1.0,0.75,0.0001,"0.25+2.25*Beta(1,2)",0.8849538667645014,1.0817527383912382,0.9510089489303186,0.8508571047117803,0.8234868317299342,0.7345696708347055,0.6100458609510042,0.7345696708347055,0.0,exact: p_1=1/2+arctan(sqrt(SNR))/pi,0,12345,converged
5.6300250033092345,1,linear,dynamic,1.0,0.75,0.0001,"0.25+2.25*Beta(1,2)",0.8883452257911184,1.0765960435540294,0.9410746141543208,0.8561608857535894,0.8385703198412536,0.7360079011834924,0.6113994588420743,0.7360079011834924,0.0,exact: p_1=1/2+arctan(sqrt(SNR))/pi,0,12345,converged
5.870707883879548,1,linear,dynamic,1.0,0.75,0.0001,"0.25+2.25*Beta(1,2)",0.8915190870520535,1.071626378546826,0.9315701270618656,0.8612097698642792,0.8531899633631596,0.737378491957406,0.6126970968879446,0.737378491957406,0.0,exact: p_1=1/2+arctan(sqrt(SNR))/pi,0,12345,converged
6.121679928168599,1,linear,dynamic,1.0,0.75,0.0001,"0.25+2.25*Beta(1,2)",0.8944906143127981,1.0668377483191374,0.9224764694092285,0.8660173660766387,0.8673537869275895,0.7386850069654642,0.6139410651002074,0.7386850069654642,0.0,exact: p_1=1/2+arctan(sqrt(SNR))/pi,0,12345,converged
6.383380996667419,1,linear,dynamic,1.0,0.75,0.0001,"0.25+2.25*Beta(1,2)",0.8972738669000733,1.0622243287536444,0.913775441556314,0.8705964603050452,0.8810702888344082,0.7399307938179762,0.6151335716442484,0.7399307938179762,0.0,exact: p_1=1/2+arctan(sqrt(SNR))/pi,0,12345,converged
6.656269753849255,1,linear,dynamic,1.0,0.75,0.0001,"0.25+2.25*Beta(1,2)",0.8998817723256627,1.057780347483432,0.905449726455641,0.8749590105799411,0.8943480576595527,0.7411189718683706,0.6162767171897202,0.7411189718683706,0.0,exact: p_1=1/2+arctan(sqrt(SNR))/pi,0,12345,converged
6.9408244720375105,1,linear,dynamic,1.0,0.75,0.0001,"0.25+2.25*Beta(1,2)",0.9023263881327572,1.053500259646266,0.8974827106688388,0.8791163046110564,0.9071962067257421,0.7422524922433446,0.6173725399962234,0.7422524922433446,0.0,exact: p_1=1/2+arctan(sqrt(SNR))/pi,0,12345,converged
7.237543869638944,1,linear,dynamic,1.0,0.75,0.0001,"0.25+2.25*Beta(1,2)",0.9046188593790156,1.0493786312257372,0.8898585478746022,0.8830789436609034,0.9196240039484457,0.7433341228284704,0.6184229906654023,0.7433341228284704,0.0,exact: p_1=1/2+arctan(sqrt(SNR))/pi,0,12345,converged
7.546947985211224,1,linear,dynamic,1.0,0.75,0.0001,"0.25+2.25*Beta(1,2)",0.9067695451971074,1.045410198955865,0.8825620775875767,0.8868569199934476,0.9316409904496253,0.7443664756871107,0.6194299488794786,0.7443664756871107,0.0,exact: p_1=1/2+arctan(sqrt(SNR))/pi,0,12345,converged
7.869579088896787,1,linear,dynamic,1.0,0.75,0.0001,"0.25+2.25*Beta(1,2)",0.9087879735273996,1.0415897453566472,0.8755788948050596,0.8904596061683371,0.9432566108299315,0.7453519907283769,0.620395198708755,0.7453519907283769,0.0,exact: p_1=1/2+arctan(sqrt(SNR))/pi,0,12345,converged
8.206002632820356,1,linear,dynamic,1.0,0.75,0.0001,"0.25+2.25*Beta(1,2)",0.9106830837651996,1.0379123094699394,0.8688951489852212,0.8938958852796856,0.9544807334057283,0.7462929942230117,0.6213204780066729,0.7462929942230117,0.0,exact: p_1=1/2+arctan(sqrt(SNR))/pi,0,12345,converged
8.556808242115855,1,linear,dynamic,1.0,0.75,0.0001,"0.25+2.25*Beta(1,2)",0.9124630785564012,1.0343729499976375,0.8624977055096463,0.8971740903892509,0.9653229966990484,0.7471916560763039,0.6222074296674914,0.7471916560763039,0.0,exact: p_1=1/2+arctan(sqrt(SNR))/pi,0,12345,converged
8.922610748319599,1,linear,dynamic,1.0,0.75,0.0001,"0.25+2.25*Beta(1,2)",0.9141356618499714,1.0309669733310762,0.8563739334894217,0.9003021250793357,0.9757933720155758,0.7480500486838423,0.623057653304113,0.7480500486838423,0.0,exact: p_1=1/2+arctan(sqrt(SNR))/pi,0,12345,converged
9.304051266940906,1,linear,dynamic,1.0,0.75,0.0001,"0.25+2.25*Beta(1,2)",0.9157079039054364,1.0276897069761837,0.8505118596432487,0.9032874148259886,0.9859015553605681,0.7488701071325912,0.6238726604483749,0.7488701071325912,0.0,exact: p_1=1/2+arctan(sqrt(SNR))/pi,0,12345,converged
9.701798321098744,1,linear,dynamic,1.0,0.75,0.0001,"0.25+2.25*Beta(1,2)",0.9171864541340408,1.0245367203022162,0.8448999647229518,0.9061370075281682,0.9956575059425171,0.7496536830904411,0.6246539229612448,0.7496536830904411,0.0,exact: p_1=1/2+arctan(sqrt(SNR))/pi,0,12345,converged
10.116549013193676,1,linear,dynamic,1.0,0.75,0.0001,"0.25+2.25*Beta(1,2)",0.9185774134802266,1.0215036014957877,0.8395273356700043,0.9088575335502016,1.0050708639315733,0.7504025064327088,0.6254028304555656,0.7504025064327088,0.0,exact: p_1=1/2+arctan(sqrt(SNR))/pi,0,12345,converged
10.54903024666867,1,linear,dynamic,1.0,0.75,0.0001,"0.25+2.25*Beta(1,2)",0.919886529620674,1.0185861772683602,0.8343834652859562,0.911455290583672,1.0141514814025758,0.7511182360260077,0.6261207369296274,0.7511182360260077,0.0,exact: p_1=1/2+arctan(sqrt(SNR))/pi,0,12345,converged
11.0,1,linear,dynamic,1.0,0.75,0.0001,"0.25+2.25*Beta(1,2)",0.9211190900688216,1.0157803147563318,0.829458385937101,0.9139362155810844,1.022908915593933,0.7518024267274481,0.6268089242116638,0.7518024267274481,0.0,exact: p_1=1/2+arctan(sqrt(SNR))/pi,0,12345,converged
0.09,2,linear,dynamic,1.0,0.75,0.0001,"0.25+2.25*Beta(1,2)",1.0205578124863912e-06,3.1319322168998287,4.055657322784989,5.766754119229459e-07,2.5681120610845683e-13,0.5000002275794536,0.5000000000000734,0.5000001613084479,1.2422443563144745e-16,"half-normal Monte Carlo, conditional Gaussian CDF integrated analytically",100000,12345,converged
0.2,2,linear,dynamic,1.0,0.75,0.0001,"0.25+2.25*Beta(1,2)",1.353631948349781e-06,2.650224855195596,3.394438485840256,8.314942200447933e-07,5.398004586728145e-13,0.5000003299458649,0.5000000000001543,0.5000002338658193,2.611116872521266e-16,"half-normal Monte Carlo, conditional Gaussian CDF integrated analytically",100000,12345,converged
0.35,2,linear,dynamic,1.0,0.75,0.0001,"0.25+2.25*Beta(1,2)",1.9591734056033447e-06,2.2694091730542434,2.884534865007777,1.3005183187547473e-06,1.3306687604252825e-12,0.5000005180373175,0.5000000000003805,0.5000003671851493,6.436696368540841e-16,"half-normal Monte Carlo, conditional Gaussian CDF integrated analytically",100000,12345,converged
0.45,2,linear,dynamic,1.0,0.75,0.0001,"0.25+2.25*Beta(1,2)",2.2001287095707805e-06,2.0954712946915706,2.655474354640683,1.5198727559040103e-06,1.8228631469244875e-12,0.5000006063216803,0.5000000000005211,0.5000004297611566,8.817533669610197e-16,"half-normal Monte Carlo, conditional Gaussian CDF integrated analytically",100000,12345,converged
0.6,2,linear,dynamic,1.0,0.75,0.0001,"0.25+2.25*Beta(1,2)",3.085394449935728e-06,1.8989003634313657,2.3993047323183863,2.239028415088547e-06,3.967673961321117e-12,0.5000008945282364,0.5000000000011343,0.5000006340421296,1.9192389073706925e-15,"half-normal Monte Carlo, conditional Gaussian CDF integrated analytically",100000,12345,converged
0.8,2,linear,dynamic,1.0,0.75,0.0001,"0.25+2.25*Beta(1,2)",4.706951238179824e-06,1.7084718820048708,2.1536466855104934,3.6011049739482676e-06,1.0287383769892105e-11,0.5000014403848206,0.5000000000029411,0.5000010209455912,4.976202021266145e-15,"half-normal Monte Carlo, conditional Gaussian CDF integrated analytically",100000,12345,converged
0.9,2,linear,dynamic,1.0,0.75,0.0001,"0.25+2.25*Beta(1,2)",6.423040419423833e-06,1.632996699881705,2.056906572606598,5.0262953138568355e-06,2.0057035540156624e-11,0.5000020112193431,0.5000000000057342,0.5000014255534299,9.701967286016225e-15,"half-normal Monte Carlo, conditional Gaussian CDF integrated analytically",100000,12345,converged
0.9348314606741572,2,linear,dynamic,1.0,0.75,0.0001,"0.25+2.25*Beta(1,2)",7.476220965626549e-06,1.6090216810526627,2.02624620444882,5.893878526591079e-06,2.7584939976274122e-11,0.5000023586423212,0.5000000000078864,0.500001671807037,1.3343356983030739e-14,"half-normal Monte Carlo, conditional Gaussian CDF integrated analytically",100000,12345,converged
0.9696629213483148,2,linear,dynamic,1.0,0.75,0.0001,"0.25+2.25*Beta(1,2)",8.546702515636653e-06,1.5860970508537993,1.99695953957121,6.786310227267657e-06,3.657866994464717e-11,0.5000027160641306,0.5000000000104576,0.5000019251478215,1.7693794202546307e-14,"half-normal Monte Carlo, conditional Gaussian CDF integrated analytically",100000,12345,converged
1.004494382022472,2,linear,dynamic,1.0,0.75,0.0001,"0.25+2.25*Beta(1,2)",9.830160718926509e-06,1.5641469001211497,1.96894516030857,7.85998738953397e-06,4.907808592534985e-11,0.5000031460808088,0.5000000000140312,0.5000022299438909,2.373999802389464e-14,"half-normal Monte Carlo, conditional Gaussian CDF integrated analytically",100000,12345,converged
1.0393258426966292,2,linear,dynamic,1.0,0.75,0.0001,"0.25+2.25*Beta(1,2)",1.1775384422117082e-05,1.543102890761649,1.942111959579503,9.479330201901966e-06,7.139633614050735e-11,0.5000037945827489,0.5000000000204118,0.50000268960244,3.4535757596866326e-14,"half-normal Monte Carlo, conditional Gaussian CDF integrated analytically",100000,12345,converged
1.0741573033707863,2,linear,dynamic,1.0,0.75,0.0001,"0.25+2.25*Beta(1,2)",1.4502721429873691e-05,1.5229033010764137,1.916377818769572,1.1752042166416851e-05,1.0975337264525492e-10,0.500004704733226,0.5000000000313779,0.5000033347176229,5.308978132226239e-14,"half-normal Monte Carlo, conditional Gaussian CDF integrated analytically",100000,12345,converged
1.1089887640449438,2,linear,dynamic,1.0,0.75,0.0001,"0.25+2.25*Beta(1,2)",1.906879191296469e-05,1.5034922155302333,1.8916684885684416,1.5551510847850333e-05,1.9222122016480986e-10,0.5000062262525129,0.500000000054955,0.5000044131713706,9.298103827615478e-14,"half-normal Monte Carlo, conditional Gaussian CDF integrated analytically",100000,12345,converged
1.1438202247191012,2,linear,dynamic,1.0,0.75,0.0001,"0.25+2.25*Beta(1,2)",2.710751176298559e-05,1.484818833634371,1.867916636738304,2.2246050620893135e-05,3.933886446150596e-10,0.5000089071132648,0.5000000001124677,0.5000063133670172,1.9028952464592766e-13,"half-normal Monte Carlo, conditional Gaussian CDF integrated analytically",100000,12345,converged
1.1786516853932585,2,linear,dynamic,1.0,0.75,0.0001,"0.25+2.25*Beta(1,2)",4.61514278583811e-05,1.466836877718528,1.845061033824711,3.810607623779944e-05,1.1544085828706036e-09,0.5000152582890738,0.5000000003300393,0.5000108150840927,5.584092557162951e-13,"half-normal Monte Carlo, conditional Gaussian CDF integrated analytically",100000,12345,converged
1.2134831460674158,2,linear,dynamic,1.0,0.75,0.0001,"0.25+2.25*Beta(1,2)",0.0001494838366148,1.449504085549752,1.8230458489480783,0.0001241608033523,1.2257188935743898e-08,0.5000497188990449,0.500000003504266,0.5000352407843407,5.929033918813801e-12,"half-normal Monte Carlo, conditional Gaussian CDF integrated analytically",100000,12345,converged
1.2483146067415731,2,linear,dynamic,1.0,0.75,0.0001,"0.25+2.25*Beta(1,2)",0.1366539106426662,1.4357215780256258,1.7961666879858358,0.114047810130251,0.010396747372525071,0.5455941885320207,0.5029494430430179,0.5323445063721943,4.9565948092847625e-06,"half-normal Monte Carlo, conditional Gaussian CDF integrated analytically",100000,12345,converged
1.2831460674157302,2,linear,dynamic,1.0,0.75,0.0001,"0.25+2.25*Beta(1,2)",0.226290622105849,1.4248977580827376,1.7660713703208233,0.1895722238612028,0.02899511679629903,0.5755661432308801,0.5081137973976723,0.5536867243103955,1.347436057231606e-05,"half-normal Monte Carlo, conditional Gaussian CDF integrated analytically",100000,12345,converged
1.3179775280898878,2,linear,dynamic,1.0,0.75,0.0001,"0.25+2.25*Beta(1,2)",0.2860660655598422,1.4145538842633434,1.737531284633842,0.2405229905986479,0.04709773837662621,0.5956105521833522,0.5130077787886372,0.5680248073648412,2.1359457939897594e-05,"half-normal Monte Carlo, conditional Gaussian CDF integrated analytically",100000,12345,converged
1.3528089887640449,2,linear,dynamic,1.0,0.75,0.0001,"0.25+2.25*Beta(1,2)",0.3327223022341374,1.4046588995449034,1.7104318053041334,0.2807349445204786,0.06472291386343829,0.6113023164591648,0.517652107776931,0.5792980251377218,2.867665319808966e-05,"half-normal Monte Carlo, conditional Gaussian CDF integrated analytically",100000,12345,converged
1.3876404494382022,2,linear,dynamic,1.0,0.75,0.0001,"0.25+2.25*Beta(1,2)",0.3714191543393065,1.3951839945814066,1.6846697976479246,0.3144477953279979,0.08188678185050238,0.624357585402191,0.5220650878180764,0.5887162924027296,3.548182406662266e-05,"half-normal Monte Carlo, conditional Gaussian CDF integrated analytically",100000,12345,converged
1.4224719101123595,2,linear,dynamic,1.0,0.75,0.0001,"0.25+2.25*Beta(1,2)",0.4045966225402271,1.386102653752673,1.6601517563560466,0.3436564943896204,0.09860449585058971,0.6355869423902022,0.5262631819115976,0.5968499674401371,4.1823789849819666e-05,"half-normal Monte Carlo, conditional Gaussian CDF integrated analytically",100000,12345,converged
1.4573033707865168,2,linear,dynamic,1.0,0.75,0.0001,"0.25+2.25*Beta(1,2)",0.4336502199075354,1.3773905892223288,1.6367924419802051,0.3694970838939053,0.11489087339525242,0.6454534088090627,0.5302613800015912,0.6040243066469325,4.774559110089081e-05,"half-normal Monte Carlo, conditional Gaussian CDF integrated analytically",100000,12345,converged
1.4921348314606742,2,linear,dynamic,1.0,0.75,0.0001,"0.25+2.25*Beta(1,2)",0.4594714538689277,1.3690254333753873,1.6145141343537586,0.3926926533773815,0.13076009210964804,0.65425240605085,0.5340732904952781,0.6104465446200096,5.3285206914380414e-05,"half-normal Monte Carlo, conditional Gaussian CDF integrated analytically",100000,12345,converged
1.5269662921348317,2,linear,dynamic,1.0,0.75,0.0001,"0.25+2.25*Beta(1,2)",0.4826735470421313,1.3609865956455347,1.5932457597096057,0.4137391081938045,0.14622587356309405,0.6621868769986562,0.5377113323392775,0.6162588892429007,5.8476320332169e-05,"half-normal Monte Carlo, conditional Gaussian CDF integrated analytically",100000,12345,converged
1.5617977528089888,2,linear,dynamic,1.0,0.75,0.0001,"0.25+2.25*Beta(1,2)",0.5037010538091777,1.3532551016839165,1.572922187494772,0.432995141145859,0.16130152758069569,0.6694037541739505,0.5411868704865429,0.6215642200120624,6.334891154790343e-05,"half-normal Monte Carlo, conditional Gaussian CDF integrated analytically",100000,12345,converged
1.596629213483146,2,linear,dynamic,1.0,0.75,0.0001,"0.25+2.25*Beta(1,2)",0.5228889981076057,1.3458134114247375,1.55348367354153,0.4507306362797429,0.1759998569657748,0.6760136302340587,0.544510302905153,0.6264399320835674,6.792971422215377e-05,"half-normal Monte Carlo, conditional Gaussian CDF integrated analytically",100000,12345,converged
1.6314606741573034,2,linear,dynamic,1.0,0.75,0.0001,"0.25+2.25*Beta(1,2)",0.5404979731384422,1.3386453587452622,1.5348752126020162,0.4671553225957826,0.19033342682726206,0.6821024175371752,0.5476912165497951,0.630946137878865,7.224271118631045e-05,"half-normal Monte Carlo, conditional Gaussian CDF integrated analytically",100000,12345,converged
1.6662921348314603,2,linear,dynamic,1.0,0.75,0.0001,"0.25+2.25*Beta(1,2)",0.5567349837314035,1.3317358733630802,1.5170463069133706,0.482435727612896,0.20431402831799367,0.6877382911490575,0.5507383511544566,0.635130534223762,7.630932162746005e-05,"half-normal Monte Carlo, conditional Gaussian CDF integrated analytically",100000,12345,converged
1.701123595505618,2,linear,dynamic,1.0,0.75,0.0001,"0.25+2.25*Beta(1,2)",0.5717684539757225,1.3250710598958886,1.499950265829839,0.496707372332254,0.21795333646007373,0.6929766518691507,0.553659818971756,0.6390318944079836,8.01488989535527e-05,"half-normal Monte Carlo, conditional Gaussian CDF integrated analytically",100000,12345,converged
1.7359550561797752,2,linear,dynamic,1.0,0.75,0.0001,"0.25+2.25*Beta(1,2)",0.5857372625621879,1.318637988818654,1.4835440065141643,0.5100820744217885,0.23126253029729038,0.6978631376602343,0.5564630843951958,0.6426821717852085,8.377887077946017e-05,"half-normal Monte Carlo, conditional Gaussian CDF integrated analytically",100000,12345,converged
1.7707865168539323,2,linear,dynamic,1.0,0.75,0.0001,"0.25+2.25*Beta(1,2)",0.5987574710846686,1.312424604856396,1.467787728138572,0.52265338025733,0.2442522868305799,0.702435856266652,0.5591550213504805,0.6461080621818313,8.721496139905707e-05,"half-normal Monte Carlo, conditional Gaussian CDF integrated analytically",100000,12345,converged
1.8056179775280896,2,linear,dynamic,1.0,0.75,0.0001,"0.25+2.25*Beta(1,2)",0.6109272941074927,1.3064196753521555,1.452644578500637,0.5345005692754371,0.256932882419689,0.706727029783046,0.5617419858871753,0.6493321554321456,9.047141107899834e-05,"half-normal Monte Carlo, conditional Gaussian CDF integrated analytically",100000,12345,converged
1.8404494382022472,2,linear,dynamic,1.0,0.75,0.0001,"0.25+2.25*Beta(1,2)",0.6223309871201127,1.300612803917323,1.4380802771541683,0.5456917818928652,0.26931449077120895,0.7107642727311907,0.5642299203412375,0.6523738333563691,9.356121351756574e-05,"half-normal Monte Carlo, conditional Gaussian CDF integrated analytically",100000,12345,converged
1.8752808988764045,2,linear,dynamic,1.0,0.75,0.0001,"0.25+2.25*Beta(1,2)",0.6330408211408332,1.2949941768919744,1.424063143379318,0.5562855876171151,0.28140653951600636,0.7145712675626177,0.5666242624596837,0.6552497294173856,9.64960946933571e-05,"half-normal Monte Carlo, conditional Gaussian CDF integrated analytically",100000,12345,converged
1.9101123595505616,2,linear,dynamic,1.0,0.75,0.0001,"0.25+2.25*Beta(1,2)",0.6431198837329071,1.2895546992941156,1.4105636189562825,0.5663332404617762,0.2932183839809119,0.7181686689939925,0.5689301167359986,0.6579743715122924,9.928680646405832e-05,"half-normal Monte Carlo, conditional Gaussian CDF integrated analytically",100000,12345,converged
1.9449438202247191,2,linear,dynamic,1.0,0.75,0.0001,"0.25+2.25*Beta(1,2)",0.6526231838784762,1.284285804490592,1.397554267236074,0.5758795499159701,0.3047588420147793,0.7215744848843386,0.571152192969877,0.6605604386421529,0.00010194311991984189,"half-normal Monte Carlo, conditional Gaussian CDF integrated analytically",100000,12345,converged
1.979775280898876,2,linear,dynamic,1.0,0.75,0.0001,"0.25+2.25*Beta(1,2)",0.6615992285923427,1.2791794910436494,1.3850094894077731,0.5849641438870677,0.31603649117317467,0.724804587314893,0.5732948929735364,0.6630191221829235,0.00010447399158535187,"half-normal Monte Carlo, conditional Gaussian CDF integrated analytically",100000,12345,converged
2.0146067415730338,2,linear,dynamic,1.0,0.75,0.0001,"0.25+2.25*Beta(1,2)",0.6700910511226281,1.2742282866251604,1.3729053644976783,0.5936222862464481,0.3270597001118994,0.7278730510030452,0.57536234033378,0.6653603618375498,0.00010688765044516237,"half-normal Monte Carlo, conditional Gaussian CDF integrated analytically",100000,12345,converged
2.049438202247191,2,linear,dynamic,1.0,0.75,0.0001,"0.25+2.25*Beta(1,2)",0.6781368313297341,1.2694251471658484,1.3612195910837586,0.6018853656773085,0.3378364262593364,0.7307923647465445,0.5773583643877678,0.6675929887730959,0.00010919162533095013,"half-normal Monte Carlo, conditional Gaussian CDF integrated analytically",100000,12345,converged
2.0842696629213484,2,linear,dynamic,1.0,0.75,0.0001,"0.25+2.25*Beta(1,2)",0.6857704826853577,1.2647633884144214,1.3499314005575194,0.609781361057718,0.3483741134759019,0.7335736284170457,0.5792865030202441,0.6697248605452113,0.00011139279080042038,"half-normal Monte Carlo, conditional Gaussian CDF integrated analytically",100000,12345,converged
2.1191011235955055,2,linear,dynamic,1.0,0.75,0.0001,"0.25+2.25*Beta(1,2)",0.6930227949114618,1.26023684477661,1.3390212031041226,0.6173357579327646,0.3586803503585352,0.736226907787681,0.5811501414249947,0.6717631200124159,0.00011349756177951194,"half-normal Monte Carlo, conditional Gaussian CDF integrated analytically",100000,12345,converged
2.153932584269663,2,linear,dynamic,1.0,0.75,0.0001,"0.25+2.25*Beta(1,2)",0.6999212132727362,1.255839618774332,1.3284707629153707,0.6245713611697136,0.36876212745104053,0.7387611861828354,0.5829523918570154,0.6737141475614326,0.00011551178722201906,"half-normal Monte Carlo, conditional Gaussian CDF integrated analytically",100000,12345,converged
2.18876404494382,2,linear,dynamic,1.0,0.75,0.0001,"0.25+2.25*Beta(1,2)",0.7064906185899906,1.2515661818438704,1.3182629436341828,0.6315089201772048,0.3786262798070243,0.741184606772102,0.5846961894679417,0.6755837377050602,0.0001174408874504143,"half-normal Monte Carlo, conditional Gaussian CDF integrated analytically",100000,12345,converged
2.2235955056179773,2,linear,dynamic,1.0,0.75,0.0001,"0.25+2.25*Beta(1,2)",0.7127536551558784,1.247411354016084,1.308381619764778,0.6381673879022696,0.38827950902382496,0.7435045797232621,0.5863843083176927,0.6773771738007281,0.00011928989559880577,"half-normal Monte Carlo, conditional Gaussian CDF integrated analytically",100000,12345,converged
2.258426966292135,2,linear,dynamic,1.0,0.75,0.0001,"0.25+2.25*Beta(1,2)",0.718730620148261,1.243370142205512,1.2988117657991247,0.6445638288504733,0.39772792173688815,0.7457277607166509,0.5880192928488546,0.6790992043230105,0.00012106340487554912,"half-normal Monte Carlo, conditional Gaussian CDF integrated analytically",100000,12345,converged
2.293258426966292,2,linear,dynamic,1.0,0.75,0.0001,"0.25+2.25*Beta(1,2)",0.7244403799174592,1.2394379642088094,1.289539091748482,0.6507141525057768,0.4069778631862639,0.7478603252907524,0.5896036139231018,0.6807542490271332,0.00012276575845506836,"half-normal Monte Carlo, conditional Gaussian CDF integrated analytically",100000,12345,converged
2.3280898876404494,2,linear,dynamic,1.0,0.75,0.0001,"0.25+2.25*Beta(1,2)",0.7298998958662357,1.2356103846275703,1.2805502712017325,0.6566327306494544,0.4160350983218947,0.7499078392777458,0.5911395363878907,0.6823462934401967,0.00012440092269884893,"half-normal Monte Carlo, conditional Gaussian CDF integrated analytically",100000,12345,converged
2.3629213483146065,2,linear,dynamic,1.0,0.75,0.0001,"0.25+2.25*Beta(1,2)",0.7351247902864405,1.2318832392745571,1.2718327124602584,0.6623328498092097,0.4249052976851856,0.7518754291088734,0.5926292122285015,0.6838790162188915,0.00012597260383730833,"half-normal Monte Carlo, conditional Gaussian CDF integrated analytically",100000,12345,converged
2.397752808988764,2,linear,dynamic,1.0,0.75,0.0001,"0.25+2.25*Beta(1,2)",0.7401293999011977,1.2282525836921383,1.2633745464734276,0.6678267528195334,0.433593925195982,0.7537678029524403,0.5940746690953524,0.6853558016439606,0.0001274842491408819,"half-normal Monte Carlo, conditional Gaussian CDF integrated analytically",100000,12345,converged
2.432584269662921,2,linear,dynamic,1.0,0.75,0.0001,"0.25+2.25*Beta(1,2)",0.7449269089842236,1.2247146787705243,1.255164576383212,0.6731257445579404,0.4421062465989874,0.7555892941266783,0.5954778190758666,0.6867797698688911,0.00012893906864796,"half-normal Monte Carlo, conditional Gaussian CDF integrated analytically",100000,12345,converged
2.4674157303370787,2,linear,dynamic,1.0,0.75,0.0001,"0.25+2.25*Beta(1,2)",0.7495295612154357,1.2212660166805396,1.2471921870357754,0.6782403599892695,0.45044746830160237,0.757343926286694,0.5968404880022343,0.6881538247270487,0.00013034007654587216,"half-normal Monte Carlo, conditional Gaussian CDF integrated analytically",100000,12345,converged
2.502247191011236,2,linear,dynamic,1.0,0.75,0.0001,"0.25+2.25*Beta(1,2)",0.753948385643805,1.2179031549372683,1.239447475905745,0.6831801477581919,0.4586222322971007,0.7590353392133988,0.5981643392293708,0.6894805927397053,0.00013169002310651286,"half-normal Monte Carlo, conditional Gaussian CDF integrated analytically",100000,12345,converged
2.537078651685394,2,linear,dynamic,1.0,0.75,0.0001,"0.25+2.25*Beta(1,2)",0.7581939366427319,1.2146229711848908,1.231920913737468,0.6879542561585689,0.46663551138016457,0.7606670037471457,0.5994510250169993,0.6907625890261693,0.00013299155897618026,"half-normal Monte Carlo, conditional Gaussian CDF integrated analytically",100000,12345,converged
2.5719101123595505,2,linear,dynamic,1.0,0.75,0.0001,"0.25+2.25*Beta(1,2)",0.762275641319299,1.211422349951556,1.2246036482887988,0.6925709181856767,0.4744916072728505,0.7622420387306132,0.6007020293427873,0.6920020715027938,0.00013424708302834667,"half-normal Monte Carlo, conditional Gaussian CDF integrated analytically",100000,12345,converged
2.6067415730337076,2,linear,dynamic,1.0,0.75,0.0001,"0.25+2.25*Beta(1,2)",0.7662025924409639,1.2082984767544067,1.2174871326489107,0.6970380773173472,0.4821951681624444,0.763763439733176,0.6019188359594181,0.6932012186042908,0.00013545891977291764,"half-normal Monte Carlo, conditional Gaussian CDF integrated analytically",100000,12345,converged
2.641573033707865,2,linear,dynamic,1.0,0.75,0.0001,"0.25+2.25*Beta(1,2)",0.7699829791518791,1.2052485606538157,1.2105633920492649,0.7013629403101711,0.489750303104718,0.7652339195410728,0.6031027912328403,0.6943620020607401,0.0001366291879944455,"half-normal Monte Carlo, conditional Gaussian CDF integrated analytically",100000,12345,converged
2.676404494382022,2,linear,dynamic,1.0,0.75,0.0001,"0.25+2.25*Beta(1,2)",0.7736245075266288,1.2022699812224131,1.2038248234757785,0.7055523089370663,0.4971611043189798,0.7666560300583347,0.6042551913671861,0.6954862812297529,0.00013775989445377043,"half-normal Monte Carlo, conditional Gaussian CDF integrated analytically",100000,12345,converged
2.71123595505618,2,linear,dynamic,1.0,0.75,0.0001,"0.25+2.25*Beta(1,2)",0.7771343571631505,1.1993602412733466,1.197264213249435,0.70961254661061,0.5044315217977372,0.7680321519328662,0.6053772659294472,0.6965757935559926,0.00013885292270068194,"half-normal Monte Carlo, conditional Gaussian CDF integrated analytically",100000,12345,converged
2.746067415730337,2,linear,dynamic,1.0,0.75,0.0001,"0.25+2.25*Beta(1,2)",0.7805192258492376,1.196516959668935,1.1908747126887982,0.7135496143316917,0.5115653690763129,0.769364509041157,0.6064701820474084,0.6976321647317325,0.00013991004218766616,"half-normal Monte Carlo, conditional Gaussian CDF integrated analytically",100000,12345,converged
2.7808988764044944,2,linear,dynamic,1.0,0.75,0.0001,"0.25+2.25*Beta(1,2)",0.7837852901043522,1.1937378273012385,1.1846498550742246,0.7173690414243892,0.5185662061685502,0.7706551590348159,0.6075350297174172,0.6986568999846489,0.0001409328988141514,"half-normal Monte Carlo, conditional Gaussian CDF integrated analytically",100000,12345,converged
2.8157303370786515,2,linear,dynamic,1.0,0.75,0.0001,"0.25+2.25*Beta(1,2)",0.7869386390545232,1.191020787477727,1.1785833371762426,0.7210762627011789,0.5254379576761151,0.7719061172965661,0.6085729182890878,0.6996514814903338,0.00014192311146236147,"half-normal Monte Carlo, conditional Gaussian CDF integrated analytically",100000,12345,converged
2.850561797752809,2,linear,dynamic,1.0,0.75,0.0001,"0.25+2.25*Beta(1,2)",0.7899845113895649,1.188363656860057,1.172669394970192,0.7246760287946482,0.5321836921063954,0.7731191429566174,0.609584794031602,0.7006171973983688,0.00014288210114283528,"half-normal Monte Carlo, conditional Gaussian CDF integrated analytically",100000,12345,converged
2.885393258426966,2,linear,dynamic,1.0,0.75,0.0001,"0.25+2.25*Beta(1,2)",0.7929281203513193,1.1857644932837812,1.1669023904821452,0.728173046036654,0.5388068523744246,0.7742959729423536,0.6105716290031534,0.7015553269285352,0.00014381127522886662,"half-normal Monte Carlo, conditional Gaussian CDF integrated analytically",100000,12345,converged
2.9202247191011232,2,linear,dynamic,1.0,0.75,0.0001,"0.25+2.25*Beta(1,2)",0.7957742825673122,1.1832214040685558,1.1612769925852573,0.7315716901038501,0.545310647536168,0.7754382183374673,0.6115343310437932,0.7024670572533641,0.00014471194441654286,"half-normal Monte Carlo, conditional Gaussian CDF integrated analytically",100000,12345,converged
2.955056179775281,2,linear,dynamic,1.0,0.75,0.0001,"0.25+2.25*Beta(1,2)",0.798527521761913,1.1807325786077505,1.1557881218859962,0.7348760873076622,0.5516981797413887,0.7765473946546818,0.6124737650293568,0.7033535068551273,0.00014558534591000384,"half-normal Monte Carlo, conditional Gaussian CDF integrated analytically",100000,12345,converged
2.989887640449438,2,linear,dynamic,1.0,0.75,0.0001,"0.25+2.25*Beta(1,2)",0.8011920907057674,1.1782962839402429,1.150430936193966,0.7380901325281958,0.5579724484227977,0.7776249289417424,0.6133907553628145,0.7042157305452363,0.0001464326483920394,"half-normal Monte Carlo, conditional Gaussian CDF integrated analytically",100000,12345,converged
3.024719101123595,2,linear,dynamic,1.0,0.75,0.0001,"0.25+2.25*Beta(1,2)",0.8037719911968938,1.175910860605984,1.145200816978807,0.7412175055788061,0.5641363543007105,0.7786721662497689,0.614286088294923,0.7050547240381562,0.00014725495660258367,"half-normal Monte Carlo, conditional Gaussian CDF integrated analytically",100000,12345,converged
3.0595505617977525,2,linear,dynamic,1.0,0.75,0.0001,"0.25+2.25*Beta(1,2)",0.8062710653231799,1.1735747566051256,1.1400933184110733,0.7442617415905001,0.5701928256919969,0.7796903960162928,0.6151605317189073,0.7058714445672257,0.00014805333161058392,"half-normal Monte Carlo, conditional Gaussian CDF integrated analytically",100000,12345,converged
3.09438202247191,2,linear,dynamic,1.0,0.75,0.0001,"0.25+2.25*Beta(1,2)",0.8086927230090517,1.1712863744452078,1.1351043069986058,0.7472260251873712,0.5761443386441121,0.780680776363205,0.616014767476202,0.7066667496424428,0.0001488287311524549,"half-normal Monte Carlo, conditional Gaussian CDF integrated analytically",100000,12345,converged
3.129213483146067,2,linear,dynamic,1.0,0.75,0.0001,"0.25+2.25*Beta(1,2)",0.8110403868485009,1.1690442889788186,1.130229725902812,0.7501135294775473,0.5819936372439108,0.7816444595456873,0.6168494967412801,0.7074414972156149,0.00014958210773296883,"half-normal Monte Carlo, conditional Gaussian CDF integrated analytically",100000,12345,converged
3.1640449438202243,2,linear,dynamic,1.0,0.75,0.0001,"0.25+2.25*Beta(1,2)",0.8133172912016033,1.1668471354130312,1.1254656959281375,0.7529272637219814,0.5877433835262362,0.7825825361468248,0.6176653903045408,0.7081965005852379,0.00015031436455655275,"half-normal Monte Carlo, conditional Gaussian CDF integrated analytically",100000,12345,converged
3.198876404494382,2,linear,dynamic,1.0,0.75,0.0001,"0.25+2.25*Beta(1,2)",0.8155262926448364,1.1646934966486029,1.120808614823846,0.7556699320132318,0.5933958083464235,0.7834959825936898,0.6184630406513014,0.7089324856872562,0.00015102631450887447,"half-normal Monte Carlo, conditional Gaussian CDF integrated analytically",100000,12345,converged
3.233707865168539,2,linear,dynamic,1.0,0.75,0.0001,"0.25+2.25*Beta(1,2)",0.8176702855366091,1.1625821155846274,1.1162549329773872,0.7583442474894286,0.5989534075931954,0.7843857780654278,0.6192430618703141,0.7096501848325204,0.0001517187713025413,"half-normal Monte Carlo, conditional Gaussian CDF integrated analytically",100000,12345,converged
3.2685393258426965,2,linear,dynamic,1.0,0.75,0.0001,"0.25+2.25*Beta(1,2)",0.8197520153072586,1.1605117890214682,1.1118012492373808,0.7609527918214206,0.6044186108454664,0.7852528526370184,0.620006043245651,0.710350294723183,0.0001523925088108644,"half-normal Monte Carlo, conditional Gaussian CDF integrated analytically",100000,12345,converged
3.3033707865168536,2,linear,dynamic,1.0,0.75,0.0001,"0.25+2.25*Beta(1,2)",0.8217738854949522,1.1584812517916936,1.1074444141956703,0.7634978723506682,0.6097934218865023,0.7860980337732348,0.6207525004127006,0.7110334328763872,0.00015304821954146002,"half-normal Monte Carlo, conditional Gaussian CDF integrated analytically",100000,12345,converged
3.338202247191011,2,linear,dynamic,1.0,0.75,0.0001,"0.25+2.25*Beta(1,2)",0.8237384279053797,1.1564894289827718,1.1031812718247822,0.765981874241466,0.6150802365287066,0.7869221782455678,0.621482990228594,0.7117002438978776,0.00015368661705956481,"half-normal Monte Carlo, conditional Gaussian CDF integrated analytically",100000,12345,converged
3.373033707865168,2,linear,dynamic,1.0,0.75,0.0001,"0.25+2.25*Beta(1,2)",0.8256477970855525,1.154535147994351,1.0990089333655155,0.768406884178452,0.6202809314248797,0.7877260311346593,0.622197985032496,0.712351285267105,0.00015430832658471178,"half-normal Monte Carlo, conditional Gaussian CDF integrated analytically",100000,12345,converged
3.4078651685393258,2,linear,dynamic,1.0,0.75,0.0001,"0.25+2.25*Beta(1,2)",0.8275042783311023,1.1526174173858197,1.094924495790062,0.7707750690615343,0.6253977633062044,0.7885103682078226,0.6228979976931808,0.7129871422933641,0.00015491399529157307,"half-normal Monte Carlo, conditional Gaussian CDF integrated analytically",100000,12345,converged
3.442696629213483,2,linear,dynamic,1.0,0.75,0.0001,"0.25+2.25*Beta(1,2)",0.829309806402031,1.1507351477119665,1.0909253058350876,0.773088319681944,0.6304324881968961,0.7892758617235406,0.6235834612250821,0.7136083192160536,0.00015550418853843746,"half-normal Monte Carlo, conditional Gaussian CDF integrated analytically",100000,12345,converged
3.4775280898876404,2,linear,dynamic,1.0,0.75,0.0001,"0.25+2.25*Beta(1,2)",0.8310664510863655,1.1488874241130145,1.087008687777803,0.7753486106964166,0.6353872364472467,0.7900232164215765,0.6242548491900148,0.7142153492453489,0.00015607949491458774,"half-normal Monte Carlo, conditional Gaussian CDF integrated analytically",100000,12345,converged
3.5123595505617975,2,linear,dynamic,1.0,0.75,0.0001,"0.25+2.25*Beta(1,2)",0.8327759524034227,1.1470732319279016,1.0831722016008678,0.7775576583756845,0.6402636495623228,0.7907530399455713,0.6249125588000185,0.7148086892288419,0.0001566404263743113,"half-normal Monte Carlo, conditional Gaussian CDF integrated analytically",100000,12345,converged
3.5471910112359546,2,linear,dynamic,1.0,0.75,0.0001,"0.25+2.25*Beta(1,2)",0.834440191237971,1.1452917267445484,1.079413376155887,0.7797172675622706,0.6450637430795599,0.7914659745762795,0.6255570284422175,0.7153888264740795,0.0001571875196933985,"half-normal Monte Carlo, conditional Gaussian CDF integrated analytically",100000,12345,converged
3.582022471910112,2,linear,dynamic,1.0,0.75,0.0001,"0.25+2.25*Beta(1,2)",0.8360607343924374,1.1435419611946207,1.0757299649715293,0.7818289984974076,0.6497890496257783,0.7921625704042198,0.6261886226453645,0.7159561754792494,0.0001577212390429536,"half-normal Monte Carlo, conditional Gaussian CDF integrated analytically",100000,12345,converged
3.616853932584269,2,linear,dynamic,1.0,0.75,0.0001,"0.25+2.25*Beta(1,2)",0.83763929681429,1.1418231558724878,1.0721196812901843,0.7838945056512622,0.654441480566039,0.7928434146533372,0.6268077482903185,0.7165111830164104,0.0001582420752880635,"half-normal Monte Carlo, conditional Gaussian CDF integrated analytically",100000,12345,converged
3.651685393258427,2,linear,dynamic,1.0,0.75,0.0001,"0.25+2.25*Beta(1,2)",0.8391772906133549,1.140134423954598,1.0685804547318705,0.7859152092653584,0.6590224647688082,0.793509005948899,0.6274147399793362,0.7170542255891111,0.00015875044971392228,"half-normal Monte Carlo, conditional Gaussian CDF integrated analytically",100000,12345,converged
3.686516853932584,2,linear,dynamic,1.0,0.75,0.0001,"0.25+2.25*Beta(1,2)",0.8406762847438661,1.1384750462340394,1.0651101649396175,0.7878926303839844,0.6635338193123109,0.7941598828900545,0.6280099763628941,0.7175857141110219,0.00015924681244430046,"half-normal Monte Carlo, conditional Gaussian CDF integrated analytically",100000,12345,converged
3.7213483146067414,2,linear,dynamic,1.0,0.75,0.0001,"0.25+2.25*Beta(1,2)",0.8421375525786555,1.1368441903109563,1.0617069021537455,0.7898280631659533,0.6679768738665216,0.7947964978921188,0.6285937645470249,0.7181059908555698,0.00015973154614765022,"half-normal Monte Carlo, conditional Gaussian CDF integrated analytically",100000,12345,converged
3.7561797752808985,2,linear,dynamic,1.0,0.75,0.0001,"0.25+2.25*Beta(1,2)",0.8435625345061484,1.135241192952792,1.0583686963191057,0.7917229100841664,0.6723533605040459,0.7954193465519663,0.629166457895591,0.7186154349794245,0.00016020506475553792,"half-normal Monte Carlo, conditional Gaussian CDF integrated analytically",100000,12345,converged
3.791011235955056,2,linear,dynamic,1.0,0.75,0.0001,"0.25+2.25*Beta(1,2)",0.8449524354238184,1.133665306593541,1.055093751027442,0.7935783917888414,0.6766646257106615,0.7960288554027969,0.629728352727213,0.7191143707100711,0.00016066772801690641,"half-normal Monte Carlo, conditional Gaussian CDF integrated analytically",100000,12345,converged
3.825842696629213,2,linear,dynamic,1.0,0.75,0.0001,"0.25+2.25*Beta(1,2)",0.8463084129234879,1.132115812274152,1.051880332729465,0.7953956838345776,0.6809119892246178,0.7966254346186853,0.6302797360599914,0.7196031102785694,0.0001611198817680532,"half-normal Monte Carlo, conditional Gaussian CDF integrated analytically",100000,12345,converged
3.8606741573033703,2,linear,dynamic,1.0,0.75,0.0001,"0.25+2.25*Beta(1,2)",0.8476317303746508,1.1305921160772123,1.048726677495786,0.7971760260855408,0.6850970474533501,0.7972095209350628,0.630820925057441,0.7200819890390122,0.00016156189043971793,"half-normal Monte Carlo, conditional Gaussian CDF integrated analytically",100000,12345,converged
3.895505617977528,2,linear,dynamic,1.0,0.75,0.0001,"0.25+2.25*Beta(1,2)",0.8489234366093359,1.1290935413308665,1.045631180562609,0.7989204941144835,0.689221031871719,0.7977814882994466,0.6313521840645849,0.7205512921819006,0.00016199406940648058,"half-normal Monte Carlo, conditional Gaussian CDF integrated analytically",100000,12345,converged
3.930337078651685,2,linear,dynamic,1.0,0.75,0.0001,"0.25+2.25*Beta(1,2)",0.8501845399302155,1.1276194361068987,1.0425922923033355,0.8006301245473458,0.6932851482524236,0.7983416966018118,0.6318737691608366,0.7210112945372915,0.00016241672205276496,"half-normal Monte Carlo, conditional Gaussian CDF integrated analytically",100000,12345,converged
3.9651685393258425,2,linear,dynamic,1.0,0.75,0.0001,"0.25+2.25*Beta(1,2)",0.8514161550725169,1.1261692684617626,1.039608427442904,0.8023060191535912,0.6972908741241236,0.798890532887203,0.6323859663659792,0.7214622943844456,0.00016283017084713013,"half-normal Monte Carlo, conditional Gaussian CDF integrated analytically",100000,12345,converged
4.0,2,linear,dynamic,1.0,0.75,0.0001,"0.25+2.25*Beta(1,2)",0.8526191977247801,1.1247424236206331,1.0366781488525891,0.8039491287125329,0.7012393355965468,0.7994283260825484,0.6328890119362214,0.7219045433590435,0.00016323469307158092,"half-normal Monte Carlo, conditional Gaussian CDF integrated analytically",100000,12345,converged
4.2,2,linear,dynamic,1.0,0.75,0.0001,"0.25+2.25*Beta(1,2)",0.8590180546075223,1.1169739609919944,1.0208219240620413,0.812794520916497,0.7228606682009752,0.8023182765874343,0.6356118901501835,0.7242866221668256,0.00016539783780183752,"half-normal Monte Carlo, conditional Gaussian CDF integrated analytically",100000,12345,converged
4.3795494865122535,2,linear,dynamic,1.0,0.75,0.0001,"0.25+2.25*Beta(1,2)",0.8641106616931769,1.1105613105173402,1.0078574614552405,0.8199702465756483,0.7408659103179946,0.8046564169885027,0.6378392662306654,0.7262208483792864,0.00016713418830954048,"half-normal Monte Carlo, conditional Gaussian CDF integrated analytically",100000,12345,converged
4.566774691621367,2,linear,dynamic,1.0,0.75,0.0001,"0.25+2.25*Beta(1,2)",0.8688644543335862,1.1043746324319414,0.9954566216031876,0.8267873424154154,0.7583710064518828,0.8068725861117204,0.6399707730021582,0.7280600798782337,0.00016876792043446327,"half-normal Monte Carlo, conditional Gaussian CDF integrated analytically",100000,12345,converged
4.7620037513589315,2,linear,dynamic,1.0,0.75,0.0001,"0.25+2.25*Beta(1,2)",0.873303933645484,1.098407060244764,0.9835946111843432,0.8332661860096712,0.7753801737510128,0.8089742646427892,0.6420105782954413,0.7298097196859136,0.00017030587063982888,"half-normal Monte Carlo, conditional Gaussian CDF integrated analytically",100000,12345,converged
4.96557882953177,2,linear,dynamic,1.0,0.75,0.0001,"0.25+2.25*Beta(1,2)",0.8774517066104868,1.092651900719005,0.972247662043565,0.8394257941369243,0.7918985331529208,0.8109683789742902,0.6439626851303899,0.7314747975425056,0.0001717543822327617,"half-normal Monte Carlo, conditional Gaussian CDF integrated analytically",100000,12345,converged
5.177856717407615,2,linear,dynamic,1.0,0.75,0.0001,"0.25+2.25*Beta(1,2)",0.881328609992308,1.0871025987542442,0.96139302804976,0.8452839087347505,0.8079319239152741,0.8128613411132761,0.6458309244226066,0.7330599937718199,0.00017311933414771512,"half-normal Monte Carlo, conditional Gaussian CDF integrated analytically",100000,12345,converged
5.399209459037271,2,linear,dynamic,1.0,0.75,0.0001,"0.25+2.25*Beta(1,2)",0.8849538667645014,1.0817527383912382,0.9510089489303186,0.8508571047117803,0.8234868317299342,0.8146590966186995,0.6476189614379882,0.7345696708347055,0.0001744061773502107,"half-normal Monte Carlo, conditional Gaussian CDF integrated analytically",100000,12345,converged
5.6300250033092345,2,linear,dynamic,1.0,0.75,0.0001,"0.25+2.25*Beta(1,2)",0.8883452257911184,1.0765960435540294,0.9410746141543208,0.8561608857535894,0.8385703198412536,0.8163671669524035,0.6493303021516086,0.7360079011834924,0.00017561996826721672,"half-normal Monte Carlo, conditional Gaussian CDF integrated analytically",100000,12345,converged
5.870707883879548,2,linear,dynamic,1.0,0.75,0.0001,"0.25+2.25*Beta(1,2)",0.8915190870520535,1.071626378546826,0.9315701270618656,0.8612097698642792,0.8531899633631596,0.8179906870409153,0.6509682994925439,0.737378491957406,0.00017676539949394601,"half-normal Monte Carlo, conditional Gaussian CDF integrated analytically",100000,12345,converged
6.121679928168599,2,linear,dynamic,1.0,0.75,0.0001,"0.25+2.25*Beta(1,2)",0.8944906143127981,1.0668377483191374,0.9224764694092285,0.8660173660766387,0.8673537869275895,0.819534438710144,0.6525361594584729,0.7386850069654642,0.00017784682800463594,"half-normal Monte Carlo, conditional Gaussian CDF integrated analytically",100000,12345,converged
6.383380996667419,2,linear,dynamic,1.0,0.75,0.0001,"0.25+2.25*Beta(1,2)",0.8972738669000733,1.0622243287536444,0.913775441556314,0.8705964603050452,0.8810702888344082,0.8210028893640434,0.6540369561259579,0.7399307938179762,0.00017886830718739422,"half-normal Monte Carlo, conditional Gaussian CDF integrated analytically",100000,12345,converged
6.656269753849255,2,linear,dynamic,1.0,0.75,0.0001,"0.25+2.25*Beta(1,2)",0.8998817723256627,1.057780347483432,0.905449726455641,0.8749590105799411,0.8943480576595527,0.822400183784332,0.6554736016885038,0.7411189718683706,0.00017983358639678533,"half-normal Monte Carlo, conditional Gaussian CDF integrated analytically",100000,12345,converged
6.9408244720375105,2,linear,dynamic,1.0,0.75,0.0001,"0.25+2.25*Beta(1,2)",0.9023263881327572,1.053500259646266,0.8974827106688388,0.8791163046110564,0.9071962067257421,0.8237302202509768,0.6568489053405719,0.7422524922433446,0.00018074616908404835,"half-normal Monte Carlo, conditional Gaussian CDF integrated analytically",100000,12345,converged
7.237543869638944,2,linear,dynamic,1.0,0.75,0.0001,"0.25+2.25*Beta(1,2)",0.9046188593790156,1.0493786312257372,0.8898585478746022,0.8830789436609034,0.9196240039484457,0.8249966376277215,0.6581655434786877,0.7433341228284704,0.00018160930884364416,"half-normal Monte Carlo, conditional Gaussian CDF integrated analytically",100000,12345,converged
7.546947985211224,2,linear,dynamic,1.0,0.75,0.0001,"0.25+2.25*Beta(1,2)",0.9067695451971074,1.045410198955865,0.8825620775875767,0.8868569199934476,0.9316409904496253,0.8262028519180415,0.6594260825645926,0.7443664756871107,0.00018242603959979777,"half-normal Monte Carlo, conditional Gaussian CDF integrated analytically",100000,12345,converged
7.869579088896787,2,linear,dynamic,1.0,0.75,0.0001,"0.25+2.25*Beta(1,2)",0.9087879735273996,1.0415897453566472,0.8755788948050596,0.8904596061683371,0.9432566108299315,0.8273520411887262,0.6606329499493032,0.7453519907283769,0.000183199170472553,"half-normal Monte Carlo, conditional Gaussian CDF integrated analytically",100000,12345,converged
8.206002632820356,2,linear,dynamic,1.0,0.75,0.0001,"0.25+2.25*Beta(1,2)",0.9106830837651996,1.0379123094699394,0.8688951489852212,0.8938958852796856,0.9544807334057283,0.8284472174935668,0.6617884972814145,0.7462929942230117,0.0001839313391897061,"half-normal Monte Carlo, conditional Gaussian CDF integrated analytically",100000,12345,converged
8.556808242115855,2,linear,dynamic,1.0,0.75,0.0001,"0.25+2.25*Beta(1,2)",0.9124630785564012,1.0343729499976375,0.8624977055096463,0.8971740903892509,0.9653229966990484,0.8294911802924225,0.6628949410380399,0.7471916560763039,0.00018462498531751658,"half-normal Monte Carlo, conditional Gaussian CDF integrated analytically",100000,12345,converged
8.922610748319599,2,linear,dynamic,1.0,0.75,0.0001,"0.25+2.25*Beta(1,2)",0.9141356618499714,1.0309669733310762,0.8563739334894217,0.9003021250793357,0.9757933720155758,0.8304865879084407,0.6639544284400912,0.7480500486838423,0.0001852824024233674,"half-normal Monte Carlo, conditional Gaussian CDF integrated analytically",100000,12345,converged
9.304051266940906,2,linear,dynamic,1.0,0.75,0.0001,"0.25+2.25*Beta(1,2)",0.9157079039054364,1.0276897069761837,0.8505118596432487,0.9032874148259886,0.9859015553605681,0.8314359139653539,0.6649689828322918,0.7488701071325912,0.0001859057132646613,"half-normal Monte Carlo, conditional Gaussian CDF integrated analytically",100000,12345,converged
9.701798321098744,2,linear,dynamic,1.0,0.75,0.0001,"0.25+2.25*Beta(1,2)",0.9171864541340408,1.0245367203022162,0.8448999647229518,0.9061370075281682,0.9956575059425171,0.8323415123160177,0.665940565187082,0.7496536830904411,0.00018649691659908024,"half-normal Monte Carlo, conditional Gaussian CDF integrated analytically",100000,12345,converged
10.116549013193676,2,linear,dynamic,1.0,0.75,0.0001,"0.25+2.25*Beta(1,2)",0.9185774134802266,1.0215036014957877,0.8395273356700043,0.9088575335502016,1.0050708639315733,0.8332055748258714,0.6668710221874994,0.7504025064327088,0.00018705786314478218,"half-normal Monte Carlo, conditional Gaussian CDF integrated analytically",100000,12345,converged
10.54903024666867,2,linear,dynamic,1.0,0.75,0.0001,"0.25+2.25*Beta(1,2)",0.919886529620674,1.0185861772683602,0.8343834652859562,0.911455290583672,1.0141514814025758,0.8340301920776145,0.6677621452279182,0.7511182360260077,0.00018759029867803525,"half-normal Monte Carlo, conditional Gaussian CDF integrated analytically",100000,12345,converged
11.0,2,linear,dynamic,1.0,0.75,0.0001,"0.25+2.25*Beta(1,2)",0.9211190900688216,1.0157803147563318,0.829458385937101,0.9139362155810844,1.022908915593933,0.8348173170953954,0.6686156259099881,0.7518024267274481,0.00018809584366844234,"half-normal Monte Carlo, conditional Gaussian CDF integrated analytically",100000,12345,converged
0.09,4,linear,dynamic,1.0,0.75,0.0001,"0.25+2.25*Beta(1,2)",1.0205578124863912e-06,3.1319322168998287,4.055657322784989,5.766754119229459e-07,2.5681120610845683e-13,0.5000003222549463,0.5000000000001039,0.5000001613084479,1.2410506316713884e-16,"half-normal Monte Carlo, conditional Gaussian CDF integrated analytically",100000,12345,converged
0.2,4,linear,dynamic,1.0,0.75,0.0001,"0.25+2.25*Beta(1,2)",1.353631948349781e-06,2.650224855195596,3.394438485840256,8.314942200447933e-07,5.398004586728145e-13,0.5000004672068821,0.5000000000002185,0.5000002338658193,2.608607740929656e-16,"half-normal Monte Carlo, conditional Gaussian CDF integrated analytically",100000,12345,converged
0.35,4,linear,dynamic,1.0,0.75,0.0001,"0.25+2.25*Beta(1,2)",1.9591734056033447e-06,2.2694091730542434,2.884534865007777,1.3005183187547473e-06,1.3306687604252825e-12,0.5000007335463957,0.5000000000005387,0.5000003671851493,6.430511077352226e-16,"half-normal Monte Carlo, conditional Gaussian CDF integrated analytically",100000,12345,converged
0.45,4,linear,dynamic,1.0,0.75,0.0001,"0.25+2.25*Beta(1,2)",2.2001287095707805e-06,2.0954712946915706,2.655474354640683,1.5198727559040103e-06,1.8228631469244875e-12,0.500000858558,0.500000000000738,0.5000004297611566,8.809060532115462e-16,"half-normal Monte Carlo, conditional Gaussian CDF integrated analytically",100000,12345,converged
0.6,4,linear,dynamic,1.0,0.75,0.0001,"0.25+2.25*Beta(1,2)",3.085394449935728e-06,1.8989003634313657,2.3993047323183863,2.239028415088547e-06,3.967673961321117e-12,0.5000012666615733,0.5000000000016063,0.5000006340421296,1.9173946302988625e-15,"half-normal Monte Carlo, conditional Gaussian CDF integrated analytically",100000,12345,converged
0.8,4,linear,dynamic,1.0,0.75,0.0001,"0.25+2.25*Beta(1,2)",4.706951238179824e-06,1.7084718820048708,2.1536466855104934,3.6011049739482676e-06,1.0287383769892105e-11,0.5000020396003492,0.5000000000041647,0.5000010209455912,4.971420180249995e-15,"half-normal Monte Carlo, conditional Gaussian CDF integrated analytically",100000,12345,converged
0.9,4,linear,dynamic,1.0,0.75,0.0001,"0.25+2.25*Beta(1,2)",6.423040419423833e-06,1.632996699881705,2.056906572606598,5.0262953138568355e-06,2.0057035540156624e-11,0.5000028479081532,0.5000000000081197,0.5000014255534299,9.692644259091276e-15,"half-normal Monte Carlo, conditional Gaussian CDF integrated analytically",100000,12345,converged
0.9348314606741572,4,linear,dynamic,1.0,0.75,0.0001,"0.25+2.25*Beta(1,2)",7.476220965626549e-06,1.6090216810526627,2.02624620444882,5.893878526591079e-06,2.7584939976274122e-11,0.5000033398628153,0.5000000000111672,0.500001671807037,1.3330534792094429e-14,"half-normal Monte Carlo, conditional Gaussian CDF integrated analytically",100000,12345,converged
0.9696629213483148,4,linear,dynamic,1.0,0.75,0.0001,"0.25+2.25*Beta(1,2)",8.546702515636653e-06,1.5860970508537993,1.99695953957121,6.786310227267657e-06,3.657866994464717e-11,0.5000038459759295,0.5000000000148082,0.5000019251478215,1.7676791494057947e-14,"half-normal Monte Carlo, conditional Gaussian CDF integrated analytically",100000,12345,converged
1.004494382022472,4,linear,dynamic,1.0,0.75,0.0001,"0.25+2.25*Beta(1,2)",9.830160718926509e-06,1.5641469001211497,1.96894516030857,7.85998738953397e-06,4.907808592534985e-11,0.5000044548841562,0.5000000000198683,0.5000022299438909,2.3717185264544303e-14,"half-normal Monte Carlo, conditional Gaussian CDF integrated analytically",100000,12345,converged
1.0393258426966292,4,linear,dynamic,1.0,0.75,0.0001,"0.25+2.25*Beta(1,2)",1.1775384422117082e-05,1.543102890761649,1.942111959579503,9.479330201901966e-06,7.139633614050735e-11,0.5000053731698563,0.5000000000289034,0.50000268960244,3.4502570739061185e-14,"half-normal Monte Carlo, conditional Gaussian CDF integrated analytically",100000,12345,converged
1.0741573033707863,4,linear,dynamic,1.0,0.75,0.0001,"0.25+2.25*Beta(1,2)",1.4502721429873691e-05,1.5229033010764137,1.916377818769572,1.1752042166416851e-05,1.0975337264525492e-10,0.5000066619526903,0.5000000000444315,0.5000033347176229,5.303876512368982e-14,"half-normal Monte Carlo, conditional Gaussian CDF integrated analytically",100000,12345,converged
1.1089887640449438,4,linear,dynamic,1.0,0.75,0.0001,"0.25+2.25*Beta(1,2)",1.906879191296469e-05,1.5034922155302333,1.8916684885684416,1.5551510847850333e-05,1.9222122016480986e-10,0.5000088164403134,0.500000000077817,0.5000044131713706,9.28916888900781e-14,"half-normal Monte Carlo, conditional Gaussian CDF integrated analytically",100000,12345,converged
1.1438202247191012,4,linear,dynamic,1.0,0.75,0.0001,"0.25+2.25*Beta(1,2)",2.710751176298559e-05,1.484818833634371,1.867916636738304,2.2246050620893135e-05,3.933886446150596e-10,0.5000126125678807,0.5000000001592555,0.5000063133670172,1.9010666742300104e-13,"half-normal Monte Carlo, conditional Gaussian CDF integrated analytically",100000,12345,converged
1.1786516853932585,4,linear,dynamic,1.0,0.75,0.0001,"0.25+2.25*Beta(1,2)",4.61514278583811e-05,1.466836877718528,1.845061033824711,3.810607623779944e-05,1.1544085828706036e-09,0.5000216059009169,0.5000000004673393,0.5000108150840927,5.578726564641923e-13,"half-normal Monte Carlo, conditional Gaussian CDF integrated analytically",100000,12345,converged
1.2134831460674158,4,linear,dynamic,1.0,0.75,0.0001,"0.25+2.25*Beta(1,2)",0.0001494838366148,1.449504085549752,1.8230458489480783,0.0001241608033523,1.2257188935743898e-08,0.5000704024939411,0.5000000049620782,0.5000352407843407,5.9233364160400394e-12,"half-normal Monte Carlo, conditional Gaussian CDF integrated analytically",100000,12345,converged
1.2483146067415731,4,linear,dynamic,1.0,0.75,0.0001,"0.25+2.25*Beta(1,2)",0.1366539106426662,1.4357215780256258,1.7961666879858358,0.114047810130251,0.010396747372525071,0.5644280886772424,0.5041677894495388,0.5323445063721943,4.919720979976699e-06,"half-normal Monte Carlo, conditional Gaussian CDF integrated analytically",100000,12345,converged
1.2831460674157302,4,linear,dynamic,1.0,0.75,0.0001,"0.25+2.25*Beta(1,2)",0.226290622105849,1.4248977580827376,1.7660713703208233,0.1895722238612028,0.02899511679629903,0.6063922795665362,0.5114237059636864,0.5536867243103955,1.3221858442559595e-05,"half-normal Monte Carlo, conditional Gaussian CDF integrated analytically",100000,12345,converged
1.3179775280898878,4,linear,dynamic,1.0,0.75,0.0001,"0.25+2.25*Beta(1,2)",0.2860660655598422,1.4145538842633434,1.737531284633842,0.2405229905986479,0.04709773837662621,0.6341473150384497,0.5182506905280024,0.5680248073648412,2.073148611704035e-05,"half-normal Monte Carlo, conditional Gaussian CDF integrated analytically",100000,12345,converged
1.3528089887640449,4,linear,dynamic,1.0,0.75,0.0001,"0.25+2.25*Beta(1,2)",0.3327223022341374,1.4046588995449034,1.7104318053041334,0.2807349445204786,0.06472291386343829,0.6556483446606298,0.5246852126950868,0.5792980251377218,2.7544585192387582e-05,"half-normal Monte Carlo, conditional Gaussian CDF integrated analytically",100000,12345,converged
1.3876404494382022,4,linear,dynamic,1.0,0.75,0.0001,"0.25+2.25*Beta(1,2)",0.3714191543393065,1.3951839945814066,1.6846697976479246,0.3144477953279979,0.08188678185050238,0.67335757213547,0.5307592821195953,0.5887162924027296,3.37425772362608e-05,"half-normal Monte Carlo, conditional Gaussian CDF integrated analytically",100000,12345,converged
1.4224719101123595,4,linear,dynamic,1.0,0.75,0.0001,"0.25+2.25*Beta(1,2)",0.4045966225402271,1.386102653752673,1.6601517563560466,0.3436564943896204,0.09860449585058971,0.6884431739824077,0.5365014305290245,0.5968499674401371,3.9395270409011004e-05,"half-normal Monte Carlo, conditional Gaussian CDF integrated analytically",100000,12345,converged
1.4573033707865168,4,linear,dynamic,1.0,0.75,0.0001,"0.25+2.25*Beta(1,2)",0.4336502199075354,1.3773905892223288,1.6367924419802051,0.3694970838939053,0.11489087339525242,0.7015748155408769,0.5419373608482461,0.6040243066469325,4.4562988604523736e-05,"half-normal Monte Carlo, conditional Gaussian CDF integrated analytically",100000,12345,converged
1.4921348314606742,4,linear,dynamic,1.0,0.75,0.0001,"0.25+2.25*Beta(1,2)",0.4594714538689277,1.3690254333753873,1.6145141343537586,0.3926926533773815,0.13076009210964804,0.7131809190273866,0.5470901917709858,0.6104465446200096,4.92979875077269e-05,"half-normal Monte Carlo, conditional Gaussian CDF integrated analytically",100000,12345,converged
1.5269662921348317,4,linear,dynamic,1.0,0.75,0.0001,"0.25+2.25*Beta(1,2)",0.4826735470421313,1.3609865956455347,1.5932457597096057,0.4137391081938045,0.14622587356309405,0.7235563286568777,0.551980820905739,0.6162588892429007,5.364576072692886e-05,"half-normal Monte Carlo, conditional Gaussian CDF integrated analytically",100000,12345,converged
1.5617977528089888,4,linear,dynamic,1.0,0.75,0.0001,"0.25+2.25*Beta(1,2)",0.5037010538091777,1.3532551016839165,1.572922187494772,0.432995141145859,0.16130152758069569,0.7329147254189837,0.5566281938497648,0.6215642200120624,5.764606966149266e-05,"half-normal Monte Carlo, conditional Gaussian CDF integrated analytically",100000,12345,converged
1.596629213483146,4,linear,dynamic,1.0,0.75,0.0001,"0.25+2.25*Beta(1,2)",0.5228889981076057,1.3458134114247375,1.55348367354153,0.4507306362797429,0.1759998569657748,0.7414169872492617,0.5610494949432322,0.6264399320835674,6.133376020269229e-05,"half-normal Monte Carlo, conditional Gaussian CDF integrated analytically",100000,12345,converged
1.6314606741573034,4,linear,dynamic,1.0,0.75,0.0001,"0.25+2.25*Beta(1,2)",0.5404979731384422,1.3386453587452622,1.5348752126020162,0.4671553225957826,0.19033342682726206,0.7491880236061211,0.565260418593778,0.630946137878865,6.473953035220263e-05,"half-normal Monte Carlo, conditional Gaussian CDF integrated analytically",100000,12345,converged
1.6662921348314603,4,linear,dynamic,1.0,0.75,0.0001,"0.25+2.25*Beta(1,2)",0.5567349837314035,1.3317358733630802,1.5170463069133706,0.482435727612896,0.20431402831799367,0.7563268787631572,0.5692751761263498,0.635130534223762,6.789038637573565e-05,"half-normal Monte Carlo, conditional Gaussian CDF integrated analytically",100000,12345,converged
1.701123595505618,4,linear,dynamic,1.0,0.75,0.0001,"0.25+2.25*Beta(1,2)",0.5717684539757225,1.3250710598958886,1.499950265829839,0.496707372332254,0.21795333646007373,0.7629138954077103,0.5731068338894328,0.6390318944079836,7.081029237367077e-05,"half-normal Monte Carlo, conditional Gaussian CDF integrated analytically",100000,12345,converged
1.7359550561797752,4,linear,dynamic,1.0,0.75,0.0001,"0.25+2.25*Beta(1,2)",0.5857372625621879,1.318637988818654,1.4835440065141643,0.5100820744217885,0.23126253029729038,0.7690151315745509,0.576767326432281,0.6426821717852085,7.352049299074153e-05,"half-normal Monte Carlo, conditional Gaussian CDF integrated analytically",100000,12345,converged
1.7707865168539323,4,linear,dynamic,1.0,0.75,0.0001,"0.25+2.25*Beta(1,2)",0.5987574710846686,1.312424604856396,1.467787728138572,0.52265338025733,0.2442522868305799,0.7746856217119065,0.5802675677950764,0.6461080621818313,7.60398686435447e-05,"half-normal Monte Carlo, conditional Gaussian CDF integrated analytically",100000,12345,converged
1.8056179775280896,4,linear,dynamic,1.0,0.75,0.0001,"0.25+2.25*Beta(1,2)",0.6109272941074927,1.3064196753521555,1.452644578500637,0.5345005692754371,0.256932882419689,0.7799717756264923,0.5836175774289383,0.6493321554321456,7.83852572215455e-05,"half-normal Monte Carlo, conditional Gaussian CDF integrated analytically",100000,12345,converged
1.8404494382022472,4,linear,dynamic,1.0,0.75,0.0001,"0.25+2.25*Beta(1,2)",0.6223309871201127,1.300612803917323,1.4380802771541683,0.5456917818928652,0.26931449077120895,0.7849132292003191,0.5868266418143888,0.6523738333563691,8.057176043034288e-05,"half-normal Monte Carlo, conditional Gaussian CDF integrated analytically",100000,12345,converged
1.8752808988764045,4,linear,dynamic,1.0,0.75,0.0001,"0.25+2.25*Beta(1,2)",0.6330408211408332,1.2949941768919744,1.424063143379318,0.5562855876171151,0.28140653951600636,0.7895438882490037,0.5899032206102311,0.6552497294173856,8.261284502010815e-05,"half-normal Monte Carlo, conditional Gaussian CDF integrated analytically",100000,12345,converged
1.9101123595505616,4,linear,dynamic,1.0,0.75,0.0001,"0.25+2.25*Beta(1,2)",0.6431198837329071,1.2895546992941156,1.4105636189562825,0.5663332404617762,0.2932183839809119,0.7938932045739361,0.5928551885686023,0.6579743715122924,8.45206510569194e-05,"half-normal Monte Carlo, conditional Gaussian CDF integrated analytically",100000,12345,converged
1.9449438202247191,4,linear,dynamic,1.0,0.75,0.0001,"0.25+2.25*Beta(1,2)",0.6526231838784762,1.284285804490592,1.397554267236074,0.5758795499159701,0.3047588420147793,0.7979867747012394,0.5956897745111828,0.6605604386421529,8.63060727952499e-05,"half-normal Monte Carlo, conditional Gaussian CDF integrated analytically",100000,12345,converged
1.979775280898876,4,linear,dynamic,1.0,0.75,0.0001,"0.25+2.25*Beta(1,2)",0.6615992285923427,1.2791794910436494,1.3850094894077731,0.5849641438870677,0.31603649117317467,0.8018470693706522,0.5984136885645834,0.6630191221829235,8.79789478457456e-05,"half-normal Monte Carlo, conditional Gaussian CDF integrated analytically",100000,12345,converged
2.0146067415730338,4,linear,dynamic,1.0,0.75,0.0001,"0.25+2.25*Beta(1,2)",0.6700910511226281,1.2742282866251604,1.3729053644976783,0.5936222862464481,0.3270597001118994,0.8054939306426365,0.6010331738204835,0.6653603618375498,8.954817949358382e-05,"half-normal Monte Carlo, conditional Gaussian CDF integrated analytically",100000,12345,converged
2.049438202247191,4,linear,dynamic,1.0,0.75,0.0001,"0.25+2.25*Beta(1,2)",0.6781368313297341,1.2694251471658484,1.3612195910837586,0.6018853656773085,0.3378364262593364,0.8089449004578697,0.6035539984678819,0.6675929887730959,9.102181167213929e-05,"half-normal Monte Carlo, conditional Gaussian CDF integrated analytically",100000,12345,converged
2.0842696629213484,4,linear,dynamic,1.0,0.75,0.0001,"0.25+2.25*Beta(1,2)",0.6857704826853577,1.2647633884144214,1.3499314005575194,0.609781361057718,0.3483741134759019,0.8122155195313481,0.6059814710250174,0.6697248605452113,9.240711034110442e-05,"half-normal Monte Carlo, conditional Gaussian CDF integrated analytically",100000,12345,converged
2.1191011235955055,4,linear,dynamic,1.0,0.75,0.0001,"0.25+2.25*Beta(1,2)",0.6930227949114618,1.26023684477661,1.3390212031041226,0.6173357579327646,0.3586803503585352,0.8153197991765686,0.6083206250165117,0.6717631200124159,9.371073038917278e-05,"half-normal Monte Carlo, conditional Gaussian CDF integrated analytically",100000,12345,converged
2.153932584269663,4,linear,dynamic,1.0,0.75,0.0001,"0.25+2.25*Beta(1,2)",0.6999212132727362,1.255839618774332,1.3284707629153707,0.6245713611697136,0.36876212745104053,0.8182702091144162,0.6105760761410193,0.6737141475614326,9.493868648174968e-05,"half-normal Monte Carlo, conditional Gaussian CDF integrated analytically",100000,12345,converged
2.18876404494382,4,linear,dynamic,1.0,0.75,0.0001,"0.25+2.25*Beta(1,2)",0.7064906185899906,1.2515661818438704,1.3182629436341828,0.6315089201772048,0.3786262798070243,0.8210780001831169,0.6127521507340353,0.6755837377050602,9.60964730522262e-05,"half-normal Monte Carlo, conditional Gaussian CDF integrated analytically",100000,12345,converged
2.2235955056179773,4,linear,dynamic,1.0,0.75,0.0001,"0.25+2.25*Beta(1,2)",0.7127536551558784,1.247411354016084,1.308381619764778,0.6381673879022696,0.38827950902382496,0.8237533610948948,0.6148529123989981,0.6773771738007281,9.718911833742633e-05,"half-normal Monte Carlo, conditional Gaussian CDF integrated analytically",100000,12345,converged
2.258426966292135,4,linear,dynamic,1.0,0.75,0.0001,"0.25+2.25*Beta(1,2)",0.718730620148261,1.243370142205512,1.2988117657991247,0.6445638288504733,0.39772792173688815,0.8263054225020723,0.6168820830728099,0.6790992043230105,9.82211801933637e-05,"half-normal Monte Carlo, conditional Gaussian CDF integrated analytically",100000,12345,converged
2.293258426966292,4,linear,dynamic,1.0,0.75,0.0001,"0.25+2.25*Beta(1,2)",0.7244403799174592,1.2394379642088094,1.289539091748482,0.6507141525057768,0.4069778631862639,0.8287425973304818,0.618843242607401,0.6807542490271332,9.919688125590839e-05,"half-normal Monte Carlo, conditional Gaussian CDF integrated analytically",100000,12345,converged
2.3280898876404494,4,linear,dynamic,1.0,0.75,0.0001,"0.25+2.25*Beta(1,2)",0.7298998958662357,1.2356103846275703,1.2805502712017325,0.6566327306494544,0.4160350983218947,0.8310724527581588,0.6207396692412098,0.6823462934401967,0.0001001200555098512,"half-normal Monte Carlo, conditional Gaussian CDF integrated analytically",100000,12345,converged
2.3629213483146065,4,linear,dynamic,1.0,0.75,0.0001,"0.25+2.25*Beta(1,2)",0.7351247902864405,1.2318832392745571,1.2718327124602584,0.6623328498092097,0.4249052976851856,0.8333019238777654,0.6225744597330147,0.6838790162188915,0.00010099423470089858,"half-normal Monte Carlo, conditional Gaussian CDF integrated analytically",100000,12345,converged
2.397752808988764,4,linear,dynamic,1.0,0.75,0.0001,"0.25+2.25*Beta(1,2)",0.7401293999011977,1.2282525836921383,1.2633745464734276,0.6678267528195334,0.433593925195982,0.8354373533811299,0.6243505190745757,0.6853558016439606,0.00010182266507006121,"half-normal Monte Carlo, conditional Gaussian CDF integrated analytically",100000,12345,converged
2.432584269662921,4,linear,dynamic,1.0,0.75,0.0001,"0.25+2.25*Beta(1,2)",0.7449269089842236,1.2247146787705243,1.255164576383212,0.6731257445579404,0.4421062465989874,0.8374845547513258,0.6260705749415156,0.6867797698688911,0.00010260833425344224,"half-normal Monte Carlo, conditional Gaussian CDF integrated analytically",100000,12345,converged
2.4674157303370787,4,linear,dynamic,1.0,0.75,0.0001,"0.25+2.25*Beta(1,2)",0.7495295612154357,1.2212660166805396,1.2471921870357754,0.6782403599892695,0.45044746830160237,0.8394488978135464,0.6277372168459997,0.6881538247270487,0.0001033540067984858,"half-normal Monte Carlo, conditional Gaussian CDF integrated analytically",100000,12345,converged
2.502247191011236,4,linear,dynamic,1.0,0.75,0.0001,"0.25+2.25*Beta(1,2)",0.753948385643805,1.2179031549372683,1.239447475905745,0.6831801477581919,0.4586222322971007,0.8413352367382246,0.6293528059602128,0.6894805927397053,0.00010406220013357595,"half-normal Monte Carlo, conditional Gaussian CDF integrated analytically",100000,12345,converged
2.537078651685394,4,linear,dynamic,1.0,0.75,0.0001,"0.25+2.25*Beta(1,2)",0.7581939366427319,1.2146229711848908,1.231920913737468,0.6879542561585689,0.46663551138016457,0.8431481599515014,0.6309196628238289,0.6907625890261693,0.00010473528231442823,"half-normal Monte Carlo, conditional Gaussian CDF integrated analytically",100000,12345,converged
2.5719101123595505,4,linear,dynamic,1.0,0.75,0.0001,"0.25+2.25*Beta(1,2)",0.762275641319299,1.211422349951556,1.2246036482887988,0.6925709181856767,0.4744916072728505,0.8448917944122932,0.632439877942952,0.6920020715027938,0.00010537540178426714,"half-normal Monte Carlo, conditional Gaussian CDF integrated analytically",100000,12345,converged
2.6067415730337076,4,linear,dynamic,1.0,0.75,0.0001,"0.25+2.25*Beta(1,2)",0.7662025924409639,1.2082984767544067,1.2174871326489107,0.6970380773173472,0.4821951681624444,0.8465700672786654,0.6339155186600184,0.6932012186042908,0.0001059845878204761,"half-normal Monte Carlo, conditional Gaussian CDF integrated analytically",100000,12345,converged
2.641573033707865,4,linear,dynamic,1.0,0.75,0.0001,"0.25+2.25*Beta(1,2)",0.7699829791518791,1.2052485606538157,1.2105633920492649,0.7013629403101711,0.489750303104718,0.8481865357538448,0.6353484643594214,0.6943620020607401,0.00010656469102679115,"half-normal Monte Carlo, conditional Gaussian CDF integrated analytically",100000,12345,converged
2.676404494382022,4,linear,dynamic,1.0,0.75,0.0001,"0.25+2.25*Beta(1,2)",0.7736245075266288,1.2022699812224131,1.2038248234757785,0.7055523089370663,0.4971611043189798,0.849744528014848,0.6367405143241556,0.6954862812297529,0.00010711743823837102,"half-normal Monte Carlo, conditional Gaussian CDF integrated analytically",100000,12345,converged
2.71123595505618,4,linear,dynamic,1.0,0.75,0.0001,"0.25+2.25*Beta(1,2)",0.7771343571631505,1.1993602412733466,1.197264213249435,0.70961254661061,0.5044315217977372,0.851247136876942,0.6380933693317105,0.6965757935559926,0.00010764443301272367,"half-normal Monte Carlo, conditional Gaussian CDF integrated analytically",100000,12345,converged
2.746067415730337,4,linear,dynamic,1.0,0.75,0.0001,"0.25+2.25*Beta(1,2)",0.7805192258492376,1.196516959668935,1.1908747126887982,0.7135496143316917,0.5115653690763129,0.852697240432281,0.63940863824308,0.6976321647317325,0.0001081471658981907,"half-normal Monte Carlo, conditional Gaussian CDF integrated analytically",100000,12345,converged
2.7808988764044944,4,linear,dynamic,1.0,0.75,0.0001,"0.25+2.25*Beta(1,2)",0.7837852901043522,1.1937378273012385,1.1846498550742246,0.7173690414243892,0.5185662061685502,0.854097496202045,0.6406878217756484,0.6986568999846489,0.00010862701544058866,"half-normal Monte Carlo, conditional Gaussian CDF integrated analytically",100000,12345,converged
2.8157303370786515,4,linear,dynamic,1.0,0.75,0.0001,"0.25+2.25*Beta(1,2)",0.7869386390545232,1.191020787477727,1.1785833371762426,0.7210762627011789,0.5254379576761151,0.8554504793142997,0.6419324295830984,0.6996514814903338,0.00010908529803304727,"half-normal Monte Carlo, conditional Gaussian CDF integrated analytically",100000,12345,converged
2.850561797752809,4,linear,dynamic,1.0,0.75,0.0001,"0.25+2.25*Beta(1,2)",0.7899845113895649,1.188363656860057,1.172669394970192,0.7246760287946482,0.5321836921063954,0.856758454194596,0.6431437624573884,0.7006171973983688,0.00010952319269832476,"half-normal Monte Carlo, conditional Gaussian CDF integrated analytically",100000,12345,converged
2.885393258426966,4,linear,dynamic,1.0,0.75,0.0001,"0.25+2.25*Beta(1,2)",0.7929281203513193,1.1857644932837812,1.1669023904821452,0.728173046036654,0.5388068523744246,0.8580236312008722,0.6443231400696662,0.7015553269285352,0.00010994183088890813,"half-normal Monte Carlo, conditional Gaussian CDF integrated analytically",100000,12345,converged
2.9202247191011232,4,linear,dynamic,1.0,0.75,0.0001,"0.25+2.25*Beta(1,2)",0.7957742825673122,1.1832214040685558,1.1612769925852573,0.7315716901038501,0.545310647536168,0.8592480571379154,0.6454717939054043,0.7024670572533641,0.00011034226137238827,"half-normal Monte Carlo, conditional Gaussian CDF integrated analytically",100000,12345,converged
2.955056179775281,4,linear,dynamic,1.0,0.75,0.0001,"0.25+2.25*Beta(1,2)",0.798527521761913,1.1807325786077505,1.1557881218859962,0.7348760873076622,0.5516981797413887,0.8604336505400478,0.6465908936518283,0.7033535068551273,0.00011072546426820974,"half-normal Monte Carlo, conditional Gaussian CDF integrated analytically",100000,12345,converged
2.989887640449438,4,linear,dynamic,1.0,0.75,0.0001,"0.25+2.25*Beta(1,2)",0.8011920907057674,1.1782962839402429,1.150430936193966,0.7380901325281958,0.5579724484227977,0.8615822116036729,0.6476815509896126,0.7042157305452363,0.00011109235629136749,"half-normal Monte Carlo, conditional Gaussian CDF integrated analytically",100000,12345,converged
3.024719101123595,4,linear,dynamic,1.0,0.75,0.0001,"0.25+2.25*Beta(1,2)",0.8037719911968938,1.175910860605984,1.145200816978807,0.7412175055788061,0.5641363543007105,0.8626954312029613,0.6487448231104466,0.7050547240381562,0.00011144379553904872,"half-normal Monte Carlo, conditional Gaussian CDF integrated analytically",100000,12345,converged
3.0595505617977525,4,linear,dynamic,1.0,0.75,0.0001,"0.25+2.25*Beta(1,2)",0.8062710653231799,1.1735747566051256,1.1400933184110733,0.7442617415905001,0.5701928256919969,0.8637749207758336,0.6497817368748979,0.7058714445672257,0.00011178059259171136,"half-normal Monte Carlo, conditional Gaussian CDF integrated analytically",100000,12345,converged
3.09438202247191,4,linear,dynamic,1.0,0.75,0.0001,"0.25+2.25*Beta(1,2)",0.8086927230090517,1.1712863744452078,1.1351043069986058,0.7472260251873712,0.5761443386441121,0.8648221338773733,0.6507932092121137,0.7066667496424428,0.00011210348778729052,"half-normal Monte Carlo, conditional Gaussian CDF integrated analytically",100000,12345,converged
3.129213483146067,4,linear,dynamic,1.0,0.75,0.0001,"0.25+2.25*Beta(1,2)",0.8110403868485009,1.1690442889788186,1.130229725902812,0.7501135294775473,0.5819936372439108,0.8658385007635986,0.6517801726750336,0.7074414972156149,0.00011241319475508094,"half-normal Monte Carlo, conditional Gaussian CDF integrated analytically",100000,12345,converged
3.1640449438202243,4,linear,dynamic,1.0,0.75,0.0001,"0.25+2.25*Beta(1,2)",0.8133172912016033,1.1668471354130312,1.1254656959281375,0.7529272637219814,0.5877433835262362,0.8668253704230752,0.6527435168959357,0.7081965005852379,0.00011271038341274285,"half-normal Monte Carlo, conditional Gaussian CDF integrated analytically",100000,12345,converged
3.198876404494382,4,linear,dynamic,1.0,0.75,0.0001,"0.25+2.25*Beta(1,2)",0.8155262926448364,1.1646934966486029,1.120808614823846,0.7556699320132318,0.5933958083464235,0.8677839569332004,0.6536840326358967,0.7089324856872562,0.0001129956655158372,"half-normal Monte Carlo, conditional Gaussian CDF integrated analytically",100000,12345,converged
3.233707865168539,4,linear,dynamic,1.0,0.75,0.0001,"0.25+2.25*Beta(1,2)",0.8176702855366091,1.1625821155846274,1.1162549329773872,0.7583442474894286,0.5989534075931954,0.8687154636630586,0.6546025302151375,0.7096501848325204,0.00011326963332937796,"half-normal Monte Carlo, conditional Gaussian CDF integrated analytically",100000,12345,converged
3.2685393258426965,4,linear,dynamic,1.0,0.75,0.0001,"0.25+2.25*Beta(1,2)",0.8197520153072586,1.1605117890214682,1.1118012492373808,0.7609527918214206,0.6044186108454664,0.8696210295994133,0.6554997850242459,0.710350294723183,0.00011353284431270273,"half-normal Monte Carlo, conditional Gaussian CDF integrated analytically",100000,12345,converged
3.3033707865168536,4,linear,dynamic,1.0,0.75,0.0001,"0.25+2.25*Beta(1,2)",0.8217738854949522,1.1584812517916936,1.1074444141956703,0.7634978723506682,0.6097934218865023,0.870501674697547,0.6563764805957477,0.7110334328763872,0.0001137858066556063,"half-normal Monte Carlo, conditional Gaussian CDF integrated analytically",100000,12345,converged
3.338202247191011,4,linear,dynamic,1.0,0.75,0.0001,"0.25+2.25*Beta(1,2)",0.8237384279053797,1.1564894289827718,1.1031812718247822,0.765981874241466,0.6150802365287066,0.8713584384844347,0.6572333440013796,0.7117002438978776,0.00011402902044739431,"half-normal Monte Carlo, conditional Gaussian CDF integrated analytically",100000,12345,converged
3.373033707865168,4,linear,dynamic,1.0,0.75,0.0001,"0.25+2.25*Beta(1,2)",0.8256477970855525,1.154535147994351,1.0990089333655155,0.768406884178452,0.6202809314248797,0.8721922339865253,0.6580709985069475,0.712351285267105,0.00011426293666282792,"half-normal Monte Carlo, conditional Gaussian CDF integrated analytically",100000,12345,converged
3.4078651685393258,4,linear,dynamic,1.0,0.75,0.0001,"0.25+2.25*Beta(1,2)",0.8275042783311023,1.1526174173858197,1.094924495790062,0.7707750690615343,0.6253977633062044,0.8730039965458762,0.6588901105766201,0.7129871422933641,0.00011448800033177739,"half-normal Monte Carlo, conditional Gaussian CDF integrated analytically",100000,12345,converged
3.442696629213483,4,linear,dynamic,1.0,0.75,0.0001,"0.25+2.25*Beta(1,2)",0.829309806402031,1.1507351477119665,1.0909253058350876,0.773088319681944,0.6304324881968961,0.8737945453412438,0.659691249124944,0.7136083192160536,0.00011470461252048475,"half-normal Monte Carlo, conditional Gaussian CDF integrated analytically",100000,12345,converged
3.4775280898876404,4,linear,dynamic,1.0,0.75,0.0001,"0.25+2.25*Beta(1,2)",0.8310664510863655,1.1488874241130145,1.087008687777803,0.7753486106964166,0.6353872364472467,0.8745647248136732,0.6604750266818981,0.7142153492453489,0.0001149131703492188,"half-normal Monte Carlo, conditional Gaussian CDF integrated analytically",100000,12345,converged
3.5123595505617975,4,linear,dynamic,1.0,0.75,0.0001,"0.25+2.25*Beta(1,2)",0.8327759524034227,1.1470732319279016,1.0831722016008678,0.7775576583756845,0.6402636495623228,0.8753152714582166,0.661241963019013,0.7148086892288419,0.00011511403122393234,"half-normal Monte Carlo, conditional Gaussian CDF integrated analytically",100000,12345,converged
3.5471910112359546,4,linear,dynamic,1.0,0.75,0.0001,"0.25+2.25*Beta(1,2)",0.834440191237971,1.1452917267445484,1.079413376155887,0.7797172675622706,0.6450637430795599,0.876046950158777,0.6619926225877113,0.7153888264740795,0.00011530755045959702,"half-normal Monte Carlo, conditional Gaussian CDF integrated analytically",100000,12345,converged
3.582022471910112,4,linear,dynamic,1.0,0.75,0.0001,"0.25+2.25*Beta(1,2)",0.8360607343924374,1.1435419611946207,1.0757299649715293,0.7818289984974076,0.6497890496257783,0.8767604242824157,0.6627274805999397,0.7159561754792494,0.00011549404715907736,"half-normal Monte Carlo, conditional Gaussian CDF integrated analytically",100000,12345,converged
3.616853932584269,4,linear,dynamic,1.0,0.75,0.0001,"0.25+2.25*Beta(1,2)",0.83763929681429,1.1418231558724878,1.0721196812901843,0.7838945056512622,0.654441480566039,0.8774563888964463,0.6634470585941437,0.7165111830164104,0.0001156738400638483,"half-normal Monte Carlo, conditional Gaussian CDF integrated analytically",100000,12345,converged
3.651685393258427,4,linear,dynamic,1.0,0.75,0.0001,"0.25+2.25*Beta(1,2)",0.8391772906133549,1.140134423954598,1.0685804547318705,0.7859152092653584,0.6590224647688082,0.8781354424396528,0.6641517912530694,0.7170542255891111,0.00011584721457837267,"half-normal Monte Carlo, conditional Gaussian CDF integrated analytically",100000,12345,converged
3.686516853932584,4,linear,dynamic,1.0,0.75,0.0001,"0.25+2.25*Beta(1,2)",0.8406762847438661,1.1384750462340394,1.0651101649396175,0.7878926303839844,0.6635338193123109,0.878798218572285,0.6648421617840672,0.7175857141110219,0.00011601445737139342,"half-normal Monte Carlo, conditional Gaussian CDF integrated analytically",100000,12345,converged
3.7213483146067414,4,linear,dynamic,1.0,0.75,0.0001,"0.25+2.25*Beta(1,2)",0.8421375525786555,1.1368441903109563,1.0617069021537455,0.7898280631659533,0.6679768738665216,0.8794452578551168,0.6655185678798748,0.7181059908555698,0.00011617582411608724,"half-normal Monte Carlo, conditional Gaussian CDF integrated analytically",100000,12345,converged
3.7561797752808985,4,linear,dynamic,1.0,0.75,0.0001,"0.25+2.25*Beta(1,2)",0.8435625345061484,1.135241192952792,1.0583686963191057,0.7917229100841664,0.6723533605040459,0.8800771398419177,0.6661814585045528,0.7186154349794245,0.00011633157329451669,"half-normal Monte Carlo, conditional Gaussian CDF integrated analytically",100000,12345,converged
3.791011235955056,4,linear,dynamic,1.0,0.75,0.0001,"0.25+2.25*Beta(1,2)",0.8449524354238184,1.133665306593541,1.055093751027442,0.7935783917888414,0.6766646257106615,0.8806943692601817,0.6668312143066243,0.7191143707100711,0.00011648193814244207,"half-normal Monte Carlo, conditional Gaussian CDF integrated analytically",100000,12345,converged
3.825842696629213,4,linear,dynamic,1.0,0.75,0.0001,"0.25+2.25*Beta(1,2)",0.8463084129234879,1.132115812274152,1.051880332729465,0.7953956838345776,0.6809119892246178,0.8812974300081421,0.6674682031420263,0.7196031102785694,0.00011662714071652083,"half-normal Monte Carlo, conditional Gaussian CDF integrated analytically",100000,12345,converged
3.8606741573033703,4,linear,dynamic,1.0,0.75,0.0001,"0.25+2.25*Beta(1,2)",0.8476317303746508,1.1305921160772123,1.048726677495786,0.7971760260855408,0.6850970474533501,0.8818868286956867,0.6680928256942944,0.7200819890390122,0.00011676740255298249,"half-normal Monte Carlo, conditional Gaussian CDF integrated analytically",100000,12345,converged
3.895505617977528,4,linear,dynamic,1.0,0.75,0.0001,"0.25+2.25*Beta(1,2)",0.8489234366093359,1.1290935413308665,1.045631180562609,0.7989204941144835,0.689221031871719,0.882463004602715,0.668705419753802,0.7205512921819006,0.00011690292336754731,"half-normal Monte Carlo, conditional Gaussian CDF integrated analytically",100000,12345,converged
3.930337078651685,4,linear,dynamic,1.0,0.75,0.0001,"0.25+2.25*Beta(1,2)",0.8501845399302155,1.1276194361068987,1.0425922923033355,0.8006301245473458,0.6932851482524236,0.8830263792970728,0.6693063118607554,0.7210112945372915,0.00011703389351683446,"half-normal Monte Carlo, conditional Gaussian CDF integrated analytically",100000,12345,converged
3.9651685393258425,4,linear,dynamic,1.0,0.75,0.0001,"0.25+2.25*Beta(1,2)",0.8514161550725169,1.1261692684617626,1.039608427442904,0.8023060191535912,0.6972908741241236,0.8835773981944798,0.6698958613563313,0.7214622943844456,0.00011716050379110655,"half-normal Monte Carlo, conditional Gaussian CDF integrated analytically",100000,12345,converged
4.0,4,linear,dynamic,1.0,0.75,0.0001,"0.25+2.25*Beta(1,2)",0.8526191977247801,1.1247424236206331,1.0366781488525891,0.8039491287125329,0.7012393355965468,0.8841164450295816,0.670474368661977,0.7219045433590435,0.00011728292584753207,"half-normal Monte Carlo, conditional Gaussian CDF integrated analytically",100000,12345,converged
4.2,4,linear,dynamic,1.0,0.75,0.0001,"0.25+2.25*Beta(1,2)",0.8590180546075223,1.1169739609919944,1.0208219240620413,0.812794520916497,0.7228606682009752,0.8869980363798221,0.6735969647296491,0.7242866221668256,0.0001179126738256088,"half-normal Monte Carlo, conditional Gaussian CDF integrated analytically",100000,12345,converged
4.3795494865122535,4,linear,dynamic,1.0,0.75,0.0001,"0.25+2.25*Beta(1,2)",0.8641106616931769,1.1105613105173402,1.0078574614552405,0.8199702465756483,0.7408659103179946,0.889310618025029,0.6761403565853727,0.7262208483792864,0.00011838694583728729,"half-normal Monte Carlo, conditional Gaussian CDF integrated analytically",100000,12345,converged
4.566774691621367,4,linear,dynamic,1.0,0.75,0.0001,"0.25+2.25*Beta(1,2)",0.8688644543335862,1.1043746324319414,0.9954566216031876,0.8267873424154154,0.7583710064518828,0.8914868627120434,0.6785650503627754,0.7280600798782337,0.00011880681552668788,"half-normal Monte Carlo, conditional Gaussian CDF integrated analytically",100000,12345,converged
4.7620037513589315,4,linear,dynamic,1.0,0.75,0.0001,"0.25+2.25*Beta(1,2)",0.873303933645484,1.098407060244764,0.9835946111843432,0.8332661860096712,0.7753801737510128,0.8935364186794308,0.6808769881258366,0.7298097196859136,0.00011917786826179464,"half-normal Monte Carlo, conditional Gaussian CDF integrated analytically",100000,12345,converged
4.96557882953177,4,linear,dynamic,1.0,0.75,0.0001,"0.25+2.25*Beta(1,2)",0.8774517066104868,1.092651900719005,0.972247662043565,0.8394257941369243,0.7918985331529208,0.8954681177672361,0.6830818049893734,0.7314747975425056,0.00011950512822209141,"half-normal Monte Carlo, conditional Gaussian CDF integrated analytically",100000,12345,converged
5.177856717407615,4,linear,dynamic,1.0,0.75,0.0001,"0.25+2.25*Beta(1,2)",0.881328609992308,1.0871025987542442,0.96139302804976,0.8452839087347505,0.8079319239152741,0.8972900467871033,0.6851848316596166,0.7330599937718199,0.00011979311315720595,"half-normal Monte Carlo, conditional Gaussian CDF integrated analytically",100000,12345,converged
5.399209459037271,4,linear,dynamic,1.0,0.75,0.0001,"0.25+2.25*Beta(1,2)",0.8849538667645014,1.0817527383912382,0.9510089489303186,0.8508571047117803,0.8234868317299342,0.89900962282111,0.6871911117700555,0.7345696708347055,0.00012004588612662583,"half-normal Monte Carlo, conditional Gaussian CDF integrated analytically",100000,12345,converged
5.6300250033092345,4,linear,dynamic,1.0,0.75,0.0001,"0.25+2.25*Beta(1,2)",0.8883452257911184,1.0765960435540294,0.9410746141543208,0.8561608857535894,0.8385703198412536,0.9006336595037691,0.6891054182458929,0.7360079011834924,0.00012026710181986917,"half-normal Monte Carlo, conditional Gaussian CDF integrated analytically",100000,12345,converged
5.870707883879548,4,linear,dynamic,1.0,0.75,0.0001,"0.25+2.25*Beta(1,2)",0.8915190870520535,1.071626378546826,0.9315701270618656,0.8612097698642792,0.8531899633631596,0.9021684255578498,0.6909322687436135,0.737378491957406,0.00012046004804029216,"half-normal Monte Carlo, conditional Gaussian CDF integrated analytically",100000,12345,converged
6.121679928168599,4,linear,dynamic,1.0,0.75,0.0001,"0.25+2.25*Beta(1,2)",0.8944906143127981,1.0668377483191374,0.9224764694092285,0.8660173660766387,0.8673537869275895,0.9036196966456654,0.6926759402105385,0.7386850069654642,0.00012062768287115111,"half-normal Monte Carlo, conditional Gaussian CDF integrated analytically",100000,12345,converged
6.383380996667419,4,linear,dynamic,1.0,0.75,0.0001,"0.25+2.25*Beta(1,2)",0.8972738669000733,1.0622243287536444,0.913775441556314,0.8705964603050452,0.8810702888344082,0.9049928096516389,0.6943404926205805,0.7399307938179762,0.0001207726688134031,"half-normal Monte Carlo, conditional Gaussian CDF integrated analytically",100000,12345,converged
6.656269753849255,4,linear,dynamic,1.0,0.75,0.0001,"0.25+2.25*Beta(1,2)",0.8998817723256627,1.057780347483432,0.905449726455641,0.8749590105799411,0.8943480576595527,0.9062926710624701,0.6959297422484738,0.7411189718683706,0.00012089739928355378,"half-normal Monte Carlo, conditional Gaussian CDF integrated analytically",100000,12345,converged
6.9408244720375105,4,linear,dynamic,1.0,0.75,0.0001,"0.25+2.25*Beta(1,2)",0.9023263881327572,1.053500259646266,0.8974827106688388,0.8791163046110564,0.9071962067257421,0.9075238422901668,0.6974473328867532,0.7422524922433446,0.00012100403053893032,"half-normal Monte Carlo, conditional Gaussian CDF integrated analytically",100000,12345,converged
7.237543869638944,4,linear,dynamic,1.0,0.75,0.0001,"0.25+2.25*Beta(1,2)",0.9046188593790156,1.0493786312257372,0.8898585478746022,0.8830789436609034,0.9196240039484457,0.9086905400757836,0.6988967081552694,0.7433341228284704,0.0001210945022159167,"half-normal Monte Carlo, conditional Gaussian CDF integrated analytically",100000,12345,converged
7.546947985211224,4,linear,dynamic,1.0,0.75,0.0001,"0.25+2.25*Beta(1,2)",0.9067695451971074,1.045410198955865,0.8825620775875767,0.8868569199934476,0.9316409904496253,0.9097966816214847,0.7002811416722304,0.7443664756871107,0.0001211705602864904,"half-normal Monte Carlo, conditional Gaussian CDF integrated analytically",100000,12345,converged
7.869579088896787,4,linear,dynamic,1.0,0.75,0.0001,"0.25+2.25*Beta(1,2)",0.9087879735273996,1.0415897453566472,0.8755788948050596,0.8904596061683371,0.9432566108299315,0.9108458809627177,0.701603709553513,0.7453519907283769,0.0001212337744212646,"half-normal Monte Carlo, conditional Gaussian CDF integrated analytically",100000,12345,converged
8.206002632820356,4,linear,dynamic,1.0,0.75,0.0001,"0.25+2.25*Beta(1,2)",0.9106830837651996,1.0379123094699394,0.8688951489852212,0.8938958852796856,0.9544807334057283,0.9118415238898642,0.7028673641284052,0.7462929942230117,0.00012128555876439904,"half-normal Monte Carlo, conditional Gaussian CDF integrated analytically",100000,12345,converged
8.556808242115855,4,linear,dynamic,1.0,0.75,0.0001,"0.25+2.25*Beta(1,2)",0.9124630785564012,1.0343729499976375,0.8624977055096463,0.8971740903892509,0.9653229966990484,0.9127867334991078,0.7040748725199447,0.7471916560763039,0.00012132718415500003,"half-normal Monte Carlo, conditional Gaussian CDF integrated analytically",100000,12345,converged
8.922610748319599,4,linear,dynamic,1.0,0.75,0.0001,"0.25+2.25*Beta(1,2)",0.9141356618499714,1.0309669733310762,0.8563739334894217,0.9003021250793357,0.9757933720155758,0.9136844424415144,0.7052288921747316,0.7480500486838423,0.00012135979496043375,"half-normal Monte Carlo, conditional Gaussian CDF integrated analytically",100000,12345,converged
9.304051266940906,4,linear,dynamic,1.0,0.75,0.0001,"0.25+2.25*Beta(1,2)",0.9157079039054364,1.0276897069761837,0.8505118596432487,0.9032874148259886,0.9859015553605681,0.914537359994807,0.7063319143847383,0.7488701071325912,0.00012138441945971466,"half-normal Monte Carlo, conditional Gaussian CDF integrated analytically",100000,12345,converged
9.701798321098744,4,linear,dynamic,1.0,0.75,0.0001,"0.25+2.25*Beta(1,2)",0.9171864541340408,1.0245367203022162,0.8448999647229518,0.9061370075281682,0.9956575059425171,0.9153480364979301,0.7073863341521824,0.7496536830904411,0.00012140198299130187,"half-normal Monte Carlo, conditional Gaussian CDF integrated analytically",100000,12345,converged
10.116549013193676,4,linear,dynamic,1.0,0.75,0.0001,"0.25+2.25*Beta(1,2)",0.9185774134802266,1.0215036014957877,0.8395273356700043,0.9088575335502016,1.0050708639315733,0.9161188306915464,0.7083943963580224,0.7504025064327088,0.00012141331680074949,"half-normal Monte Carlo, conditional Gaussian CDF integrated analytically",100000,12345,converged
10.54903024666867,4,linear,dynamic,1.0,0.75,0.0001,"0.25+2.25*Beta(1,2)",0.919886529620674,1.0185861772683602,0.8343834652859562,0.911455290583672,1.0141514814025758,0.9168519688190331,0.7093582621876079,0.7511182360260077,0.00012141916825291653,"half-normal Monte Carlo, conditional Gaussian CDF integrated analytically",100000,12345,converged
11.0,4,linear,dynamic,1.0,0.75,0.0001,"0.25+2.25*Beta(1,2)",0.9211190900688216,1.0157803147563318,0.829458385937101,0.9139362155810844,1.022908915593933,0.9175495165004931,0.7102799630673936,0.7518024267274481,0.00012142020843360092,"half-normal Monte Carlo, conditional Gaussian CDF integrated analytically",100000,12345,converged
0.09,8,linear,dynamic,1.0,0.75,0.0001,"0.25+2.25*Beta(1,2)",1.0205578124863912e-06,3.1319322168998287,4.055657322784989,5.766754119229459e-07,2.5681120610845683e-13,0.5000004557283373,0.500000000000147,0.5000001613084479,1.2394391622528283e-16,"half-normal Monte Carlo, conditional Gaussian CDF integrated analytically",100000,12345,converged
0.2,8,linear,dynamic,1.0,0.75,0.0001,"0.25+2.25*Beta(1,2)",1.353631948349781e-06,2.650224855195596,3.394438485840256,8.314942200447933e-07,5.398004586728145e-13,0.5000006607172923,0.5000000000003091,0.5000002338658193,2.6052205369795295e-16,"half-normal Monte Carlo, conditional Gaussian CDF integrated analytically",100000,12345,converged
0.35,8,linear,dynamic,1.0,0.75,0.0001,"0.25+2.25*Beta(1,2)",1.9591734056033447e-06,2.2694091730542434,2.884534865007777,1.3005183187547473e-06,1.3306687604252825e-12,0.500001037370824,0.5000000000007618,0.5000003671851493,6.422161239160054e-16,"half-normal Monte Carlo, conditional Gaussian CDF integrated analytically",100000,12345,converged
0.45,8,linear,dynamic,1.0,0.75,0.0001,"0.25+2.25*Beta(1,2)",2.2001287095707805e-06,2.0954712946915706,2.655474354640683,1.5198727559040103e-06,1.8228631469244875e-12,0.5000012141604474,0.5000000000010436,0.5000004297611566,8.797622214188573e-16,"half-normal Monte Carlo, conditional Gaussian CDF integrated analytically",100000,12345,converged
0.6,8,linear,dynamic,1.0,0.75,0.0001,"0.25+2.25*Beta(1,2)",3.085394449935728e-06,1.8989003634313657,2.3993047323183863,2.239028415088547e-06,3.967673961321117e-12,0.5000017912946854,0.5000000000022715,0.5000006340421296,1.9149049471671862e-15,"half-normal Monte Carlo, conditional Gaussian CDF integrated analytically",100000,12345,converged
0.8,8,linear,dynamic,1.0,0.75,0.0001,"0.25+2.25*Beta(1,2)",4.706951238179824e-06,1.7084718820048708,2.1536466855104934,3.6011049739482676e-06,1.0287383769892105e-11,0.50000288437365,0.5000000000058896,0.5000010209455912,4.964964930585703e-15,"half-normal Monte Carlo, conditional Gaussian CDF integrated analytically",100000,12345,converged
0.9,8,linear,dynamic,1.0,0.75,0.0001,"0.25+2.25*Beta(1,2)",6.423040419423833e-06,1.632996699881705,2.056906572606598,5.0262953138568355e-06,2.0057035540156624e-11,0.500004027470989,0.5000000000114827,0.5000014255534299,9.680058632269364e-15,"half-normal Monte Carlo, conditional Gaussian CDF integrated analytically",100000,12345,converged
0.9348314606741572,8,linear,dynamic,1.0,0.75,0.0001,"0.25+2.25*Beta(1,2)",7.476220965626549e-06,1.6090216810526627,2.02624620444882,5.893878526591079e-06,2.7584939976274122e-11,0.5000047231862377,0.5000000000157925,0.500001671807037,1.3313225466283202e-14,"half-normal Monte Carlo, conditional Gaussian CDF integrated analytically",100000,12345,converged
0.9696629213483148,8,linear,dynamic,1.0,0.75,0.0001,"0.25+2.25*Beta(1,2)",8.546702515636653e-06,1.5860970508537993,1.99695953957121,6.786310227267657e-06,3.657866994464717e-11,0.5000054389241669,0.5000000000209415,0.5000019251478215,1.765383867553173e-14,"half-normal Monte Carlo, conditional Gaussian CDF integrated analytically",100000,12345,converged
1.004494382022472,8,linear,dynamic,1.0,0.75,0.0001,"0.25+2.25*Beta(1,2)",9.830160718926509e-06,1.5641469001211497,1.96894516030857,7.85998738953397e-06,4.907808592534985e-11,0.5000063000334746,0.5000000000280974,0.5000022299438909,2.368638916355955e-14,"half-normal Monte Carlo, conditional Gaussian CDF integrated analytically",100000,12345,converged
1.0393258426966292,8,linear,dynamic,1.0,0.75,0.0001,"0.25+2.25*Beta(1,2)",1.1775384422117082e-05,1.543102890761649,1.942111959579503,9.479330201901966e-06,7.139633614050735e-11,0.5000075986599813,0.5000000000408747,0.50000268960244,3.4457770116060375e-14,"half-normal Monte Carlo, conditional Gaussian CDF integrated analytically",100000,12345,converged
1.0741573033707863,8,linear,dynamic,1.0,0.75,0.0001,"0.25+2.25*Beta(1,2)",1.4502721429873691e-05,1.5229033010764137,1.916377818769572,1.1752042166416851e-05,1.0975337264525492e-10,0.5000094212382369,0.5000000000628343,0.5000033347176229,5.296989576820257e-14,"half-normal Monte Carlo, conditional Gaussian CDF integrated analytically",100000,12345,converged
1.1089887640449438,8,linear,dynamic,1.0,0.75,0.0001,"0.25+2.25*Beta(1,2)",1.906879191296469e-05,1.5034922155302333,1.8916684885684416,1.5551510847850333e-05,1.9222122016480986e-10,0.5000124680838265,0.5000000001100475,0.5000044131713706,9.277107161624854e-14,"half-normal Monte Carlo, conditional Gaussian CDF integrated analytically",100000,12345,converged
1.1438202247191012,8,linear,dynamic,1.0,0.75,0.0001,"0.25+2.25*Beta(1,2)",2.710751176298559e-05,1.484818833634371,1.867916636738304,2.2246050620893135e-05,3.933886446150596e-10,0.5000178365131505,0.500000000225217,0.5000063133670172,1.8985981915581202e-13,"half-normal Monte Carlo, conditional Gaussian CDF integrated analytically",100000,12345,converged
1.1786516853932585,8,linear,dynamic,1.0,0.75,0.0001,"0.25+2.25*Beta(1,2)",4.61514278583811e-05,1.466836877718528,1.845061033824711,3.810607623779944e-05,1.1544085828706036e-09,0.5000305547561257,0.5000000006609046,0.5000108150840927,5.571482736627482e-13,"half-normal Monte Carlo, conditional Gaussian CDF integrated analytically",100000,12345,converged
1.2134831460674158,8,linear,dynamic,1.0,0.75,0.0001,"0.25+2.25*Beta(1,2)",0.0001494838366148,1.449504085549752,1.8230458489480783,0.0001241608033523,1.2257188935743898e-08,0.5000995621997584,0.5000000070173001,0.5000352407843407,5.915645038387387e-12,"half-normal Monte Carlo, conditional Gaussian CDF integrated analytically",100000,12345,converged
1.2483146067415731,8,linear,dynamic,1.0,0.75,0.0001,"0.25+2.25*Beta(1,2)",0.1366539106426662,1.4357215780256258,1.7961666879858358,0.114047810130251,0.010396747372525071,0.5907224498879905,0.5058687457170064,0.5323445063721943,4.849638427411586e-06,"half-normal Monte Carlo, conditional Gaussian CDF integrated analytically",100000,12345,converged
1.2831460674157302,8,linear,dynamic,1.0,0.75,0.0001,"0.25+2.25*Beta(1,2)",0.226290622105849,1.4248977580827376,1.7660713703208233,0.1895722238612028,0.02899511679629903,0.6486937378206754,0.5159657594181216,0.5536867243103955,1.2737545725325984e-05,"half-normal Monte Carlo, conditional Gaussian CDF integrated analytically",100000,12345,converged
1.3179775280898878,8,linear,dynamic,1.0,0.75,0.0001,"0.25+2.25*Beta(1,2)",0.2860660655598422,1.4145538842633434,1.737531284633842,0.2405229905986479,0.04709773837662621,0.6861627374045519,0.5253273687009123,0.5680248073648412,1.953911185567794e-05,"half-normal Monte Carlo, conditional Gaussian CDF integrated analytically",100000,12345,converged
1.3528089887640449,8,linear,dynamic,1.0,0.75,0.0001,"0.25+2.25*Beta(1,2)",0.3327223022341374,1.4046588995449034,1.7104318053041334,0.2807349445204786,0.06472291386343829,0.7145625936112455,0.5340287798835986,0.5792980251377218,2.5422340469960332e-05,"half-normal Monte Carlo, conditional Gaussian CDF integrated analytically",100000,12345,converged
1.3876404494382022,8,linear,dynamic,1.0,0.75,0.0001,"0.25+2.25*Beta(1,2)",0.3714191543393065,1.3951839945814066,1.6846697976479246,0.3144477953279979,0.08188678185050238,0.7374699218774979,0.5421349020522749,0.5887162924027296,3.052512193066195e-05,"half-normal Monte Carlo, conditional Gaussian CDF integrated analytically",100000,12345,converged
1.4224719101123595,8,linear,dynamic,1.0,0.75,0.0001,"0.25+2.25*Beta(1,2)",0.4045966225402271,1.386102653752673,1.6601517563560466,0.3436564943896204,0.09860449585058971,0.7565951096615143,0.5497024560320322,0.5968499674401371,3.496167683055617e-05,"half-normal Monte Carlo, conditional Gaussian CDF integrated analytically",100000,12345,converged
1.4573033707865168,8,linear,dynamic,1.0,0.75,0.0001,"0.25+2.25*Beta(1,2)",0.4336502199075354,1.3773905892223288,1.6367924419802051,0.3694970838939053,0.11489087339525242,0.7729239606017085,0.556781451537855,0.6040243066469325,3.882729591947881e-05,"half-normal Monte Carlo, conditional Gaussian CDF integrated analytically",100000,12345,converged
1.4921348314606742,8,linear,dynamic,1.0,0.75,0.0001,"0.25+2.25*Beta(1,2)",0.4594714538689277,1.3690254333753873,1.6145141343537586,0.3926926533773815,0.13076009210964804,0.787089143788697,0.5634160078587573,0.6104465446200096,4.2201804216297883e-05,"half-normal Monte Carlo, conditional Gaussian CDF integrated analytically",100000,12345,converged
1.5269662921348317,8,linear,dynamic,1.0,0.75,0.0001,"0.25+2.25*Beta(1,2)",0.4826735470421313,1.3609865956455347,1.5932457597096057,0.4137391081938045,0.14622587356309405,0.7995265204228204,0.5696452411262962,0.6162588892429007,4.515241992768086e-05,"half-normal Monte Carlo, conditional Gaussian CDF integrated analytically",100000,12345,converged
1.5617977528089888,8,linear,dynamic,1.0,0.75,0.0001,"0.25+2.25*Beta(1,2)",0.5037010538091777,1.3532551016839165,1.572922187494772,0.432995141145859,0.16130152758069569,0.8105517106717993,0.5755039529624579,0.6215642200120624,4.773599640124032e-05,"half-normal Monte Carlo, conditional Gaussian CDF integrated analytically",100000,12345,converged
1.596629213483146,8,linear,dynamic,1.0,0.75,0.0001,"0.25+2.25*Beta(1,2)",0.5228889981076057,1.3458134114247375,1.55348367354153,0.4507306362797429,0.1759998569657748,0.8204017854625956,0.5810231599866886,0.6264399320835674,5.000079919875816e-05,"half-normal Monte Carlo, conditional Gaussian CDF integrated analytically",100000,12345,converged
1.6314606741573034,8,linear,dynamic,1.0,0.75,0.0001,"0.25+2.25*Beta(1,2)",0.5404979731384422,1.3386453587452622,1.5348752126020162,0.4671553225957826,0.19033342682726206,0.82926009223067,0.5862306748704902,0.630946137878865,5.1987995885344604e-05,"half-normal Monte Carlo, conditional Gaussian CDF integrated analytically",100000,12345,converged
1.6662921348314603,8,linear,dynamic,1.0,0.75,0.0001,"0.25+2.25*Beta(1,2)",0.5567349837314035,1.3317358733630802,1.5170463069133706,0.482435727612896,0.20431402831799367,0.8372713611154124,0.591151318411802,0.635130534223762,5.373275613371437e-05,"half-normal Monte Carlo, conditional Gaussian CDF integrated analytically",100000,12345,converged
1.701123595505618,8,linear,dynamic,1.0,0.75,0.0001,"0.25+2.25*Beta(1,2)",0.5717684539757225,1.3250710598958886,1.499950265829839,0.496707372332254,0.21795333646007373,0.8445522675003333,0.5958075089462753,0.6390318944079836,5.526530555731957e-05,"half-normal Monte Carlo, conditional Gaussian CDF integrated analytically",100000,12345,converged
1.7359550561797752,8,linear,dynamic,1.0,0.75,0.0001,"0.25+2.25*Beta(1,2)",0.5857372625621879,1.318637988818654,1.4835440065141643,0.5100820744217885,0.23126253029729038,0.8511981226026258,0.6002194217196611,0.6426821717852085,5.661165954608742e-05,"half-normal Monte Carlo, conditional Gaussian CDF integrated analytically",100000,12345,converged
1.7707865168539323,8,linear,dynamic,1.0,0.75,0.0001,"0.25+2.25*Beta(1,2)",0.5987574710846686,1.312424604856396,1.467787728138572,0.52265338025733,0.2442522868305799,0.8572877747872231,0.6044052488308395,0.6461080621818313,5.7794278425216174e-05,"half-normal Monte Carlo, conditional Gaussian CDF integrated analytically",100000,12345,converged
1.8056179775280896,8,linear,dynamic,1.0,0.75,0.0001,"0.25+2.25*Beta(1,2)",0.6109272941074927,1.3064196753521555,1.452644578500637,0.5345005692754371,0.256932882419689,0.8628872045487126,0.6083814568680104,0.6493321554321456,5.8832618440280075e-05,"half-normal Monte Carlo, conditional Gaussian CDF integrated analytically",100000,12345,converged
1.8404494382022472,8,linear,dynamic,1.0,0.75,0.0001,"0.25+2.25*Beta(1,2)",0.6223309871201127,1.300612803917323,1.4380802771541683,0.5456917818928652,0.26931449077120895,0.8680522638395513,0.6121630686334443,0.6523738333563691,5.974360004259457e-05,"half-normal Monte Carlo, conditional Gaussian CDF integrated analytically",100000,12345,converged
1.8752808988764045,8,linear,dynamic,1.0,0.75,0.0001,"0.25+2.25*Beta(1,2)",0.6330408211408332,1.2949941768919744,1.424063143379318,0.5562855876171151,0.28140653951600636,0.8728303749764216,0.6157636296673438,0.6552497294173856,6.054193094876784e-05,"half-normal Monte Carlo, conditional Gaussian CDF integrated analytically",100000,12345,converged
1.9101123595505616,8,linear,dynamic,1.0,0.75,0.0001,"0.25+2.25*Beta(1,2)",0.6431198837329071,1.2895546992941156,1.4105636189562825,0.5663332404617762,0.2932183839809119,0.8772623347450723,0.6191955604532258,0.6579743715122924,6.124047073679198e-05,"half-normal Monte Carlo, conditional Gaussian CDF integrated analytically",100000,12345,converged
1.9449438202247191,8,linear,dynamic,1.0,0.75,0.0001,"0.25+2.25*Beta(1,2)",0.6526231838784762,1.284285804490592,1.397554267236074,0.5758795499159701,0.3047588420147793,0.8813833064396134,0.6224701419454779,0.6605604386421529,6.185046139606754e-05,"half-normal Monte Carlo, conditional Gaussian CDF integrated analytically",100000,12345,converged
1.979775280898876,8,linear,dynamic,1.0,0.75,0.0001,"0.25+2.25*Beta(1,2)",0.6615992285923427,1.2791794910436494,1.3850094894077731,0.5849641438870677,0.31603649117317467,0.8852238683128808,0.6255977137125519,0.6630191221829235,6.238176864124219e-05,"half-normal Monte Carlo, conditional Gaussian CDF integrated analytically",100000,12345,converged
2.0146067415730338,8,linear,dynamic,1.0,0.75,0.0001,"0.25+2.25*Beta(1,2)",0.6700910511226281,1.2742282866251604,1.3729053644976783,0.5936222862464481,0.3270597001118994,0.8888107599033359,0.6285877758878966,0.6653603618375498,6.284306855169115e-05,"half-normal Monte Carlo, conditional Gaussian CDF integrated analytically",100000,12345,converged
2.049438202247191,8,linear,dynamic,1.0,0.75,0.0001,"0.25+2.25*Beta(1,2)",0.6781368313297341,1.2694251471658484,1.3612195910837586,0.6018853656773085,0.3378364262593364,0.8921674130359548,0.6314490177002177,0.6675929887730959,6.324199778792157e-05,"half-normal Monte Carlo, conditional Gaussian CDF integrated analytically",100000,12345,converged
2.0842696629213484,8,linear,dynamic,1.0,0.75,0.0001,"0.25+2.25*Beta(1,2)",0.6857704826853577,1.2647633884144214,1.3499314005575194,0.609781361057718,0.3483741134759019,0.8953144176257808,0.6341893688060941,0.6697248605452113,6.35852892099788e-05,"half-normal Monte Carlo, conditional Gaussian CDF integrated analytically",100000,12345,converged
2.1191011235955055,8,linear,dynamic,1.0,0.75,0.0001,"0.25+2.25*Beta(1,2)",0.6930227949114618,1.26023684477661,1.3390212031041226,0.6173357579327646,0.3586803503585352,0.8982701196201729,0.636816236707358,0.6717631200124159,6.387890989350791e-05,"half-normal Monte Carlo, conditional Gaussian CDF integrated analytically",100000,12345,converged
2.153932584269663,8,linear,dynamic,1.0,0.75,0.0001,"0.25+2.25*Beta(1,2)",0.6999212132727362,1.255839618774332,1.3284707629153707,0.6245713611697136,0.36876212745104053,0.901050726533421,0.6393363701772928,0.6737141475614326,6.412813527810172e-05,"half-normal Monte Carlo, conditional Gaussian CDF integrated analytically",100000,12345,converged
2.18876404494382,8,linear,dynamic,1.0,0.75,0.0001,"0.25+2.25*Beta(1,2)",0.7064906185899906,1.2515661818438704,1.3182629436341828,0.6315089201772048,0.3786262798070243,0.9036707160194164,0.641756026241534,0.6755837377050602,6.433764946785137e-05,"half-normal Monte Carlo, conditional Gaussian CDF integrated analytically",100000,12345,converged
2.2235955056179773,8,linear,dynamic,1.0,0.75,0.0001,"0.25+2.25*Beta(1,2)",0.7127536551558784,1.247411354016084,1.308381619764778,0.6381673879022696,0.38827950902382496,0.9061430664414329,0.6440810185682855,0.6773771738007281,6.451161733991719e-05,"half-normal Monte Carlo, conditional Gaussian CDF integrated analytically",100000,12345,converged
2.258426966292135,8,linear,dynamic,1.0,0.75,0.0001,"0.25+2.25*Beta(1,2)",0.718730620148261,1.243370142205512,1.2988117657991247,0.6445638288504733,0.39772792173688815,0.9084793339929534,0.6463166474010624,0.6790992043230105,6.46537401861918e-05,"half-normal Monte Carlo, conditional Gaussian CDF integrated analytically",100000,12345,converged
2.293258426966292,8,linear,dynamic,1.0,0.75,0.0001,"0.25+2.25*Beta(1,2)",0.7244403799174592,1.2394379642088094,1.289539091748482,0.6507141525057768,0.4069778631862639,0.9106900279571216,0.6484679351726437,0.6807542490271332,6.476732485894389e-05,"half-normal Monte Carlo, conditional Gaussian CDF integrated analytically",100000,12345,converged
2.3280898876404494,8,linear,dynamic,1.0,0.75,0.0001,"0.25+2.25*Beta(1,2)",0.7298998958662357,1.2356103846275703,1.2805502712017325,0.6566327306494544,0.4160350983218947,0.9127845455607306,0.6505394637447905,0.6823462934401967,6.485531830668163e-05,"half-normal Monte Carlo, conditional Gaussian CDF integrated analytically",100000,12345,converged
2.3629213483146065,8,linear,dynamic,1.0,0.75,0.0001,"0.25+2.25*Beta(1,2)",0.7351247902864405,1.2318832392745571,1.2718327124602584,0.6623328498092097,0.4249052976851856,0.9147714125649177,0.6525355185963141,0.6838790162188915,6.49203566517418e-05,"half-normal Monte Carlo, conditional Gaussian CDF integrated analytically",100000,12345,converged
2.397752808988764,8,linear,dynamic,1.0,0.75,0.0001,"0.25+2.25*Beta(1,2)",0.7401293999011977,1.2282525836921383,1.2633745464734276,0.6678267528195334,0.433593925195982,0.9166583575716007,0.6544600877586801,0.6853558016439606,6.496479943771435e-05,"half-normal Monte Carlo, conditional Gaussian CDF integrated analytically",100000,12345,converged
2.432584269662921,8,linear,dynamic,1.0,0.75,0.0001,"0.25+2.25*Beta(1,2)",0.7449269089842236,1.2247146787705243,1.255164576383212,0.6731257445579404,0.4421062465989874,0.9184524024497204,0.6563168868612868,0.6867797698688911,6.499076125893288e-05,"half-normal Monte Carlo, conditional Gaussian CDF integrated analytically",100000,12345,converged
2.4674157303370787,8,linear,dynamic,1.0,0.75,0.0001,"0.25+2.25*Beta(1,2)",0.7495295612154357,1.2212660166805396,1.2471921870357754,0.6782403599892695,0.45044746830160237,0.9201599670760073,0.6581094096050832,0.6881538247270487,6.500013944516396e-05,"half-normal Monte Carlo, conditional Gaussian CDF integrated analytically",100000,12345,converged
2.502247191011236,8,linear,dynamic,1.0,0.75,0.0001,"0.25+2.25*Beta(1,2)",0.753948385643805,1.2179031549372683,1.239447475905745,0.6831801477581919,0.4586222322971007,0.9217868332081219,0.6598408383321563,0.6894805927397053,6.499463794543061e-05,"half-normal Monte Carlo, conditional Gaussian CDF integrated analytically",100000,12345,converged
2.537078651685394,8,linear,dynamic,1.0,0.75,0.0001,"0.25+2.25*Beta(1,2)",0.7581939366427319,1.2146229711848908,1.231920913737468,0.6879542561585689,0.46663551138016457,0.9233383839317052,0.6615142523059331,0.6907625890261693,6.497578904377449e-05,"half-normal Monte Carlo, conditional Gaussian CDF integrated analytically",100000,12345,converged
2.5719101123595505,8,linear,dynamic,1.0,0.75,0.0001,"0.25+2.25*Beta(1,2)",0.762275641319299,1.211422349951556,1.2246036482887988,0.6925709181856767,0.4744916072728505,0.9248194547063258,0.6631324306366037,0.6920020715027938,6.494497266650438e-05,"half-normal Monte Carlo, conditional Gaussian CDF integrated analytically",100000,12345,converged
2.6067415730337076,8,linear,dynamic,1.0,0.75,0.0001,"0.25+2.25*Beta(1,2)",0.7662025924409639,1.2082984767544067,1.2174871326489107,0.6970380773173472,0.4821951681624444,0.9262345748829114,0.6646980785573207,0.6932012186042908,6.490343052775128e-05,"half-normal Monte Carlo, conditional Gaussian CDF integrated analytically",100000,12345,converged
2.641573033707865,8,linear,dynamic,1.0,0.75,0.0001,"0.25+2.25*Beta(1,2)",0.7699829791518791,1.2052485606538157,1.2105633920492649,0.7013629403101711,0.489750303104718,0.9275878381902075,0.666213656574945,0.6943620020607401,6.485228368149558e-05,"half-normal Monte Carlo, conditional Gaussian CDF integrated analytically",100000,12345,converged
2.676404494382022,8,linear,dynamic,1.0,0.75,0.0001,"0.25+2.25*Beta(1,2)",0.7736245075266288,1.2022699812224131,1.2038248234757785,0.7055523089370663,0.4971611043189798,0.9288830361141183,0.6676814996249496,0.6954862812297529,6.47925435146524e-05,"half-normal Monte Carlo, conditional Gaussian CDF integrated analytically",100000,12345,converged
2.71123595505618,8,linear,dynamic,1.0,0.75,0.0001,"0.25+2.25*Beta(1,2)",0.7771343571631505,1.1993602412733466,1.197264213249435,0.70961254661061,0.5044315217977372,0.9301236642657991,0.6691038012605216,0.6965757935559926,6.472512353683881e-05,"half-normal Monte Carlo, conditional Gaussian CDF integrated analytically",100000,12345,converged
2.746067415730337,8,linear,dynamic,1.0,0.75,0.0001,"0.25+2.25*Beta(1,2)",0.7805192258492376,1.196516959668935,1.1908747126887982,0.7135496143316917,0.5115653690763129,0.9313129503087535,0.6704826240926982,0.6976321647317325,6.465084946369036e-05,"half-normal Monte Carlo, conditional Gaussian CDF integrated analytically",100000,12345,converged
2.7808988764044944,8,linear,dynamic,1.0,0.75,0.0001,"0.25+2.25*Beta(1,2)",0.7837852901043522,1.1937378273012385,1.1846498550742246,0.7173690414243892,0.5185662061685502,0.9324538590444145,0.6718198860483233,0.6986568999846489,6.45704696391028e-05,"half-normal Monte Carlo, conditional Gaussian CDF integrated analytically",100000,12345,converged
2.8157303370786515,8,linear,dynamic,1.0,0.75,0.0001,"0.25+2.25*Beta(1,2)",0.7869386390545232,1.191020787477727,1.1785833371762426,0.7210762627011789,0.5254379576761151,0.9335492133135989,0.6731174854740576,0.6996514814903338,6.448465564195438e-05,"half-normal Monte Carlo, conditional Gaussian CDF integrated analytically",100000,12345,converged
2.850561797752809,8,linear,dynamic,1.0,0.75,0.0001,"0.25+2.25*Beta(1,2)",0.7899845113895649,1.188363656860057,1.172669394970192,0.7246760287946482,0.5321836921063954,0.9346015162536174,0.6743770763517647,0.7006171973983688,6.439402407597032e-05,"half-normal Monte Carlo, conditional Gaussian CDF integrated analytically",100000,12345,converged
2.885393258426966,8,linear,dynamic,1.0,0.75,0.0001,"0.25+2.25*Beta(1,2)",0.7929281203513193,1.1857644932837812,1.1669023904821452,0.728173046036654,0.5388068523744246,0.9356131665263883,0.6756003083872012,0.7015553269285352,6.429912818265357e-05,"half-normal Monte Carlo, conditional Gaussian CDF integrated analytically",100000,12345,converged
2.9202247191011232,8,linear,dynamic,1.0,0.75,0.0001,"0.25+2.25*Beta(1,2)",0.7957742825673122,1.1832214040685558,1.1612769925852573,0.7315716901038501,0.545310647536168,0.93658637543963,0.6767887173443485,0.7024670572533641,6.420047083242807e-05,"half-normal Monte Carlo, conditional Gaussian CDF integrated analytically",100000,12345,converged
2.955056179775281,8,linear,dynamic,1.0,0.75,0.0001,"0.25+2.25*Beta(1,2)",0.798527521761913,1.1807325786077505,1.1557881218859962,0.7348760873076622,0.5516981797413887,0.9375232009722979,0.6779437544963949,0.7033535068551273,6.409850809452783e-05,"half-normal Monte Carlo, conditional Gaussian CDF integrated analytically",100000,12345,converged
2.989887640449438,8,linear,dynamic,1.0,0.75,0.0001,"0.25+2.25*Beta(1,2)",0.8011920907057674,1.1782962839402429,1.150430936193966,0.7380901325281958,0.5579724484227977,0.9384255606254501,0.6790667923056621,0.7042157305452363,6.39936537476426e-05,"half-normal Monte Carlo, conditional Gaussian CDF integrated analytically",100000,12345,converged
3.024719101123595,8,linear,dynamic,1.0,0.75,0.0001,"0.25+2.25*Beta(1,2)",0.8037719911968938,1.175910860605984,1.145200816978807,0.7412175055788061,0.5641363543007105,0.939295243012887,0.6801591296545646,0.7050547240381562,6.388628332139856e-05,"half-normal Monte Carlo, conditional Gaussian CDF integrated analytically",100000,12345,converged
3.0595505617977525,8,linear,dynamic,1.0,0.75,0.0001,"0.25+2.25*Beta(1,2)",0.8062710653231799,1.1735747566051256,1.1400933184110733,0.7442617415905001,0.5701928256919969,0.9401339351376939,0.6812220180597094,0.7058714445672257,6.377673546674478e-05,"half-normal Monte Carlo, conditional Gaussian CDF integrated analytically",100000,12345,converged
3.09438202247191,8,linear,dynamic,1.0,0.75,0.0001,"0.25+2.25*Beta(1,2)",0.8086927230090517,1.1712863744452078,1.1351043069986058,0.7472260251873712,0.5761443386441121,0.9409431652103049,0.6822565814621288,0.7066667496424428,6.366532403442452e-05,"half-normal Monte Carlo, conditional Gaussian CDF integrated analytically",100000,12345,converged
3.129213483146067,8,linear,dynamic,1.0,0.75,0.0001,"0.25+2.25*Beta(1,2)",0.8110403868485009,1.1690442889788186,1.130229725902812,0.7501135294775473,0.5819936372439108,0.9417244105129053,0.6832639461469641,0.7074414972156149,6.355232803795035e-05,"half-normal Monte Carlo, conditional Gaussian CDF integrated analytically",100000,12345,converged
3.1640449438202243,8,linear,dynamic,1.0,0.75,0.0001,"0.25+2.25*Beta(1,2)",0.8133172912016033,1.1668471354130312,1.1254656959281375,0.7529272637219814,0.5877433835262362,0.9424790549472799,0.6842451816445737,0.7081965005852379,6.343800035630641e-05,"half-normal Monte Carlo, conditional Gaussian CDF integrated analytically",100000,12345,converged
3.198876404494382,8,linear,dynamic,1.0,0.75,0.0001,"0.25+2.25*Beta(1,2)",0.8155262926448364,1.1646934966486029,1.120808614823846,0.7556699320132318,0.5933958083464235,0.9432083511295707,0.6852012449577028,0.7089324856872562,6.332257742326255e-05,"half-normal Monte Carlo, conditional Gaussian CDF integrated analytically",100000,12345,converged
3.233707865168539,8,linear,dynamic,1.0,0.75,0.0001,"0.25+2.25*Beta(1,2)",0.8176702855366091,1.1625821155846274,1.1162549329773872,0.7583442474894286,0.5989534075931954,0.9439135178398631,0.6861331021295634,0.7096501848325204,6.320626758874321e-05,"half-normal Monte Carlo, conditional Gaussian CDF integrated analytically",100000,12345,converged
3.2685393258426965,8,linear,dynamic,1.0,0.75,0.0001,"0.25+2.25*Beta(1,2)",0.8197520153072586,1.1605117890214682,1.1118012492373808,0.7609527918214206,0.6044186108454664,0.9445957008639824,0.6870416734187976,0.710350294723183,6.308925941978778e-05,"half-normal Monte Carlo, conditional Gaussian CDF integrated analytically",100000,12345,converged
3.3033707865168536,8,linear,dynamic,1.0,0.75,0.0001,"0.25+2.25*Beta(1,2)",0.8217738854949522,1.1584812517916936,1.1074444141956703,0.7634978723506682,0.6097934218865023,0.9452559342140623,0.6879277766115528,0.7110334328763872,6.297173145723615e-05,"half-normal Monte Carlo, conditional Gaussian CDF integrated analytically",100000,12345,converged
3.338202247191011,8,linear,dynamic,1.0,0.75,0.0001,"0.25+2.25*Beta(1,2)",0.8237384279053797,1.1564894289827718,1.1031812718247822,0.765981874241466,0.6150802365287066,0.9458952462498785,0.6887922647680069,0.7117002438978776,6.285383621919357e-05,"half-normal Monte Carlo, conditional Gaussian CDF integrated analytically",100000,12345,converged
3.373033707865168,8,linear,dynamic,1.0,0.75,0.0001,"0.25+2.25*Beta(1,2)",0.8256477970855525,1.154535147994351,1.0990089333655155,0.768406884178452,0.6202809314248797,0.9465145518450861,0.689635877949539,0.712351285267105,6.27357215880428e-05,"half-normal Monte Carlo, conditional Gaussian CDF integrated analytically",100000,12345,converged
3.4078651685393258,8,linear,dynamic,1.0,0.75,0.0001,"0.25+2.25*Beta(1,2)",0.8275042783311023,1.1526174173858197,1.094924495790062,0.7707750690615343,0.6253977633062044,0.9471147650168676,0.6904593921562233,0.7129871422933641,6.261751212586624e-05,"half-normal Monte Carlo, conditional Gaussian CDF integrated analytically",100000,12345,converged
3.442696629213483,8,linear,dynamic,1.0,0.75,0.0001,"0.25+2.25*Beta(1,2)",0.829309806402031,1.1507351477119665,1.0909253058350876,0.773088319681944,0.6304324881968961,0.9476966974785804,0.6912634781339552,0.7136083192160536,6.24993302890812e-05,"half-normal Monte Carlo, conditional Gaussian CDF integrated analytically",100000,12345,converged
3.4775280898876404,8,linear,dynamic,1.0,0.75,0.0001,"0.25+2.25*Beta(1,2)",0.8310664510863655,1.1488874241130145,1.087008687777803,0.7753486106964166,0.6353872364472467,0.9482611645355489,0.6920488438282189,0.7142153492453489,6.238127734411839e-05,"half-normal Monte Carlo, conditional Gaussian CDF integrated analytically",100000,12345,converged
3.5123595505617975,8,linear,dynamic,1.0,0.75,0.0001,"0.25+2.25*Beta(1,2)",0.8327759524034227,1.1470732319279016,1.0831722016008678,0.7775576583756845,0.6402636495623228,0.9488088882158019,0.6928160979837804,0.7148086892288419,6.226345463513101e-05,"half-normal Monte Carlo, conditional Gaussian CDF integrated analytically",100000,12345,converged
3.5471910112359546,8,linear,dynamic,1.0,0.75,0.0001,"0.25+2.25*Beta(1,2)",0.834440191237971,1.1452917267445484,1.079413376155887,0.7797172675622706,0.6450637430795599,0.9493405983056836,0.6935658883124439,0.7153888264740795,6.214594396280425e-05,"half-normal Monte Carlo, conditional Gaussian CDF integrated analytically",100000,12345,converged
3.582022471910112,8,linear,dynamic,1.0,0.75,0.0001,"0.25+2.25*Beta(1,2)",0.8360607343924374,1.1435419611946207,1.0757299649715293,0.7818289984974076,0.6497890496257783,0.9498569385536195,0.6942987679256867,0.7159561754792494,6.202882912879155e-05,"half-normal Monte Carlo, conditional Gaussian CDF integrated analytically",100000,12345,converged
3.616853932584269,8,linear,dynamic,1.0,0.75,0.0001,"0.25+2.25*Beta(1,2)",0.83763929681429,1.1418231558724878,1.0721196812901843,0.7838945056512622,0.654441480566039,0.9503585644202691,0.6950153311284095,0.7165111830164104,6.19121756224362e-05,"half-normal Monte Carlo, conditional Gaussian CDF integrated analytically",100000,12345,converged
3.651685393258427,8,linear,dynamic,1.0,0.75,0.0001,"0.25+2.25*Beta(1,2)",0.8391772906133549,1.140134423954598,1.0685804547318705,0.7859152092653584,0.6590224647688082,0.9508460510609795,0.6957160809458995,0.7170542255891111,6.179605266854519e-05,"half-normal Monte Carlo, conditional Gaussian CDF integrated analytically",100000,12345,converged
3.686516853932584,8,linear,dynamic,1.0,0.75,0.0001,"0.25+2.25*Beta(1,2)",0.8406762847438661,1.1384750462340394,1.0651101649396175,0.7878926303839844,0.6635338193123109,0.951319989155851,0.696401564266109,0.7175857141110219,6.168051204747261e-05,"half-normal Monte Carlo, conditional Gaussian CDF integrated analytically",100000,12345,converged
3.7213483146067414,8,linear,dynamic,1.0,0.75,0.0001,"0.25+2.25*Beta(1,2)",0.8421375525786555,1.1368441903109563,1.0617069021537455,0.7898280631659533,0.6679768738665216,0.9517808935179786,0.6970722388607067,0.7181059908555698,6.156561088108626e-05,"half-normal Monte Carlo, conditional Gaussian CDF integrated analytically",100000,12345,converged
3.7561797752808985,8,linear,dynamic,1.0,0.75,0.0001,"0.25+2.25*Beta(1,2)",0.8435625345061484,1.135241192952792,1.0583686963191057,0.7917229100841664,0.6723533605040459,0.9522292982276918,0.6977286094849735,0.7186154349794245,6.145138938973155e-05,"half-normal Monte Carlo, conditional Gaussian CDF integrated analytically",100000,12345,converged
3.791011235955056,8,linear,dynamic,1.0,0.75,0.0001,"0.25+2.25*Beta(1,2)",0.8449524354238184,1.133665306593541,1.055093751027442,0.7935783917888414,0.6766646257106615,0.9526656760743801,0.6983711095101734,0.7191143707100711,6.133789170317907e-05,"half-normal Monte Carlo, conditional Gaussian CDF integrated analytically",100000,12345,converged
3.825842696629213,8,linear,dynamic,1.0,0.75,0.0001,"0.25+2.25*Beta(1,2)",0.8463084129234879,1.132115812274152,1.051880332729465,0.7953956838345776,0.6809119892246178,0.9530904777669927,0.6990001563104692,0.7196031102785694,6.12251571427067e-05,"half-normal Monte Carlo, conditional Gaussian CDF integrated analytically",100000,12345,converged
3.8606741573033703,8,linear,dynamic,1.0,0.75,0.0001,"0.25+2.25*Beta(1,2)",0.8476317303746508,1.1305921160772123,1.048726677495786,0.7971760260855408,0.6850970474533501,0.9535041629409,0.699616196435011,0.7200819890390122,6.111321246902096e-05,"half-normal Monte Carlo, conditional Gaussian CDF integrated analytically",100000,12345,converged
3.895505617977528,8,linear,dynamic,1.0,0.75,0.0001,"0.25+2.25*Beta(1,2)",0.8489234366093359,1.1290935413308665,1.045631180562609,0.7989204941144835,0.689221031871719,0.9539071372388136,0.7002196112972152,0.7205512921819006,6.100208930517912e-05,"half-normal Monte Carlo, conditional Gaussian CDF integrated analytically",100000,12345,converged
3.930337078651685,8,linear,dynamic,1.0,0.75,0.0001,"0.25+2.25*Beta(1,2)",0.8501845399302155,1.1276194361068987,1.0425922923033355,0.8006301245473458,0.6932851482524236,0.9542997878732546,0.7008107684517699,0.7210112945372915,6.089181557613029e-05,"half-normal Monte Carlo, conditional Gaussian CDF integrated analytically",100000,12345,converged
3.9651685393258425,8,linear,dynamic,1.0,0.75,0.0001,"0.25+2.25*Beta(1,2)",0.8514161550725169,1.1261692684617626,1.039608427442904,0.8023060191535912,0.6972908741241236,0.9546825128448647,0.7013900650222179,0.7214622943844456,6.078240766635543e-05,"half-normal Monte Carlo, conditional Gaussian CDF integrated analytically",100000,12345,converged
4.0,8,linear,dynamic,1.0,0.75,0.0001,"0.25+2.25*Beta(1,2)",0.8526191977247801,1.1247424236206331,1.0366781488525891,0.8039491287125329,0.7012393355965468,0.9550556617381032,0.7019578376418824,0.7219045433590435,6.067388763591124e-05,"half-normal Monte Carlo, conditional Gaussian CDF integrated analytically",100000,12345,converged
4.2,8,linear,dynamic,1.0,0.75,0.0001,"0.25+2.25*Beta(1,2)",0.8590180546075223,1.1169739609919944,1.0208219240620413,0.812794520916497,0.7228606682009752,0.9570291409142351,0.7050110444949199,0.7242866221668256,6.006865051716911e-05,"half-normal Monte Carlo, conditional Gaussian CDF integrated analytically",100000,12345,converged
4.3795494865122535,8,linear,dynamic,1.0,0.75,0.0001,"0.25+2.25*Beta(1,2)",0.8641106616931769,1.1105613105173402,1.0078574614552405,0.8199702465756483,0.7408659103179946,0.9585867920766151,0.7074837863182146,0.7262208483792864,5.9552074683132645e-05,"half-normal Monte Carlo, conditional Gaussian CDF integrated analytically",100000,12345,converged
4.566774691621367,8,linear,dynamic,1.0,0.75,0.0001,"0.25+2.25*Beta(1,2)",0.8688644543335862,1.1043746324319414,0.9954566216031876,0.8267873424154154,0.7583710064518828,0.9600311251950964,0.7098294703169348,0.7280600798782337,5.9040618295789564e-05,"half-normal Monte Carlo, conditional Gaussian CDF integrated analytically",100000,12345,converged
4.7620037513589315,8,linear,dynamic,1.0,0.75,0.0001,"0.25+2.25*Beta(1,2)",0.873303933645484,1.098407060244764,0.9835946111843432,0.8332661860096712,0.7753801737510128,0.9613721420736461,0.7120556052816682,0.7298097196859136,5.853628588973171e-05,"half-normal Monte Carlo, conditional Gaussian CDF integrated analytically",100000,12345,converged
4.96557882953177,8,linear,dynamic,1.0,0.75,0.0001,"0.25+2.25*Beta(1,2)",0.8774517066104868,1.092651900719005,0.972247662043565,0.8394257941369243,0.7918985331529208,0.9626188093754047,0.7141691904790535,0.7314747975425056,5.804068859360122e-05,"half-normal Monte Carlo, conditional Gaussian CDF integrated analytically",100000,12345,converged
5.177856717407615,8,linear,dynamic,1.0,0.75,0.0001,"0.25+2.25*Beta(1,2)",0.881328609992308,1.0871025987542442,0.96139302804976,0.8452839087347505,0.8079319239152741,0.963779174128618,0.716176742867831,0.7330599937718199,5.755510700304683e-05,"half-normal Monte Carlo, conditional Gaussian CDF integrated analytically",100000,12345,converged
5.399209459037271,8,linear,dynamic,1.0,0.75,0.0001,"0.25+2.25*Beta(1,2)",0.8849538667645014,1.0817527383912382,0.9510089489303186,0.8508571047117803,0.8234868317299342,0.9648604720651461,0.7180843358327743,0.7345696708347055,5.708054212175673e-05,"half-normal Monte Carlo, conditional Gaussian CDF integrated analytically",100000,12345,converged
5.6300250033092345,8,linear,dynamic,1.0,0.75,0.0001,"0.25+2.25*Beta(1,2)",0.8883452257911184,1.0765960435540294,0.9410746141543208,0.8561608857535894,0.8385703198412536,0.9658692215537305,0.7198976344097667,0.7360079011834924,5.6617758817226255e-05,"half-normal Monte Carlo, conditional Gaussian CDF integrated analytically",100000,12345,converged
5.870707883879548,8,linear,dynamic,1.0,0.75,0.0001,"0.25+2.25*Beta(1,2)",0.8915190870520535,1.071626378546826,0.9315701270618656,0.8612097698642792,0.8531899633631596,0.9668113052729559,0.7216219273487252,0.737378491957406,5.616732289487981e-05,"half-normal Monte Carlo, conditional Gaussian CDF integrated analytically",100000,12345,converged
6.121679928168599,8,linear,dynamic,1.0,0.75,0.0001,"0.25+2.25*Beta(1,2)",0.8944906143127981,1.0668377483191374,0.9224764694092285,0.8660173660766387,0.8673537869275895,0.9676920414121508,0.7232621563243029,0.7386850069654642,5.572963272857354e-05,"half-normal Monte Carlo, conditional Gaussian CDF integrated analytically",100000,12345,converged
6.383380996667419,8,linear,dynamic,1.0,0.75,0.0001,"0.25+2.25*Beta(1,2)",0.8972738669000733,1.0622243287536444,0.913775441556314,0.8705964603050452,0.8810702888344082,0.9685162508075338,0.7248229519457473,0.7399307938179762,5.530494367096229e-05,"half-normal Monte Carlo, conditional Gaussian CDF integrated analytically",100000,12345,converged
6.656269753849255,8,linear,dynamic,1.0,0.75,0.0001,"0.25+2.25*Beta(1,2)",0.8998817723256627,1.057780347483432,0.905449726455641,0.8749590105799411,0.8943480576595527,0.9692882919151151,0.7263086209128727,0.7411189718683706,5.489340122879668e-05,"half-normal Monte Carlo, conditional Gaussian CDF integrated analytically",100000,12345,converged
6.9408244720375105,8,linear,dynamic,1.0,0.75,0.0001,"0.25+2.25*Beta(1,2)",0.9023263881327572,1.053500259646266,0.8974827106688388,0.8791163046110564,0.9071962067257421,0.9700121379010431,0.7277232235823006,0.7422524922433446,5.449504562600711e-05,"half-normal Monte Carlo, conditional Gaussian CDF integrated analytically",100000,12345,converged
7.237543869638944,8,linear,dynamic,1.0,0.75,0.0001,"0.25+2.25*Beta(1,2)",0.9046188593790156,1.0493786312257372,0.8898585478746022,0.8830789436609034,0.9196240039484457,0.9706913992749415,0.7290705575309465,0.7433341228284704,5.4109838490184694e-05,"half-normal Monte Carlo, conditional Gaussian CDF integrated analytically",100000,12345,converged
7.546947985211224,8,linear,dynamic,1.0,0.75,0.0001,"0.25+2.25*Beta(1,2)",0.9067695451971074,1.045410198955865,0.8825620775875767,0.8868569199934476,0.9316409904496253,0.9713293702948661,0.7303541942135632,0.7443664756871107,5.373767203928288e-05,"half-normal Monte Carlo, conditional Gaussian CDF integrated analytically",100000,12345,converged
7.869579088896787,8,linear,dynamic,1.0,0.75,0.0001,"0.25+2.25*Beta(1,2)",0.9087879735273996,1.0415897453566472,0.8755788948050596,0.8904596061683371,0.9432566108299315,0.9719290444822993,0.7315774610925457,0.7453519907283769,5.337839137103436e-05,"half-normal Monte Carlo, conditional Gaussian CDF integrated analytically",100000,12345,converged
8.206002632820356,8,linear,dynamic,1.0,0.75,0.0001,"0.25+2.25*Beta(1,2)",0.9106830837651996,1.0379123094699394,0.8688951489852212,0.8938958852796856,0.9544807334057283,0.9724931730676463,0.7327435166895245,0.7462929942230117,5.303178748645261e-05,"half-normal Monte Carlo, conditional Gaussian CDF integrated analytically",100000,12345,converged
8.556808242115855,8,linear,dynamic,1.0,0.75,0.0001,"0.25+2.25*Beta(1,2)",0.9124630785564012,1.0343729499976375,0.8624977055096463,0.8971740903892509,0.9653229966990484,0.9730242587576066,0.7338552997731178,0.7471916560763039,5.269762517583224e-05,"half-normal Monte Carlo, conditional Gaussian CDF integrated analytically",100000,12345,converged
8.922610748319599,8,linear,dynamic,1.0,0.75,0.0001,"0.25+2.25*Beta(1,2)",0.9141356618499714,1.0309669733310762,0.8563739334894217,0.9003021250793357,0.9757933720155758,0.9735246085802749,0.7349156044226691,0.7480500486838423,5.2375632090214675e-05,"half-normal Monte Carlo, conditional Gaussian CDF integrated analytically",100000,12345,converged
9.304051266940906,8,linear,dynamic,1.0,0.75,0.0001,"0.25+2.25*Beta(1,2)",0.9157079039054364,1.0276897069761837,0.8505118596432487,0.9032874148259886,0.9859015553605681,0.973996325857184,0.7359270327930639,0.7488701071325912,5.2065522876987744e-05,"half-normal Monte Carlo, conditional Gaussian CDF integrated analytically",100000,12345,converged
9.701798321098744,8,linear,dynamic,1.0,0.75,0.0001,"0.25+2.25*Beta(1,2)",0.9171864541340408,1.0245367203022162,0.8448999647229518,0.9061370075281682,0.9956575059425171,0.9744413554025687,0.7368920635733445,0.7496536830904411,5.176698712953154e-05,"half-normal Monte Carlo, conditional Gaussian CDF integrated analytically",100000,12345,converged
10.116549013193676,8,linear,dynamic,1.0,0.75,0.0001,"0.25+2.25*Beta(1,2)",0.9185774134802266,1.0215036014957877,0.8395273356700043,0.9088575335502016,1.0050708639315733,0.9748614736529616,0.7378130064220626,0.7504025064327088,5.147971100603717e-05,"half-normal Monte Carlo, conditional Gaussian CDF integrated analytically",100000,12345,converged
10.54903024666867,8,linear,dynamic,1.0,0.75,0.0001,"0.25+2.25*Beta(1,2)",0.919886529620674,1.0185861772683602,0.8343834652859562,0.911455290583672,1.0141514814025758,0.9752583283874906,0.7386920661626715,0.7511182360260077,5.120336410477531e-05,"half-normal Monte Carlo, conditional Gaussian CDF integrated analytically",100000,12345,converged
11.0,8,linear,dynamic,1.0,0.75,0.0001,"0.25+2.25*Beta(1,2)",0.9211190900688216,1.0157803147563318,0.829458385937101,0.9139362155810844,1.022908915593933,0.9756334297894383,0.7395313037073598,0.7518024267274481,5.0937617525017365e-05,"half-normal Monte Carlo, conditional Gaussian CDF integrated analytically",100000,12345,converged
0.09,16,linear,dynamic,1.0,0.75,0.0001,"0.25+2.25*Beta(1,2)",1.0205578124863912e-06,3.1319322168998287,4.055657322784989,5.766754119229459e-07,2.5681120610845683e-13,0.5000006450723952,0.5000000000002081,0.5000001613084479,1.2428475987255513e-16,"half-normal Monte Carlo, conditional Gaussian CDF integrated analytically",100000,12345,converged
0.2,16,linear,dynamic,1.0,0.75,0.0001,"0.25+2.25*Beta(1,2)",1.353631948349781e-06,2.650224855195596,3.394438485840256,8.314942200447933e-07,5.398004586728145e-13,0.5000009352292831,0.5000000000004374,0.5000002338658193,2.612384848843887e-16,"half-normal Monte Carlo, conditional Gaussian CDF integrated analytically",100000,12345,converged
0.35,16,linear,dynamic,1.0,0.75,0.0001,"0.25+2.25*Beta(1,2)",1.9591734056033447e-06,2.2694091730542434,2.884534865007777,1.3005183187547473e-06,1.3306687604252825e-12,0.500001468373211,0.5000000000010784,0.5000003671851493,6.439822072587257e-16,"half-normal Monte Carlo, conditional Gaussian CDF integrated analytically",100000,12345,converged
0.45,16,linear,dynamic,1.0,0.75,0.0001,"0.25+2.25*Beta(1,2)",2.2001287095707805e-06,2.0954712946915706,2.655474354640683,1.5198727559040103e-06,1.8228631469244875e-12,0.5000017186146298,0.5000000000014772,0.5000004297611566,8.821815524611229e-16,"half-normal Monte Carlo, conditional Gaussian CDF integrated analytically",100000,12345,converged
0.6,16,linear,dynamic,1.0,0.75,0.0001,"0.25+2.25*Beta(1,2)",3.085394449935728e-06,1.8989003634313657,2.3993047323183863,2.239028415088547e-06,3.967673961321117e-12,0.5000025355341291,0.5000000000032153,0.5000006340421296,1.9201709029653885e-15,"half-normal Monte Carlo, conditional Gaussian CDF integrated analytically",100000,12345,converged
0.8,16,linear,dynamic,1.0,0.75,0.0001,"0.25+2.25*Beta(1,2)",4.706951238179824e-06,1.7084718820048708,2.1536466855104934,3.6011049739482676e-06,1.0287383769892105e-11,0.5000040827608603,0.5000000000083366,0.5000010209455912,4.978618499007556e-15,"half-normal Monte Carlo, conditional Gaussian CDF integrated analytically",100000,12345,converged
0.9,16,linear,dynamic,1.0,0.75,0.0001,"0.25+2.25*Beta(1,2)",6.423040419423833e-06,1.632996699881705,2.056906572606598,5.0262953138568355e-06,2.0057035540156624e-11,0.5000057007873854,0.5000000000162536,0.5000014255534299,9.706678627275e-15,"half-normal Monte Carlo, conditional Gaussian CDF integrated analytically",100000,12345,converged
0.9348314606741572,16,linear,dynamic,1.0,0.75,0.0001,"0.25+2.25*Beta(1,2)",7.476220965626549e-06,1.6090216810526627,2.02624620444882,5.893878526591079e-06,2.7584939976274122e-11,0.5000066855554258,0.5000000000223539,0.500001671807037,1.3349836607433183e-14,"half-normal Monte Carlo, conditional Gaussian CDF integrated analytically",100000,12345,converged
0.9696629213483148,16,linear,dynamic,1.0,0.75,0.0001,"0.25+2.25*Beta(1,2)",8.546702515636653e-06,1.5860970508537993,1.99695953957121,6.786310227267657e-06,3.657866994464717e-11,0.5000076986650843,0.5000000000296422,0.5000019251478215,1.770238642798103e-14,"half-normal Monte Carlo, conditional Gaussian CDF integrated analytically",100000,12345,converged
1.004494382022472,16,linear,dynamic,1.0,0.75,0.0001,"0.25+2.25*Beta(1,2)",9.830160718926509e-06,1.5641469001211497,1.96894516030857,7.85998738953397e-06,4.907808592534985e-11,0.5000089175443987,0.5000000000397713,0.5000022299438909,2.3751526325246647e-14,"half-normal Monte Carlo, conditional Gaussian CDF integrated analytically",100000,12345,converged
1.0393258426966292,16,linear,dynamic,1.0,0.75,0.0001,"0.25+2.25*Beta(1,2)",1.1775384422117082e-05,1.543102890761649,1.942111959579503,9.479330201901966e-06,7.139633614050735e-11,0.5000107557186843,0.5000000000578572,0.50000268960244,3.455252838763798e-14,"half-normal Monte Carlo, conditional Gaussian CDF integrated analytically",100000,12345,converged
1.0741573033707863,16,linear,dynamic,1.0,0.75,0.0001,"0.25+2.25*Beta(1,2)",1.4502721429873691e-05,1.5229033010764137,1.916377818769572,1.1752042166416851e-05,1.0975337264525492e-10,0.5000133355339466,0.5000000000889405,0.5000033347176229,5.3115562059827024e-14,"half-normal Monte Carlo, conditional Gaussian CDF integrated analytically",100000,12345,converged
1.1089887640449438,16,linear,dynamic,1.0,0.75,0.0001,"0.25+2.25*Beta(1,2)",1.906879191296469e-05,1.5034922155302333,1.8916684885684416,1.5551510847850333e-05,1.9222122016480986e-10,0.5000176482698903,0.5000000001557697,0.5000044131713706,9.302619042938585e-14,"half-normal Monte Carlo, conditional Gaussian CDF integrated analytically",100000,12345,converged
1.1438202247191012,16,linear,dynamic,1.0,0.75,0.0001,"0.25+2.25*Beta(1,2)",2.710751176298559e-05,1.484818833634371,1.867916636738304,2.2246050620893135e-05,3.933886446150596e-10,0.500025247151231,0.5000000003187891,0.5000063133670172,1.9038193021757598e-13,"half-normal Monte Carlo, conditional Gaussian CDF integrated analytically",100000,12345,converged
1.1786516853932585,16,linear,dynamic,1.0,0.75,0.0001,"0.25+2.25*Beta(1,2)",4.61514278583811e-05,1.466836877718528,1.845061033824711,3.810607623779944e-05,1.1544085828706036e-09,0.5000432495152907,0.5000000009354942,0.5000108150840927,5.586804202382952e-13,"half-normal Monte Carlo, conditional Gaussian CDF integrated analytically",100000,12345,converged
1.2134831460674158,16,linear,dynamic,1.0,0.75,0.0001,"0.25+2.25*Beta(1,2)",0.0001494838366148,1.449504085549752,1.8230458489480783,0.0001241608033523,1.2257188935743898e-08,0.5001409278746182,0.5000000099328177,0.5000352407843407,5.93191277633139e-12,"half-normal Monte Carlo, conditional Gaussian CDF integrated analytically",100000,12345,converged
1.2483146067415731,16,linear,dynamic,1.0,0.75,0.0001,"0.25+2.25*Beta(1,2)",0.1366539106426662,1.4357215780256258,1.7961666879858358,0.114047810130251,0.010396747372525071,0.6273040686040813,0.5082351745163419,0.5323445063721943,4.736946183131118e-06,"half-normal Monte Carlo, conditional Gaussian CDF integrated analytically",100000,12345,converged
1.2831460674157302,16,linear,dynamic,1.0,0.75,0.0001,"0.25+2.25*Beta(1,2)",0.226290622105849,1.4248977580827376,1.7660713703208233,0.1895722238612028,0.02899511679629903,0.7055567730856884,0.5220713396135718,0.5536867243103955,1.1878939281627446e-05,"half-normal Monte Carlo, conditional Gaussian CDF integrated analytically",100000,12345,converged
1.3179775280898878,16,linear,dynamic,1.0,0.75,0.0001,"0.25+2.25*Beta(1,2)",0.2860660655598422,1.4145538842633434,1.737531284633842,0.2405229905986479,0.04709773837662621,0.7538211848730991,0.5345322744122166,0.5680248073648412,1.7433962497703724e-05,"half-normal Monte Carlo, conditional Gaussian CDF integrated analytically",100000,12345,converged
1.3528089887640449,16,linear,dynamic,1.0,0.75,0.0001,"0.25+2.25*Beta(1,2)",0.3327223022341374,1.4046588995449034,1.7104318053041334,0.2807349445204786,0.06472291386343829,0.7888176179760056,0.5458053334609564,0.5792980251377218,2.1744158119674994e-05,"half-normal Monte Carlo, conditional Gaussian CDF integrated analytically",100000,12345,converged
1.3876404494382022,16,linear,dynamic,1.0,0.75,0.0001,"0.25+2.25*Beta(1,2)",0.3714191543393065,1.3951839945814066,1.6846697976479246,0.3144477953279979,0.08188678185050238,0.8158719227355389,0.556045971718437,0.5887162924027296,2.507282403604892e-05,"half-normal Monte Carlo, conditional Gaussian CDF integrated analytically",100000,12345,converged
1.4224719101123595,16,linear,dynamic,1.0,0.75,0.0001,"0.25+2.25*Beta(1,2)",0.4045966225402271,1.386102653752673,1.6601517563560466,0.3436564943896204,0.09860449585058971,0.8375559466521072,0.5653845648849625,0.5968499674401371,2.7624308291667028e-05,"half-normal Monte Carlo, conditional Gaussian CDF integrated analytically",100000,12345,converged
1.4573033707865168,16,linear,dynamic,1.0,0.75,0.0001,"0.25+2.25*Beta(1,2)",0.4336502199075354,1.3773905892223288,1.6367924419802051,0.3694970838939053,0.11489087339525242,0.8553563092938945,0.5739313873738205,0.6040243066469325,2.955830227369804e-05,"half-normal Monte Carlo, conditional Gaussian CDF integrated analytically",100000,12345,converged
1.4921348314606742,16,linear,dynamic,1.0,0.75,0.0001,"0.25+2.25*Beta(1,2)",0.4594714538689277,1.3690254333753873,1.6145141343537586,0.3926926533773815,0.13076009210964804,0.8702245972060475,0.5817800549894856,0.6104465446200096,3.1000268809084124e-05,"half-normal Monte Carlo, conditional Gaussian CDF integrated analytically",100000,12345,converged
1.5269662921348317,16,linear,dynamic,1.0,0.75,0.0001,"0.25+2.25*Beta(1,2)",0.4826735470421313,1.3609865956455347,1.5932457597096057,0.4137391081938045,0.14622587356309405,0.8828116680668945,0.5890105186373583,0.6162588892429007,3.2049312752895905e-05,"half-normal Monte Carlo, conditional Gaussian CDF integrated analytically",100000,12345,converged
1.5617977528089888,16,linear,dynamic,1.0,0.75,0.0001,"0.25+2.25*Beta(1,2)",0.5037010538091777,1.3532551016839165,1.572922187494772,0.432995141145859,0.16130152758069569,0.893583739039657,0.595691400491574,0.6215642200120624,3.2784090801098536e-05,"half-normal Monte Carlo, conditional Gaussian CDF integrated analytically",100000,12345,converged
1.596629213483146,16,linear,dynamic,1.0,0.75,0.0001,"0.25+2.25*Beta(1,2)",0.5228889981076057,1.3458134114247375,1.55348367354153,0.4507306362797429,0.1759998569657748,0.9028862690584998,0.6018818249943172,0.6264399320835674,3.326729576404566e-05,"half-normal Monte Carlo, conditional Gaussian CDF integrated analytically",100000,12345,converged
1.6314606741573034,16,linear,dynamic,1.0,0.75,0.0001,"0.25+2.25*Beta(1,2)",0.5404979731384422,1.3386453587452622,1.5348752126020162,0.4671553225957826,0.19033342682726206,0.9109821686092415,0.6076330554329213,0.630946137878865,3.354909991449942e-05,"half-normal Monte Carlo, conditional Gaussian CDF integrated analytically",100000,12345,converged
1.6662921348314603,16,linear,dynamic,1.0,0.75,0.0001,"0.25+2.25*Beta(1,2)",0.5567349837314035,1.3317358733630802,1.5170463069133706,0.482435727612896,0.20431402831799367,0.9180754640754637,0.6129895216127292,0.635130534223762,3.3669787194213696e-05,"half-normal Monte Carlo, conditional Gaussian CDF integrated analytically",100000,12345,converged
1.701123595505618,16,linear,dynamic,1.0,0.75,0.0001,"0.25+2.25*Beta(1,2)",0.5717684539757225,1.3250710598958886,1.499950265829839,0.496707372332254,0.21795333646007373,0.9243274906090053,0.6179901097375118,0.6390318944079836,3.366181630830281e-05,"half-normal Monte Carlo, conditional Gaussian CDF integrated analytically",100000,12345,converged
1.7359550561797752,16,linear,dynamic,1.0,0.75,0.0001,"0.25+2.25*Beta(1,2)",0.5857372625621879,1.318637988818654,1.4835440065141643,0.5100820744217885,0.23126253029729038,0.9298674844051189,0.6226688525095332,0.6426821717852085,3.355140771236403e-05,"half-normal Monte Carlo, conditional Gaussian CDF integrated analytically",100000,12345,converged
1.7707865168539323,16,linear,dynamic,1.0,0.75,0.0001,"0.25+2.25*Beta(1,2)",0.5987574710846686,1.312424604856396,1.467787728138572,0.52265338025733,0.2442522868305799,0.9348002213505714,0.6270556355555266,0.6461080621818313,3.3359797818403644e-05,"half-normal Monte Carlo, conditional Gaussian CDF integrated analytically",100000,12345,converged
1.8056179775280896,16,linear,dynamic,1.0,0.75,0.0001,"0.25+2.25*Beta(1,2)",0.6109272941074927,1.3064196753521555,1.452644578500637,0.5345005692754371,0.256932882419689,0.9392115684273005,0.6311768204079642,0.6493321554321456,3.310422339556593e-05,"half-normal Monte Carlo, conditional Gaussian CDF integrated analytically",100000,12345,converged
1.8404494382022472,16,linear,dynamic,1.0,0.75,0.0001,"0.25+2.25*Beta(1,2)",0.6223309871201127,1.300612803917323,1.4380802771541683,0.5456917818928652,0.26931449077120895,0.9431726292963256,0.6350558247290045,0.6523738333563691,3.27986913647267e-05,"half-normal Monte Carlo, conditional Gaussian CDF integrated analytically",100000,12345,converged
1.8752808988764045,16,linear,dynamic,1.0,0.75,0.0001,"0.25+2.25*Beta(1,2)",0.6330408211408332,1.2949941768919744,1.424063143379318,0.5562855876171151,0.28140653951600636,0.9467425705300755,0.638713326388043,0.6552497294173856,3.245461112426246e-05,"half-normal Monte Carlo, conditional Gaussian CDF integrated analytically",100000,12345,converged
1.9101123595505616,16,linear,dynamic,1.0,0.75,0.0001,"0.25+2.25*Beta(1,2)",0.6431198837329071,1.2895546992941156,1.4105636189562825,0.5663332404617762,0.2932183839809119,0.9499711623212884,0.6421678231327225,0.6579743715122924,3.208127221642383e-05,"half-normal Monte Carlo, conditional Gaussian CDF integrated analytically",100000,12345,converged
1.9449438202247191,16,linear,dynamic,1.0,0.75,0.0001,"0.25+2.25*Beta(1,2)",0.6526231838784762,1.284285804490592,1.397554267236074,0.5758795499159701,0.3047588420147793,0.9529004247899281,0.6454357817309764,0.6605604386421529,3.168625153532412e-05,"half-normal Monte Carlo, conditional Gaussian CDF integrated analytically",100000,12345,converged
1.979775280898876,16,linear,dynamic,1.0,0.75,0.0001,"0.25+2.25*Beta(1,2)",0.6615992285923427,1.2791794910436494,1.3850094894077731,0.5849641438870677,0.31603649117317467,0.9555661132489528,0.6485319757562612,0.6630191221829235,3.127572232495042e-05,"half-normal Monte Carlo, conditional Gaussian CDF integrated analytically",100000,12345,converged
2.0146067415730338,16,linear,dynamic,1.0,0.75,0.0001,"0.25+2.25*Beta(1,2)",0.6700910511226281,1.2742282866251604,1.3729053644976783,0.5936222862464481,0.3270597001118994,0.957998821425607,0.6514697016642195,0.6653603618375498,3.0854708274769665e-05,"half-normal Monte Carlo, conditional Gaussian CDF integrated analytically",100000,12345,converged
2.049438202247191,16,linear,dynamic,1.0,0.75,0.0001,"0.25+2.25*Beta(1,2)",0.6781368313297341,1.2694251471658484,1.3612195910837586,0.6018853656773085,0.3378364262593364,0.9602248144361992,0.6542609043178121,0.6675929887730959,3.0427298604697926e-05,"half-normal Monte Carlo, conditional Gaussian CDF integrated analytically",100000,12345,converged
2.0842696629213484,16,linear,dynamic,1.0,0.75,0.0001,"0.25+2.25*Beta(1,2)",0.6857704826853577,1.2647633884144214,1.3499314005575194,0.609781361057718,0.3483741134759019,0.9622667253811755,0.656916311000023,0.6697248605452113,2.999682183913337e-05,"half-normal Monte Carlo, conditional Gaussian CDF integrated analytically",100000,12345,converged
2.1191011235955055,16,linear,dynamic,1.0,0.75,0.0001,"0.25+2.25*Beta(1,2)",0.6930227949114618,1.26023684477661,1.3390212031041226,0.6173357579327646,0.3586803503585352,0.9641442572695467,0.6594457315289256,0.6717631200124159,2.956595639295672e-05,"half-normal Monte Carlo, conditional Gaussian CDF integrated analytically",100000,12345,converged
2.153932584269663,16,linear,dynamic,1.0,0.75,0.0001,"0.25+2.25*Beta(1,2)",0.6999212132727362,1.255839618774332,1.3284707629153707,0.6245713611697136,0.36876212745104053,0.9658745034329539,0.6618579844689225,0.6737141475614326,2.9136872929078485e-05,"half-normal Monte Carlo, conditional Gaussian CDF integrated analytically",100000,12345,converged
2.18876404494382,16,linear,dynamic,1.0,0.75,0.0001,"0.25+2.25*Beta(1,2)",0.7064906185899906,1.2515661818438704,1.3182629436341828,0.6315089201772048,0.3786262798070243,0.9674724184763674,0.6641611090202093,0.6755837377050602,2.8711308429890406e-05,"half-normal Monte Carlo, conditional Gaussian CDF integrated analytically",100000,12345,converged
2.2235955056179773,16,linear,dynamic,1.0,0.75,0.0001,"0.25+2.25*Beta(1,2)",0.7127536551558784,1.247411354016084,1.308381619764778,0.6381673879022696,0.38827950902382496,0.9689511335826098,0.6663624534510622,0.6773771738007281,2.829064051360215e-05,"half-normal Monte Carlo, conditional Gaussian CDF integrated analytically",100000,12345,converged
2.258426966292135,16,linear,dynamic,1.0,0.75,0.0001,"0.25+2.25*Beta(1,2)",0.718730620148261,1.243370142205512,1.2988117657991247,0.6445638288504733,0.39772792173688815,0.970322150430763,0.6684686458352738,0.6790992043230105,2.787596989634693e-05,"half-normal Monte Carlo, conditional Gaussian CDF integrated analytically",100000,12345,converged
2.293258426966292,16,linear,dynamic,1.0,0.75,0.0001,"0.25+2.25*Beta(1,2)",0.7244403799174592,1.2394379642088094,1.289539091748482,0.6507141525057768,0.4069778631862639,0.9715956865054141,0.670485848317443,0.6807542490271332,2.7468135398274317e-05,"half-normal Monte Carlo, conditional Gaussian CDF integrated analytically",100000,12345,converged
2.3280898876404494,16,linear,dynamic,1.0,0.75,0.0001,"0.25+2.25*Beta(1,2)",0.7298998958662357,1.2356103846275703,1.2805502712017325,0.6566327306494544,0.4160350983218947,0.9727807385066329,0.6724196305532069,0.6823462934401967,2.706779232214797e-05,"half-normal Monte Carlo, conditional Gaussian CDF integrated analytically",100000,12345,converged
2.3629213483146065,16,linear,dynamic,1.0,0.75,0.0001,"0.25+2.25*Beta(1,2)",0.7351247902864405,1.2318832392745571,1.2718327124602584,0.6623328498092097,0.4249052976851856,0.9738853091669212,0.6742751289003974,0.6838790162188915,2.6675426400227292e-05,"half-normal Monte Carlo, conditional Gaussian CDF integrated analytically",100000,12345,converged
2.397752808988764,16,linear,dynamic,1.0,0.75,0.0001,"0.25+2.25*Beta(1,2)",0.7401293999011977,1.2282525836921383,1.2633745464734276,0.6678267528195334,0.433593925195982,0.9749165220449055,0.6760570653151903,0.6853558016439606,2.6291387971020907e-05,"half-normal Monte Carlo, conditional Gaussian CDF integrated analytically",100000,12345,converged
2.432584269662921,16,linear,dynamic,1.0,0.75,0.0001,"0.25+2.25*Beta(1,2)",0.7449269089842236,1.2247146787705243,1.255164576383212,0.6731257445579404,0.4421062465989874,0.9758807344530196,0.6777697881323478,0.6867797698688911,2.5915915947909653e-05,"half-normal Monte Carlo, conditional Gaussian CDF integrated analytically",100000,12345,converged
2.4674157303370787,16,linear,dynamic,1.0,0.75,0.0001,"0.25+2.25*Beta(1,2)",0.7495295612154357,1.2212660166805396,1.2471921870357754,0.6782403599892695,0.45044746830160237,0.9767836476703166,0.6794173337529674,0.6881538247270487,2.554915199721201e-05,"half-normal Monte Carlo, conditional Gaussian CDF integrated analytically",100000,12345,converged
2.502247191011236,16,linear,dynamic,1.0,0.75,0.0001,"0.25+2.25*Beta(1,2)",0.753948385643805,1.2179031549372683,1.239447475905745,0.6831801477581919,0.4586222322971007,0.9776303345691676,0.6810033578092592,0.6894805927397053,2.519117963783548e-05,"half-normal Monte Carlo, conditional Gaussian CDF integrated analytically",100000,12345,converged
2.537078651685394,16,linear,dynamic,1.0,0.75,0.0001,"0.25+2.25*Beta(1,2)",0.7581939366427319,1.2146229711848908,1.231920913737468,0.6879542561585689,0.46663551138016457,0.9784254052185356,0.682531337910764,0.6907625890261693,2.484199905259645e-05,"half-normal Monte Carlo, conditional Gaussian CDF integrated analytically",100000,12345,converged
2.5719101123595505,16,linear,dynamic,1.0,0.75,0.0001,"0.25+2.25*Beta(1,2)",0.762275641319299,1.211422349951556,1.2246036482887988,0.6925709181856767,0.4744916072728505,0.9791729633421399,0.6840044031396463,0.6920020715027938,2.450158274020157e-05,"half-normal Monte Carlo, conditional Gaussian CDF integrated analytically",100000,12345,converged
2.6067415730337076,16,linear,dynamic,1.0,0.75,0.0001,"0.25+2.25*Beta(1,2)",0.7662025924409639,1.2082984767544067,1.2174871326489107,0.6970380773173472,0.4821951681624444,0.9798767596326993,0.6854255494818318,0.6932012186042908,2.4169841066272995e-05,"half-normal Monte Carlo, conditional Gaussian CDF integrated analytically",100000,12345,converged
2.641573033707865,16,linear,dynamic,1.0,0.75,0.0001,"0.25+2.25*Beta(1,2)",0.7699829791518791,1.2052485606538157,1.2105633920492649,0.7013629403101711,0.489750303104718,0.9805401514962568,0.6867974918307675,0.6943620020607401,2.3846668971456774e-05,"half-normal Monte Carlo, conditional Gaussian CDF integrated analytically",100000,12345,converged
2.676404494382022,16,linear,dynamic,1.0,0.75,0.0001,"0.25+2.25*Beta(1,2)",0.7736245075266288,1.2022699812224131,1.2038248234757785,0.7055523089370663,0.4971611043189798,0.9811661925151978,0.6881227792565507,0.6954862812297529,2.3531930227616817e-05,"half-normal Monte Carlo, conditional Gaussian CDF integrated analytically",100000,12345,converged
2.71123595505618,16,linear,dynamic,1.0,0.75,0.0001,"0.25+2.25*Beta(1,2)",0.7771343571631505,1.1993602412733466,1.197264213249435,0.70961254661061,0.5044315217977372,0.9817576545144724,0.6894037864757123,0.6965757935559926,2.3225468686232113e-05,"half-normal Monte Carlo, conditional Gaussian CDF integrated analytically",100000,12345,converged
2.746067415730337,16,linear,dynamic,1.0,0.75,0.0001,"0.25+2.25*Beta(1,2)",0.7805192258492376,1.196516959668935,1.1908747126887982,0.7135496143316917,0.5115653690763129,0.9823170580206732,0.6906427285273326,0.6976321647317325,2.2927112887427432e-05,"half-normal Monte Carlo, conditional Gaussian CDF integrated analytically",100000,12345,converged
2.7808988764044944,16,linear,dynamic,1.0,0.75,0.0001,"0.25+2.25*Beta(1,2)",0.7837852901043522,1.1937378273012385,1.1846498550742246,0.7173690414243892,0.5185662061685502,0.9828466898529594,0.6918416531480762,0.6986568999846489,2.263668495650192e-05,"half-normal Monte Carlo, conditional Gaussian CDF integrated analytically",100000,12345,converged
2.8157303370786515,16,linear,dynamic,1.0,0.75,0.0001,"0.25+2.25*Beta(1,2)",0.7869386390545232,1.191020787477727,1.1785833371762426,0.7210762627011789,0.5254379576761151,0.983348672133284,0.6930025569355915,0.6996514814903338,2.235397846758071e-05,"half-normal Monte Carlo, conditional Gaussian CDF integrated analytically",100000,12345,converged
2.850561797752809,16,linear,dynamic,1.0,0.75,0.0001,"0.25+2.25*Beta(1,2)",0.7899845113895649,1.188363656860057,1.172669394970192,0.7246760287946482,0.5321836921063954,0.9838248918539036,0.694127187670598,0.7006171973983688,2.2078811718073526e-05,"half-normal Monte Carlo, conditional Gaussian CDF integrated analytically",100000,12345,converged
2.885393258426966,16,linear,dynamic,1.0,0.75,0.0001,"0.25+2.25*Beta(1,2)",0.7929281203513193,1.1857644932837812,1.1669023904821452,0.728173046036654,0.5388068523744246,0.9842771102135842,0.6952172625462104,0.7015553269285352,2.1810979270603622e-05,"half-normal Monte Carlo, conditional Gaussian CDF integrated analytically",100000,12345,converged
2.9202247191011232,16,linear,dynamic,1.0,0.75,0.0001,"0.25+2.25*Beta(1,2)",0.7957742825673122,1.1832214040685558,1.1612769925852573,0.7315716901038501,0.545310647536168,0.9847069332039526,0.6962743727922145,0.7024670572533641,2.1550279066983876e-05,"half-normal Monte Carlo, conditional Gaussian CDF integrated analytically",100000,12345,converged
2.955056179775281,16,linear,dynamic,1.0,0.75,0.0001,"0.25+2.25*Beta(1,2)",0.798527521761913,1.1807325786077505,1.1557881218859962,0.7348760873076622,0.5516981797413887,0.9851158350207776,0.697300012564857,0.7033535068551273,2.1296508837152183e-05,"half-normal Monte Carlo, conditional Gaussian CDF integrated analytically",100000,12345,converged
2.989887640449438,16,linear,dynamic,1.0,0.75,0.0001,"0.25+2.25*Beta(1,2)",0.8011920907057674,1.1782962839402429,1.150430936193966,0.7380901325281958,0.5579724484227977,0.985505170766137,0.6982955862629927,0.7042157305452363,2.1049467300966675e-05,"half-normal Monte Carlo, conditional Gaussian CDF integrated analytically",100000,12345,converged
3.024719101123595,16,linear,dynamic,1.0,0.75,0.0001,"0.25+2.25*Beta(1,2)",0.8037719911968938,1.175910860605984,1.145200816978807,0.7412175055788061,0.5641363543007105,0.9858761877516404,0.699262415192248,0.7050547240381562,2.0808955142536814e-05,"half-normal Monte Carlo, conditional Gaussian CDF integrated analytically",100000,12345,converged
3.0595505617977525,16,linear,dynamic,1.0,0.75,0.0001,"0.25+2.25*Beta(1,2)",0.8062710653231799,1.1735747566051256,1.1400933184110733,0.7442617415905001,0.5701928256919969,0.9862300426267084,0.7002017625350885,0.7058714445672257,2.0574771079268974e-05,"half-normal Monte Carlo, conditional Gaussian CDF integrated analytically",100000,12345,converged
3.09438202247191,16,linear,dynamic,1.0,0.75,0.0001,"0.25+2.25*Beta(1,2)",0.8086927230090517,1.1712863744452078,1.1351043069986058,0.7472260251873712,0.5761443386441121,0.9865677823309617,0.701114764110143,0.7066667496424428,2.0346731141276572e-05,"half-normal Monte Carlo, conditional Gaussian CDF integrated analytically",100000,12345,converged
3.129213483146067,16,linear,dynamic,1.0,0.75,0.0001,"0.25+2.25*Beta(1,2)",0.8110403868485009,1.1690442889788186,1.130229725902812,0.7501135294775473,0.5819936372439108,0.9868903940317514,0.7020025446356944,0.7074414972156149,2.0124641439735575e-05,"half-normal Monte Carlo, conditional Gaussian CDF integrated analytically",100000,12345,converged
3.1640449438202243,16,linear,dynamic,1.0,0.75,0.0001,"0.25+2.25*Beta(1,2)",0.8133172912016033,1.1668471354130312,1.1254656959281375,0.7529272637219814,0.5877433835262362,0.9871987908254269,0.7028661666784264,0.7081965005852379,1.99083123978212e-05,"half-normal Monte Carlo, conditional Gaussian CDF integrated analytically",100000,12345,converged
3.198876404494382,16,linear,dynamic,1.0,0.75,0.0001,"0.25+2.25*Beta(1,2)",0.8155262926448364,1.1646934966486029,1.120808614823846,0.7556699320132318,0.5933958083464235,0.9874938001447263,0.7037065828427282,0.7089324856872562,1.9697572109303225e-05,"half-normal Monte Carlo, conditional Gaussian CDF integrated analytically",100000,12345,converged
3.233707865168539,16,linear,dynamic,1.0,0.75,0.0001,"0.25+2.25*Beta(1,2)",0.8176702855366091,1.1625821155846274,1.1162549329773872,0.7583442474894286,0.5989534075931954,0.9877762067723324,0.7045247438134503,0.7096501848325204,1.9492240458415497e-05,"half-normal Monte Carlo, conditional Gaussian CDF integrated analytically",100000,12345,converged
3.2685393258426965,16,linear,dynamic,1.0,0.75,0.0001,"0.25+2.25*Beta(1,2)",0.8197520153072586,1.1605117890214682,1.1118012492373808,0.7609527918214206,0.6044186108454664,0.9880467394032488,0.7053215509443238,0.710350294723183,1.929214201903322e-05,"half-normal Monte Carlo, conditional Gaussian CDF integrated analytically",100000,12345,converged
3.3033707865168536,16,linear,dynamic,1.0,0.75,0.0001,"0.25+2.25*Beta(1,2)",0.8217738854949522,1.1584812517916936,1.1074444141956703,0.7634978723506682,0.6097934218865023,0.9883060581303164,0.7060978074831546,0.7110334328763872,1.9097119235220344e-05,"half-normal Monte Carlo, conditional Gaussian CDF integrated analytically",100000,12345,converged
3.338202247191011,16,linear,dynamic,1.0,0.75,0.0001,"0.25+2.25*Beta(1,2)",0.8237384279053797,1.1564894289827718,1.1031812718247822,0.765981874241466,0.6150802365287066,0.9885547987267613,0.7068543400958678,0.7117002438978776,1.890700270496798e-05,"half-normal Monte Carlo, conditional Gaussian CDF integrated analytically",100000,12345,converged
3.373033707865168,16,linear,dynamic,1.0,0.75,0.0001,"0.25+2.25*Beta(1,2)",0.8256477970855525,1.154535147994351,1.0990089333655155,0.768406884178452,0.6202809314248797,0.9887935323650221,0.7075918696559216,0.712351285267105,1.872164434803516e-05,"half-normal Monte Carlo, conditional Gaussian CDF integrated analytically",100000,12345,converged
3.4078651685393258,16,linear,dynamic,1.0,0.75,0.0001,"0.25+2.25*Beta(1,2)",0.8275042783311023,1.1526174173858197,1.094924495790062,0.7707750690615343,0.6253977633062044,0.9890228113557795,0.7083111422138688,0.7129871422933641,1.8540885121833715e-05,"half-normal Monte Carlo, conditional Gaussian CDF integrated analytically",100000,12345,converged
3.442696629213483,16,linear,dynamic,1.0,0.75,0.0001,"0.25+2.25*Beta(1,2)",0.829309806402031,1.1507351477119665,1.0909253058350876,0.773088319681944,0.6304324881968961,0.9892431317387274,0.7090128061174157,0.7136083192160536,1.836458645243924e-05,"half-normal Monte Carlo, conditional Gaussian CDF integrated analytically",100000,12345,converged
3.4775280898876404,16,linear,dynamic,1.0,0.75,0.0001,"0.25+2.25*Beta(1,2)",0.8310664510863655,1.1488874241130145,1.087008687777803,0.7753486106964166,0.6353872364472467,0.9894549753050774,0.7096975369497016,0.7142153492453489,1.819259932531031e-05,"half-normal Monte Carlo, conditional Gaussian CDF integrated analytically",100000,12345,converged
3.5123595505617975,16,linear,dynamic,1.0,0.75,0.0001,"0.25+2.25*Beta(1,2)",0.8327759524034227,1.1470732319279016,1.0831722016008678,0.7775576583756845,0.6402636495623228,0.9896587743198856,0.7103659189621118,0.7148086892288419,1.8024794503230535e-05,"half-normal Monte Carlo, conditional Gaussian CDF integrated analytically",100000,12345,converged
3.5471910112359546,16,linear,dynamic,1.0,0.75,0.0001,"0.25+2.25*Beta(1,2)",0.834440191237971,1.1452917267445484,1.079413376155887,0.7797172675622706,0.6450637430795599,0.9898549507334771,0.7110185659620033,0.7153888264740795,1.786103254323146e-05,"half-normal Monte Carlo, conditional Gaussian CDF integrated analytically",100000,12345,converged
3.582022471910112,16,linear,dynamic,1.0,0.75,0.0001,"0.25+2.25*Beta(1,2)",0.8360607343924374,1.1435419611946207,1.0757299649715293,0.7818289984974076,0.6497890496257783,0.9900438824371678,0.7116560053362673,0.7159561754792494,1.7701193246621537e-05,"half-normal Monte Carlo, conditional Gaussian CDF integrated analytically",100000,12345,converged
3.616853932584269,16,linear,dynamic,1.0,0.75,0.0001,"0.25+2.25*Beta(1,2)",0.83763929681429,1.1418231558724878,1.0721196812901843,0.7838945056512622,0.654441480566039,0.9902259403976729,0.7122787966016648,0.7165111830164104,1.7545146209682042e-05,"half-normal Monte Carlo, conditional Gaussian CDF integrated analytically",100000,12345,converged
3.651685393258427,16,linear,dynamic,1.0,0.75,0.0001,"0.25+2.25*Beta(1,2)",0.8391772906133549,1.140134423954598,1.0685804547318705,0.7859152092653584,0.6590224647688082,0.9904014559480476,0.7128874164971521,0.7170542255891111,1.7392779896605723e-05,"half-normal Monte Carlo, conditional Gaussian CDF integrated analytically",100000,12345,converged
3.686516853932584,16,linear,dynamic,1.0,0.75,0.0001,"0.25+2.25*Beta(1,2)",0.8406762847438661,1.1384750462340394,1.0651101649396175,0.7878926303839844,0.6635338193123109,0.9905707564556915,0.7134823767307917,0.7175857141110219,1.724397236912081e-05,"half-normal Monte Carlo, conditional Gaussian CDF integrated analytically",100000,12345,converged
3.7213483146067414,16,linear,dynamic,1.0,0.75,0.0001,"0.25+2.25*Beta(1,2)",0.8421375525786555,1.1368441903109563,1.0617069021537455,0.7898280631659533,0.6679768738665216,0.9907341332197152,0.7140641087450703,0.7181059908555698,1.7098620337590884e-05,"half-normal Monte Carlo, conditional Gaussian CDF integrated analytically",100000,12345,converged
3.7561797752808985,16,linear,dynamic,1.0,0.75,0.0001,"0.25+2.25*Beta(1,2)",0.8435625345061484,1.135241192952792,1.0583686963191057,0.7917229100841664,0.6723533605040459,0.9908918761951,0.7146330820845153,0.7186154349794245,1.6956609737488085e-05,"half-normal Monte Carlo, conditional Gaussian CDF integrated analytically",100000,12345,converged
3.791011235955056,16,linear,dynamic,1.0,0.75,0.0001,"0.25+2.25*Beta(1,2)",0.8449524354238184,1.133665306593541,1.055093751027442,0.7935783917888414,0.6766646257106615,0.9910442460358818,0.7151897019219071,0.7191143707100711,1.6817841501367633e-05,"half-normal Monte Carlo, conditional Gaussian CDF integrated analytically",100000,12345,converged
3.825842696629213,16,linear,dynamic,1.0,0.75,0.0001,"0.25+2.25*Beta(1,2)",0.8463084129234879,1.132115812274152,1.051880332729465,0.7953956838345776,0.6809119892246178,0.9911914887287493,0.7157343573343884,0.7196031102785694,1.668221962061925e-05,"half-normal Monte Carlo, conditional Gaussian CDF integrated analytically",100000,12345,converged
3.8606741573033703,16,linear,dynamic,1.0,0.75,0.0001,"0.25+2.25*Beta(1,2)",0.8476317303746508,1.1305921160772123,1.048726677495786,0.7971760260855408,0.6850970474533501,0.9913338467683606,0.71626746055794,0.7200819890390122,1.6549641514578604e-05,"half-normal Monte Carlo, conditional Gaussian CDF integrated analytically",100000,12345,converged
3.895505617977528,16,linear,dynamic,1.0,0.75,0.0001,"0.25+2.25*Beta(1,2)",0.8489234366093359,1.1290935413308665,1.045631180562609,0.7989204941144835,0.689221031871719,0.9914715378773769,0.7167893654989628,0.7205512921819006,1.6420018430442714e-05,"half-normal Monte Carlo, conditional Gaussian CDF integrated analytically",100000,12345,converged
3.930337078651685,16,linear,dynamic,1.0,0.75,0.0001,"0.25+2.25*Beta(1,2)",0.8501845399302155,1.1276194361068987,1.0425922923033355,0.8006301245473458,0.6932851482524236,0.9916047679133707,0.7173004123144776,0.7210112945372915,1.6293264421235102e-05,"half-normal Monte Carlo, conditional Gaussian CDF integrated analytically",100000,12345,converged
3.9651685393258425,16,linear,dynamic,1.0,0.75,0.0001,"0.25+2.25*Beta(1,2)",0.8514161550725169,1.1261692684617626,1.039608427442904,0.8023060191535912,0.6972908741241236,0.9917337411033835,0.7178009650620046,0.7214622943844456,1.616928711360991e-05,"half-normal Monte Carlo, conditional Gaussian CDF integrated analytically",100000,12345,converged
4.0,16,linear,dynamic,1.0,0.75,0.0001,"0.25+2.25*Beta(1,2)",0.8526191977247801,1.1247424236206331,1.0366781488525891,0.8039491287125329,0.7012393355965468,0.9918586403671512,0.7182913339757454,0.7219045433590435,1.604800705982566e-05,"half-normal Monte Carlo, conditional Gaussian CDF integrated analytically",100000,12345,converged
4.2,16,linear,dynamic,1.0,0.75,0.0001,"0.25+2.25*Beta(1,2)",0.8590180546075223,1.1169739609919944,1.0208219240620413,0.812794520916497,0.7228606682009752,0.9925052134089952,0.7209246614301102,0.7242866221668256,1.540000849639765e-05,"half-normal Monte Carlo, conditional Gaussian CDF integrated analytically",100000,12345,converged
4.3795494865122535,16,linear,dynamic,1.0,0.75,0.0001,"0.25+2.25*Beta(1,2)",0.8641106616931769,1.1105613105173402,1.0078574614552405,0.8199702465756483,0.7408659103179946,0.992998803693106,0.7230532152428554,0.7262208483792864,1.488084573456235e-05,"half-normal Monte Carlo, conditional Gaussian CDF integrated analytically",100000,12345,converged
4.566774691621367,16,linear,dynamic,1.0,0.75,0.0001,"0.25+2.25*Beta(1,2)",0.8688644543335862,1.1043746324319414,0.9954566216031876,0.8267873424154154,0.7583710064518828,0.9934431459009324,0.7250693665390671,0.7280600798782337,1.439350668820007e-05,"half-normal Monte Carlo, conditional Gaussian CDF integrated analytically",100000,12345,converged
4.7620037513589315,16,linear,dynamic,1.0,0.75,0.0001,"0.25+2.25*Beta(1,2)",0.873303933645484,1.098407060244764,0.9835946111843432,0.8332661860096712,0.7753801737510128,0.9938441031476051,0.726980349825785,0.7298097196859136,1.3936012880567688e-05,"half-normal Monte Carlo, conditional Gaussian CDF integrated analytically",100000,12345,converged
4.96557882953177,16,linear,dynamic,1.0,0.75,0.0001,"0.25+2.25*Beta(1,2)",0.8774517066104868,1.092651900719005,0.972247662043565,0.8394257941369243,0.7918985331529208,0.9942067421313714,0.7287928111580009,0.7314747975425056,1.3506468985712811e-05,"half-normal Monte Carlo, conditional Gaussian CDF integrated analytically",100000,12345,converged
5.177856717407615,16,linear,dynamic,1.0,0.75,0.0001,"0.25+2.25*Beta(1,2)",0.881328609992308,1.0871025987542442,0.96139302804976,0.8452839087347505,0.8079319239152741,0.9945354512399686,0.7305128583718623,0.7330599937718199,1.3103074018679228e-05,"half-normal Monte Carlo, conditional Gaussian CDF integrated analytically",100000,12345,converged
5.399209459037271,16,linear,dynamic,1.0,0.75,0.0001,"0.25+2.25*Beta(1,2)",0.8849538667645014,1.0817527383912382,0.9510089489303186,0.8508571047117803,0.8234868317299342,0.9948340416991908,0.7321461165583723,0.7345696708347055,1.2724125329039761e-05,"half-normal Monte Carlo, conditional Gaussian CDF integrated analytically",100000,12345,converged
5.6300250033092345,16,linear,dynamic,1.0,0.75,0.0001,"0.25+2.25*Beta(1,2)",0.8883452257911184,1.0765960435540294,0.9410746141543208,0.8561608857535894,0.8385703198412536,0.9951058322160371,0.7336977766500266,0.7360079011834924,1.2368019700573972e-05,"half-normal Monte Carlo, conditional Gaussian CDF integrated analytically",100000,12345,converged
5.870707883879548,16,linear,dynamic,1.0,0.75,0.0001,"0.25+2.25*Beta(1,2)",0.8915190870520535,1.071626378546826,0.9315701270618656,0.8612097698642792,0.8531899633631596,0.9953537200311601,0.7351726380929757,0.737378491957406,1.203325236068579e-05,"half-normal Monte Carlo, conditional Gaussian CDF integrated analytically",100000,12345,converged
6.121679928168599,16,linear,dynamic,1.0,0.75,0.0001,"0.25+2.25*Beta(1,2)",0.8944906143127981,1.0668377483191374,0.9224764694092285,0.8660173660766387,0.8673537869275895,0.9955802407422268,0.7365751464270098,0.7386850069654642,1.1718414512551115e-05,"half-normal Monte Carlo, conditional Gaussian CDF integrated analytically",100000,12345,converged
6.383380996667419,16,linear,dynamic,1.0,0.75,0.0001,"0.25+2.25*Beta(1,2)",0.8972738669000733,1.0622243287536444,0.913775441556314,0.8705964603050452,0.8810702888344082,0.9957876200409936,0.7379094344831216,0.7399307938179762,1.1422188086511137e-05,"half-normal Monte Carlo, conditional Gaussian CDF integrated analytically",100000,12345,converged
6.656269753849255,16,linear,dynamic,1.0,0.75,0.0001,"0.25+2.25*Beta(1,2)",0.8998817723256627,1.057780347483432,0.905449726455641,0.8749590105799411,0.8943480576595527,0.9959778115993008,0.7391793200046957,0.7411189718683706,1.1143348632454987e-05,"half-normal Monte Carlo, conditional Gaussian CDF integrated analytically",100000,12345,converged
6.9408244720375105,16,linear,dynamic,1.0,0.75,0.0001,"0.25+2.25*Beta(1,2)",0.9023263881327572,1.053500259646266,0.8974827106688388,0.8791163046110564,0.9071962067257421,0.9961525407396354,0.7403883790540885,0.7422524922433446,1.0880750277327456e-05,"half-normal Monte Carlo, conditional Gaussian CDF integrated analytically",100000,12345,converged
7.237543869638944,16,linear,dynamic,1.0,0.75,0.0001,"0.25+2.25*Beta(1,2)",0.9046188593790156,1.0493786312257372,0.8898585478746022,0.8830789436609034,0.9196240039484457,0.9963133304284286,0.741539937815757,0.7433341228284704,1.0633327981399975e-05,"half-normal Monte Carlo, conditional Gaussian CDF integrated analytically",100000,12345,converged
7.546947985211224,16,linear,dynamic,1.0,0.75,0.0001,"0.25+2.25*Beta(1,2)",0.9067695451971074,1.045410198955865,0.8825620775875767,0.8868569199934476,0.9316409904496253,0.9964615299175716,0.7426371087603761,0.7443664756871107,1.0400089386203014e-05,"half-normal Monte Carlo, conditional Gaussian CDF integrated analytically",100000,12345,converged
7.869579088896787,16,linear,dynamic,1.0,0.75,0.0001,"0.25+2.25*Beta(1,2)",0.9087879735273996,1.0415897453566472,0.8755788948050596,0.8904596061683371,0.9432566108299315,0.9965983333256505,0.7436827793476848,0.7453519907283769,1.0180116394220712e-05,"half-normal Monte Carlo, conditional Gaussian CDF integrated analytically",100000,12345,converged
8.206002632820356,16,linear,dynamic,1.0,0.75,0.0001,"0.25+2.25*Beta(1,2)",0.9106830837651996,1.0379123094699394,0.8688951489852212,0.8938958852796856,0.9544807334057283,0.9967248057977042,0.7446796794495211,0.7462929942230117,9.972549779606433e-06,"half-normal Monte Carlo, conditional Gaussian CDF integrated analytically",100000,12345,converged
8.556808242115855,16,linear,dynamic,1.0,0.75,0.0001,"0.25+2.25*Beta(1,2)",0.9124630785564012,1.0343729499976375,0.8624977055096463,0.8971740903892509,0.9653229966990484,0.9968418928448322,0.7456303406007991,0.7471916560763039,9.776596459236222e-06,"half-normal Monte Carlo, conditional Gaussian CDF integrated analytically",100000,12345,converged
8.922610748319599,16,linear,dynamic,1.0,0.75,0.0001,"0.25+2.25*Beta(1,2)",0.9141356618499714,1.0309669733310762,0.8563739334894217,0.9003021250793357,0.9757933720155758,0.9969504414230949,0.7465371623769111,0.7480500486838423,9.591514217122056e-06,"half-normal Monte Carlo, conditional Gaussian CDF integrated analytically",100000,12345,converged
9.304051266940906,16,linear,dynamic,1.0,0.75,0.0001,"0.25+2.25*Beta(1,2)",0.9157079039054364,1.0276897069761837,0.8505118596432487,0.9032874148259886,0.9859015553605681,0.9970512060581629,0.7474023738041573,0.7488701071325912,9.41661814497999e-06,"half-normal Monte Carlo, conditional Gaussian CDF integrated analytically",100000,12345,converged
9.701798321098744,16,linear,dynamic,1.0,0.75,0.0001,"0.25+2.25*Beta(1,2)",0.9171864541340408,1.0245367203022162,0.8448999647229518,0.9061370075281682,0.9956575059425171,0.9971448654479139,0.748228093377147,0.7496536830904411,9.251266840966242e-06,"half-normal Monte Carlo, conditional Gaussian CDF integrated analytically",100000,12345,converged
10.116549013193676,16,linear,dynamic,1.0,0.75,0.0001,"0.25+2.25*Beta(1,2)",0.9185774134802266,1.0215036014957877,0.8395273356700043,0.9088575335502016,1.0050708639315733,0.9972320261911805,0.7490162912737718,0.7504025064327088,9.094868513327307e-06,"half-normal Monte Carlo, conditional Gaussian CDF integrated analytically",100000,12345,converged
10.54903024666867,16,linear,dynamic,1.0,0.75,0.0001,"0.25+2.25*Beta(1,2)",0.919886529620674,1.0185861772683602,0.8343834652859562,0.911455290583672,1.0141514814025758,0.9973132361901403,0.7497688452489067,0.7511182360260077,8.946868279089448e-06,"half-normal Monte Carlo, conditional Gaussian CDF integrated analytically",100000,12345,converged
11.0,16,linear,dynamic,1.0,0.75,0.0001,"0.25+2.25*Beta(1,2)",0.9211190900688216,1.0157803147563318,0.829458385937101,0.9139362155810844,1.022908915593933,0.9973889871253899,0.7504875079713613,0.7518024267274481,8.806753215827415e-06,"half-normal Monte Carlo, conditional Gaussian CDF integrated analytically",100000,12345,converged
0.09,32,linear,dynamic,1.0,0.75,0.0001,"0.25+2.25*Beta(1,2)",1.0205578124863912e-06,3.1319322168998287,4.055657322784989,5.766754119229459e-07,2.5681120610845683e-13,0.5000009129208337,0.5000000000002945,0.5000001613084479,1.2420304627296056e-16,"half-normal Monte Carlo, conditional Gaussian CDF integrated analytically",100000,12345,converged
0.2,32,linear,dynamic,1.0,0.75,0.0001,"0.25+2.25*Beta(1,2)",1.353631948349781e-06,2.650224855195596,3.394438485840256,8.314942200447933e-07,5.398004586728145e-13,0.5000013235573301,0.5000000000006191,0.5000002338658193,2.6106672821087344e-16,"half-normal Monte Carlo, conditional Gaussian CDF integrated analytically",100000,12345,converged
0.35,32,linear,dynamic,1.0,0.75,0.0001,"0.25+2.25*Beta(1,2)",1.9591734056033447e-06,2.2694091730542434,2.884534865007777,1.3005183187547473e-06,1.3306687604252825e-12,0.5000020780745019,0.5000000000015261,0.5000003671851493,6.435588077633847e-16,"half-normal Monte Carlo, conditional Gaussian CDF integrated analytically",100000,12345,converged
0.45,32,linear,dynamic,1.0,0.75,0.0001,"0.25+2.25*Beta(1,2)",2.2001287095707805e-06,2.0954712946915706,2.655474354640683,1.5198727559040103e-06,1.8228631469244875e-12,0.5000024322217363,0.5000000000020905,0.5000004297611566,8.81601543849591e-16,"half-normal Monte Carlo, conditional Gaussian CDF integrated analytically",100000,12345,converged
0.6,32,linear,dynamic,1.0,0.75,0.0001,"0.25+2.25*Beta(1,2)",3.085394449935728e-06,1.8989003634313657,2.3993047323183863,2.239028415088547e-06,3.967673961321117e-12,0.5000035883444229,0.5000000000045504,0.5000006340421296,1.9189084466449163e-15,"half-normal Monte Carlo, conditional Gaussian CDF integrated analytically",100000,12345,converged
0.8,32,linear,dynamic,1.0,0.75,0.0001,"0.25+2.25*Beta(1,2)",4.706951238179824e-06,1.7084718820048708,2.1536466855104934,3.6011049739482676e-06,1.0287383769892105e-11,0.5000057780141844,0.5000000000117981,0.5000010209455912,4.9753452025043075e-15,"half-normal Monte Carlo, conditional Gaussian CDF integrated analytically",100000,12345,converged
0.9,32,linear,dynamic,1.0,0.75,0.0001,"0.25+2.25*Beta(1,2)",6.423040419423833e-06,1.632996699881705,2.056906572606598,5.0262953138568355e-06,2.0057035540156624e-11,0.5000080678813925,0.5000000000230024,0.5000014255534299,9.700296768607049e-15,"half-normal Monte Carlo, conditional Gaussian CDF integrated analytically",100000,12345,converged
0.9348314606741572,32,linear,dynamic,1.0,0.75,0.0001,"0.25+2.25*Beta(1,2)",7.476220965626549e-06,1.6090216810526627,2.02624620444882,5.893878526591079e-06,2.7584939976274122e-11,0.500009461547076,0.5000000000316358,0.500001671807037,1.334105947792042e-14,"half-normal Monte Carlo, conditional Gaussian CDF integrated analytically",100000,12345,converged
0.9696629213483148,32,linear,dynamic,1.0,0.75,0.0001,"0.25+2.25*Beta(1,2)",8.546702515636653e-06,1.5860970508537993,1.99695953957121,6.786310227267657e-06,3.657866994464717e-11,0.5000108953224492,0.5000000000419502,0.5000019251478215,1.7690747622664873e-14,"half-normal Monte Carlo, conditional Gaussian CDF integrated analytically",100000,12345,converged
1.004494382022472,32,linear,dynamic,1.0,0.75,0.0001,"0.25+2.25*Beta(1,2)",9.830160718926509e-06,1.5641469001211497,1.96894516030857,7.85998738953397e-06,4.907808592534985e-11,0.5000126203076266,0.5000000000562852,0.5000022299438909,2.3735910384488265e-14,"half-normal Monte Carlo, conditional Gaussian CDF integrated analytically",100000,12345,converged
1.0393258426966292,32,linear,dynamic,1.0,0.75,0.0001,"0.25+2.25*Beta(1,2)",1.1775384422117082e-05,1.543102890761649,1.942111959579503,9.479330201901966e-06,7.139633614050735e-11,0.5000152217328522,0.5000000000818808,0.50000268960244,3.4529811096854665e-14,"half-normal Monte Carlo, conditional Gaussian CDF integrated analytically",100000,12345,converged
1.0741573033707863,32,linear,dynamic,1.0,0.75,0.0001,"0.25+2.25*Beta(1,2)",1.4502721429873691e-05,1.5229033010764137,1.916377818769572,1.1752042166416851e-05,1.0975337264525492e-10,0.5000188727449202,0.5000000001258705,0.5000033347176229,5.3080640099403894e-14,"half-normal Monte Carlo, conditional Gaussian CDF integrated analytically",100000,12345,converged
1.1089887640449438,32,linear,dynamic,1.0,0.75,0.0001,"0.25+2.25*Beta(1,2)",1.906879191296469e-05,1.5034922155302333,1.8916684885684416,1.5551510847850333e-05,1.9222122016480986e-10,0.500024976224965,0.5000000002204488,0.5000044131713706,9.296502833489444e-14,"half-normal Monte Carlo, conditional Gaussian CDF integrated analytically",100000,12345,converged
1.1438202247191012,32,linear,dynamic,1.0,0.75,0.0001,"0.25+2.25*Beta(1,2)",2.710751176298559e-05,1.484818833634371,1.867916636738304,2.2246050620893135e-05,3.933886446150596e-10,0.5000357303312207,0.5000000004511574,0.5000063133670172,1.9025675927607024e-13,"half-normal Monte Carlo, conditional Gaussian CDF integrated analytically",100000,12345,converged
1.1786516853932585,32,linear,dynamic,1.0,0.75,0.0001,"0.25+2.25*Beta(1,2)",4.61514278583811e-05,1.466836877718528,1.845061033824711,3.810607623779944e-05,1.1544085828706036e-09,0.5000612076780598,0.5000000013239324,0.5000108150840927,5.583131008797965e-13,"half-normal Monte Carlo, conditional Gaussian CDF integrated analytically",100000,12345,converged
1.2134831460674158,32,linear,dynamic,1.0,0.75,0.0001,"0.25+2.25*Beta(1,2)",0.0001494838366148,1.449504085549752,1.8230458489480783,0.0001241608033523,1.2257188935743898e-08,0.5001994442656404,0.5000000140571447,0.5000352407843407,5.928012344823391e-12,"half-normal Monte Carlo, conditional Gaussian CDF integrated analytically",100000,12345,converged
1.2483146067415731,32,linear,dynamic,1.0,0.75,0.0001,"0.25+2.25*Beta(1,2)",0.1366539106426662,1.4357215780256258,1.7961666879858358,0.114047810130251,0.010396747372525071,0.677084087307109,0.511455394780638,0.5323445063721943,4.489724779964846e-06,"half-normal Monte Carlo, conditional Gaussian CDF integrated analytically",100000,12345,converged
1.2831460674157302,32,linear,dynamic,1.0,0.75,0.0001,"0.25+2.25*Beta(1,2)",0.226290622105849,1.4248977580827376,1.7660713703208233,0.1895722238612028,0.02899511679629903,0.7778319631478193,0.5298317760202659,0.5536867243103955,1.0256661528680176e-05,"half-normal Monte Carlo, conditional Gaussian CDF integrated analytically",100000,12345,converged
1.3179775280898878,32,linear,dynamic,1.0,0.75,0.0001,"0.25+2.25*Beta(1,2)",0.2860660655598422,1.4145538842633434,1.737531284633842,0.2405229905986479,0.04709773837662621,0.8344030636174619,0.5454954079695812,0.5680248073648412,1.3771057392751653e-05,"half-normal Monte Carlo, conditional Gaussian CDF integrated analytically",100000,12345,converged
1.3528089887640449,32,linear,dynamic,1.0,0.75,0.0001,"0.25+2.25*Beta(1,2)",0.3327223022341374,1.4046588995449034,1.7104318053041334,0.2807349445204786,0.06472291386343829,0.8719348633715309,0.5589874002904616,0.5792980251377218,1.5774762474289637e-05,"half-normal Monte Carlo, conditional Gaussian CDF integrated analytically",100000,12345,converged
1.3876404494382022,32,linear,dynamic,1.0,0.75,0.0001,"0.25+2.25*Beta(1,2)",0.3714191543393065,1.3951839945814066,1.6846697976479246,0.3144477953279979,0.08188678185050238,0.898580636348247,0.5707211925606742,0.5887162924027296,1.676739370902516e-05,"half-normal Monte Carlo, conditional Gaussian CDF integrated analytically",100000,12345,converged
1.4224719101123595,32,linear,dynamic,1.0,0.75,0.0001,"0.25+2.25*Beta(1,2)",0.4045966225402271,1.386102653752673,1.6601517563560466,0.3436564943896204,0.09860449585058971,0.9182589331154147,0.5810167281075488,0.5968499674401371,1.7087847883718616e-05,"half-normal Monte Carlo, conditional Gaussian CDF integrated analytically",100000,12345,converged
1.4573033707865168,32,linear,dynamic,1.0,0.75,0.0001,"0.25+2.25*Beta(1,2)",0.4336502199075354,1.3773905892223288,1.6367924419802051,0.3694970838939053,0.11489087339525242,0.9331892183746393,0.590124416176697,0.6040243066469325,1.69671189345019e-05,"half-normal Monte Carlo, conditional Gaussian CDF integrated analytically",100000,12345,converged
1.4921348314606742,32,linear,dynamic,1.0,0.75,0.0001,"0.25+2.25*Beta(1,2)",0.4594714538689277,1.3690254333753873,1.6145141343537586,0.3926926533773815,0.13076009210964804,0.9447489097858162,0.5982419606187195,0.6104465446200096,1.656309616914441e-05,"half-normal Monte Carlo, conditional Gaussian CDF integrated analytically",100000,12345,converged
1.5269662921348317,32,linear,dynamic,1.0,0.75,0.0001,"0.25+2.25*Beta(1,2)",0.4826735470421313,1.3609865956455347,1.5932457597096057,0.4137391081938045,0.14622587356309405,0.9538446895360787,0.6055269589885073,0.6162588892429007,1.5983790139101923e-05,"half-normal Monte Carlo, conditional Gaussian CDF integrated analytically",100000,12345,converged
1.5617977528089888,32,linear,dynamic,1.0,0.75,0.0001,"0.25+2.25*Beta(1,2)",0.5037010538091777,1.3532551016839165,1.572922187494772,0.432995141145859,0.16130152758069569,0.9610984794424853,0.6121061540043474,0.6215642200120624,1.530296435857481e-05,"half-normal Monte Carlo, conditional Gaussian CDF integrated analytically",100000,12345,converged
1.596629213483146,32,linear,dynamic,1.0,0.75,0.0001,"0.25+2.25*Beta(1,2)",0.5228889981076057,1.3458134114247375,1.55348367354153,0.4507306362797429,0.1759998569657748,0.9669501488974567,0.6180822902260122,0.6264399320835674,1.4570758458532192e-05,"half-normal Monte Carlo, conditional Gaussian CDF integrated analytically",100000,12345,converged
1.6314606741573034,32,linear,dynamic,1.0,0.75,0.0001,"0.25+2.25*Beta(1,2)",0.5404979731384422,1.3386453587452622,1.5348752126020162,0.4671553225957826,0.19033342682726206,0.9717184682943575,0.6235394231785598,0.630946137878865,1.3820942216629525e-05,"half-normal Monte Carlo, conditional Gaussian CDF integrated analytically",100000,12345,converged
1.6662921348314603,32,linear,dynamic,1.0,0.75,0.0001,"0.25+2.25*Beta(1,2)",0.5567349837314035,1.3317358733630802,1.5170463069133706,0.482435727612896,0.20431402831799367,0.9756388506025241,0.6285466639589904,0.635130534223762,1.307594976201935e-05,"half-normal Monte Carlo, conditional Gaussian CDF integrated analytically",100000,12345,converged
1.701123595505618,32,linear,dynamic,1.0,0.75,0.0001,"0.25+2.25*Beta(1,2)",0.5717684539757225,1.3250710598958886,1.499950265829839,0.496707372332254,0.21795333646007373,0.9788881774686707,0.6331614610461119,0.6390318944079836,1.2350314552462367e-05,"half-normal Monte Carlo, conditional Gaussian CDF integrated analytically",100000,12345,converged
1.7359550561797752,32,linear,dynamic,1.0,0.75,0.0001,"0.25+2.25*Beta(1,2)",0.5857372625621879,1.318637988818654,1.4835440065141643,0.5100820744217885,0.23126253029729038,0.9816011312781303,0.6374317906899538,0.6426821717852085,1.1653104919601309e-05,"half-normal Monte Carlo, conditional Gaussian CDF integrated analytically",100000,12345,converged
1.7707865168539323,32,linear,dynamic,1.0,0.75,0.0001,"0.25+2.25*Beta(1,2)",0.5987574710846686,1.312424604856396,1.467787728138572,0.52265338025733,0.2442522868305799,0.9838815210629352,0.6413979827362049,0.6461080621818313,1.0989613278397322e-05,"half-normal Monte Carlo, conditional Gaussian CDF integrated analytically",100000,12345,converged
1.8056179775280896,32,linear,dynamic,1.0,0.75,0.0001,"0.25+2.25*Beta(1,2)",0.6109272941074927,1.3064196753521555,1.452644578500637,0.5345005692754371,0.256932882419689,0.9858102430639202,0.6450941814554996,0.6493321554321456,1.0362534722176697e-05,"half-normal Monte Carlo, conditional Gaussian CDF integrated analytically",100000,12345,converged
1.8404494382022472,32,linear,dynamic,1.0,0.75,0.0001,"0.25+2.25*Beta(1,2)",0.6223309871201127,1.300612803917323,1.4380802771541683,0.5456917818928652,0.26931449077120895,0.9874509851698466,0.6485495503673363,0.6523738333563691,9.772785066698042e-06,"half-normal Monte Carlo, conditional Gaussian CDF integrated analytically",100000,12345,converged
1.8752808988764045,32,linear,dynamic,1.0,0.75,0.0001,"0.25+2.25*Beta(1,2)",0.6330408211408332,1.2949941768919744,1.424063143379318,0.5562855876171151,0.28140653951600636,0.9888542494702935,0.6517889799096044,0.6552497294173856,9.220117498762684e-06,"half-normal Monte Carlo, conditional Gaussian CDF integrated analytically",100000,12345,converged
1.9101123595505616,32,linear,dynamic,1.0,0.75,0.0001,"0.25+2.25*Beta(1,2)",0.6431198837329071,1.2895546992941156,1.4105636189562825,0.5663332404617762,0.2932183839809119,0.9900604750047175,0.6548339910837715,0.6579743715122924,8.703501372284489e-06,"half-normal Monte Carlo, conditional Gaussian CDF integrated analytically",100000,12345,converged
1.9449438202247191,32,linear,dynamic,1.0,0.75,0.0001,"0.25+2.25*Beta(1,2)",0.6526231838784762,1.284285804490592,1.397554267236074,0.5758795499159701,0.3047588420147793,0.9911022355542121,0.6577031807174523,0.6605604386421529,8.221432250680918e-06,"half-normal Monte Carlo, conditional Gaussian CDF integrated analytically",100000,12345,converged
1.979775280898876,32,linear,dynamic,1.0,0.75,0.0001,"0.25+2.25*Beta(1,2)",0.6615992285923427,1.2791794910436494,1.3850094894077731,0.5849641438870677,0.31603649117317467,0.9920059729106413,0.660412763625296,0.6630191221829235,7.772119676525398e-06,"half-normal Monte Carlo, conditional Gaussian CDF integrated analytically",100000,12345,converged
2.0146067415730338,32,linear,dynamic,1.0,0.75,0.0001,"0.25+2.25*Beta(1,2)",0.6700910511226281,1.2742282866251604,1.3729053644976783,0.5936222862464481,0.3270597001118994,0.9927932872801083,0.6629769525915087,0.6653603618375498,7.353626274182883e-06,"half-normal Monte Carlo, conditional Gaussian CDF integrated analytically",100000,12345,converged
2.049438202247191,32,linear,dynamic,1.0,0.75,0.0001,"0.25+2.25*Beta(1,2)",0.6781368313297341,1.2694251471658484,1.3612195910837586,0.6018853656773085,0.3378364262593364,0.9934819141432631,0.6654082177934756,0.6675929887730959,6.963971329789542e-06,"half-normal Monte Carlo, conditional Gaussian CDF integrated analytically",100000,12345,converged
2.0842696629213484,32,linear,dynamic,1.0,0.75,0.0001,"0.25+2.25*Beta(1,2)",0.6857704826853577,1.2647633884144214,1.3499314005575194,0.609781361057718,0.3483741134759019,0.9940864915171652,0.6677175217400472,0.6697248605452113,6.601197541936442e-06,"half-normal Monte Carlo, conditional Gaussian CDF integrated analytically",100000,12345,converged
2.1191011235955055,32,linear,dynamic,1.0,0.75,0.0001,"0.25+2.25*Beta(1,2)",0.6930227949114618,1.26023684477661,1.3390212031041226,0.6173357579327646,0.3586803503585352,0.9946191975676373,0.6699146731845099,0.6717631200124159,6.2633903854293265e-06,"half-normal Monte Carlo, conditional Gaussian CDF integrated analytically",100000,12345,converged
2.153932584269663,32,linear,dynamic,1.0,0.75,0.0001,"0.25+2.25*Beta(1,2)",0.6999212132727362,1.255839618774332,1.3284707629153707,0.6245713611697136,0.36876212745104053,0.9950901772274079,0.6720083362061954,0.6737141475614326,5.94873073829457e-06,"half-normal Monte Carlo, conditional Gaussian CDF integrated analytically",100000,12345,converged
2.18876404494382,32,linear,dynamic,1.0,0.75,0.0001,"0.25+2.25*Beta(1,2)",0.7064906185899906,1.2515661818438704,1.3182629436341828,0.6315089201772048,0.3786262798070243,0.9955079406386215,0.6740062725597324,0.6755837377050602,5.655495114845357e-06,"half-normal Monte Carlo, conditional Gaussian CDF integrated analytically",100000,12345,converged
2.2235955056179773,32,linear,dynamic,1.0,0.75,0.0001,"0.25+2.25*Beta(1,2)",0.7127536551558784,1.247411354016084,1.308381619764778,0.6381673879022696,0.38827950902382496,0.9958796579787236,0.6759154645550753,0.6773771738007281,5.3820638276723695e-06,"half-normal Monte Carlo, conditional Gaussian CDF integrated analytically",100000,12345,converged
2.258426966292135,32,linear,dynamic,1.0,0.75,0.0001,"0.25+2.25*Beta(1,2)",0.718730620148261,1.243370142205512,1.2988117657991247,0.6445638288504733,0.39772792173688815,0.9962113794962969,0.6777421264876204,0.6790992043230105,5.126936616790228e-06,"half-normal Monte Carlo, conditional Gaussian CDF integrated analytically",100000,12345,converged
2.293258426966292,32,linear,dynamic,1.0,0.75,0.0001,"0.25+2.25*Beta(1,2)",0.7244403799174592,1.2394379642088094,1.289539091748482,0.6507141525057768,0.4069778631862639,0.9965082576450098,0.6794919544927882,0.6807542490271332,4.888708609385782e-06,"half-normal Monte Carlo, conditional Gaussian CDF integrated analytically",100000,12345,converged
2.3280898876404494,32,linear,dynamic,1.0,0.75,0.0001,"0.25+2.25*Beta(1,2)",0.7298998958662357,1.2356103846275703,1.2805502712017325,0.6566327306494544,0.4160350983218947,0.996774671928165,0.6811700402021413,0.6823462934401967,4.666089656535694e-06,"half-normal Monte Carlo, conditional Gaussian CDF integrated analytically",100000,12345,converged
2.3629213483146065,32,linear,dynamic,1.0,0.75,0.0001,"0.25+2.25*Beta(1,2)",0.7351247902864405,1.2318832392745571,1.2718327124602584,0.6623328498092097,0.4249052976851856,0.99701437197811,0.6827810275319701,0.6838790162188915,4.457886458321732e-06,"half-normal Monte Carlo, conditional Gaussian CDF integrated analytically",100000,12345,converged
2.397752808988764,32,linear,dynamic,1.0,0.75,0.0001,"0.25+2.25*Beta(1,2)",0.7401293999011977,1.2282525836921383,1.2633745464734276,0.6678267528195334,0.433593925195982,0.9972305760987251,0.6843291440693351,0.6853558016439606,4.263000202913822e-06,"half-normal Monte Carlo, conditional Gaussian CDF integrated analytically",100000,12345,converged
2.432584269662921,32,linear,dynamic,1.0,0.75,0.0001,"0.25+2.25*Beta(1,2)",0.7449269089842236,1.2247146787705243,1.255164576383212,0.6731257445579404,0.4421062465989874,0.9974260558017131,0.6858182484588684,0.6867797698688911,4.080420447139723e-06,"half-normal Monte Carlo, conditional Gaussian CDF integrated analytically",100000,12345,converged
2.4674157303370787,32,linear,dynamic,1.0,0.75,0.0001,"0.25+2.25*Beta(1,2)",0.7495295612154357,1.2212660166805396,1.2471921870357754,0.6782403599892695,0.45044746830160237,0.9976032081664062,0.6872518936259182,0.6881538247270487,3.9092162519746244e-06,"half-normal Monte Carlo, conditional Gaussian CDF integrated analytically",100000,12345,converged
2.502247191011236,32,linear,dynamic,1.0,0.75,0.0001,"0.25+2.25*Beta(1,2)",0.753948385643805,1.2179031549372683,1.239447475905745,0.6831801477581919,0.4586222322971007,0.9977641028384692,0.6886332745007615,0.6894805927397053,3.748540437748719e-06,"half-normal Monte Carlo, conditional Gaussian CDF integrated analytically",100000,12345,converged
2.537078651685394,32,linear,dynamic,1.0,0.75,0.0001,"0.25+2.25*Beta(1,2)",0.7581939366427319,1.2146229711848908,1.231920913737468,0.6879542561585689,0.46663551138016457,0.9979105483433389,0.6899654106108298,0.6907625890261693,3.597605675661663e-06,"half-normal Monte Carlo, conditional Gaussian CDF integrated analytically",100000,12345,converged
2.5719101123595505,32,linear,dynamic,1.0,0.75,0.0001,"0.25+2.25*Beta(1,2)",0.762275641319299,1.211422349951556,1.2246036482887988,0.6925709181856767,0.4744916072728505,0.998044112119862,0.6912510024535664,0.6920020715027938,3.455698686227731e-06,"half-normal Monte Carlo, conditional Gaussian CDF integrated analytically",100000,12345,converged
2.6067415730337076,32,linear,dynamic,1.0,0.75,0.0001,"0.25+2.25*Beta(1,2)",0.7662025924409639,1.2082984767544067,1.2174871326489107,0.6970380773173472,0.4821951681624444,0.998166172530515,0.6924926232006618,0.6932012186042908,3.3221558508150785e-06,"half-normal Monte Carlo, conditional Gaussian CDF integrated analytically",100000,12345,converged
2.641573033707865,32,linear,dynamic,1.0,0.75,0.0001,"0.25+2.25*Beta(1,2)",0.7699829791518791,1.2052485606538157,1.2105633920492649,0.7013629403101711,0.489750303104718,0.9982779314172586,0.693692592665885,0.6943620020607401,3.1963745898773297e-06,"half-normal Monte Carlo, conditional Gaussian CDF integrated analytically",100000,12345,converged
2.676404494382022,32,linear,dynamic,1.0,0.75,0.0001,"0.25+2.25*Beta(1,2)",0.7736245075266288,1.2022699812224131,1.2038248234757785,0.7055523089370663,0.4971611043189798,0.998380446707941,0.6948530803291169,0.6954862812297529,3.0777993458657787e-06,"half-normal Monte Carlo, conditional Gaussian CDF integrated analytically",100000,12345,converged
2.71123595505618,32,linear,dynamic,1.0,0.75,0.0001,"0.25+2.25*Beta(1,2)",0.7771343571631505,1.1993602412733466,1.197264213249435,0.70961254661061,0.5044315217977372,0.9984746501449503,0.6959760998395789,0.6965757935559926,2.965919750704888e-06,"half-normal Monte Carlo, conditional Gaussian CDF integrated analytically",100000,12345,converged
2.746067415730337,32,linear,dynamic,1.0,0.75,0.0001,"0.25+2.25*Beta(1,2)",0.7805192258492376,1.196516959668935,1.1908747126887982,0.7135496143316917,0.5115653690763129,0.9985613642850663,0.697063523350527,0.6976321647317325,2.860266715025342e-06,"half-normal Monte Carlo, conditional Gaussian CDF integrated analytically",100000,12345,converged
2.7808988764044944,32,linear,dynamic,1.0,0.75,0.0001,"0.25+2.25*Beta(1,2)",0.7837852901043522,1.1937378273012385,1.1846498550742246,0.7173690414243892,0.5185662061685502,0.9986413156034698,0.6981170759241044,0.6986568999846489,2.76041056125825e-06,"half-normal Monte Carlo, conditional Gaussian CDF integrated analytically",100000,12345,converged
2.8157303370786515,32,linear,dynamic,1.0,0.75,0.0001,"0.25+2.25*Beta(1,2)",0.7869386390545232,1.191020787477727,1.1785833371762426,0.7210762627011789,0.5254379576761151,0.9987151536163805,0.6991384385223796,0.6996514814903338,2.6659491690993346e-06,"half-normal Monte Carlo, conditional Gaussian CDF integrated analytically",100000,12345,converged
2.850561797752809,32,linear,dynamic,1.0,0.75,0.0001,"0.25+2.25*Beta(1,2)",0.7899845113895649,1.188363656860057,1.172669394970192,0.7246760287946482,0.5321836921063954,0.998783447864085,0.7001290748383763,0.7006171973983688,2.5765221459952607e-06,"half-normal Monte Carlo, conditional Gaussian CDF integrated analytically",100000,12345,converged
2.885393258426966,32,linear,dynamic,1.0,0.75,0.0001,"0.25+2.25*Beta(1,2)",0.7929281203513193,1.1857644932837812,1.1669023904821452,0.728173046036654,0.5388068523744246,0.9988467105355382,0.7010904236584294,0.7015553269285352,2.4917909444493707e-06,"half-normal Monte Carlo, conditional Gaussian CDF integrated analytically",100000,12345,converged
2.9202247191011232,32,linear,dynamic,1.0,0.75,0.0001,"0.25+2.25*Beta(1,2)",0.7957742825673122,1.1832214040685558,1.1612769925852573,0.7315716901038501,0.545310647536168,0.9989053974689283,0.7020238153467078,0.7024670572533641,2.411444961628892e-06,"half-normal Monte Carlo, conditional Gaussian CDF integrated analytically",100000,12345,converged
2.955056179775281,32,linear,dynamic,1.0,0.75,0.0001,"0.25+2.25*Beta(1,2)",0.798527521761913,1.1807325786077505,1.1557881218859962,0.7348760873076622,0.5516981797413887,0.9989599162219958,0.7029304974877667,0.7033535068551273,2.3351975669500347e-06,"half-normal Monte Carlo, conditional Gaussian CDF integrated analytically",100000,12345,converged
2.989887640449438,32,linear,dynamic,1.0,0.75,0.0001,"0.25+2.25*Beta(1,2)",0.8011920907057674,1.1782962839402429,1.150430936193966,0.7380901325281958,0.5579724484227977,0.999010631874238,0.703811641476075,0.7042157305452363,2.2627840497046774e-06,"half-normal Monte Carlo, conditional Gaussian CDF integrated analytically",100000,12345,converged
3.024719101123595,32,linear,dynamic,1.0,0.75,0.0001,"0.25+2.25*Beta(1,2)",0.8037719911968938,1.175910860605984,1.145200816978807,0.7412175055788061,0.5641363543007105,0.9990578720535948,0.7046683484660387,0.7050547240381562,2.19395975277887e-06,"half-normal Monte Carlo, conditional Gaussian CDF integrated analytically",100000,12345,converged
3.0595505617977525,32,linear,dynamic,1.0,0.75,0.0001,"0.25+2.25*Beta(1,2)",0.8062710653231799,1.1735747566051256,1.1400933184110733,0.7442617415905001,0.5701928256919969,0.999101932169528,0.7055016715240685,0.7058714445672257,2.1284970730388495e-06,"half-normal Monte Carlo, conditional Gaussian CDF integrated analytically",100000,12345,converged
3.09438202247191,32,linear,dynamic,1.0,0.75,0.0001,"0.25+2.25*Beta(1,2)",0.8086927230090517,1.1712863744452078,1.1351043069986058,0.7472260251873712,0.5761443386441121,0.9991430757387816,0.7063125541389312,0.7066667496424428,2.066189103521836e-06,"half-normal Monte Carlo, conditional Gaussian CDF integrated analytically",100000,12345,converged
3.129213483146067,32,linear,dynamic,1.0,0.75,0.0001,"0.25+2.25*Beta(1,2)",0.8110403868485009,1.1690442889788186,1.130229725902812,0.7501135294775473,0.5819936372439108,0.9991815429126182,0.7071019332883886,0.7074414972156149,2.0068404810634527e-06,"half-normal Monte Carlo, conditional Gaussian CDF integrated analytically",100000,12345,converged
3.1640449438202243,32,linear,dynamic,1.0,0.75,0.0001,"0.25+2.25*Beta(1,2)",0.8133172912016033,1.1668471354130312,1.1254656959281375,0.7529272637219814,0.5877433835262362,0.9992175506179997,0.7078706941388028,0.7081965005852379,1.9502701048697357e-06,"half-normal Monte Carlo, conditional Gaussian CDF integrated analytically",100000,12345,converged
3.198876404494382,32,linear,dynamic,1.0,0.75,0.0001,"0.25+2.25*Beta(1,2)",0.8155262926448364,1.1646934966486029,1.120808614823846,0.7556699320132318,0.5933958083464235,0.999251293061724,0.7086196272839256,0.7089324856872562,1.8963132733909846e-06,"half-normal Monte Carlo, conditional Gaussian CDF integrated analytically",100000,12345,converged
3.233707865168539,32,linear,dynamic,1.0,0.75,0.0001,"0.25+2.25*Beta(1,2)",0.8176702855366091,1.1625821155846274,1.1162549329773872,0.7583442474894286,0.5989534075931954,0.9992829482974471,0.709349524788571,0.7096501848325204,1.8448138042430398e-06,"half-normal Monte Carlo, conditional Gaussian CDF integrated analytically",100000,12345,converged
3.2685393258426965,32,linear,dynamic,1.0,0.75,0.0001,"0.25+2.25*Beta(1,2)",0.8197520153072586,1.1605117890214682,1.1118012492373808,0.7609527918214206,0.6044186108454664,0.9993126779386077,0.7100611379268158,0.710350294723183,1.795626511900515e-06,"half-normal Monte Carlo, conditional Gaussian CDF integrated analytically",100000,12345,converged
3.3033707865168536,32,linear,dynamic,1.0,0.75,0.0001,"0.25+2.25*Beta(1,2)",0.8217738854949522,1.1584812517916936,1.1074444141956703,0.7634978723506682,0.6097934218865023,0.9993406270479046,0.7107551334011342,0.7110334328763872,1.7486194500576803e-06,"half-normal Monte Carlo, conditional Gaussian CDF integrated analytically",100000,12345,converged
3.338202247191011,32,linear,dynamic,1.0,0.75,0.0001,"0.25+2.25*Beta(1,2)",0.8237384279053797,1.1564894289827718,1.1031812718247822,0.765981874241466,0.6150802365287066,0.9993669300271659,0.7114322017625708,0.7117002438978776,1.7036658429836524e-06,"half-normal Monte Carlo, conditional Gaussian CDF integrated analytically",100000,12345,converged
3.373033707865168,32,linear,dynamic,1.0,0.75,0.0001,"0.25+2.25*Beta(1,2)",0.8256477970855525,1.154535147994351,1.0990089333655155,0.768406884178452,0.6202809314248797,0.9993917071964978,0.7120929417498203,0.712351285267105,1.6606513579412445e-06,"half-normal Monte Carlo, conditional Gaussian CDF integrated analytically",100000,12345,converged
3.4078651685393258,32,linear,dynamic,1.0,0.75,0.0001,"0.25+2.25*Beta(1,2)",0.8275042783311023,1.1526174173858197,1.094924495790062,0.7707750690615343,0.6253977633062044,0.9994150704571138,0.7127379773497995,0.7129871422933641,1.6194658027934998e-06,"half-normal Monte Carlo, conditional Gaussian CDF integrated analytically",100000,12345,converged
3.442696629213483,32,linear,dynamic,1.0,0.75,0.0001,"0.25+2.25*Beta(1,2)",0.829309806402031,1.1507351477119665,1.0909253058350876,0.773088319681944,0.6304324881968961,0.9994371201299752,0.7133678475701405,0.7136083192160536,1.5800098292029951e-06,"half-normal Monte Carlo, conditional Gaussian CDF integrated analytically",100000,12345,converged
3.4775280898876404,32,linear,dynamic,1.0,0.75,0.0001,"0.25+2.25*Beta(1,2)",0.8310664510863655,1.1488874241130145,1.087008687777803,0.7753486106964166,0.6353872364472467,0.9994579498865692,0.7139831183366347,0.7142153492453489,1.5421873432826182e-06,"half-normal Monte Carlo, conditional Gaussian CDF integrated analytically",100000,12345,converged
3.5123595505617975,32,linear,dynamic,1.0,0.75,0.0001,"0.25+2.25*Beta(1,2)",0.8327759524034227,1.1470732319279016,1.0831722016008678,0.7775576583756845,0.6402636495623228,0.9994776437869687,0.7145842759219783,0.7148086892288419,1.5059117830981774e-06,"half-normal Monte Carlo, conditional Gaussian CDF integrated analytically",100000,12345,converged
3.5471910112359546,32,linear,dynamic,1.0,0.75,0.0001,"0.25+2.25*Beta(1,2)",0.834440191237971,1.1452917267445484,1.079413376155887,0.7797172675622706,0.6450637430795599,0.9994962806479782,0.715171835433871,0.7153888264740795,1.4710990760121873e-06,"half-normal Monte Carlo, conditional Gaussian CDF integrated analytically",100000,12345,converged
3.582022471910112,32,linear,dynamic,1.0,0.75,0.0001,"0.25+2.25*Beta(1,2)",0.8360607343924374,1.1435419611946207,1.0757299649715293,0.7818289984974076,0.6497890496257783,0.9995139312334702,0.71574623637557,0.7159561754792494,1.4376736046433922e-06,"half-normal Monte Carlo, conditional Gaussian CDF integrated analytically",100000,12345,converged
3.616853932584269,32,linear,dynamic,1.0,0.75,0.0001,"0.25+2.25*Beta(1,2)",0.83763929681429,1.1418231558724878,1.0721196812901843,0.7838945056512622,0.654441480566039,0.999530662189703,0.7163079492473269,0.7165111830164104,1.405561576365605e-06,"half-normal Monte Carlo, conditional Gaussian CDF integrated analytically",100000,12345,converged
3.651685393258427,32,linear,dynamic,1.0,0.75,0.0001,"0.25+2.25*Beta(1,2)",0.8391772906133549,1.140134423954598,1.0685804547318705,0.7859152092653584,0.6590224647688082,0.9995465333496529,0.716857371883868,0.7170542255891111,1.3746967711786128e-06,"half-normal Monte Carlo, conditional Gaussian CDF integrated analytically",100000,12345,converged
3.686516853932584,32,linear,dynamic,1.0,0.75,0.0001,"0.25+2.25*Beta(1,2)",0.8406762847438661,1.1384750462340394,1.0651101649396175,0.7878926303839844,0.6635338193123109,0.9995616013366893,0.7173949355385784,0.7175857141110219,1.345014211985581e-06,"half-normal Monte Carlo, conditional Gaussian CDF integrated analytically",100000,12345,converged
3.7213483146067414,32,linear,dynamic,1.0,0.75,0.0001,"0.25+2.25*Beta(1,2)",0.8421375525786555,1.1368441903109563,1.0617069021537455,0.7898280631659533,0.6679768738665216,0.9995759169507431,0.7179210007482433,0.7181059908555698,1.3164557733354756e-06,"half-normal Monte Carlo, conditional Gaussian CDF integrated analytically",100000,12345,converged
3.7561797752808985,32,linear,dynamic,1.0,0.75,0.0001,"0.25+2.25*Beta(1,2)",0.8435625345061484,1.135241192952792,1.0583686963191057,0.7917229100841664,0.6723533605040459,0.9995895285207007,0.7184359641774372,0.7186154349794245,1.288964057869342e-06,"half-normal Monte Carlo, conditional Gaussian CDF integrated analytically",100000,12345,converged
3.791011235955056,32,linear,dynamic,1.0,0.75,0.0001,"0.25+2.25*Beta(1,2)",0.8449524354238184,1.133665306593541,1.055093751027442,0.7935783917888414,0.6766646257106615,0.9996024796752923,0.7189401658784855,0.7191143707100711,1.2624872545211609e-06,"half-normal Monte Carlo, conditional Gaussian CDF integrated analytically",100000,12345,converged
3.825842696629213,32,linear,dynamic,1.0,0.75,0.0001,"0.25+2.25*Beta(1,2)",0.8463084129234879,1.132115812274152,1.051880332729465,0.7953956838345776,0.6809119892246178,0.9996148108551787,0.7194339328100727,0.7196031102785694,1.2369765406246214e-06,"half-normal Monte Carlo, conditional Gaussian CDF integrated analytically",100000,12345,converged
3.8606741573033703,32,linear,dynamic,1.0,0.75,0.0001,"0.25+2.25*Beta(1,2)",0.8476317303746508,1.1305921160772123,1.048726677495786,0.7971760260855408,0.6850970474533501,0.9996265604151414,0.7199176143857691,0.7200819890390122,1.2123841243751266e-06,"half-normal Monte Carlo, conditional Gaussian CDF integrated analytically",100000,12345,converged
3.895505617977528,32,linear,dynamic,1.0,0.75,0.0001,"0.25+2.25*Beta(1,2)",0.8489234366093359,1.1290935413308665,1.045631180562609,0.7989204941144835,0.689221031871719,0.9996377630147854,0.7203915085115703,0.7205512921819006,1.1886669019256938e-06,"half-normal Monte Carlo, conditional Gaussian CDF integrated analytically",100000,12345,converged
3.930337078651685,32,linear,dynamic,1.0,0.75,0.0001,"0.25+2.25*Beta(1,2)",0.8501845399302155,1.1276194361068987,1.0425922923033355,0.8006301245473458,0.6932851482524236,0.9996484508702693,0.7208559018807811,0.7210112945372915,1.1657841865909964e-06,"half-normal Monte Carlo, conditional Gaussian CDF integrated analytically",100000,12345,converged
3.9651685393258425,32,linear,dynamic,1.0,0.75,0.0001,"0.25+2.25*Beta(1,2)",0.8514161550725169,1.1261692684617626,1.039608427442904,0.8023060191535912,0.6972908741241236,0.999658654695744,0.7213111041559299,0.7214622943844456,1.1436959330849817e-06,"half-normal Monte Carlo, conditional Gaussian CDF integrated analytically",100000,12345,converged
4.0,32,linear,dynamic,1.0,0.75,0.0001,"0.25+2.25*Beta(1,2)",0.8526191977247801,1.1247424236206331,1.0366781488525891,0.8039491287125329,0.7012393355965468,0.9996684022527057,0.7217573772656591,0.7219045433590435,1.1223660917731905e-06,"half-normal Monte Carlo, conditional Gaussian CDF integrated analytically",100000,12345,converged
4.2,32,linear,dynamic,1.0,0.75,0.0001,"0.25+2.25*Beta(1,2)",0.8590180546075223,1.1169739609919944,1.0208219240620413,0.812794520916497,0.7228606682009752,0.9997167442848158,0.7241595612316893,0.7242866221668256,1.012952398862315e-06,"half-normal Monte Carlo, conditional Gaussian CDF integrated analytically",100000,12345,converged
4.3795494865122535,32,linear,dynamic,1.0,0.75,0.0001,"0.25+2.25*Beta(1,2)",0.8641106616931769,1.1105613105173402,1.0078574614552405,0.8199702465756483,0.7408659103179946,0.9997512392112776,0.7261082986259498,0.7262208483792864,9.306478323389363e-07,"half-normal Monte Carlo, conditional Gaussian CDF integrated analytically",100000,12345,converged
4.566774691621367,32,linear,dynamic,1.0,0.75,0.0001,"0.25+2.25*Beta(1,2)",0.8688644543335862,1.1043746324319414,0.9954566216031876,0.8267873424154154,0.7583710064518828,0.9997804900839063,0.7279599569802369,0.7280600798782337,8.57547813261457e-07,"half-normal Monte Carlo, conditional Gaussian CDF integrated analytically",100000,12345,converged
4.7620037513589315,32,linear,dynamic,1.0,0.75,0.0001,"0.25+2.25*Beta(1,2)",0.873303933645484,1.098407060244764,0.9835946111843432,0.8332661860096712,0.7753801737510128,0.9998054059332347,0.7297202804700418,0.7298097196859136,7.92460340363496e-07,"half-normal Monte Carlo, conditional Gaussian CDF integrated analytically",100000,12345,converged
4.96557882953177,32,linear,dynamic,1.0,0.75,0.0001,"0.25+2.25*Beta(1,2)",0.8774517066104868,1.092651900719005,0.972247662043565,0.8394257941369243,0.7918985331529208,0.9998267219417516,0.7313945785356023,0.7314747975425056,7.343637259467695e-07,"half-normal Monte Carlo, conditional Gaussian CDF integrated analytically",100000,12345,converged
5.177856717407615,32,linear,dynamic,1.0,0.75,0.0001,"0.25+2.25*Beta(1,2)",0.881328609992308,1.0871025987542442,0.96139302804976,0.8452839087347505,0.8079319239152741,0.99984503530258,0.7329877616289886,0.7330599937718199,6.823809748352535e-07,"half-normal Monte Carlo, conditional Gaussian CDF integrated analytically",100000,12345,converged
5.399209459037271,32,linear,dynamic,1.0,0.75,0.0001,"0.25+2.25*Beta(1,2)",0.8849538667645014,1.0817527383912382,0.9510089489303186,0.8508571047117803,0.8234868317299342,0.9998608333094303,0.7345043822651094,0.7345696708347055,6.357577814143092e-07,"half-normal Monte Carlo, conditional Gaussian CDF integrated analytically",100000,12345,converged
5.6300250033092345,32,linear,dynamic,1.0,0.75,0.0001,"0.25+2.25*Beta(1,2)",0.8883452257911184,1.0765960435540294,0.9410746141543208,0.8561608857535894,0.8385703198412536,0.9998745153270521,0.7359486704349061,0.7360079011834924,5.938440179729074e-07,"half-normal Monte Carlo, conditional Gaussian CDF integrated analytically",100000,12345,converged
5.870707883879548,32,linear,dynamic,1.0,0.75,0.0001,"0.25+2.25*Beta(1,2)",0.8915190870520535,1.071626378546826,0.9315701270618656,0.8612097698642792,0.8531899633631596,0.9998864100554933,0.737324564337949,0.737378491957406,5.560781545601331e-07,"half-normal Monte Carlo, conditional Gaussian CDF integrated analytically",100000,12345,converged
6.121679928168599,32,linear,dynamic,1.0,0.75,0.0001,"0.25+2.25*Beta(1,2)",0.8944906143127981,1.0668377483191374,0.9224764694092285,0.8660173660766387,0.8673537869275895,0.9998967891578748,0.7386357372043212,0.7386850069654642,5.219741367969547e-07,"half-normal Monte Carlo, conditional Gaussian CDF integrated analytically",100000,12345,converged
6.383380996667419,32,linear,dynamic,1.0,0.75,0.0001,"0.25+2.25*Beta(1,2)",0.8972738669000733,1.0622243287536444,0.913775441556314,0.8705964603050452,0.8810702888344082,0.9999058781176096,0.7398856283420611,0.7399307938179762,4.911101421898757e-07,"half-normal Monte Carlo, conditional Gaussian CDF integrated analytically",100000,12345,converged
6.656269753849255,32,linear,dynamic,1.0,0.75,0.0001,"0.25+2.25*Beta(1,2)",0.8998817723256627,1.057780347483432,0.905449726455641,0.8749590105799411,0.8943480576595527,0.9999138646302186,0.7410774341247642,0.7411189718683706,4.6311996763090923e-07,"half-normal Monte Carlo, conditional Gaussian CDF integrated analytically",100000,12345,converged
6.9408244720375105,32,linear,dynamic,1.0,0.75,0.0001,"0.25+2.25*Beta(1,2)",0.9023263881327572,1.053500259646266,0.8974827106688388,0.8791163046110564,0.9071962067257421,0.9999209058046014,0.74221417071143,0.7422524922433446,4.376840427884056e-07,"half-normal Monte Carlo, conditional Gaussian CDF integrated analytically",100000,12345,converged
7.237543869638944,32,linear,dynamic,1.0,0.75,0.0001,"0.25+2.25*Beta(1,2)",0.9046188593790156,1.0493786312257372,0.8898585478746022,0.8830789436609034,0.9196240039484457,0.9999271334685962,0.7432986610014651,0.7433341228284704,4.145234836502258e-07,"half-normal Monte Carlo, conditional Gaussian CDF integrated analytically",100000,12345,converged
7.546947985211224,32,linear,dynamic,1.0,0.75,0.0001,"0.25+2.25*Beta(1,2)",0.9067695451971074,1.045410198955865,0.8825620775875767,0.8868569199934476,0.9316409904496253,0.9999326587140018,0.7443335637816555,0.7443664756871107,3.9339409813050755e-07,"half-normal Monte Carlo, conditional Gaussian CDF integrated analytically",100000,12345,converged
7.869579088896787,32,linear,dynamic,1.0,0.75,0.0001,"0.25+2.25*Beta(1,2)",0.9087879735273996,1.0415897453566472,0.8755788948050596,0.8904596061683371,0.9432566108299315,0.9999375753520117,0.745321358705068,0.7453519907283769,3.740821428398325e-07,"half-normal Monte Carlo, conditional Gaussian CDF integrated analytically",100000,12345,converged
8.206002632820356,32,linear,dynamic,1.0,0.75,0.0001,"0.25+2.25*Beta(1,2)",0.9106830837651996,1.0379123094699394,0.8688951489852212,0.8938958852796856,0.9544807334057283,0.9999419630904695,0.7462644060545642,0.7462929942230117,3.5639926316816856e-07,"half-normal Monte Carlo, conditional Gaussian CDF integrated analytically",100000,12345,converged
8.556808242115855,32,linear,dynamic,1.0,0.75,0.0001,"0.25+2.25*Beta(1,2)",0.9124630785564012,1.0343729499976375,0.8624977055096463,0.8971740903892509,0.9653229966990484,0.9999458896560882,0.7471649048252591,0.7471916560763039,3.401800362737807e-07,"half-normal Monte Carlo, conditional Gaussian CDF integrated analytically",100000,12345,converged
8.922610748319599,32,linear,dynamic,1.0,0.75,0.0001,"0.25+2.25*Beta(1,2)",0.9141356618499714,1.0309669733310762,0.8563739334894217,0.9003021250793357,0.9757933720155758,0.9999494129817198,0.7480249524591479,0.7480500486838423,3.2527804801071986e-07,"half-normal Monte Carlo, conditional Gaussian CDF integrated analytically",100000,12345,converged
9.304051266940906,32,linear,dynamic,1.0,0.75,0.0001,"0.25+2.25*Beta(1,2)",0.9157079039054364,1.0276897069761837,0.8505118596432487,0.9032874148259886,0.9859015553605681,0.9999525825987937,0.7488465055851549,0.7488701071325912,3.1156421108566277e-07,"half-normal Monte Carlo, conditional Gaussian CDF integrated analytically",100000,12345,converged
9.701798321098744,32,linear,dynamic,1.0,0.75,0.0001,"0.25+2.25*Beta(1,2)",0.9171864541340408,1.0245367203022162,0.8448999647229518,0.9061370075281682,0.9956575059425171,0.999955441149964,0.7496314345283897,0.7496536830904411,2.989237706732621e-07,"half-normal Monte Carlo, conditional Gaussian CDF integrated analytically",100000,12345,converged
10.116549013193676,32,linear,dynamic,1.0,0.75,0.0001,"0.25+2.25*Beta(1,2)",0.9185774134802266,1.0215036014957877,0.8395273356700043,0.9088575335502016,1.0050708639315733,0.999958025305554,0.7503814852953168,0.7504025064327088,2.872551850698417e-07,"half-normal Monte Carlo, conditional Gaussian CDF integrated analytically",100000,12345,converged
10.54903024666867,32,linear,dynamic,1.0,0.75,0.0001,"0.25+2.25*Beta(1,2)",0.919886529620674,1.0185861772683602,0.8343834652859562,0.911455290583672,1.0141514814025758,0.9999603668322634,0.7510983308036674,0.7511182360260077,2.76467791002507e-07,"half-normal Monte Carlo, conditional Gaussian CDF integrated analytically",100000,12345,converged
11.0,32,linear,dynamic,1.0,0.75,0.0001,"0.25+2.25*Beta(1,2)",0.9211190900688216,1.0157803147563318,0.829458385937101,0.9139362155810844,1.022908915593933,0.9999624932102479,0.7517835381260914,0.7518024267274481,2.664810226811579e-07,"half-normal Monte Carlo, conditional Gaussian CDF integrated analytically",100000,12345,converged
0.09,64,linear,dynamic,1.0,0.75,0.0001,"0.25+2.25*Beta(1,2)",1.0205578124863912e-06,3.1319322168998287,4.055657322784989,5.766754119229459e-07,2.5681120610845683e-13,0.5000012909008481,0.5000000000004164,0.5000001613084479,1.2419497044897246e-16,"half-normal Monte Carlo, conditional Gaussian CDF integrated analytically",100000,12345,converged
0.2,64,linear,dynamic,1.0,0.75,0.0001,"0.25+2.25*Beta(1,2)",1.353631948349781e-06,2.650224855195596,3.394438485840256,8.314942200447933e-07,5.398004586728145e-13,0.5000018715547032,0.5000000000008754,0.5000002338658193,2.610497533530781e-16,"half-normal Monte Carlo, conditional Gaussian CDF integrated analytically",100000,12345,converged
0.35,64,linear,dynamic,1.0,0.75,0.0001,"0.25+2.25*Beta(1,2)",1.9591734056033447e-06,2.2694091730542434,2.884534865007777,1.3005183187547473e-06,1.3306687604252825e-12,0.500002938467431,0.5000000000021579,0.5000003671851493,6.435169628269612e-16,"half-normal Monte Carlo, conditional Gaussian CDF integrated analytically",100000,12345,converged
0.45,64,linear,dynamic,1.0,0.75,0.0001,"0.25+2.25*Beta(1,2)",2.2001287095707805e-06,2.0954712946915706,2.655474354640683,1.5198727559040103e-06,1.8228631469244875e-12,0.5000034392435646,0.5000000000029561,0.5000004297611566,8.815442210957438e-16,"half-normal Monte Carlo, conditional Gaussian CDF integrated analytically",100000,12345,converged
0.6,64,linear,dynamic,1.0,0.75,0.0001,"0.25+2.25*Beta(1,2)",3.085394449935728e-06,1.8989003634313657,2.3993047323183863,2.239028415088547e-06,3.967673961321117e-12,0.5000050740400351,0.5000000000064343,0.5000006340421296,1.918783676951747e-15,"half-normal Monte Carlo, conditional Gaussian CDF integrated analytically",100000,12345,converged
0.8,64,linear,dynamic,1.0,0.75,0.0001,"0.25+2.25*Beta(1,2)",4.706951238179824e-06,1.7084718820048708,2.1536466855104934,3.6011049739482676e-06,1.0287383769892105e-11,0.5000081703069268,0.5000000000166829,0.5000010209455912,4.975021699363725e-15,"half-normal Monte Carlo, conditional Gaussian CDF integrated analytically",100000,12345,converged
0.9,64,linear,dynamic,1.0,0.75,0.0001,"0.25+2.25*Beta(1,2)",6.423040419423833e-06,1.632996699881705,2.056906572606598,5.0262953138568355e-06,2.0057035540156624e-11,0.5000114082563872,0.5000000000325262,0.5000014255534299,9.699666042267103e-15,"half-normal Monte Carlo, conditional Gaussian CDF integrated analytically",100000,12345,converged
0.9348314606741572,64,linear,dynamic,1.0,0.75,0.0001,"0.25+2.25*Beta(1,2)",7.476220965626549e-06,1.6090216810526627,2.02624620444882,5.893878526591079e-06,2.7584939976274122e-11,0.5000133789466661,0.500000000044734,0.500001671807037,1.3340192023275432e-14,"half-normal Monte Carlo, conditional Gaussian CDF integrated analytically",100000,12345,converged
0.9696629213483148,64,linear,dynamic,1.0,0.75,0.0001,"0.25+2.25*Beta(1,2)",8.546702515636653e-06,1.5860970508537993,1.99695953957121,6.786310227267657e-06,3.657866994464717e-11,0.500015406353399,0.500000000059319,0.5000019251478215,1.7689597343497555e-14,"half-normal Monte Carlo, conditional Gaussian CDF integrated analytically",100000,12345,converged
1.004494382022472,64,linear,dynamic,1.0,0.75,0.0001,"0.25+2.25*Beta(1,2)",9.830160718926509e-06,1.5641469001211497,1.96894516030857,7.85998738953397e-06,4.907808592534985e-11,0.5000178455406158,0.5000000000795891,0.5000022299438909,2.3734367036679384e-14,"half-normal Monte Carlo, conditional Gaussian CDF integrated analytically",100000,12345,converged
1.0393258426966292,64,linear,dynamic,1.0,0.75,0.0001,"0.25+2.25*Beta(1,2)",1.1775384422117082e-05,1.543102890761649,1.942111959579503,9.479330201901966e-06,7.139633614050735e-11,0.5000215240436188,0.5000000001157823,0.50000268960244,3.452756590409033e-14,"half-normal Monte Carlo, conditional Gaussian CDF integrated analytically",100000,12345,converged
1.0741573033707863,64,linear,dynamic,1.0,0.75,0.0001,"0.25+2.25*Beta(1,2)",1.4502721429873691e-05,1.5229033010764137,1.916377818769572,1.1752042166416851e-05,1.0975337264525492e-10,0.500026686697813,0.5000000001779852,0.5000033347176229,5.3077188676418945e-14,"half-normal Monte Carlo, conditional Gaussian CDF integrated analytically",100000,12345,converged
1.1089887640449438,64,linear,dynamic,1.0,0.75,0.0001,"0.25+2.25*Beta(1,2)",1.906879191296469e-05,1.5034922155302333,1.8916684885684416,1.5551510847850333e-05,1.9222122016480986e-10,0.50003531722443,0.500000000311722,0.5000044131713706,9.295898346107043e-14,"half-normal Monte Carlo, conditional Gaussian CDF integrated analytically",100000,12345,converged
1.1438202247191012,64,linear,dynamic,1.0,0.75,0.0001,"0.25+2.25*Beta(1,2)",2.710751176298559e-05,1.484818833634371,1.867916636738304,2.2246050620893135e-05,3.933886446150596e-10,0.5000505238933265,0.5000000006379518,0.5000063133670172,1.9024438780381085e-13,"half-normal Monte Carlo, conditional Gaussian CDF integrated analytically",100000,12345,converged
1.1786516853932585,64,linear,dynamic,1.0,0.75,0.0001,"0.25+2.25*Beta(1,2)",4.61514278583811e-05,1.466836877718528,1.845061033824711,3.810607623779944e-05,1.1544085828706036e-09,0.5000865497207387,0.500000001872085,0.5000108150840927,5.5827679217386e-13,"half-normal Monte Carlo, conditional Gaussian CDF integrated analytically",100000,12345,converged
1.2134831460674158,64,linear,dynamic,1.0,0.75,0.0001,"0.25+2.25*Beta(1,2)",0.0001494838366148,1.449504085549752,1.8230458489480783,0.0001241608033523,1.2257188935743898e-08,0.5002820209063706,0.5000000198772759,0.5000352407843407,5.9276261601340535e-12,"half-normal Monte Carlo, conditional Gaussian CDF integrated analytically",100000,12345,converged
1.2483146067415731,64,linear,dynamic,1.0,0.75,0.0001,"0.25+2.25*Beta(1,2)",0.1366539106426662,1.4357215780256258,1.7961666879858358,0.114047810130251,0.010396747372525071,0.7421019321492042,0.5156613349742409,0.5323445063721943,4.041564853223372e-06,"half-normal Monte Carlo, conditional Gaussian CDF integrated analytically",100000,12345,converged
1.2831460674157302,64,linear,dynamic,1.0,0.75,0.0001,"0.25+2.25*Beta(1,2)",0.226290622105849,1.4248977580827376,1.7660713703208233,0.1895722238612028,0.02899511679629903,0.8602860074347443,0.5386851511080845,0.5536867243103955,7.672537965577313e-06,"half-normal Monte Carlo, conditional Gaussian CDF integrated analytically",100000,12345,converged
1.3179775280898878,64,linear,dynamic,1.0,0.75,0.0001,"0.25+2.25*Beta(1,2)",0.2860660655598422,1.4145538842633434,1.737531284633842,0.2405229905986479,0.04709773837662621,0.915291011562885,0.5565001821238306,0.5680248073648412,8.632419251811612e-06,"half-normal Monte Carlo, conditional Gaussian CDF integrated analytically",100000,12345,converged
1.3528089887640449,64,linear,dynamic,1.0,0.75,0.0001,"0.25+2.25*Beta(1,2)",0.3327223022341374,1.4046588995449034,1.7104318053041334,0.2807349445204786,0.06472291386343829,0.9458431237966397,0.5707089584766126,0.5792980251377218,8.351035744758074e-06,"half-normal Monte Carlo, conditional Gaussian CDF integrated analytically",100000,12345,converged
1.3876404494382022,64,linear,dynamic,1.0,0.75,0.0001,"0.25+2.25*Beta(1,2)",0.3714191543393065,1.3951839945814066,1.6846697976479246,0.3144477953279979,0.08188678185050238,0.9641376592110036,0.5823531445793637,0.5887162924027296,7.551231458969483e-06,"half-normal Monte Carlo, conditional Gaussian CDF integrated analytically",100000,12345,converged
1.4224719101123595,64,linear,dynamic,1.0,0.75,0.0001,"0.25+2.25*Beta(1,2)",0.4045966225402271,1.386102653752673,1.6601517563560466,0.3436564943896204,0.09860449585058971,0.9756089703962096,0.5921254265942201,0.5968499674401371,6.591454348860007e-06,"half-normal Monte Carlo, conditional Gaussian CDF integrated analytically",100000,12345,converged
1.4573033707865168,64,linear,dynamic,1.0,0.75,0.0001,"0.25+2.25*Beta(1,2)",0.4336502199075354,1.3773905892223288,1.6367924419802051,0.3694970838939053,0.11489087339525242,0.9830443332692245,0.6004967036961217,0.6040243066469325,5.641980935533352e-06,"half-normal Monte Carlo, conditional Gaussian CDF integrated analytically",100000,12345,converged
1.4921348314606742,64,linear,dynamic,1.0,0.75,0.0001,"0.25+2.25*Beta(1,2)",0.4594714538689277,1.3690254333753873,1.6145141343537586,0.3926926533773815,0.13076009210964804,0.9879908868537188,0.6077938145180946,0.6104465446200096,4.776602178276525e-06,"half-normal Monte Carlo, conditional Gaussian CDF integrated analytically",100000,12345,converged
1.5269662921348317,64,linear,dynamic,1.0,0.75,0.0001,"0.25+2.25*Beta(1,2)",0.4826735470421313,1.3609865956455347,1.5932457597096057,0.4137391081938045,0.14622587356309405,0.9913536206524337,0.6142484523250591,0.6162588892429007,4.020546001390659e-06,"half-normal Monte Carlo, conditional Gaussian CDF integrated analytically",100000,12345,converged
1.5617977528089888,64,linear,dynamic,1.0,0.75,0.0001,"0.25+2.25*Beta(1,2)",0.5037010538091777,1.3532551016839165,1.572922187494772,0.432995141145859,0.16130152758069569,0.9936825738675994,0.6200282740515242,0.6215642200120624,3.375535635342026e-06,"half-normal Monte Carlo, conditional Gaussian CDF integrated analytically",100000,12345,converged
1.596629213483146,64,linear,dynamic,1.0,0.75,0.0001,"0.25+2.25*Beta(1,2)",0.5228889981076057,1.3458134114247375,1.55348367354153,0.4507306362797429,0.1759998569657748,0.9953222192238291,0.6252570155162857,0.6264399320835674,2.8328013212720007e-06,"half-normal Monte Carlo, conditional Gaussian CDF integrated analytically",100000,12345,converged
1.6314606741573034,64,linear,dynamic,1.0,0.75,0.0001,"0.25+2.25*Beta(1,2)",0.5404979731384422,1.3386453587452622,1.5348752126020162,0.4671553225957826,0.19033342682726206,0.9964936947744452,0.6300278636238432,0.630946137878865,2.379701933264477e-06,"half-normal Monte Carlo, conditional Gaussian CDF integrated analytically",100000,12345,converged
1.6662921348314603,64,linear,dynamic,1.0,0.75,0.0001,"0.25+2.25*Beta(1,2)",0.5567349837314035,1.3317358733630802,1.5170463069133706,0.482435727612896,0.20431402831799367,0.9973419321339512,0.6344121619622776,0.635130534223762,2.003004340180333e-06,"half-normal Monte Carlo, conditional Gaussian CDF integrated analytically",100000,12345,converged
1.701123595505618,64,linear,dynamic,1.0,0.75,0.0001,"0.25+2.25*Beta(1,2)",0.5717684539757225,1.3250710598958886,1.499950265829839,0.496707372332254,0.21795333646007373,0.9979637074793529,0.6384656751945549,0.6390318944079836,1.690356007472564e-06,"half-normal Monte Carlo, conditional Gaussian CDF integrated analytically",100000,12345,converged
1.7359550561797752,64,linear,dynamic,1.0,0.75,0.0001,"0.25+2.25*Beta(1,2)",0.5857372625621879,1.318637988818654,1.4835440065141643,0.5100820744217885,0.23126253029729038,0.9984246808495171,0.642232631869917,0.6426821717852085,1.4308801509750473e-06,"half-normal Monte Carlo, conditional Gaussian CDF integrated analytically",100000,12345,converged
1.7707865168539323,64,linear,dynamic,1.0,0.75,0.0001,"0.25+2.25*Beta(1,2)",0.5987574710846686,1.312424604856396,1.467787728138572,0.52265338025733,0.2442522868305799,0.9987700599735542,0.6457486538741035,0.6461080621818313,1.2153017874228918e-06,"half-normal Monte Carlo, conditional Gaussian CDF integrated analytically",100000,12345,converged
1.8056179775280896,64,linear,dynamic,1.0,0.75,0.0001,"0.25+2.25*Beta(1,2)",0.6109272941074927,1.3064196753521555,1.452644578500637,0.5345005692754371,0.256932882419689,0.9990313925963598,0.6490428669694394,0.6493321554321456,1.0358600406343413e-06,"half-normal Monte Carlo, conditional Gaussian CDF integrated analytically",100000,12345,converged
1.8404494382022472,64,linear,dynamic,1.0,0.75,0.0001,"0.25+2.25*Beta(1,2)",0.6223309871201127,1.300612803917323,1.4380802771541683,0.5456917818928652,0.26931449077120895,0.9992309703436371,0.6521394733629595,0.6523738333563691,8.861330386277371e-07,"half-normal Monte Carlo, conditional Gaussian CDF integrated analytically",100000,12345,converged
1.8752808988764045,64,linear,dynamic,1.0,0.75,0.0001,"0.25+2.25*Beta(1,2)",0.6330408211408332,1.2949941768919744,1.424063143379318,0.5562855876171151,0.28140653951600636,0.9993847155658844,0.6550586839335633,0.6552497294173856,7.608513731007967e-07,"half-normal Monte Carlo, conditional Gaussian CDF integrated analytically",100000,12345,converged
1.9101123595505616,64,linear,dynamic,1.0,0.75,0.0001,"0.25+2.25*Beta(1,2)",0.6431198837329071,1.2895546992941156,1.4105636189562825,0.5663332404617762,0.2932183839809119,0.9995041307517007,0.6578177022465876,0.6579743715122924,6.557015393543183e-07,"half-normal Monte Carlo, conditional Gaussian CDF integrated analytically",100000,12345,converged
1.9449438202247191,64,linear,dynamic,1.0,0.75,0.0001,"0.25+2.25*Beta(1,2)",0.6526231838784762,1.284285804490592,1.397554267236074,0.5758795499159701,0.3047588420147793,0.9995976036686324,0.6604312207792081,0.6605604386421529,5.671633976146638e-07,"half-normal Monte Carlo, conditional Gaussian CDF integrated analytically",100000,12345,converged
1.979775280898876,64,linear,dynamic,1.0,0.75,0.0001,"0.25+2.25*Beta(1,2)",0.6615992285923427,1.2791794910436494,1.3850094894077731,0.5849641438870677,0.31603649117317467,0.9996713105434955,0.6629119568495832,0.6630191221829235,4.923633084059814e-07,"half-normal Monte Carlo, conditional Gaussian CDF integrated analytically",100000,12345,converged
2.0146067415730338,64,linear,dynamic,1.0,0.75,0.0001,"0.25+2.25*Beta(1,2)",0.6700910511226281,1.2742282866251604,1.3729053644976783,0.5936222862464481,0.3270597001118994,0.9997298392238629,0.6652710140701571,0.6653603618375498,4.289541201796994e-07,"half-normal Monte Carlo, conditional Gaussian CDF integrated analytically",100000,12345,converged
2.049438202247191,64,linear,dynamic,1.0,0.75,0.0001,"0.25+2.25*Beta(1,2)",0.6781368313297341,1.2694251471658484,1.3612195910837586,0.6018853656773085,0.3378364262593364,0.9997766251308237,0.6675181166492118,0.6675929887730959,3.7501734800225607e-07,"half-normal Monte Carlo, conditional Gaussian CDF integrated analytically",100000,12345,converged
2.0842696629213484,64,linear,dynamic,1.0,0.75,0.0001,"0.25+2.25*Beta(1,2)",0.6857704826853577,1.2647633884144214,1.3499314005575194,0.609781361057718,0.3483741134759019,0.9998142609554772,0.6696618114783524,0.6697248605452113,3.289822982442408e-07,"half-normal Monte Carlo, conditional Gaussian CDF integrated analytically",100000,12345,converged
2.1191011235955055,64,linear,dynamic,1.0,0.75,0.0001,"0.25+2.25*Beta(1,2)",0.6930227949114618,1.26023684477661,1.3390212031041226,0.6173357579327646,0.3586803503585352,0.9998447201195776,0.6717097772989429,0.6717631200124159,2.8955759908078845e-07,"half-normal Monte Carlo, conditional Gaussian CDF integrated analytically",100000,12345,converged
2.153932584269663,64,linear,dynamic,1.0,0.75,0.0001,"0.25+2.25*Beta(1,2)",0.6999212132727362,1.255839618774332,1.3284707629153707,0.6245713611697136,0.36876212745104053,0.9998695133010768,0.6736688127900894,0.6737141475614326,2.5568164110730366e-07,"half-normal Monte Carlo, conditional Gaussian CDF integrated analytically",100000,12345,converged
2.18876404494382,64,linear,dynamic,1.0,0.75,0.0001,"0.25+2.25*Beta(1,2)",0.7064906185899906,1.2515661818438704,1.3182629436341828,0.6315089201772048,0.3786262798070243,0.9998898059390043,0.6755450411348551,0.6755837377050602,2.2647786482111483e-07,"half-normal Monte Carlo, conditional Gaussian CDF integrated analytically",100000,12345,converged
2.2235955056179773,64,linear,dynamic,1.0,0.75,0.0001,"0.25+2.25*Beta(1,2)",0.7127536551558784,1.247411354016084,1.308381619764778,0.6381673879022696,0.38827950902382496,0.9999065029286024,0.6773440053081619,0.6773771738007281,2.0122049199112633e-07,"half-normal Monte Carlo, conditional Gaussian CDF integrated analytically",100000,12345,converged
2.258426966292135,64,linear,dynamic,1.0,0.75,0.0001,"0.25+2.25*Beta(1,2)",0.718730620148261,1.243370142205512,1.2988117657991247,0.6445638288504733,0.39772792173688815,0.9999203105500134,0.6790706596888394,0.6790992043230105,1.7930791732524876e-07,"half-normal Monte Carlo, conditional Gaussian CDF integrated analytically",100000,12345,converged
2.293258426966292,64,linear,dynamic,1.0,0.75,0.0001,"0.25+2.25*Beta(1,2)",0.7244403799174592,1.2394379642088094,1.289539091748482,0.6507141525057768,0.4069778631862639,0.9999317844494979,0.6807295885259272,0.6807542490271332,1.6023819806664591e-07,"half-normal Monte Carlo, conditional Gaussian CDF integrated analytically",100000,12345,converged
2.3280898876404494,64,linear,dynamic,1.0,0.75,0.0001,"0.25+2.25*Beta(1,2)",0.7298998958662357,1.2356103846275703,1.2805502712017325,0.6566327306494544,0.4160350983218947,0.9999413632732238,0.6823249090606225,0.6823462934401967,1.4359291899729913e-07,"half-normal Monte Carlo, conditional Gaussian CDF integrated analytically",100000,12345,converged
2.3629213483146065,64,linear,dynamic,1.0,0.75,0.0001,"0.25+2.25*Beta(1,2)",0.7351247902864405,1.2318832392745571,1.2718327124602584,0.6623328498092097,0.4249052976851856,0.9999493957156571,0.6838604060868486,0.6838790162188915,1.2902136310807984e-07,"half-normal Monte Carlo, conditional Gaussian CDF integrated analytically",100000,12345,converged
2.397752808988764,64,linear,dynamic,1.0,0.75,0.0001,"0.25+2.25*Beta(1,2)",0.7401293999011977,1.2282525836921383,1.2633745464734276,0.6678267528195334,0.433593925195982,0.9999561603017814,0.6853395497591463,0.6853558016439606,1.1622888030158255e-07,"half-normal Monte Carlo, conditional Gaussian CDF integrated analytically",100000,12345,converged
2.432584269662921,64,linear,dynamic,1.0,0.75,0.0001,"0.25+2.25*Beta(1,2)",0.7449269089842236,1.2247146787705243,1.255164576383212,0.6731257445579404,0.4421062465989874,0.9999618806319257,0.6867655300152983,0.6867797698688911,1.0496718270376026e-07,"half-normal Monte Carlo, conditional Gaussian CDF integrated analytically",100000,12345,converged
2.4674157303370787,64,linear,dynamic,1.0,0.75,0.0001,"0.25+2.25*Beta(1,2)",0.7495295612154357,1.2212660166805396,1.2471921870357754,0.6782403599892695,0.45044746830160237,0.9999667371559234,0.6881413076643801,0.6881538247270487,9.502628195242863e-08,"half-normal Monte Carlo, conditional Gaussian CDF integrated analytically",100000,12345,converged
2.502247191011236,64,linear,dynamic,1.0,0.75,0.0001,"0.25+2.25*Beta(1,2)",0.753948385643805,1.2179031549372683,1.239447475905745,0.6831801477581919,0.4586222322971007,0.9999708759202559,0.6894695558439194,0.6894805927397053,8.622861290553897e-08,"half-normal Monte Carlo, conditional Gaussian CDF integrated analytically",100000,12345,converged
2.537078651685394,64,linear,dynamic,1.0,0.75,0.0001,"0.25+2.25*Beta(1,2)",0.7581939366427319,1.2146229711848908,1.231920913737468,0.6879542561585689,0.46663551138016457,0.9999744160743513,0.6907528281143809,0.6907625890261693,7.842270502810134e-08,"half-normal Monte Carlo, conditional Gaussian CDF integrated analytically",100000,12345,converged
2.5719101123595505,64,linear,dynamic,1.0,0.75,0.0001,"0.25+2.25*Beta(1,2)",0.762275641319299,1.211422349951556,1.2246036482887988,0.6925709181856767,0.4744916072728505,0.9999774548242842,0.6919934140619142,0.6920020715027938,7.147991445962982e-08,"half-normal Monte Carlo, conditional Gaussian CDF integrated analytically",100000,12345,converged
2.6067415730337076,64,linear,dynamic,1.0,0.75,0.0001,"0.25+2.25*Beta(1,2)",0.7662025924409639,1.2082984767544067,1.2174871326489107,0.6970380773173472,0.4821951681624444,0.9999800721747405,0.6931935184440423,0.6932012186042908,6.528983753127683e-08,"half-normal Monte Carlo, conditional Gaussian CDF integrated analytically",100000,12345,converged
2.641573033707865,64,linear,dynamic,1.0,0.75,0.0001,"0.25+2.25*Beta(1,2)",0.7699829791518791,1.2052485606538157,1.2105633920492649,0.7013629403101711,0.489750303104718,0.9999823339468986,0.6943551348418414,0.6943620020607401,5.975815505950125e-08,"half-normal Monte Carlo, conditional Gaussian CDF integrated analytically",100000,12345,converged
2.676404494382022,64,linear,dynamic,1.0,0.75,0.0001,"0.25+2.25*Beta(1,2)",0.7736245075266288,1.2022699812224131,1.2038248234757785,0.7055523089370663,0.4971611043189798,0.9999842946591778,0.6954801408724074,0.6954862812297529,5.480370338267723e-08,"half-normal Monte Carlo, conditional Gaussian CDF integrated analytically",100000,12345,converged
2.71123595505618,64,linear,dynamic,1.0,0.75,0.0001,"0.25+2.25*Beta(1,2)",0.7771343571631505,1.1993602412733466,1.197264213249435,0.70961254661061,0.5044315217977372,0.9999859996008666,0.6965702892768532,0.6965757935559926,5.0356548146459104e-08,"half-normal Monte Carlo, conditional Gaussian CDF integrated analytically",100000,12345,converged
2.746067415730337,64,linear,dynamic,1.0,0.75,0.0001,"0.25+2.25*Beta(1,2)",0.7805192258492376,1.196516959668935,1.1908747126887982,0.7135496143316917,0.5115653690763129,0.9999874865314007,0.6976272186039574,0.6976321647317325,4.635627752291167e-08,"half-normal Monte Carlo, conditional Gaussian CDF integrated analytically",100000,12345,converged
2.7808988764044944,64,linear,dynamic,1.0,0.75,0.0001,"0.25+2.25*Beta(1,2)",0.7837852901043522,1.1937378273012385,1.1846498550742246,0.7173690414243892,0.5185662061685502,0.999988787021578,0.698652444913583,0.6986568999846489,4.2750636526299534e-08,"half-normal Monte Carlo, conditional Gaussian CDF integrated analytically",100000,12345,converged
2.8157303370786515,64,linear,dynamic,1.0,0.75,0.0001,"0.25+2.25*Beta(1,2)",0.7869386390545232,1.191020787477727,1.1785833371762426,0.7210762627011789,0.5254379576761151,0.9999899276583065,0.6996474595744515,0.6996514814903338,3.9494029556917806e-08,"half-normal Monte Carlo, conditional Gaussian CDF integrated analytically",100000,12345,converged
2.850561797752809,64,linear,dynamic,1.0,0.75,0.0001,"0.25+2.25*Beta(1,2)",0.7899845113895649,1.188363656860057,1.172669394970192,0.7246760287946482,0.5321836921063954,0.9999909307165984,0.7006135584899319,0.7006171973983688,3.6547121787313225e-08,"half-normal Monte Carlo, conditional Gaussian CDF integrated analytically",100000,12345,converged
2.885393258426966,64,linear,dynamic,1.0,0.75,0.0001,"0.25+2.25*Beta(1,2)",0.7929281203513193,1.1857644932837812,1.1669023904821452,0.728173046036654,0.5388068523744246,0.9999918150942927,0.7015520275058438,0.7015553269285352,3.387538873184345e-08,"half-normal Monte Carlo, conditional Gaussian CDF integrated analytically",100000,12345,converged
2.9202247191011232,64,linear,dynamic,1.0,0.75,0.0001,"0.25+2.25*Beta(1,2)",0.7957742825673122,1.1832214040685558,1.1612769925852573,0.7315716901038501,0.545310647536168,0.9999925967907457,0.7024640594413802,0.7024670572533641,3.144870510100543e-08,"half-normal Monte Carlo, conditional Gaussian CDF integrated analytically",100000,12345,converged
2.955056179775281,64,linear,dynamic,1.0,0.75,0.0001,"0.25+2.25*Beta(1,2)",0.798527521761913,1.1807325786077505,1.1557881218859962,0.7348760873076622,0.5516981797413887,0.9999932894074461,0.7033507776100695,0.7033535068551273,2.9240680208548846e-08,"half-normal Monte Carlo, conditional Gaussian CDF integrated analytically",100000,12345,converged
2.989887640449438,64,linear,dynamic,1.0,0.75,0.0001,"0.25+2.25*Beta(1,2)",0.8011920907057674,1.1782962839402429,1.150430936193966,0.7380901325281958,0.5579724484227977,0.9999939045409795,0.7042132409680025,0.7042157305452363,2.7228145427050203e-08,"half-normal Monte Carlo, conditional Gaussian CDF integrated analytically",100000,12345,converged
3.024719101123595,64,linear,dynamic,1.0,0.75,0.0001,"0.25+2.25*Beta(1,2)",0.8037719911968938,1.175910860605984,1.145200816978807,0.7412175055788061,0.5641363543007105,0.9999944521064181,0.7050524487945813,0.7050547240381562,2.539071826858292e-08,"half-normal Monte Carlo, conditional Gaussian CDF integrated analytically",100000,12345,converged
3.0595505617977525,64,linear,dynamic,1.0,0.75,0.0001,"0.25+2.25*Beta(1,2)",0.8062710653231799,1.1735747566051256,1.1400933184110733,0.7442617415905001,0.5701928256919969,0.9999949406137342,0.7058693614009074,0.7058714445672257,2.3710397975994907e-08,"half-normal Monte Carlo, conditional Gaussian CDF integrated analytically",100000,12345,converged
3.09438202247191,64,linear,dynamic,1.0,0.75,0.0001,"0.25+2.25*Beta(1,2)",0.8086927230090517,1.1712863744452078,1.1351043069986058,0.7472260251873712,0.5761443386441121,0.9999953773508884,0.7066648389467095,0.7066667496424428,2.2171379752653693e-08,"half-normal Monte Carlo, conditional Gaussian CDF integrated analytically",100000,12345,converged
3.129213483146067,64,linear,dynamic,1.0,0.75,0.0001,"0.25+2.25*Beta(1,2)",0.8110403868485009,1.1690442889788186,1.130229725902812,0.7501135294775473,0.5819936372439108,0.9999957686253067,0.7074397416902116,0.7074414972156149,2.075958403592114e-08,"half-normal Monte Carlo, conditional Gaussian CDF integrated analytically",100000,12345,converged
3.1640449438202243,64,linear,dynamic,1.0,0.75,0.0001,"0.25+2.25*Beta(1,2)",0.8133172912016033,1.1668471354130312,1.1254656959281375,0.7529272637219814,0.5877433835262362,0.9999961198849304,0.7081948849324792,0.7081965005852379,1.946253053124297e-08,"half-normal Monte Carlo, conditional Gaussian CDF integrated analytically",100000,12345,converged
3.198876404494382,64,linear,dynamic,1.0,0.75,0.0001,"0.25+2.25*Beta(1,2)",0.8155262926448364,1.1646934966486029,1.120808614823846,0.7556699320132318,0.5933958083464235,0.9999964358280213,0.7089309963446343,0.7089324856872562,1.826920796940867e-08,"half-normal Monte Carlo, conditional Gaussian CDF integrated analytically",100000,12345,converged
3.233707865168539,64,linear,dynamic,1.0,0.75,0.0001,"0.25+2.25*Beta(1,2)",0.8176702855366091,1.1625821155846274,1.1162549329773872,0.7583442474894286,0.5989534075931954,0.999996720552716,0.709648809759062,0.7096501848325204,1.7169744685344766e-08,"half-normal Monte Carlo, conditional Gaussian CDF integrated analytically",100000,12345,converged
3.2685393258426965,64,linear,dynamic,1.0,0.75,0.0001,"0.25+2.25*Beta(1,2)",0.8197520153072586,1.1605117890214682,1.1118012492373808,0.7609527918214206,0.6044186108454664,0.9999969776241534,0.7103490232078828,0.710350294723183,1.615534184171945e-08,"half-normal Monte Carlo, conditional Gaussian CDF integrated analytically",100000,12345,converged
3.3033707865168536,64,linear,dynamic,1.0,0.75,0.0001,"0.25+2.25*Beta(1,2)",0.8217738854949522,1.1584812517916936,1.1074444141956703,0.7634978723506682,0.6097934218865023,0.9999972101357079,0.7110322553671096,0.7110334328763872,1.521820463880767e-08,"half-normal Monte Carlo, conditional Gaussian CDF integrated analytically",100000,12345,converged
3.338202247191011,64,linear,dynamic,1.0,0.75,0.0001,"0.25+2.25*Beta(1,2)",0.8237384279053797,1.1564894289827718,1.1031812718247822,0.765981874241466,0.6150802365287066,0.9999974208104605,0.7116991518677684,0.7117002438978776,1.4351281866780562e-08,"half-normal Monte Carlo, conditional Gaussian CDF integrated analytically",100000,12345,converged
3.373033707865168,64,linear,dynamic,1.0,0.75,0.0001,"0.25+2.25*Beta(1,2)",0.8256477970855525,1.154535147994351,1.0990089333655155,0.768406884178452,0.6202809314248797,0.9999976120157169,0.7123502710840417,0.712351285267105,1.354832846280728e-08,"half-normal Monte Carlo, conditional Gaussian CDF integrated analytically",100000,12345,converged
3.4078651685393258,64,linear,dynamic,1.0,0.75,0.0001,"0.25+2.25*Beta(1,2)",0.8275042783311023,1.1526174173858197,1.094924495790062,0.7707750690615343,0.6253977633062044,0.999997785845102,0.7129861991203155,0.7129871422933641,1.2803673008277755e-08,"half-normal Monte Carlo, conditional Gaussian CDF integrated analytically",100000,12345,converged
3.442696629213483,64,linear,dynamic,1.0,0.75,0.0001,"0.25+2.25*Beta(1,2)",0.829309806402031,1.1507351477119665,1.0909253058350876,0.773088319681944,0.6304324881968961,0.9999979441251556,0.7136074409121136,0.7136083192160536,1.2112280574500845e-08,"half-normal Monte Carlo, conditional Gaussian CDF integrated analytically",100000,12345,converged
3.4775280898876404,64,linear,dynamic,1.0,0.75,0.0001,"0.25+2.25*Beta(1,2)",0.8310664510863655,1.1488874241130145,1.087008687777803,0.7753486106964166,0.6353872364472467,0.9999980884786298,0.7142145302909131,0.7142153492453489,1.1469560623217425e-08,"half-normal Monte Carlo, conditional Gaussian CDF integrated analytically",100000,12345,converged
3.5123595505617975,64,linear,dynamic,1.0,0.75,0.0001,"0.25+2.25*Beta(1,2)",0.8327759524034227,1.1470732319279016,1.0831722016008678,0.7775576583756845,0.6402636495623228,0.9999982203257889,0.7148079246498728,0.7148086892288419,1.0871429592340446e-08,"half-normal Monte Carlo, conditional Gaussian CDF integrated analytically",100000,12345,converged
3.5471910112359546,64,linear,dynamic,1.0,0.75,0.0001,"0.25+2.25*Beta(1,2)",0.834440191237971,1.1452917267445484,1.079413376155887,0.7797172675622706,0.6450637430795599,0.9999983409341336,0.7153881117855795,0.7153888264740795,1.0314149309065999e-08,"half-normal Monte Carlo, conditional Gaussian CDF integrated analytically",100000,12345,converged
3.582022471910112,64,linear,dynamic,1.0,0.75,0.0001,"0.25+2.25*Beta(1,2)",0.8360607343924374,1.1435419611946207,1.0757299649715293,0.7818289984974076,0.6497890496257783,0.9999984514161596,0.7159555066267622,0.7159561754792494,9.794389002793076e-09,"half-normal Monte Carlo, conditional Gaussian CDF integrated analytically",100000,12345,converged
3.616853932584269,64,linear,dynamic,1.0,0.75,0.0001,"0.25+2.25*Beta(1,2)",0.83763929681429,1.1418231558724878,1.0721196812901843,0.7838945056512622,0.654441480566039,0.9999985527691706,0.7165105563330925,0.7165111830164104,9.309086933754464e-09,"half-normal Monte Carlo, conditional Gaussian CDF integrated analytically",100000,12345,converged
3.651685393258427,64,linear,dynamic,1.0,0.75,0.0001,"0.25+2.25*Beta(1,2)",0.8391772906133549,1.140134423954598,1.0685804547318705,0.7859152092653584,0.6590224647688082,0.999998645870675,0.7170536377501272,0.7170542255891111,8.855511701448075e-09,"half-normal Monte Carlo, conditional Gaussian CDF integrated analytically",100000,12345,converged
3.686516853932584,64,linear,dynamic,1.0,0.75,0.0001,"0.25+2.25*Beta(1,2)",0.8406762847438661,1.1384750462340394,1.0651101649396175,0.7878926303839844,0.6635338193123109,0.9999987315108843,0.7175851621008018,0.7175857141110219,8.431141632745304e-09,"half-normal Monte Carlo, conditional Gaussian CDF integrated analytically",100000,12345,converged
3.7213483146067414,64,linear,dynamic,1.0,0.75,0.0001,"0.25+2.25*Beta(1,2)",0.8421375525786555,1.1368441903109563,1.0617069021537455,0.7898280631659533,0.6679768738665216,0.9999988103865406,0.7181054719319251,0.7181059908555698,8.033725389882502e-09,"half-normal Monte Carlo, conditional Gaussian CDF integrated analytically",100000,12345,converged
3.7561797752808985,64,linear,dynamic,1.0,0.75,0.0001,"0.25+2.25*Beta(1,2)",0.8435625345061484,1.135241192952792,1.0583686963191057,0.7917229100841664,0.6723533605040459,0.9999988831279648,0.718614946648493,0.7186154349794245,7.661174981842265e-09,"half-normal Monte Carlo, conditional Gaussian CDF integrated analytically",100000,12345,converged
3.791011235955056,64,linear,dynamic,1.0,0.75,0.0001,"0.25+2.25*Beta(1,2)",0.8449524354238184,1.133665306593541,1.055093751027442,0.7935783917888414,0.6766646257106615,0.9999989502935341,0.7191139106985277,0.7191143707100711,7.3116169091291985e-09,"half-normal Monte Carlo, conditional Gaussian CDF integrated analytically",100000,12345,converged
3.825842696629213,64,linear,dynamic,1.0,0.75,0.0001,"0.25+2.25*Beta(1,2)",0.8463084129234879,1.132115812274152,1.051880332729465,0.7953956838345776,0.6809119892246178,0.9999990123841894,0.7196026765115618,0.7196031102785694,6.98333995334295e-09,"half-normal Monte Carlo, conditional Gaussian CDF integrated analytically",100000,12345,converged
3.8606741573033703,64,linear,dynamic,1.0,0.75,0.0001,"0.25+2.25*Beta(1,2)",0.8476317303746508,1.1305921160772123,1.048726677495786,0.7971760260855408,0.6850970474533501,0.9999990698539992,0.7200815796222483,0.7200819890390122,6.6747576204815055e-09,"half-normal Monte Carlo, conditional Gaussian CDF integrated analytically",100000,12345,converged
3.895505617977528,64,linear,dynamic,1.0,0.75,0.0001,"0.25+2.25*Beta(1,2)",0.8489234366093359,1.1290935413308665,1.045631180562609,0.7989204941144835,0.689221031871719,0.9999991231066532,0.7205509053819791,0.7205512921819006,6.384443150465741e-09,"half-normal Monte Carlo, conditional Gaussian CDF integrated analytically",100000,12345,converged
3.930337078651685,64,linear,dynamic,1.0,0.75,0.0001,"0.25+2.25*Beta(1,2)",0.8501845399302155,1.1276194361068987,1.0425922923033355,0.8006301245473458,0.6932851482524236,0.9999991725058907,0.7210109287662029,0.7210112945372915,6.111088925149694e-09,"half-normal Monte Carlo, conditional Gaussian CDF integrated analytically",100000,12345,converged
3.9651685393258425,64,linear,dynamic,1.0,0.75,0.0001,"0.25+2.25*Beta(1,2)",0.8514161550725169,1.1261692684617626,1.039608427442904,0.8023060191535912,0.6972908741241236,0.9999992183831846,0.7214619481871392,0.7214622943844456,5.8534766310262876e-09,"half-normal Monte Carlo, conditional Gaussian CDF integrated analytically",100000,12345,converged
4.0,64,linear,dynamic,1.0,0.75,0.0001,"0.25+2.25*Beta(1,2)",0.8526191977247801,1.1247424236206331,1.0366781488525891,0.8039491287125329,0.7012393355965468,0.9999992610341235,0.7219042153992727,0.7219045433590435,5.610508792873956e-09,"half-normal Monte Carlo, conditional Gaussian CDF integrated analytically",100000,12345,converged
4.2,64,linear,dynamic,1.0,0.75,0.0001,"0.25+2.25*Beta(1,2)",0.8590180546075223,1.1169739609919944,1.0208219240620413,0.812794520916497,0.7228606682009752,0.9999994554942504,0.7242863779161149,0.7242866221668256,4.452709260985162e-09,"half-normal Monte Carlo, conditional Gaussian CDF integrated analytically",100000,12345,converged
4.3795494865122535,64,linear,dynamic,1.0,0.75,0.0001,"0.25+2.25*Beta(1,2)",0.8641106616931769,1.1105613105173402,1.0078574614552405,0.8199702465756483,0.7408659103179946,0.9999995767454026,0.7262206568812581,0.7262208483792864,3.6777863845013188e-09,"half-normal Monte Carlo, conditional Gaussian CDF integrated analytically",100000,12345,converged
4.566774691621367,64,linear,dynamic,1.0,0.75,0.0001,"0.25+2.25*Beta(1,2)",0.8688644543335862,1.1043746324319414,0.9954566216031876,0.8267873424154154,0.7583710064518828,0.9999996680117554,0.7280599284517025,0.7280600798782337,3.057142905899089e-09,"half-normal Monte Carlo, conditional Gaussian CDF integrated analytically",100000,12345,converged
4.7620037513589315,64,linear,dynamic,1.0,0.75,0.0001,"0.25+2.25*Beta(1,2)",0.873303933645484,1.098407060244764,0.9835946111843432,0.8332661860096712,0.7753801737510128,0.9999997373086107,0.7298095989478445,0.7298097196859136,2.5570341412167927e-09,"half-normal Monte Carlo, conditional Gaussian CDF integrated analytically",100000,12345,converged
4.96557882953177,64,linear,dynamic,1.0,0.75,0.0001,"0.25+2.25*Beta(1,2)",0.8774517066104868,1.092651900719005,0.972247662043565,0.8394257941369243,0.7918985331529208,0.9999997903703013,0.7314747004945213,0.7314747975425056,2.1516625770429392e-09,"half-normal Monte Carlo, conditional Gaussian CDF integrated analytically",100000,12345,converged
5.177856717407615,64,linear,dynamic,1.0,0.75,0.0001,"0.25+2.25*Beta(1,2)",0.881328609992308,1.0871025987542442,0.96139302804976,0.8452839087347505,0.8079319239152741,0.9999998313339942,0.7330599151532232,0.7330599937718199,1.8211903803523686e-09,"half-normal Monte Carlo, conditional Gaussian CDF integrated analytically",100000,12345,converged
5.399209459037271,64,linear,dynamic,1.0,0.75,0.0001,"0.25+2.25*Beta(1,2)",0.8849538667645014,1.0817527383912382,0.9510089489303186,0.8508571047117803,0.8234868317299342,0.9999998632093807,0.7345696066608445,0.7345696708347055,1.550272878889343e-09,"half-normal Monte Carlo, conditional Gaussian CDF integrated analytically",100000,12345,converged
5.6300250033092345,64,linear,dynamic,1.0,0.75,0.0001,"0.25+2.25*Beta(1,2)",0.8883452257911184,1.0765960435540294,0.9410746141543208,0.8561608857535894,0.8385703198412536,0.9999998882036388,0.7360078484138433,0.7360079011834924,1.3269728465503763e-09,"half-normal Monte Carlo, conditional Gaussian CDF integrated analytically",100000,12345,converged
5.870707883879548,64,linear,dynamic,1.0,0.75,0.0001,"0.25+2.25*Beta(1,2)",0.8915190870520535,1.071626378546826,0.9315701270618656,0.8612097698642792,0.8531899633631596,0.9999999079481258,0.7373784482551359,0.737378491957406,1.1419519898826077e-09,"half-normal Monte Carlo, conditional Gaussian CDF integrated analytically",100000,12345,converged
6.121679928168599,64,linear,dynamic,1.0,0.75,0.0001,"0.25+2.25*Beta(1,2)",0.8944906143127981,1.0668377483191374,0.9224764694092285,0.8660173660766387,0.8673537869275895,0.9999999236577931,0.7386849705219839,0.7386850069654642,9.878653966071678e-10,"half-normal Monte Carlo, conditional Gaussian CDF integrated analytically",100000,12345,converged
6.383380996667419,64,linear,dynamic,1.0,0.75,0.0001,"0.25+2.25*Beta(1,2)",0.8972738669000733,1.0622243287536444,0.913775441556314,0.8705964603050452,0.8810702888344082,0.9999999362442396,0.7399307632240358,0.7399307938179762,8.589047160569486e-10,"half-normal Monte Carlo, conditional Gaussian CDF integrated analytically",100000,12345,converged
6.656269753849255,64,linear,dynamic,1.0,0.75,0.0001,"0.25+2.25*Beta(1,2)",0.8998817723256627,1.057780347483432,0.905449726455641,0.8749590105799411,0.8943480576595527,0.999999946396115,0.7411189460185433,0.7411189718683706,7.504557120221453e-10,"half-normal Monte Carlo, conditional Gaussian CDF integrated analytically",100000,12345,converged
6.9408244720375105,64,linear,dynamic,1.0,0.75,0.0001,"0.25+2.25*Beta(1,2)",0.9023263881327572,1.053500259646266,0.8974827106688388,0.8791163046110564,0.9071962067257421,0.9999999546376162,0.7422524702650435,0.7422524922433446,6.588307098373174e-10,"half-normal Monte Carlo, conditional Gaussian CDF integrated analytically",100000,12345,converged
7.237543869638944,64,linear,dynamic,1.0,0.75,0.0001,"0.25+2.25*Beta(1,2)",0.9046188593790156,1.0493786312257372,0.8898585478746022,0.8830789436609034,0.9196240039484457,0.9999999613702489,0.7433341040285972,0.7433341228284704,5.810704177114449e-10,"half-normal Monte Carlo, conditional Gaussian CDF integrated analytically",100000,12345,converged
7.546947985211224,64,linear,dynamic,1.0,0.75,0.0001,"0.25+2.25*Beta(1,2)",0.9067695451971074,1.045410198955865,0.8825620775875767,0.8868569199934476,0.9316409904496253,0.9999999669036458,0.7443664595118318,0.7443664756871107,5.147878238994741e-10,"half-normal Monte Carlo, conditional Gaussian CDF integrated analytically",100000,12345,converged
7.869579088896787,64,linear,dynamic,1.0,0.75,0.0001,"0.25+2.25*Beta(1,2)",0.9087879735273996,1.0415897453566472,0.8755788948050596,0.8904596061683371,0.9432566108299315,0.9999999714779786,0.7453519767325074,0.7453519907283769,4.5805021638635834e-10,"half-normal Monte Carlo, conditional Gaussian CDF integrated analytically",100000,12345,converged
8.206002632820356,64,linear,dynamic,1.0,0.75,0.0001,"0.25+2.25*Beta(1,2)",0.9106830837651996,1.0379123094699394,0.8688951489852212,0.8938958852796856,0.9544807334057283,0.9999999752808904,0.7462929820467246,0.7462929942230117,4.0928318964596716e-10,"half-normal Monte Carlo, conditional Gaussian CDF integrated analytically",100000,12345,converged
8.556808242115855,64,linear,dynamic,1.0,0.75,0.0001,"0.25+2.25*Beta(1,2)",0.9124630785564012,1.0343729499976375,0.8624977055096463,0.8971740903892509,0.9653229966990484,0.9999999784596679,0.7471916454271232,0.7471916560763039,3.672010972660271e-10,"half-normal Monte Carlo, conditional Gaussian CDF integrated analytically",100000,12345,converged
8.922610748319599,64,linear,dynamic,1.0,0.75,0.0001,"0.25+2.25*Beta(1,2)",0.9141356618499714,1.0309669733310762,0.8563739334894217,0.9003021250793357,0.9757933720155758,0.9999999811307526,0.7480500393228068,0.7480500486838423,3.3074747926751157e-10,"half-normal Monte Carlo, conditional Gaussian CDF integrated analytically",100000,12345,converged
9.304051266940906,64,linear,dynamic,1.0,0.75,0.0001,"0.25+2.25*Beta(1,2)",0.9157079039054364,1.0276897069761837,0.8505118596432487,0.9032874148259886,0.9859015553605681,0.9999999833865829,0.7488700988634254,0.7488701071325912,2.9905247367930413e-10,"half-normal Monte Carlo, conditional Gaussian CDF integrated analytically",100000,12345,converged
9.701798321098744,64,linear,dynamic,1.0,0.75,0.0001,"0.25+2.25*Beta(1,2)",0.9171864541340408,1.0245367203022162,0.8448999647229518,0.9061370075281682,0.9956575059425171,0.9999999853010585,0.7496536757511514,0.7496536830904411,2.71395328620298e-10,"half-normal Monte Carlo, conditional Gaussian CDF integrated analytically",100000,12345,converged
10.116549013193676,64,linear,dynamic,1.0,0.75,0.0001,"0.25+2.25*Beta(1,2)",0.9185774134802266,1.0215036014957877,0.8395273356700043,0.9088575335502016,1.0050708639315733,0.9999999869334699,0.7504024998889249,0.7504025064327088,2.4717796101933516e-10,"half-normal Monte Carlo, conditional Gaussian CDF integrated analytically",100000,12345,converged
10.54903024666867,64,linear,dynamic,1.0,0.75,0.0001,"0.25+2.25*Beta(1,2)",0.919886529620674,1.0185861772683602,0.8343834652859562,0.911455290583672,1.0141514814025758,0.9999999883317198,0.7511182301657717,0.7511182360260077,2.2590086762524063e-10,"half-normal Monte Carlo, conditional Gaussian CDF integrated analytically",100000,12345,converged
11.0,64,linear,dynamic,1.0,0.75,0.0001,"0.25+2.25*Beta(1,2)",0.9211190900688216,1.0157803147563318,0.829458385937101,0.9139362155810844,1.022908915593933,0.9999999895346318,0.7518024214570379,0.7518024267274481,2.0714638796563523e-10,"half-normal Monte Carlo, conditional Gaussian CDF integrated analytically",100000,12345,converged
0.09,128,linear,dynamic,1.0,0.75,0.0001,"0.25+2.25*Beta(1,2)",1.0205578124863912e-06,3.1319322168998287,4.055657322784989,5.766754119229459e-07,2.5681120610845683e-13,0.5000018258350766,0.5000000000005891,0.5000001613084479,1.2421957665137586e-16,"half-normal Monte Carlo, conditional Gaussian CDF integrated analytically",100000,12345,converged
0.2,128,linear,dynamic,1.0,0.75,0.0001,"0.25+2.25*Beta(1,2)",1.353631948349781e-06,2.650224855195596,3.394438485840256,8.314942200447933e-07,5.398004586728145e-13,0.5000026471051044,0.5000000000012381,0.5000002338658193,2.611014739889482e-16,"half-normal Monte Carlo, conditional Gaussian CDF integrated analytically",100000,12345,converged
0.35,128,linear,dynamic,1.0,0.75,0.0001,"0.25+2.25*Beta(1,2)",1.9591734056033447e-06,2.2694091730542434,2.884534865007777,1.3005183187547473e-06,1.3306687604252825e-12,0.5000041561340008,0.5000000000030521,0.5000003671851493,6.436444599938161e-16,"half-normal Monte Carlo, conditional Gaussian CDF integrated analytically",100000,12345,converged
0.45,128,linear,dynamic,1.0,0.75,0.0001,"0.25+2.25*Beta(1,2)",2.2001287095707805e-06,2.0954712946915706,2.655474354640683,1.5198727559040103e-06,1.8228631469244875e-12,0.5000048644259127,0.5000000000041811,0.5000004297611566,8.817188775406826e-16,"half-normal Monte Carlo, conditional Gaussian CDF integrated analytically",100000,12345,converged
0.6,128,linear,dynamic,1.0,0.75,0.0001,"0.25+2.25*Beta(1,2)",3.085394449935728e-06,1.8989003634313657,2.3993047323183863,2.239028415088547e-06,3.967673961321117e-12,0.5000071766629393,0.5000000000091006,0.5000006340421296,1.919163836964119e-15,"half-normal Monte Carlo, conditional Gaussian CDF integrated analytically",100000,12345,converged
0.8,128,linear,dynamic,1.0,0.75,0.0001,"0.25+2.25*Beta(1,2)",4.706951238179824e-06,1.7084718820048708,2.1536466855104934,3.6011049739482676e-06,1.0287383769892105e-11,0.5000115559866526,0.500000000023596,0.5000010209455912,4.9760073774781614e-15,"half-normal Monte Carlo, conditional Gaussian CDF integrated analytically",100000,12345,converged
0.9,128,linear,dynamic,1.0,0.75,0.0001,"0.25+2.25*Beta(1,2)",6.423040419423833e-06,1.632996699881705,2.056906572606598,5.0262953138568355e-06,2.0057035540156624e-11,0.500016135704535,0.5000000000460046,0.5000014255534299,9.701587790454269e-15,"half-normal Monte Carlo, conditional Gaussian CDF integrated analytically",100000,12345,converged
0.9348314606741572,128,linear,dynamic,1.0,0.75,0.0001,"0.25+2.25*Beta(1,2)",7.476220965626549e-06,1.6090216810526627,2.02624620444882,5.893878526591079e-06,2.7584939976274122e-11,0.5000189230258382,0.5000000000632713,0.500001671807037,1.3342835049317664e-14,"half-normal Monte Carlo, conditional Gaussian CDF integrated analytically",100000,12345,converged
0.9696629213483148,128,linear,dynamic,1.0,0.75,0.0001,"0.25+2.25*Beta(1,2)",8.546702515636653e-06,1.5860970508537993,1.99695953957121,6.786310227267657e-06,3.657866994464717e-11,0.5000217905662304,0.5000000000839001,0.5000019251478215,1.7693102092384588e-14,"half-normal Monte Carlo, conditional Gaussian CDF integrated analytically",100000,12345,converged
1.004494382022472,128,linear,dynamic,1.0,0.75,0.0001,"0.25+2.25*Beta(1,2)",9.830160718926509e-06,1.5641469001211497,1.96894516030857,7.85998738953397e-06,4.907808592534985e-11,0.5000252405241268,0.50000000011257,0.5000022299438909,2.373906939862804e-14,"half-normal Monte Carlo, conditional Gaussian CDF integrated analytically",100000,12345,converged
1.0393258426966292,128,linear,dynamic,1.0,0.75,0.0001,"0.25+2.25*Beta(1,2)",1.1775384422117082e-05,1.543102890761649,1.942111959579503,9.479330201901966e-06,7.139633614050735e-11,0.5000304433557874,0.500000000163761,0.50000268960244,3.4534406648517566e-14,"half-normal Monte Carlo, conditional Gaussian CDF integrated analytically",100000,12345,converged
1.0741573033707863,128,linear,dynamic,1.0,0.75,0.0001,"0.25+2.25*Beta(1,2)",1.4502721429873691e-05,1.5229033010764137,1.916377818769572,1.1752042166416851e-05,1.0975337264525492e-10,0.5000377453535446,0.5000000002517402,0.5000033347176229,5.308770450745174e-14,"half-normal Monte Carlo, conditional Gaussian CDF integrated analytically",100000,12345,converged
1.1089887640449438,128,linear,dynamic,1.0,0.75,0.0001,"0.25+2.25*Beta(1,2)",1.906879191296469e-05,1.5034922155302333,1.8916684885684416,1.5551510847850333e-05,1.9222122016480986e-10,0.5000499522695135,0.5000000004408959,0.5000044131713706,9.297740065097771e-14,"half-normal Monte Carlo, conditional Gaussian CDF integrated analytically",100000,12345,converged
1.1438202247191012,128,linear,dynamic,1.0,0.75,0.0001,"0.25+2.25*Beta(1,2)",2.710751176298559e-05,1.484818833634371,1.867916636738304,2.2246050620893135e-05,3.933886446150596e-10,0.5000714604041963,0.5000000009023116,0.5000063133670172,1.9028207856079752e-13,"half-normal Monte Carlo, conditional Gaussian CDF integrated analytically",100000,12345,converged
1.1786516853932585,128,linear,dynamic,1.0,0.75,0.0001,"0.25+2.25*Beta(1,2)",4.61514278583811e-05,1.466836877718528,1.845061033824711,3.810607623779944e-05,1.1544085828706036e-09,0.500122414912784,0.5000000026478552,0.5000108150840927,5.583873879530474e-13,"half-normal Monte Carlo, conditional Gaussian CDF integrated analytically",100000,12345,converged
1.2134831460674158,128,linear,dynamic,1.0,0.75,0.0001,"0.25+2.25*Beta(1,2)",0.0001494838366148,1.449504085549752,1.8230458489480783,0.0001241608033523,1.2257188935743898e-08,0.5003988870415311,0.5000000281141844,0.5000352407843407,5.928799092687583e-12,"half-normal Monte Carlo, conditional Gaussian CDF integrated analytically",100000,12345,converged
1.2483146067415731,128,linear,dynamic,1.0,0.75,0.0001,"0.25+2.25*Beta(1,2)",0.1366539106426662,1.4357215780256258,1.7961666879858358,0.114047810130251,0.010396747372525071,0.8209855091512162,0.5207642356922471,0.5323445063721943,3.2739487614875753e-06,"half-normal Monte Carlo, conditional Gaussian CDF integrated analytically",100000,12345,converged
1.2831460674157302,128,linear,dynamic,1.0,0.75,0.0001,"0.25+2.25*Beta(1,2)",0.226290622105849,1.4248977580827376,1.7660713703208233,0.1895722238612028,0.02899511679629903,0.9369694459266947,0.5469189163510655,0.5536867243103955,4.287187104788079e-06,"half-normal Monte Carlo, conditional Gaussian CDF integrated analytically",100000,12345,converged
1.3179775280898878,128,linear,dynamic,1.0,0.75,0.0001,"0.25+2.25*Beta(1,2)",0.2860660655598422,1.4145538842633434,1.737531284633842,0.2405229905986479,0.04709773837662621,0.9740220929126003,0.564490523114117,0.5680248073648412,3.3834682799539947e-06,"half-normal Monte Carlo, conditional Gaussian CDF integrated analytically",100000,12345,converged
1.3528089887640449,128,linear,dynamic,1.0,0.75,0.0001,"0.25+2.25*Beta(1,2)",0.3327223022341374,1.4046588995449034,1.7104318053041334,0.2807349445204786,0.06472291386343829,0.9884351763546075,0.5774638897854305,0.5792980251377218,2.332183374378727e-06,"half-normal Monte Carlo, conditional Gaussian CDF integrated analytically",100000,12345,converged
1.3876404494382022,128,linear,dynamic,1.0,0.75,0.0001,"0.25+2.25*Beta(1,2)",0.3714191543393065,1.3951839945814066,1.6846697976479246,0.3144477953279979,0.08188678185050238,0.994569938466186,0.5877528225491323,0.5887162924027296,1.5247695476999668e-06,"half-normal Monte Carlo, conditional Gaussian CDF integrated analytically",100000,12345,converged
1.4224719101123595,128,linear,dynamic,1.0,0.75,0.0001,"0.25+2.25*Beta(1,2)",0.4045966225402271,1.386102653752673,1.6601517563560466,0.3436564943896204,0.09860449585058971,0.9973409523230521,0.5963349100782687,0.5968499674401371,9.757120847601706e-07,"half-normal Monte Carlo, conditional Gaussian CDF integrated analytically",100000,12345,converged
1.4573033707865168,128,linear,dynamic,1.0,0.75,0.0001,"0.25+2.25*Beta(1,2)",0.4336502199075354,1.3773905892223288,1.6367924419802051,0.3694970838939053,0.11489087339525242,0.9986508932567445,0.6037436268598129,0.6040243066469325,6.202495981786799e-07,"half-normal Monte Carlo, conditional Gaussian CDF integrated analytically",100000,12345,converged
1.4921348314606742,128,linear,dynamic,1.0,0.75,0.0001,"0.25+2.25*Beta(1,2)",0.4594714538689277,1.3690254333753873,1.6145141343537586,0.3926926533773815,0.13076009210964804,0.9992939108646812,0.6102905744096302,0.6104465446200096,3.9479221420015276e-07,"half-normal Monte Carlo, conditional Gaussian CDF integrated analytically",100000,12345,converged
1.5269662921348317,128,linear,dynamic,1.0,0.75,0.0001,"0.25+2.25*Beta(1,2)",0.4826735470421313,1.3609865956455347,1.5932457597096057,0.4137391081938045,0.14622587356309405,0.9996200072833861,0.616170534180593,0.6162588892429007,2.5273936105624175e-07,"half-normal Monte Carlo, conditional Gaussian CDF integrated analytically",100000,12345,converged
1.5617977528089888,128,linear,dynamic,1.0,0.75,0.0001,"0.25+2.25*Beta(1,2)",0.5037010538091777,1.3532551016839165,1.572922187494772,0.432995141145859,0.16130152758069569,0.9997902444656003,0.6215132224761973,0.6215642200120624,1.631610197302261e-07,"half-normal Monte Carlo, conditional Gaussian CDF integrated analytically",100000,12345,converged
1.596629213483146,128,linear,dynamic,1.0,0.75,0.0001,"0.25+2.25*Beta(1,2)",0.5228889981076057,1.3458134114247375,1.55348367354153,0.4507306362797429,0.1759998569657748,0.9998814782277412,0.6264099603138977,0.6264399320835674,1.063813608379895e-07,"half-normal Monte Carlo, conditional Gaussian CDF integrated analytically",100000,12345,converged
1.6314606741573034,128,linear,dynamic,1.0,0.75,0.0001,"0.25+2.25*Beta(1,2)",0.5404979731384422,1.3386453587452622,1.5348752126020162,0.4671553225957826,0.19033342682726206,0.9999315629271459,0.630928214738109,0.630946137878865,7.011232421012358e-08,"half-normal Monte Carlo, conditional Gaussian CDF integrated analytically",100000,12345,converged
1.6662921348314603,128,linear,dynamic,1.0,0.75,0.0001,"0.25+2.25*Beta(1,2)",0.5567349837314035,1.3317358733630802,1.5170463069133706,0.482435727612896,0.20431402831799367,0.9999596759365704,0.6351196361992953,0.635130534223762,4.673006728207826e-08,"half-normal Monte Carlo, conditional Gaussian CDF integrated analytically",100000,12345,converged
1.701123595505618,128,linear,dynamic,1.0,0.75,0.0001,"0.25+2.25*Beta(1,2)",0.5717684539757225,1.3250710598958886,1.499950265829839,0.496707372332254,0.21795333646007373,0.9999757862958174,0.6390251614536573,0.6390318944079836,3.1502147845723266e-08,"half-normal Monte Carlo, conditional Gaussian CDF integrated analytically",100000,12345,converged
1.7359550561797752,128,linear,dynamic,1.0,0.75,0.0001,"0.25+2.25*Beta(1,2)",0.5857372625621879,1.318637988818654,1.4835440065141643,0.5100820744217885,0.23126253029729038,0.9999851990333514,0.6426779481170766,0.6426821717852085,2.1479017697847703e-08,"half-normal Monte Carlo, conditional Gaussian CDF integrated analytically",100000,12345,converged
1.7707865168539323,128,linear,dynamic,1.0,0.75,0.0001,"0.25+2.25*Beta(1,2)",0.5987574710846686,1.312424604856396,1.467787728138572,0.52265338025733,0.2442522868305799,0.9999907995223999,0.6461053736539246,0.6461080621818313,1.480999346232525e-08,"half-normal Monte Carlo, conditional Gaussian CDF integrated analytically",100000,12345,converged
1.8056179775280896,128,linear,dynamic,1.0,0.75,0.0001,"0.25+2.25*Beta(1,2)",0.6109272941074927,1.3064196753521555,1.452644578500637,0.5345005692754371,0.256932882419689,0.999994189369328,0.6493304200041403,0.6493321554321456,1.0324305880124546e-08,"half-normal Monte Carlo, conditional Gaussian CDF integrated analytically",100000,12345,converged
1.8404494382022472,128,linear,dynamic,1.0,0.75,0.0001,"0.25+2.25*Beta(1,2)",0.6223309871201127,1.300612803917323,1.4380802771541683,0.5456917818928652,0.26931449077120895,0.9999962747051326,0.6523726980814504,0.6523738333563691,7.27451749936256e-09,"half-normal Monte Carlo, conditional Gaussian CDF integrated analytically",100000,12345,converged
1.8752808988764045,128,linear,dynamic,1.0,0.75,0.0001,"0.25+2.25*Beta(1,2)",0.6330408211408332,1.2949941768919744,1.424063143379318,0.5562855876171151,0.28140653951600636,0.9999975773515976,0.6552489771863677,0.6552497294173856,5.1789991018238656e-09,"half-normal Monte Carlo, conditional Gaussian CDF integrated analytically",100000,12345,converged
1.9101123595505616,128,linear,dynamic,1.0,0.75,0.0001,"0.25+2.25*Beta(1,2)",0.6431198837329071,1.2895546992941156,1.4105636189562825,0.5663332404617762,0.2932183839809119,0.9999984030105158,0.6579738669454722,0.6579743715122924,3.724208661100408e-09,"half-normal Monte Carlo, conditional Gaussian CDF integrated analytically",100000,12345,converged
1.9449438202247191,128,linear,dynamic,1.0,0.75,0.0001,"0.25+2.25*Beta(1,2)",0.6526231838784762,1.284285804490592,1.397554267236074,0.5758795499159701,0.3047588420147793,0.99999893362201,0.6605600962059172,0.6605604386421529,2.704048403270284e-09,"half-normal Monte Carlo, conditional Gaussian CDF integrated analytically",100000,12345,converged
1.979775280898876,128,linear,dynamic,1.0,0.75,0.0001,"0.25+2.25*Beta(1,2)",0.6615992285923427,1.2791794910436494,1.3850094894077731,0.5849641438870677,0.31603649117317467,0.999999279137894,0.663018887154308,0.6630191221829235,1.9816651469521223e-09,"half-normal Monte Carlo, conditional Gaussian CDF integrated analytically",100000,12345,converged
2.0146067415730338,128,linear,dynamic,1.0,0.75,0.0001,"0.25+2.25*Beta(1,2)",0.6700910511226281,1.2742282866251604,1.3729053644976783,0.5936222862464481,0.3270597001118994,0.9999995069668449,0.665360198781268,0.6653603618375498,1.4652913225215504e-09,"half-normal Monte Carlo, conditional Gaussian CDF integrated analytically",100000,12345,converged
2.049438202247191,128,linear,dynamic,1.0,0.75,0.0001,"0.25+2.25*Beta(1,2)",0.6781368313297341,1.2694251471658484,1.3612195910837586,0.6018853656773085,0.3378364262593364,0.9999996590019469,0.6675928744753301,0.6675929887730959,1.0928029688491897e-09,"half-normal Monte Carlo, conditional Gaussian CDF integrated analytically",100000,12345,converged
2.0842696629213484,128,linear,dynamic,1.0,0.75,0.0001,"0.25+2.25*Beta(1,2)",0.6857704826853577,1.2647633884144214,1.3499314005575194,0.609781361057718,0.3483741134759019,0.9999997616218425,0.6697247796278122,0.6697248605452113,8.217438811612254e-10,"half-normal Monte Carlo, conditional Gaussian CDF integrated analytically",100000,12345,converged
2.1191011235955055,128,linear,dynamic,1.0,0.75,0.0001,"0.25+2.25*Beta(1,2)",0.6930227949114618,1.26023684477661,1.3390212031041226,0.6173357579327646,0.3586803503585352,0.9999998316497212,0.6717630621796776,0.6717631200124159,6.228161382507538e-10,"half-normal Monte Carlo, conditional Gaussian CDF integrated analytically",100000,12345,converged
2.153932584269663,128,linear,dynamic,1.0,0.75,0.0001,"0.25+2.25*Beta(1,2)",0.6999212132727362,1.255839618774332,1.3284707629153707,0.6245713611697136,0.36876212745104053,0.9999998799381141,0.6737141058485362,0.6737141475614326,4.756341052834123e-10,"half-normal Monte Carlo, conditional Gaussian CDF integrated analytically",100000,12345,converged
2.18876404494382,128,linear,dynamic,1.0,0.75,0.0001,"0.25+2.25*Beta(1,2)",0.7064906185899906,1.2515661818438704,1.3182629436341828,0.6315089201772048,0.3786262798070243,0.999999913570659,0.6755837073538867,0.6755837377050602,3.6588202892137755e-10,"half-normal Monte Carlo, conditional Gaussian CDF integrated analytically",100000,12345,converged
2.2235955056179773,128,linear,dynamic,1.0,0.75,0.0001,"0.25+2.25*Beta(1,2)",0.7127536551558784,1.247411354016084,1.308381619764778,0.6381673879022696,0.38827950902382496,0.9999999372214341,0.677377151529759,0.6773771738007281,2.834220615662946e-10,"half-normal Monte Carlo, conditional Gaussian CDF integrated analytically",100000,12345,converged
2.258426966292135,128,linear,dynamic,1.0,0.75,0.0001,"0.25+2.25*Beta(1,2)",0.718730620148261,1.243370142205512,1.2988117657991247,0.6445638288504733,0.39772792173688815,0.9999999540061503,0.6790991878480868,0.6790992043230105,2.2101921354212115e-10,"half-normal Monte Carlo, conditional Gaussian CDF integrated analytically",100000,12345,converged
2.293258426966292,128,linear,dynamic,1.0,0.75,0.0001,"0.25+2.25*Beta(1,2)",0.7244403799174592,1.2394379642088094,1.289539091748482,0.6507141525057768,0.4069778631862639,0.9999999660239868,0.6807542367445156,0.6807542490271332,1.7346419686283872e-10,"half-normal Monte Carlo, conditional Gaussian CDF integrated analytically",100000,12345,converged
2.3280898876404494,128,linear,dynamic,1.0,0.75,0.0001,"0.25+2.25*Beta(1,2)",0.7298998958662357,1.2356103846275703,1.2805502712017325,0.6566327306494544,0.4160350983218947,0.9999999747018516,0.6823462842141496,0.6823462934401967,1.3698167320005097e-10,"half-normal Monte Carlo, conditional Gaussian CDF integrated analytically",100000,12345,converged
2.3629213483146065,128,linear,dynamic,1.0,0.75,0.0001,"0.25+2.25*Beta(1,2)",0.7351247902864405,1.2318832392745571,1.2718327124602584,0.6623328498092097,0.4249052976851856,0.9999999810192232,0.6838790092385584,0.6838790162188915,1.0881313932349664e-10,"half-normal Monte Carlo, conditional Gaussian CDF integrated analytically",100000,12345,converged
2.397752808988764,128,linear,dynamic,1.0,0.75,0.0001,"0.25+2.25*Beta(1,2)",0.7401293999011977,1.2282525836921383,1.2633745464734276,0.6678267528195334,0.433593925195982,0.9999999856543419,0.6853557963258587,0.6853558016439606,8.692911110827199e-11,"half-normal Monte Carlo, conditional Gaussian CDF integrated analytically",100000,12345,converged
2.432584269662921,128,linear,dynamic,1.0,0.75,0.0001,"0.25+2.25*Beta(1,2)",0.7449269089842236,1.2247146787705243,1.255164576383212,0.6731257445579404,0.4421062465989874,0.9999999890808919,0.6867797657899541,0.6867797698688911,6.982613942989174e-11,"half-normal Monte Carlo, conditional Gaussian CDF integrated analytically",100000,12345,converged
2.4674157303370787,128,linear,dynamic,1.0,0.75,0.0001,"0.25+2.25*Beta(1,2)",0.7495295612154357,1.2212660166805396,1.2471921870357754,0.6782403599892695,0.45044746830160237,0.9999999916324697,0.688153821578283,0.6881538247270487,5.638284795487133e-11,"half-normal Monte Carlo, conditional Gaussian CDF integrated analytically",100000,12345,converged
2.502247191011236,128,linear,dynamic,1.0,0.75,0.0001,"0.25+2.25*Beta(1,2)",0.753948385643805,1.2179031549372683,1.239447475905745,0.6831801477581919,0.4586222322971007,0.9999999935457587,0.6894805902937984,0.6894805927397053,4.575813938414319e-11,"half-normal Monte Carlo, conditional Gaussian CDF integrated analytically",100000,12345,converged
2.537078651685394,128,linear,dynamic,1.0,0.75,0.0001,"0.25+2.25*Beta(1,2)",0.7581939366427319,1.2146229711848908,1.231920913737468,0.6879542561585689,0.46663551138016457,0.9999999949901628,0.6907625871147902,0.6907625890261693,3.731616881770878e-11,"half-normal Monte Carlo, conditional Gaussian CDF integrated analytically",100000,12345,converged
2.5719101123595505,128,linear,dynamic,1.0,0.75,0.0001,"0.25+2.25*Beta(1,2)",0.762275641319299,1.211422349951556,1.2246036482887988,0.6925709181856767,0.4744916072728505,0.9999999960876546,0.692002070000437,0.6920020715027938,3.0574390401953825e-11,"half-normal Monte Carlo, conditional Gaussian CDF integrated analytically",100000,12345,converged
2.6067415730337076,128,linear,dynamic,1.0,0.75,0.0001,"0.25+2.25*Beta(1,2)",0.7662025924409639,1.2082984767544067,1.2174871326489107,0.6970380773173472,0.4821951681624444,0.9999999969268166,0.6932012174168053,0.6932012186042908,2.5163653551183826e-11,"half-normal Monte Carlo, conditional Gaussian CDF integrated analytically",100000,12345,converged
2.641573033707865,128,linear,dynamic,1.0,0.75,0.0001,"0.25+2.25*Beta(1,2)",0.7699829791518791,1.2052485606538157,1.2105633920492649,0.7013629403101711,0.489750303104718,0.9999999975723303,0.6943620011170465,0.6943620020607401,2.080059467194911e-11,"half-normal Monte Carlo, conditional Gaussian CDF integrated analytically",100000,12345,converged
2.676404494382022,128,linear,dynamic,1.0,0.75,0.0001,"0.25+2.25*Beta(1,2)",0.7736245075266288,1.2022699812224131,1.2038248234757785,0.7055523089370663,0.4971611043189798,0.9999999980717865,0.6954862804758744,0.6954862812297529,1.7266211635215243e-11,"half-normal Monte Carlo, conditional Gaussian CDF integrated analytically",100000,12345,converged
2.71123595505618,128,linear,dynamic,1.0,0.75,0.0001,"0.25+2.25*Beta(1,2)",0.7771343571631505,1.1993602412733466,1.197264213249435,0.70961254661061,0.5044315217977372,0.9999999984604151,0.6965757929507024,0.6965757935559926,1.4390438230713325e-11,"half-normal Monte Carlo, conditional Gaussian CDF integrated analytically",100000,12345,converged
2.746067415730337,128,linear,dynamic,1.0,0.75,0.0001,"0.25+2.25*Beta(1,2)",0.7805192258492376,1.196516959668935,1.1908747126887982,0.7135496143316917,0.5115653690763129,0.9999999987644583,0.6976321642433669,0.6976321647317325,1.2040544806491945e-11,"half-normal Monte Carlo, conditional Gaussian CDF integrated analytically",100000,12345,converged
2.7808988764044944,128,linear,dynamic,1.0,0.75,0.0001,"0.25+2.25*Beta(1,2)",0.7837852901043522,1.1937378273012385,1.1846498550742246,0.7173690414243892,0.5185662061685502,0.9999999990035774,0.6986568995887563,0.6986568999846489,1.0112468327119699e-11,"half-normal Monte Carlo, conditional Gaussian CDF integrated analytically",100000,12345,converged
2.8157303370786515,128,linear,dynamic,1.0,0.75,0.0001,"0.25+2.25*Beta(1,2)",0.7869386390545232,1.191020787477727,1.1785833371762426,0.7210762627011789,0.5254379576761151,0.9999999991926042,0.6996514811679383,0.6996514814903338,8.524096130934593e-12,"half-normal Monte Carlo, conditional Gaussian CDF integrated analytically",100000,12345,converged
2.850561797752809,128,linear,dynamic,1.0,0.75,0.0001,"0.25+2.25*Beta(1,2)",0.7899845113895649,1.188363656860057,1.172669394970192,0.7246760287946482,0.5321836921063954,0.9999999993427612,0.700617197134662,0.7006171973983688,7.210599640608769e-12,"half-normal Monte Carlo, conditional Gaussian CDF integrated analytically",100000,12345,converged
2.885393258426966,128,linear,dynamic,1.0,0.75,0.0001,"0.25+2.25*Beta(1,2)",0.7929281203513193,1.1857644932837812,1.1669023904821452,0.728173046036654,0.5388068523744246,0.9999999994626129,0.7015553267119087,0.7015553269285352,6.120334958916545e-12,"half-normal Monte Carlo, conditional Gaussian CDF integrated analytically",100000,12345,converged
2.9202247191011232,128,linear,dynamic,1.0,0.75,0.0001,"0.25+2.25*Beta(1,2)",0.7957742825673122,1.1832214040685558,1.1612769925852573,0.7315716901038501,0.545310647536168,0.999999999558718,0.7024670570746739,0.7024670572533641,5.212094335025095e-12,"half-normal Monte Carlo, conditional Gaussian CDF integrated analytically",100000,12345,converged
2.955056179775281,128,linear,dynamic,1.0,0.75,0.0001,"0.25+2.25*Beta(1,2)",0.798527521761913,1.1807325786077505,1.1557881218859962,0.7348760873076622,0.5516981797413887,0.9999999996361262,0.7033535067071373,0.7033535068551273,4.452841856725422e-12,"half-normal Monte Carlo, conditional Gaussian CDF integrated analytically",100000,12345,converged
2.989887640449438,128,linear,dynamic,1.0,0.75,0.0001,"0.25+2.25*Beta(1,2)",0.8011920907057674,1.1782962839402429,1.150430936193966,0.7380901325281958,0.5579724484227977,0.999999999698745,0.7042157304221943,0.7042157305452363,3.815987069706582e-12,"half-normal Monte Carlo, conditional Gaussian CDF integrated analytically",100000,12345,converged
3.024719101123595,128,linear,dynamic,1.0,0.75,0.0001,"0.25+2.25*Beta(1,2)",0.8037719911968938,1.175910860605984,1.145200816978807,0.7412175055788061,0.5641363543007105,0.999999999749613,0.7050547239354701,0.7050547240381562,3.280044550157345e-12,"half-normal Monte Carlo, conditional Gaussian CDF integrated analytically",100000,12345,converged
3.0595505617977525,128,linear,dynamic,1.0,0.75,0.0001,"0.25+2.25*Beta(1,2)",0.8062710653231799,1.1735747566051256,1.1400933184110733,0.7442617415905001,0.5701928256919969,0.9999999997911042,0.7058714444812144,0.7058714445672257,2.8275801418966613e-12,"half-normal Monte Carlo, conditional Gaussian CDF integrated analytically",100000,12345,converged
3.09438202247191,128,linear,dynamic,1.0,0.75,0.0001,"0.25+2.25*Beta(1,2)",0.8086927230090517,1.1712863744452078,1.1351043069986058,0.7472260251873712,0.5761443386441121,0.9999999998250797,0.7066667495701424,0.7066667496424428,2.444427088221123e-12,"half-normal Monte Carlo, conditional Gaussian CDF integrated analytically",100000,12345,converged
3.129213483146067,128,linear,dynamic,1.0,0.75,0.0001,"0.25+2.25*Beta(1,2)",0.8110403868485009,1.1690442889788186,1.130229725902812,0.7501135294775473,0.5819936372439108,0.9999999998530076,0.7074414971546303,0.7074414972156149,2.118989025813782e-12,"half-normal Monte Carlo, conditional Gaussian CDF integrated analytically",100000,12345,converged
3.1640449438202243,128,linear,dynamic,1.0,0.75,0.0001,"0.25+2.25*Beta(1,2)",0.8133172912016033,1.1668471354130312,1.1254656959281375,0.7529272637219814,0.5877433835262362,0.9999999998760504,0.7081965005336261,0.7081965005852379,1.8417630423841055e-12,"half-normal Monte Carlo, conditional Gaussian CDF integrated analytically",100000,12345,converged
3.198876404494382,128,linear,dynamic,1.0,0.75,0.0001,"0.25+2.25*Beta(1,2)",0.8155262926448364,1.1646934966486029,1.120808614823846,0.7556699320132318,0.5933958083464235,0.9999999998951304,0.7089324856434349,0.7089324856872562,1.6049493806753694e-12,"half-normal Monte Carlo, conditional Gaussian CDF integrated analytically",100000,12345,converged
3.233707865168539,128,linear,dynamic,1.0,0.75,0.0001,"0.25+2.25*Beta(1,2)",0.8176702855366091,1.1625821155846274,1.1162549329773872,0.7583442474894286,0.5989534075931954,0.9999999999109849,0.7096501847951964,0.7096501848325204,1.4020977678602345e-12,"half-normal Monte Carlo, conditional Gaussian CDF integrated analytically",100000,12345,converged
3.2685393258426965,128,linear,dynamic,1.0,0.75,0.0001,"0.25+2.25*Beta(1,2)",0.8197520153072586,1.1605117890214682,1.1118012492373808,0.7609527918214206,0.6044186108454664,0.9999999999242042,0.7103502946912956,0.710350294723183,1.2278707690065622e-12,"half-normal Monte Carlo, conditional Gaussian CDF integrated analytically",100000,12345,converged
3.3033707865168536,128,linear,dynamic,1.0,0.75,0.0001,"0.25+2.25*Beta(1,2)",0.8217738854949522,1.1584812517916936,1.1074444141956703,0.7634978723506682,0.6097934218865023,0.999999999935262,0.7110334328490634,0.7110334328763872,1.0778477059392038e-12,"half-normal Monte Carlo, conditional Gaussian CDF integrated analytically",100000,12345,converged
3.338202247191011,128,linear,dynamic,1.0,0.75,0.0001,"0.25+2.25*Beta(1,2)",0.8237384279053797,1.1564894289827718,1.1031812718247822,0.765981874241466,0.6150802365287066,0.9999999999445424,0.7117002438743968,0.7117002438978776,9.483350074603671e-13,"half-normal Monte Carlo, conditional Gaussian CDF integrated analytically",100000,12345,converged
3.373033707865168,128,linear,dynamic,1.0,0.75,0.0001,"0.25+2.25*Beta(1,2)",0.8256477970855525,1.154535147994351,1.0990089333655155,0.768406884178452,0.6202809314248797,0.9999999999523547,0.71235128524687,0.712351285267105,8.362592146965752e-13,"half-normal Monte Carlo, conditional Gaussian CDF integrated analytically",100000,12345,converged
3.4078651685393258,128,linear,dynamic,1.0,0.75,0.0001,"0.25+2.25*Beta(1,2)",0.8275042783311023,1.1526174173858197,1.094924495790062,0.7707750690615343,0.6253977633062044,0.9999999999589514,0.7129871422758784,0.7129871422933641,7.390371656102406e-13,"half-normal Monte Carlo, conditional Gaussian CDF integrated analytically",100000,12345,converged
3.442696629213483,128,linear,dynamic,1.0,0.75,0.0001,"0.25+2.25*Beta(1,2)",0.829309806402031,1.1507351477119665,1.0909253058350876,0.773088319681944,0.6304324881968961,0.999999999964538,0.7136083192009037,0.7136083192160536,6.545079666238705e-13,"half-normal Monte Carlo, conditional Gaussian CDF integrated analytically",100000,12345,converged
3.4775280898876404,128,linear,dynamic,1.0,0.75,0.0001,"0.25+2.25*Beta(1,2)",0.8310664510863655,1.1488874241130145,1.087008687777803,0.7753486106964166,0.6353872364472467,0.9999999999692828,0.7142153492321888,0.7142153492453489,5.808451118935938e-13,"half-normal Monte Carlo, conditional Gaussian CDF integrated analytically",100000,12345,converged
3.5123595505617975,128,linear,dynamic,1.0,0.75,0.0001,"0.25+2.25*Beta(1,2)",0.8327759524034227,1.1470732319279016,1.0831722016008678,0.7775576583756845,0.6402636495623228,0.9999999999733239,0.7148086892173813,0.7148086892288419,5.165130974383858e-13,"half-normal Monte Carlo, conditional Gaussian CDF integrated analytically",100000,12345,converged
3.5471910112359546,128,linear,dynamic,1.0,0.75,0.0001,"0.25+2.25*Beta(1,2)",0.834440191237971,1.1452917267445484,1.079413376155887,0.7797172675622706,0.6450637430795599,0.9999999999767748,0.7153888264640746,0.7153888264740795,4.602069190217382e-13,"half-normal Monte Carlo, conditional Gaussian CDF integrated analytically",100000,12345,converged
3.582022471910112,128,linear,dynamic,1.0,0.75,0.0001,"0.25+2.25*Beta(1,2)",0.8360607343924374,1.1435419611946207,1.0757299649715293,0.7818289984974076,0.6497890496257783,0.9999999999797302,0.7159561754704946,0.7159561754792494,4.1082442306713133e-13,"half-normal Monte Carlo, conditional Gaussian CDF integrated analytically",100000,12345,converged
3.616853932584269,128,linear,dynamic,1.0,0.75,0.0001,"0.25+2.25*Beta(1,2)",0.83763929681429,1.1418231558724878,1.0721196812901843,0.7838945056512622,0.654441480566039,0.9999999999822669,0.7165111830087315,0.7165111830164104,3.6742393693620155e-13,"half-normal Monte Carlo, conditional Gaussian CDF integrated analytically",100000,12345,converged
3.651685393258427,128,linear,dynamic,1.0,0.75,0.0001,"0.25+2.25*Beta(1,2)",0.8391772906133549,1.140134423954598,1.0685804547318705,0.7859152092653584,0.6590224647688082,0.9999999999844504,0.717054225582361,0.7170542255891111,3.292067558973003e-13,"half-normal Monte Carlo, conditional Gaussian CDF integrated analytically",100000,12345,converged
3.686516853932584,128,linear,dynamic,1.0,0.75,0.0001,"0.25+2.25*Beta(1,2)",0.8406762847438661,1.1384750462340394,1.0651101649396175,0.7878926303839844,0.6635338193123109,0.999999999986334,0.7175857141050749,0.7175857141110219,2.954869522871684e-13,"half-normal Monte Carlo, conditional Gaussian CDF integrated analytically",100000,12345,converged
3.7213483146067414,128,linear,dynamic,1.0,0.75,0.0001,"0.25+2.25*Beta(1,2)",0.8421375525786555,1.1368441903109563,1.0617069021537455,0.7898280631659533,0.6679768738665216,0.9999999999879632,0.7181059908503191,0.7181059908555698,2.6568044338482186e-13,"half-normal Monte Carlo, conditional Gaussian CDF integrated analytically",100000,12345,converged
3.7561797752808985,128,linear,dynamic,1.0,0.75,0.0001,"0.25+2.25*Beta(1,2)",0.8435625345061484,1.135241192952792,1.0583686963191057,0.7917229100841664,0.6723533605040459,0.9999999999893754,0.7186154349747791,0.7186154349794245,2.392830827303229e-13,"half-normal Monte Carlo, conditional Gaussian CDF integrated analytically",100000,12345,converged
3.791011235955056,128,linear,dynamic,1.0,0.75,0.0001,"0.25+2.25*Beta(1,2)",0.8449524354238184,1.133665306593541,1.055093751027442,0.7935783917888414,0.6766646257106615,0.9999999999906021,0.7191143707059526,0.7191143707100711,2.1586345404451755e-13,"half-normal Monte Carlo, conditional Gaussian CDF integrated analytically",100000,12345,converged
3.825842696629213,128,linear,dynamic,1.0,0.75,0.0001,"0.25+2.25*Beta(1,2)",0.8463084129234879,1.132115812274152,1.051880332729465,0.7953956838345776,0.6809119892246178,0.9999999999916703,0.719603110274911,0.7196031102785694,1.95049562582996e-13,"half-normal Monte Carlo, conditional Gaussian CDF integrated analytically",100000,12345,converged
3.8606741573033703,128,linear,dynamic,1.0,0.75,0.0001,"0.25+2.25*Beta(1,2)",0.8476317303746508,1.1305921160772123,1.048726677495786,0.7971760260855408,0.6850970474533501,0.9999999999926024,0.7200819890357559,0.7200819890390122,1.7651875510934457e-13,"half-normal Monte Carlo, conditional Gaussian CDF integrated analytically",100000,12345,converged
3.895505617977528,128,linear,dynamic,1.0,0.75,0.0001,"0.25+2.25*Beta(1,2)",0.8489234366093359,1.1290935413308665,1.045631180562609,0.7989204941144835,0.689221031871719,0.9999999999934176,0.7205512921789972,0.7205512921819006,1.599933564025058e-13,"half-normal Monte Carlo, conditional Gaussian CDF integrated analytically",100000,12345,converged
3.930337078651685,128,linear,dynamic,1.0,0.75,0.0001,"0.25+2.25*Beta(1,2)",0.8501845399302155,1.1276194361068987,1.0425922923033355,0.8006301245473458,0.6932851482524236,0.9999999999941318,0.7210112945346977,0.7210112945372915,1.4523251080302122e-13,"half-normal Monte Carlo, conditional Gaussian CDF integrated analytically",100000,12345,converged
3.9651685393258425,128,linear,dynamic,1.0,0.75,0.0001,"0.25+2.25*Beta(1,2)",0.8514161550725169,1.1261692684617626,1.039608427442904,0.8023060191535912,0.6972908741241236,0.9999999999947589,0.7214622943821243,0.7214622943844456,1.3202599057691829e-13,"half-normal Monte Carlo, conditional Gaussian CDF integrated analytically",100000,12345,converged
4.0,128,linear,dynamic,1.0,0.75,0.0001,"0.25+2.25*Beta(1,2)",0.8526191977247801,1.1247424236206331,1.0366781488525891,0.8039491287125329,0.7012393355965468,0.9999999999953105,0.7219045433569623,0.7219045433590435,1.2019194112979596e-13,"half-normal Monte Carlo, conditional Gaussian CDF integrated analytically",100000,12345,converged
4.2,128,linear,dynamic,1.0,0.75,0.0001,"0.25+2.25*Beta(1,2)",0.8590180546075223,1.1169739609919944,1.0208219240620413,0.812794520916497,0.7228606682009752,0.9999999999974412,0.7242866221656777,0.7242866221668256,7.194952346675948e-14,"half-normal Monte Carlo, conditional Gaussian CDF integrated analytically",100000,12345,converged
4.3795494865122535,128,linear,dynamic,1.0,0.75,0.0001,"0.25+2.25*Beta(1,2)",0.8641106616931769,1.1105613105173402,1.0078574614552405,0.8199702465756483,0.7408659103179946,0.9999999999984486,0.7262208483785845,0.7262208483792864,4.699364813151957e-14,"half-normal Monte Carlo, conditional Gaussian CDF integrated analytically",100000,12345,converged
4.566774691621367,128,linear,dynamic,1.0,0.75,0.0001,"0.25+2.25*Beta(1,2)",0.8688644543335862,1.1043746324319414,0.9954566216031876,0.8267873424154154,0.7583710064518828,0.9999999999990429,0.7280600798777971,0.7280600798782337,3.1093258543721644e-14,"half-normal Monte Carlo, conditional Gaussian CDF integrated analytically",100000,12345,converged
4.7620037513589315,128,linear,dynamic,1.0,0.75,0.0001,"0.25+2.25*Beta(1,2)",0.873303933645484,1.098407060244764,0.9835946111843432,0.8332661860096712,0.7753801737510128,0.9999999999994,0.7298097196856378,0.7298097196859136,2.0835214192338138e-14,"half-normal Monte Carlo, conditional Gaussian CDF integrated analytically",100000,12345,converged
4.96557882953177,128,linear,dynamic,1.0,0.75,0.0001,"0.25+2.25*Beta(1,2)",0.8774517066104868,1.092651900719005,0.972247662043565,0.8394257941369243,0.7918985331529208,0.9999999999996174,0.7314747975423284,0.7314747975425056,1.4135866237177837e-14,"half-normal Monte Carlo, conditional Gaussian CDF integrated analytically",100000,12345,converged
5.177856717407615,128,linear,dynamic,1.0,0.75,0.0001,"0.25+2.25*Beta(1,2)",0.881328609992308,1.0871025987542442,0.96139302804976,0.8452839087347505,0.8079319239152741,0.9999999999997523,0.7330599937717044,0.7330599937718199,9.707952161357702e-15,"half-normal Monte Carlo, conditional Gaussian CDF integrated analytically",100000,12345,converged
5.399209459037271,128,linear,dynamic,1.0,0.75,0.0001,"0.25+2.25*Beta(1,2)",0.8849538667645014,1.0817527383912382,0.9510089489303186,0.8508571047117803,0.8234868317299342,0.9999999999998374,0.7345696708346292,0.7345696708347055,6.746854777671187e-15,"half-normal Monte Carlo, conditional Gaussian CDF integrated analytically",100000,12345,converged
5.6300250033092345,128,linear,dynamic,1.0,0.75,0.0001,"0.25+2.25*Beta(1,2)",0.8883452257911184,1.0765960435540294,0.9410746141543208,0.8561608857535894,0.8385703198412536,0.9999999999998913,0.7360079011834411,0.7360079011834924,4.7438500642676704e-15,"half-normal Monte Carlo, conditional Gaussian CDF integrated analytically",100000,12345,converged
5.870707883879548,128,linear,dynamic,1.0,0.75,0.0001,"0.25+2.25*Beta(1,2)",0.8915190870520535,1.071626378546826,0.9315701270618656,0.8612097698642792,0.8531899633631596,0.9999999999999264,0.7373784919573712,0.737378491957406,3.3736765108153397e-15,"half-normal Monte Carlo, conditional Gaussian CDF integrated analytically",100000,12345,converged
6.121679928168599,128,linear,dynamic,1.0,0.75,0.0001,"0.25+2.25*Beta(1,2)",0.8944906143127981,1.0668377483191374,0.9224764694092285,0.8660173660766387,0.8673537869275895,0.9999999999999495,0.7386850069654401,0.7386850069654642,2.4260812787975223e-15,"half-normal Monte Carlo, conditional Gaussian CDF integrated analytically",100000,12345,converged
6.383380996667419,128,linear,dynamic,1.0,0.75,0.0001,"0.25+2.25*Beta(1,2)",0.8972738669000733,1.0622243287536444,0.913775441556314,0.8705964603050452,0.8810702888344082,0.9999999999999648,0.7399307938179593,0.7399307938179762,1.7636895495003092e-15,"half-normal Monte Carlo, conditional Gaussian CDF integrated analytically",100000,12345,converged
6.656269753849255,128,linear,dynamic,1.0,0.75,0.0001,"0.25+2.25*Beta(1,2)",0.8998817723256627,1.057780347483432,0.905449726455641,0.8749590105799411,0.8943480576595527,0.9999999999999752,0.7411189718683587,0.7411189718683706,1.2958101601018055e-15,"half-normal Monte Carlo, conditional Gaussian CDF integrated analytically",100000,12345,converged
6.9408244720375105,128,linear,dynamic,1.0,0.75,0.0001,"0.25+2.25*Beta(1,2)",0.9023263881327572,1.053500259646266,0.8974827106688388,0.8791163046110564,0.9071962067257421,0.9999999999999826,0.7422524922433361,0.7422524922433446,9.619411194845583e-16,"half-normal Monte Carlo, conditional Gaussian CDF integrated analytically",100000,12345,converged
7.237543869638944,128,linear,dynamic,1.0,0.75,0.0001,"0.25+2.25*Beta(1,2)",0.9046188593790156,1.0493786312257372,0.8898585478746022,0.8830789436609034,0.9196240039484457,0.9999999999999873,0.7433341228284643,0.7433341228284704,7.213224257064633e-16,"half-normal Monte Carlo, conditional Gaussian CDF integrated analytically",100000,12345,converged
7.546947985211224,128,linear,dynamic,1.0,0.75,0.0001,"0.25+2.25*Beta(1,2)",0.9067695451971074,1.045410198955865,0.8825620775875767,0.8868569199934476,0.9316409904496253,0.9999999999999907,0.7443664756871061,0.7443664756871107,5.462232675970679e-16,"half-normal Monte Carlo, conditional Gaussian CDF integrated analytically",100000,12345,converged
7.869579088896787,128,linear,dynamic,1.0,0.75,0.0001,"0.25+2.25*Beta(1,2)",0.9087879735273996,1.0415897453566472,0.8755788948050596,0.8904596061683371,0.9432566108299315,0.9999999999999933,0.7453519907283737,0.7453519907283769,4.1759875801447437e-16,"half-normal Monte Carlo, conditional Gaussian CDF integrated analytically",100000,12345,converged
8.206002632820356,128,linear,dynamic,1.0,0.75,0.0001,"0.25+2.25*Beta(1,2)",0.9106830837651996,1.0379123094699394,0.8688951489852212,0.8938958852796856,0.9544807334057283,0.9999999999999948,0.7462929942230091,0.7462929942230117,3.2224198599265846e-16,"half-normal Monte Carlo, conditional Gaussian CDF integrated analytically",100000,12345,converged
8.556808242115855,128,linear,dynamic,1.0,0.75,0.0001,"0.25+2.25*Beta(1,2)",0.9124630785564012,1.0343729499976375,0.8624977055096463,0.8971740903892509,0.9653229966990484,0.9999999999999961,0.747191656076302,0.7471916560763039,2.5091618948466235e-16,"half-normal Monte Carlo, conditional Gaussian CDF integrated analytically",100000,12345,converged
8.922610748319599,128,linear,dynamic,1.0,0.75,0.0001,"0.25+2.25*Beta(1,2)",0.9141356618499714,1.0309669733310762,0.8563739334894217,0.9003021250793357,0.9757933720155758,0.9999999999999971,0.7480500486838408,0.7480500486838423,1.971007498891312e-16,"half-normal Monte Carlo, conditional Gaussian CDF integrated analytically",100000,12345,converged
9.304051266940906,128,linear,dynamic,1.0,0.75,0.0001,"0.25+2.25*Beta(1,2)",0.9157079039054364,1.0276897069761837,0.8505118596432487,0.9032874148259886,0.9859015553605681,0.9999999999999977,0.7488701071325901,0.7488701071325912,1.5615340968573346e-16,"half-normal Monte Carlo, conditional Gaussian CDF integrated analytically",100000,12345,converged
9.701798321098744,128,linear,dynamic,1.0,0.75,0.0001,"0.25+2.25*Beta(1,2)",0.9171864541340408,1.0245367203022162,0.8448999647229518,0.9061370075281682,0.9956575059425171,0.9999999999999981,0.7496536830904401,0.7496536830904411,1.247411618474127e-16,"half-normal Monte Carlo, conditional Gaussian CDF integrated analytically",100000,12345,converged
10.116549013193676,128,linear,dynamic,1.0,0.75,0.0001,"0.25+2.25*Beta(1,2)",0.9185774134802266,1.0215036014957877,0.8395273356700043,0.9088575335502016,1.0050708639315733,0.9999999999999987,0.7504025064327081,0.7504025064327088,1.0045117442785668e-16,"half-normal Monte Carlo, conditional Gaussian CDF integrated analytically",100000,12345,converged
10.54903024666867,128,linear,dynamic,1.0,0.75,0.0001,"0.25+2.25*Beta(1,2)",0.919886529620674,1.0185861772683602,0.8343834652859562,0.911455290583672,1.0141514814025758,0.9999999999999991,0.7511182360260072,0.7511182360260077,8.152498104284211e-17,"half-normal Monte Carlo, conditional Gaussian CDF integrated analytically",100000,12345,converged
11.0,128,linear,dynamic,1.0,0.75,0.0001,"0.25+2.25*Beta(1,2)",0.9211190900688216,1.0157803147563318,0.829458385937101,0.9139362155810844,1.022908915593933,0.9999999999999994,0.7518024267274479,0.7518024267274481,6.666685694724638e-17,"half-normal Monte Carlo, conditional Gaussian CDF integrated analytically",100000,12345,converged
