activation,activation_name,masking_protocol,k_views,k_label,alpha,rho,num_seeds,cosine_sq_mean,cosine_sq_std,cosine_sq_sem,cosine_abs_mean,cosine_abs_std,cosine_abs_sem,probe_test_accuracy_mean,probe_test_accuracy_std,probe_test_accuracy_sem,probe_train_accuracy_mean,probe_train_accuracy_std,probe_train_accuracy_sem,pretrain_train_loss_mean,pretrain_train_loss_std,pretrain_train_loss_sem,pretrain_test_loss_mean,pretrain_test_loss_std,pretrain_test_loss_sem,overlap_mean,overlap_std,overlap_sem,R_mean,R_std,R_sem,S_gamma_mean,S_gamma_std,S_gamma_sem,final_gradient_norm_mean,final_gradient_norm_std,final_gradient_norm_sem,last_step_norm_mean,last_step_norm_std,last_step_norm_sem,last_step_relative_norm_mean,last_step_relative_norm_std,last_step_relative_norm_sem,train_loss_per_sample_mean,train_loss_per_sample_std,train_loss_per_sample_sem,test_loss_per_sample_mean,test_loss_per_sample_std,test_loss_per_sample_sem,train_centered_loss_per_sample_mean,train_centered_loss_per_sample_std,train_centered_loss_per_sample_sem,test_centered_loss_per_sample_mean,test_centered_loss_per_sample_std,test_centered_loss_per_sample_sem,train_gain_mean,train_gain_std,train_gain_sem,test_gain_mean,test_gain_std,test_gain_sem,train_relative_gain_mean,train_relative_gain_std,train_relative_gain_sem,test_relative_gain_mean,test_relative_gain_std,test_relative_gain_sem,ridge_penalty_per_sample_mean,ridge_penalty_per_sample_std,ridge_penalty_per_sample_sem,regularized_centered_train_objective_per_sample_mean,regularized_centered_train_objective_per_sample_std,regularized_centered_train_objective_per_sample_sem,probe_test_loss_mean,probe_test_loss_std,probe_test_loss_sem,probe_train_loss_mean,probe_train_loss_std,probe_train_loss_sem
elu,elu,full_reconstruction,0,full,0.1,,30,0.0013083420398034746,0.0011584131800170395,0.00021149634320220844,0.03164639863684878,0.017816521578575033,0.0032528369216210324,0.4985133359829585,0.012167358298029644,0.0022214455350261673,0.5213333259026209,0.03875059692551296,0.007074858684297929,0.9885037603096097,0.01094513957644333,0.001998299947020184,0.9963833434833053,0.010792721100911661,0.001970472267943769,0.00433101035790363,0.036828954341942194,0.006724016354136524,1.0150030970573425,0.0014077778117082696,0.0002570238878092932,1.4187475562095642,0.027018313655557246,0.004932846618299523,1.614571036913833e-08,2.8980597589820888e-08,5.2911090099749164e-09,0.0016499796829520738,0.0027570658860664107,0.0005033690594421805,3.662788114031601e-05,6.121470108128907e-05,1.1176224211052633e-05,1977.0075206192193,21.890279152886613,3.9965998940403593,1992.7666869666105,21.58544220182332,3.9409445358875375,-16.492597440803635,0.2576078447698359,0.04703254252357612,-1.2072178544708392,0.13342870248919092,0.02436063672399186,16.492597440803635,0.2576078447698359,0.04703254252357612,1.2072178544708392,0.13342870248919092,0.02436063672399186,16.547126090560194,0.24351162033404747,0.04445893582386383,1.2107681833946875,0.13235634473482513,0.024164851880064616,0.0005075015485286167,7.03888905866883e-07,1.285119439069741e-07,-16.49208993925511,0.2576082303802438,0.047032612926082386,0.695932674407959,0.003602357964226258,0.0006576975724050365,0.6898108959197998,0.0051952069160746345,0.0009485106729469753
elu,elu,full_reconstruction,0,full,0.1333521432163324,,30,0.0017096261315652397,0.003434198677030958,0.0006269960274547514,0.03135536725505351,0.027413822511444166,0.005005056325653632,0.501209999124209,0.01272259332622984,0.0023228171182469223,0.5243333280086517,0.03979978556489254,0.007266413445920044,0.9903177862273783,0.01114572565508597,0.00203492178701821,0.996610008944039,0.010735699088487755,0.001960061520450798,-0.003854564315406609,0.042360165406482554,0.00773387271092683,1.0190642158190408,0.0014174553335717206,0.0002587907534844137,1.4359052817026774,0.023640678267113937,0.004316177587206815,1.4581531005789886e-10,8.901517728510873e-11,1.6251873519791842e-11,1.7828261782900275e-05,7.966230073878951e-06,1.4544279699131825e-06,3.949163371430586e-07,1.7646488052553093e-07,3.2217931890429124e-08,1980.6355724547566,22.291451310171958,4.069843574036423,1993.2200178880778,21.471398176975548,3.9201230409016024,-13.225378738952294,0.24697096618504705,0.04509052307613196,-1.2079005441888042,0.11888606527569551,0.021705526574843356,13.225378738952294,0.24697096618504705,0.04509052307613196,1.2079005441888042,0.11888606527569551,0.021705526574843356,13.266140073855967,0.20114946526227045,0.03672469985141578,1.2115983844675084,0.12174916893204982,0.022228255393863614,0.00038167199094340663,5.308821474009145e-07,9.692537583608781e-08,-13.224997066961352,0.24697123103950003,0.045090571431718074,0.6961328705151876,0.0036556607600275372,0.0006674292869511873,0.689168918132782,0.006786917254771915,0.0012391158921198715
elu,elu,full_reconstruction,0,full,0.1778279410038923,,30,0.0012330033928416304,0.0012196474596633889,0.00022267614195383678,0.030016205007657316,0.018533217981178466,0.003383687183817267,0.5029466678698857,0.010653111789739053,0.0019449832116214371,0.530333329240481,0.047740920151543985,0.008716259627684532,0.9916530479662717,0.01130129248771389,0.002063324274828191,0.9963429014260616,0.011766191520440752,0.0021482028372238025,-0.00175075051374734,0.036016573878147516,0.006575696652370905,1.0225476106007894,0.0019091210112725694,0.00034855621429368694,1.4770233114560445,0.02393347998902858,0.0043696356231964825,9.125794922978011e-11,5.1764531197346685e-11,9.450867138488895e-12,1.2184294852583359e-05,4.349146747789733e-06,7.940419265548894e-07,2.6943919427443084e-07,9.62330953978648e-08,1.756967904265238e-08,1983.3060959325435,22.60258497542781,4.126648549656387,1992.6858028521233,23.532383040881427,4.296405674447591,-10.89111569528299,0.23904270737864447,0.043643027679463396,-1.243286517259145,0.0920269251588955,0.01680174093578892,10.89111569528299,0.23904270737864447,0.043643027679463396,1.243286517259145,0.0920269251588955,0.01680174093578892,10.923032657908475,0.21628167606101908,0.03948745091788174,1.2471222809397868,0.09175982539404248,0.016752975413684146,0.0002872324748878133,5.362699469893721e-07,9.790904895939291e-08,-10.890828462808104,0.23904293370614638,0.043643069001022786,0.6995239774386088,0.012729913156949236,0.002324153530380966,0.6870348989963532,0.009684937494404305,0.001768219577904267
elu,elu,full_reconstruction,0,full,0.2371373705661655,,30,0.0018526903081862722,0.0026826923554782323,0.0004897903726473653,0.03243684128229888,0.028777534984894396,0.005254035020206917,0.4986600011587143,0.013430684859635654,0.002452096353455185,0.5369999994834264,0.040611703951284814,0.0074146487842801255,0.9924096277879314,0.011375014460877162,0.002076784004056629,0.996403577251638,0.011124323524417315,0.002031014310436245,0.009740586724365117,0.043361313445917905,0.0079166564991271,1.0276214957237244,0.0023050440094030357,0.00042084153333073096,1.505870509147644,0.02458460448212086,0.0044885141474000695,6.314112508306232e-11,3.50049620736231e-11,6.391002450778729e-12,1.1334529335726985e-05,4.924037588545848e-06,8.990021537499675e-07,2.500071412706954e-07,1.0855258029525298e-07,1.981889896770029e-08,1984.8192555758628,22.750028921754293,4.153568008113252,1992.807154503276,22.24864704883473,4.062028620872509,-8.961172999377112,0.09431994200310952,0.017220386619227365,-1.2520172805730359,0.08646385311242774,0.015786067586163313,8.961172999377112,0.09431994200310952,0.017220386619227365,1.2520172805730359,0.08646385311242774,0.015786067586163313,8.989825722665787,0.10709464375660574,0.019552717391157586,1.2556232349166732,0.0833713246658571,0.015221451722858931,0.00021679778390790668,4.86296204509888e-07,8.878513361307038e-08,-8.960956201593204,0.09432015252322601,0.017220425054766234,0.6992231249809265,0.0067692383897512,0.0012358881877322266,0.6874370455741883,0.007168246515510594,0.0013087367714343192
elu,elu,full_reconstruction,0,full,0.3162277660168379,,30,0.0020156621389408316,0.0021240508007030166,0.0003877968456106507,0.038059778361128775,0.024221294635861174,0.004422183148013348,0.5045833309491475,0.012511406322534849,0.0022842598229883644,0.5343333264191945,0.04182750550845729,0.007636622763717883,0.9928267243343866,0.010936902514719746,0.0019967960721823273,0.9961636308161843,0.011145138226770395,0.0020348145377717575,-0.001815955368025857,0.04657395243765028,0.008503201447424592,1.03245982726415,0.003044804580885121,0.0005559027173819479,1.5445282975832622,0.019286329511582368,0.0035211859083237517,4.993174606421346e-11,2.605942924832043e-11,4.757779078338331e-12,9.728204531711526e-06,3.2261536773396383e-06,5.890123810190544e-07,2.1408021477024401e-07,7.095818162749536e-08,1.295513223897595e-08,1985.653448668773,21.873805029439513,3.993592144364659,1992.3272616323686,22.29027645354081,4.069629075543518,-7.4789263468916785,0.11644421804510353,0.02125970830478444,-1.2856024373641024,0.06528745773803182,0.011919804441761746,7.4789263468916785,0.11644421804510353,0.02125970830478444,1.2856024373641024,0.06528745773803182,0.011919804441761746,7.504780867555912,0.09006726460620278,0.01644395750586797,1.290092500272048,0.07111664253705169,0.01298406311052488,0.00016336389671895666,4.817728767172948e-07,8.79592907240726e-08,-7.47876298299496,0.11644454862766712,0.02125976866062684,0.6977072656154633,0.006071374249943964,0.0011084762105834393,0.6873832364877065,0.006371158874068261,0.001163209144258801
elu,elu,full_reconstruction,0,full,0.4216965034285823,,30,0.0026983167064826854,0.0038436989672368713,0.0007017602095383149,0.041600474010446975,0.0316399562195442,0.005776639246640079,0.5040499995152156,0.014030280735639153,0.00256156708234658,0.5276666591564815,0.03318530356448449,0.006058779779974917,0.9935158739291593,0.011083042216815702,0.002023477409310674,0.9960946888909276,0.011087734968558824,0.0020243341846395008,-0.00863628497657675,0.05312335164649061,0.009698952675687371,1.0400773882865906,0.0032025629019423354,0.0005847053144076741,1.5968353112538656,0.024989686921782592,0.004562471744017388,4.3570798069029566e-11,1.8540873735723373e-11,3.385084926970256e-12,8.388059510859118e-06,2.577675584042514e-06,4.7061702110346286e-07,1.8392054433509958e-07,5.65384535812591e-08,1.032246213097145e-08,1987.0317478583188,22.166084433631482,4.046954818621362,1992.189377781855,22.17546993711768,4.048668369279007,-6.307604751877207,0.07421850149931568,0.013550382485135399,-1.3103423325202956,0.05214505287026543,0.009520340573114629,6.307604751877207,0.07421850149931568,0.013550382485135399,1.3103423325202956,0.05214505287026543,0.009520340573114629,6.328913260281547,0.059948333289200385,0.010945018142444307,1.3148199068217774,0.05552798748616692,0.010137977106346069,0.00012337810062708002,3.799007001152142e-07,6.936006102170276e-08,-6.3074813737765805,0.07421870543701448,0.013550419718894714,0.6969831824302674,0.006657680078172056,0.0012155205198225308,0.6877602895100912,0.008591891590327989,0.0015686576118871915
elu,elu,full_reconstruction,0,full,0.5623413251903491,,30,0.0025418450553956486,0.0030946986133361357,0.0005650120797347197,0.0407696936889125,0.030166385698516547,0.005507603308492917,0.5039733340342839,0.014123395988264285,0.002578567523783439,0.5293333292007446,0.03443468317256455,0.006286884244719054,0.9941815893273206,0.011208884375690656,0.0020464529390109946,0.9961639265070601,0.011198916549847428,0.0020446330713231216,0.0158629882110593,0.049994281026214504,0.00912766515477007,1.0452621181805928,0.0027449561712752438,0.0005011581381234885,1.6421992580095928,0.021687365580627137,0.003959553113790202,2.8579963338067522e-11,1.2381373921042914e-11,2.260519263153797e-12,7.006053844330988e-06,1.8609067693615106e-06,3.39753538331121e-07,1.5322720585686512e-07,4.0688257941358926e-08,7.428625566690331e-09,1988.363178654641,22.417768751381324,4.092905878021991,1992.3278530141201,22.397833099694868,4.089266142646244,-5.42622666469829,0.08188177244227442,0.014949497938379524,-1.3492523951247888,0.05973050710843821,0.010905248704838093,5.42622666469829,0.08188177244227442,0.014949497938379524,1.3492523951247888,0.05973050710843821,0.010905248704838093,5.443043925337676,0.04503391849292213,0.008222031003807502,1.3536057166504634,0.0595979630777768,0.010881049586352791,9.291218828271937e-05,2.4399610411335526e-07,4.454739005542125e-08,-5.426133752510007,0.08188189391131741,0.014949520115491152,0.6963000575701396,0.005144527691169894,0.0009392579547212405,0.6890110115210215,0.004646551939588096,0.000848340437310594
elu,elu,full_reconstruction,0,full,0.7498942093324559,,30,0.0032725105822464322,0.004585324085876237,0.0008371618117687234,0.04446166681353731,0.03661077804005819,0.006684182993451548,0.5057500024636586,0.013738165165547721,0.002508234319967394,0.5293333272139231,0.043226215749223494,0.007891991147144927,0.9942146890731364,0.011208649320031863,0.0020464100239154645,0.9961264396210469,0.011110209921128766,0.002028437530806639,-0.003605111610765254,0.059589275155565974,0.010879463396028551,1.0528037230173746,0.0036573690455947157,0.0006677411757977888,1.6912701884905497,0.02642452743536995,0.004824436582588753,2.347123967983792e-11,1.0400944144485179e-11,1.898943909095268e-12,5.794681449818503e-06,1.956865317669793e-06,3.572730921624195e-07,1.262781341419365e-07,4.263070304426014e-08,7.783265899881812e-09,1988.429378146273,22.41729864006374,4.092820047830932,1992.2528792420935,22.220419842257556,4.056875061613283,-4.680710216803807,0.05316655112393752,0.00970683978511074,-1.3773042715722386,0.05297815080861899,0.009672442750930392,4.680710216803807,0.05316655112393752,0.00970683978511074,1.3773042715722386,0.05297815080861899,0.009672442750930392,4.697130342108813,0.04867493192474403,0.008886786066736886,1.3816701635127233,0.04994258556162401,0.009118226897411095,7.018691486782499e-05,2.4382460303964526e-07,4.45160783865188e-08,-4.68064002988894,0.05316668409435646,0.009706864062076718,0.6950384020805359,0.0034900163513260324,0.0006371868938943809,0.6896600584189098,0.003636916393980038,0.0006640070495810709
elu,elu,full_reconstruction,0,full,1.0,,30,0.0045894119398629096,0.0057737687766980135,0.0010541411336055034,0.056752980592365374,0.037625804613858144,0.006869500643764021,0.5006933331489563,0.017635932291058802,0.0032198659794822233,0.5283333241939545,0.035241368281257596,0.006434164121663951,0.9946847893529707,0.011220306640934069,0.0020485383497882027,0.9961029190219702,0.011214406077482217,0.0020474610592200126,-0.010685272545864165,0.06996314063579398,0.012773463440043563,1.0595645785331727,0.0027868645920865283,0.0005088095339327416,1.7600124756495157,0.030577136196784066,0.005582595746295453,2.4721077401581213e-09,1.3443509183533125e-08,2.4544377439496504e-09,0.0033525512401107937,0.018334716723857603,0.003347445978374676,7.286898800534191e-05,0.00039851248041136933,7.275809165621422e-05,1989.3695787059412,22.440613281868046,4.097076699576388,1992.2058380439405,22.428812154964376,4.094922118440015,-4.131456481491976,0.04076533382143465,0.007442697632742677,-1.4067616788474688,0.05143887960878274,0.00939141156484094,4.131456481491976,0.04076533382143465,0.007442697632742677,1.4067616788474688,0.05143887960878274,0.00939141156484094,4.145137893187083,0.03620602768290309,0.006610286026527508,1.4114709530910283,0.05480703849383646,0.010006350431042732,5.2978228926658636e-05,1.393432296043255e-07,2.5440476696636908e-08,-4.13140350326305,0.040765337250208915,0.007442698258748348,0.6965634047985076,0.005984353949764739,0.001092588550127095,0.6888857503732045,0.00727666836611811,0.0013285318025357165
elu,elu,full_reconstruction,0,full,1.333521432163324,,30,0.0029821857790778483,0.004161981156827316,0.0007598703211685891,0.04437235313728374,0.03237623739301781,0.005911065182432701,0.5014399965604146,0.014685025796982608,0.0026811066288508845,0.5346666644016902,0.032561180315072796,0.005944830985852848,0.9949330582494701,0.011336173256052854,0.002069692602708979,0.9960731993583616,0.011221752608359142,0.0020488023461135794,-0.005845109778844447,0.05711491988148848,0.010427709996397177,1.0672375202178954,0.0032769277280628186,0.0005982824119913869,1.8285996357599894,0.032594312604981295,0.005950880086707743,1.8590891731155394e-11,3.12399330472984e-11,5.703605341652146e-12,1.4767402573548219e-05,5.852849986929081e-05,1.0685793211782914e-05,3.203421118295561e-07,1.2707232578804068e-06,2.3200126422918437e-07,1989.86611649894,22.672346512105797,4.139385205417973,1992.146398716723,22.443505216718265,4.097604692227155,-3.6703423013731973,0.04500014733811672,0.008215865262714193,-1.4576628725670084,0.03836295585146878,0.007004085430808086,3.6703423013731973,0.04500014733811672,0.008215865262714193,1.4576628725670084,0.03836295585146878,0.007004085430808086,3.6823574480545114,0.033858775395770736,0.006181738351254847,1.4623847628662792,0.03682430607551339,0.00672316770067774,4.001640495755139e-05,1.228694311234653e-07,2.2432786351383093e-08,-3.67030228496824,0.04500020916648712,0.008215876550978581,0.6978094895680745,0.006731334376286032,0.0012289678933339425,0.6882119099299113,0.0068494084152295985,0.0012505251648623208
elu,elu,full_reconstruction,0,full,1.7782794100389228,,30,0.006588920499295104,0.009832532857675689,0.0017951666811865691,0.0644577389886438,0.050180230862503526,0.009161614794736699,0.5071433315674464,0.018006523808314287,0.0032875264240225213,0.5420000006755193,0.04521214410176641,0.008254570399237203,0.9952444235232344,0.01129778412354376,0.0020626837380962166,0.9960945935262745,0.0111997437672655,0.0020447840998697345,0.004631249226319297,0.08600386337103781,0.015702085333636567,1.073312517007192,0.002942573984689023,0.0005372380495140131,1.9103259563446044,0.03156852924294914,0.005763598524541576,1.4929004198948234e-11,2.913309268637394e-11,5.318950678071929e-12,1.4242265554759614e-05,5.857349972536485e-05,1.0694009023868327e-05,3.078575029273149e-07,1.2667396151767532e-06,2.3127395390590706e-07,1990.488847046469,22.595568247087627,4.125367476192453,1992.189187052549,22.399487534531087,4.089568199739485,-3.316801497172807,0.03133430968405866,0.005720836079270501,-1.510460934494043,0.03845010850414216,0.007019997255413294,3.316801497172807,0.03133430968405866,0.005720836079270501,1.510460934494043,0.03845010850414216,0.007019997255413294,3.327252085139983,0.023740952879196954,0.004334485142867797,1.5153675943452591,0.04016687698985906,0.007333434863960337,3.0174656086792014e-05,8.272628576578625e-08,1.5103684270846553e-08,-3.31677132251672,0.031334361413829115,0.005720845523791226,0.6993349512418111,0.007457394850474272,0.0013615277932758746,0.6853319982687632,0.007859948410998713,0.001435023681843627
elu,elu,full_reconstruction,0,full,2.3713737056616555,,30,0.009600969432115828,0.012090887197123154,0.0022074838860382546,0.0808159518986202,0.05635250522995558,0.01028851276212484,0.5045500020186107,0.02521977952690556,0.00460448071406438,0.5303333282470704,0.03614943412029256,0.006599953502910386,0.9952054320035422,0.011225606286011368,0.002049505928173405,0.996043043397323,0.011238290364810154,0.002051821713533161,-0.005358722185095143,0.10398873102717884,0.018985657903307737,1.0817325075467428,0.0030075329941943426,0.0005490978877870984,1.9884849270184835,0.035021029272351824,0.006393935906505275,9.293253088367889e-12,3.916753395344402e-12,7.15098062271693e-13,3.33520167714596e-06,9.367118155378357e-07,1.710193970838969e-07,7.170260059770801e-08,2.0134600730159943e-08,3.676058335422863e-09,1990.4108640070842,22.451212572022815,4.0990118563468245,1992.086086794646,22.476580729620306,4.103643427066322,-3.0331068935689856,0.03092931482166292,0.005646894472001218,-1.5555829637612388,0.035808610428761205,0.00653772789491575,3.0331068935689856,0.03092931482166292,0.005646894472001218,1.5555829637612388,0.035808610428761205,0.00653772789491575,3.0432761305702494,0.03173455118493299,0.005793909845430033,1.5606840535987487,0.037858451992790546,0.006911976049559263,2.2806926155318214e-05,6.3409930301377e-08,1.1577016398631513e-08,-3.0330840866428304,0.030929329345338416,0.005646897123649447,0.6982592264811198,0.009660306885251643,0.0017637226644915984,0.6860529939333598,0.009074563589039693,0.0016567810590773597
elu,elu,full_reconstruction,0,full,3.1622776601683795,,30,0.006168855458802082,0.007825008298563462,0.001428644519262776,0.06349270849120764,0.04702381744927509,0.00858533518565767,0.505853334069252,0.018315783103523886,0.0033439891880573374,0.5396666665871938,0.02722617233179352,0.004970796246882113,0.995423198147663,0.011338396182697446,0.0020700984517312863,0.9960331306501409,0.011206607491957711,0.002046037238817211,-0.006279238106799301,0.08336067755892414,0.015219507835979145,1.0877910335858663,0.002576321039297185,0.0004703697161994073,2.0642613848050435,0.038652345714767715,0.007056920549488807,6.6152374521520155e-12,2.641470247748745e-12,4.822642798902491e-13,2.691148006306321e-06,4.0807390127658743e-07,7.450376028610771e-08,5.769812159902207e-08,8.760181625610932e-09,1.5993830280631278e-09,1990.846396295326,22.67679236539493,4.140196903462579,1992.0662613002817,22.413214983915363,4.092074477634411,-2.8086636802974954,0.025219564663337177,0.004604441485523318,-1.6051219415015323,0.04414488488948274,0.008059716417479549,2.8086636802974954,0.025219564663337177,0.004604441485523318,1.6051219415015323,0.04414488488948274,0.008059716417479549,2.8178507167663236,0.032532902405441474,0.005939668169524791,1.610465771712651,0.04958474378730659,0.00905289422680732,1.7198277210843737e-05,4.0732348447386136e-08,7.436675354931305e-09,-2.808646482020285,0.02521957866628672,0.00460444404210043,0.6975733041763306,0.007942163920011514,0.001450034111464654,0.6863764703273774,0.008168357499500536,0.001491331220080979
elu,elu,full_reconstruction,0,full,4.216965034285822,,30,0.018284665797545993,0.02463083445565835,0.004496954547179852,0.10571449888062637,0.08575693713146322,0.015657002976484924,0.5180633336305618,0.027823775645070065,0.00507990318525591,0.5399999936421712,0.029125176900479045,0.0053175054599069235,0.9955202752889024,0.011359775564254177,0.0020740017749126633,0.996096603810069,0.011191099986663568,0.0020432059686638,-0.0077759934744487235,0.14437988802945745,0.02636004050793465,1.0945476055145265,0.0027581047077319247,0.0005035587214619895,2.147253386179606,0.043930232193022355,0.008020526376185996,1.257595335016117e-11,3.821973887096109e-11,6.977937707194139e-12,1.6448347575228008e-05,7.08298028869783e-05,1.293169359494752e-05,3.5098558015533854e-07,1.5109255196958684e-06,2.758559966158811e-07,1991.0405505778049,22.719551128508307,4.148003549825318,1992.193207620138,22.382199973327165,4.086411937327605,-2.6261583151199495,0.018071421498450053,0.0032993750669616344,-1.6579438352768614,0.028067500173073662,0.0051244009925242,2.6261583151199495,0.018071421498450053,0.0032993750669616344,1.6579438352768614,0.028067500173073662,0.0051244009925242,2.6347350096981086,0.0264672551992211,0.004832237569286428,1.6633799768404955,0.039495452777013995,0.007210850134950207,1.297779944883242e-05,3.270221375067533e-08,5.970580050533501e-09,-2.6261453373205,0.018071435767054823,0.0032993776720405335,0.6936229805151621,0.00658674127872417,0.0012025689262692167,0.6862457871437073,0.010039344493747271,0.0018329251472635542
elu,elu,full_reconstruction,0,full,5.62341325190349,,30,0.02471681004514413,0.02971821863903564,0.0054257795724901,0.12575773695821518,0.09596228591245623,0.0175202362213375,0.5138533353805542,0.035095427805144894,0.006407519158057293,0.539333329598109,0.05407105284646241,0.009871978450687127,0.9955512304390072,0.011366704625756011,0.002075266842674961,0.9959305009876087,0.011240760772532256,0.002052272746211705,-0.027106895546118406,0.16567989241738618,0.030248871467343844,1.0995201150576273,0.002882783313209244,0.0005263218163480611,2.226216952006022,0.04899389083643083,0.00894501973035294,6.318045703221827e-12,1.109811601704875e-11,2.026229496115663e-12,5.5307156496068235e-06,1.849705066276516e-05,3.3770839651041207e-06,1.1786626655426366e-07,3.940138870238075e-07,7.193676463107714e-08,1991.1024608780144,22.733409251512075,4.150533685349933,1991.8610019752175,22.481521545064542,4.104545492423415,-2.489690421994355,0.019653215226216266,0.0035881697689675485,-1.7045785743574258,0.036436340016599976,0.006652335113339989,2.489690421994355,0.019653215226216266,0.0035881697689675485,1.7045785743574258,0.036436340016599976,0.006652335113339989,2.497885806313886,0.02390028547556666,0.004363575161926982,1.710350859857305,0.04369238150610543,0.00797710098067183,9.776119098938627e-06,2.5631575648699138e-08,4.679664055730876e-09,-2.4896806458752563,0.0196532179555602,0.0035881702672752955,0.6980034748713175,0.012162099719655725,0.002220485454360899,0.6814095358053843,0.01839259948790596,0.003358013876894687
elu,elu,full_reconstruction,0,full,7.498942093324557,,30,0.021281232391265767,0.02474686588691683,0.004518138891273145,0.12048067083864192,0.08365965747291913,0.015274093850357816,0.5196633328994115,0.02350272768890486,0.004290991372704818,0.5439999957879385,0.03430090233835948,0.0062624593178337296,0.9955629677454795,0.01128882411604038,0.002061047872021211,0.9959353370437908,0.011304581525648257,0.0020639247682512386,0.0011691824377824756,0.15659030802378632,0.028589347997103325,1.1045814673105876,0.0017902671151878626,0.00032685656098269735,2.3082045873006183,0.034567641374299275,0.006311158980150865,2.6915698540045294e-11,9.491435375461426e-11,1.732891086080913e-11,3.691396960903034e-05,0.00014107322385430632,2.575632898832649e-05,7.848280890954129e-07,2.9987929379494817e-06,5.475021791340403e-07,1991.125935490959,22.577648232080733,4.122095744042417,1991.8706740875816,22.609163051296576,4.127849536502489,-2.3739698887409344,0.01669494199575016,0.00304806544243756,-1.7556029724596278,0.026267672357661892,0.0047957988944821095,2.3739698887409344,0.01669494199575016,0.00304806544243756,1.7556029724596278,0.026267672357661892,0.0047957988944821095,2.381955859976448,0.0275601138189338,0.005031765342013298,1.7614614989748256,0.034507574979266126,0.006300192406981641,7.364858429861232e-06,1.1936705662006987e-08,2.1793343177936214e-09,-2.373962523882504,0.016694942656792874,0.0030480655631268954,0.6953561127185821,0.010760361521626566,0.001964564244101828,0.6829743464787801,0.012865630216800868,0.0023489319620873055
elu,elu,full_reconstruction,0,full,10.0,,30,0.038762905586433236,0.04292936630797105,0.007837794102092671,0.16568498778284474,0.10817318685792002,0.01974963151976806,0.533966667453448,0.02795898976001611,0.005104589792205592,0.5509999980529149,0.04929503159224744,0.00900000025866791,0.9956552748707677,0.011319548821043017,0.0020666574100220896,0.9959308930762736,0.011291253044133484,0.0020614913315902613,-0.0076839398592710665,0.2119671966165658,0.03869973834600861,1.1078242460886638,0.0015755585224218995,0.0002876563144666611,2.3759976704915364,0.05912984012473241,0.010795582419330008,2.0007388974729864e-11,9.194344311385933e-11,1.6786499269384594e-11,2.850401541536316e-05,0.00014823243674760346,2.7063416453540044e-05,6.049090949034053e-07,3.1455872304210246e-06,5.743030275672653e-07,1991.3105497415354,22.639097642086146,4.133314820044199,1991.8617861525474,22.582506088266953,4.122982663180521,-2.2967465186713265,0.01568667727424386,0.0028639823318023384,-1.81240104754058,0.027620389139862152,0.005042770059657737,2.2967465186713265,0.01568667727424386,0.0028639823318023384,1.81240104754058,0.027620389139862152,0.005042770059657737,2.3043427930034963,0.02582640681206204,0.004715235196757155,1.818429267026378,0.037295501984886834,0.006809195910200405,5.539121230443319e-06,7.877792612109414e-09,1.4382815723332907e-09,-2.296740979550096,0.01568667788380912,0.0028639824430932194,0.6922989010810852,0.009715827392732574,0.0017738592759420785,0.6835618038972219,0.01019372182111312,0.0018611104621187658
linear,identity,full_reconstruction,0,full,0.1,,30,0.0015011064155259727,0.001958844605439122,0.000357634459015438,0.03171526884239205,0.02263461198636381,0.004132495855102758,0.5039066642522811,0.01219717236980781,0.002226888814907494,0.5349999994039536,0.029331639004408112,0.0053552001104375645,0.9874963095766531,0.010927749847490465,0.001995125031414722,0.9962762221370636,0.010786558287902384,0.0019693470973761464,-0.0014518063476619567,0.0395034389186963,0.0072123081982658176,1.0000169217586516,0.00022224053014750412,4.057538385123165e-05,1.4220325668652853,0.023909585880009705,0.004365273175696108,1.0191311843321671e-07,1.6262561286724152e-07,2.969123886516353e-08,0.008018520264401216,0.013918316821361599,0.0025411253618544496,0.0001792731746528649,0.0003111045353105426,5.679965724391555e-05,1974.9926191533061,21.855499694980875,3.990250062829434,1992.552444274127,21.573116575804733,3.9386941947522867,-18.507498906716627,0.23818721069661275,0.043486836069256865,-1.421460546954409,0.1339179884095918,0.0244499677025496,18.507498906716627,0.23818721069661275,0.043486836069256865,1.421460546954409,0.1339179884095918,0.0244499677025496,18.568472293185767,0.19776479251333673,0.03610674597996111,1.4255418827148498,0.13117188877266686,0.023948600797116092,0.0005000084608792666,1.1112026508521207e-07,2.0287691927708124e-08,-18.50699889825575,0.23818720687849718,0.04348683537216752,0.6978793541590372,0.006096255191118044,0.0011130188281611067,0.6875437418619792,0.0063342834389015,0.001156476641705916
linear,identity,full_reconstruction,0,full,0.1333521432163324,,30,0.0021053777450409073,0.0026316160723742084,0.00048046516184416726,0.03821882775312034,0.025824986902255084,0.004714975957880191,0.5057099978129069,0.011244899409405311,0.0020530283544692696,0.5439999997615814,0.04650547368920711,0.008490698995680576,0.9894150605060218,0.01115108330165099,0.0020358999549778107,0.9964958127288548,0.010726992321664939,0.0019584718895868667,-0.00867552602430804,0.04605204081530458,0.008407913857896973,0.9999892036120097,8.554945750961299e-05,1.5619122553448256e-05,1.445467201868693,0.022181317599892312,0.004049736001549124,2.782264441290409e-08,5.350048988043938e-08,9.767808381697838e-09,0.0028841935954611857,0.005489524561631274,0.001002245477461369,6.449264626836617e-05,0.00012274811881318666,2.2410637855102196e-05,1978.8301210120435,22.302166603301934,4.0717999099556135,1992.9916254577097,21.453984643329882,3.916943779173734,-15.030830181665447,0.21935453158743937,0.04004847501380668,-1.4362929745570736,0.11935338101060759,0.02179084636467284,15.030830181665447,0.21935453158743937,0.04004847501380668,1.4362929745570736,0.11935338101060759,0.02179084636467284,15.077493725668756,0.17795170486249842,0.03248938763323071,1.4404721613963631,0.12090908151458836,0.022074877117590316,0.00037452779161493337,3.204099532401276e-08,5.849858634626445e-09,-15.030455653873833,0.2193545262704425,0.040048474043060306,0.7010800977547963,0.010570705785774102,0.0019299380025396156,0.6838425815105438,0.008884670901613618,0.0016221115562745135
linear,identity,full_reconstruction,0,full,0.1778279410038923,,30,0.002250756112384398,0.00280751290091922,0.0005125793821067411,0.03874859940193256,0.02784133908738877,0.005083109816437708,0.5049766729275386,0.012416337008034564,0.002266902620295578,0.5403333316246669,0.042546800465930214,0.007767947454953763,0.9908780267917146,0.011290839492970184,0.002061415827823321,0.9962212661244331,0.011768444245541859,0.0021486141266750473,0.013636282017978363,0.04602210857942994,0.008402449004301938,0.9999887029329936,3.3525576322749895e-07,6.120904801777072e-08,1.4706358750661215,0.023622256988053085,0.004312814337180239,1.4141956425350878e-10,7.543051151950465e-11,1.3771664227795328e-11,1.7483901956438785e-05,6.626237260916869e-06,1.2097798730618046e-06,3.9095413626455413e-07,1.4816799270982568e-07,2.7051650635810843e-08,1981.7560535834289,22.581678985940353,4.122831655646639,1992.4425322488657,23.536888491083698,4.297228253350092,-12.441158044397328,0.18951530283368168,0.03460060211814339,-1.4865571205163823,0.12292660921753175,0.02244322559535487,12.441158044397328,0.18951530283368168,0.03460060211814339,1.4865571205163823,0.12292660921753175,0.02244322559535487,12.477549183328714,0.14416242395494083,0.026320337181581405,1.4912157754517485,0.12412766225026713,0.022662506874951256,0.00028089570307101333,9.41729639809548e-11,1.7193552226496818e-11,-12.440877148694257,0.18951530277274953,0.034600602107018756,0.6997378905614217,0.010813334534600918,0.00197423574881685,0.6853392819563547,0.010260005401456827,0.0018732121328342505
linear,identity,full_reconstruction,0,full,0.2371373705661655,,30,0.0023715360528512586,0.0028399765201438678,0.0005185064009559404,0.04055382302915467,0.027422432748251523,0.005006628332628582,0.5018766681353252,0.013993267008246378,0.0025548093312031234,0.5373333275318146,0.04025208019378152,0.007348990769547019,0.9917215264274085,0.01134954822116336,0.002072134526074601,0.9962775298440207,0.011137282778497083,0.0020333803356988884,0.0038780382213493133,0.049584441633738714,0.00905283906136567,0.999989777803421,2.1787979522094038e-07,3.977922622237178e-08,1.5008919835090637,0.025215785592802124,0.004603751524797167,9.529516042013538e-11,5.475661983710893e-11,9.997145285839806e-12,1.504960767609494e-05,6.540508663833142e-06,1.1941280442464618e-06,3.365211820020401e-07,1.462509903280228e-07,2.6701655486709323e-08,1983.443052854817,22.69909644232658,4.144269052149178,1992.5550596880416,22.274565556994077,4.06676067139776,-10.337375720422909,0.13159662145194778,0.024026146020233348,-1.5041120958075294,0.07227476412909768,0.013195506217290673,10.337375720422909,0.13159662145194778,0.024026146020233348,1.5041120958075294,0.07227476412909768,0.013195506217290673,10.369926109662535,0.0990716760825919,0.018087930600093543,1.508785264424417,0.07457375679111818,0.013615242930799833,0.00021096830755340333,4.5966191776576555e-11,8.392240039546481e-12,-10.337164752115358,0.1315966214341102,0.02402614601697666,0.7008340100447337,0.0093673436037079,0.0017102351318841833,0.6856132129828135,0.007460679845926554,0.001362127548646047
linear,identity,full_reconstruction,0,full,0.3162277660168379,,30,0.004008163150630592,0.005280334228349363,0.0009640527226778604,0.04968329278227431,0.03991024717963315,0.007286580885297337,0.5064533362785976,0.015890308266660828,0.0029011600944536505,0.5413333276907603,0.042485968407160235,0.007756841091351164,0.992225826776656,0.010941373027096055,0.0019976122723396974,0.9960444132009589,0.011134826125550895,0.0020329318142873584,0.0030691186625820812,0.06435915283442548,0.011750319929779127,0.999990850687027,2.1333421498019275e-07,3.894932061076937e-08,1.5265180587768554,0.02482071816507189,0.0045316224108293696,6.691415546655754e-11,3.920363831088422e-11,7.157572346381671e-12,1.0900833179524247e-05,2.672611786489789e-06,4.879499209715461e-07,2.4375115591131666e-07,5.976167573152971e-08,1.0910939290822626e-08,1984.451653553312,21.88274605419209,3.9952245446793913,1992.088826401918,22.269652251101906,4.065863628574738,-8.680721462352551,0.0928025610685032,0.016943352030489977,-1.5240376678147336,0.09842551000089209,0.017969957353812974,8.680721462352551,0.0928025610685032,0.016943352030489977,1.5240376678147336,0.09842551000089209,0.017969957353812974,8.710958538833584,0.07288250857025681,0.013306464663831083,1.5290951025156725,0.09997312645310549,0.018252512167560773,0.00015822640042512,3.375541374026011e-11,6.162867181153431e-12,-8.680563235952127,0.09280256104980548,0.01694335202707626,0.6990989446640015,0.009889950440244077,0.0018056496495766098,0.6852154274781544,0.009776723712771983,0.0017849773719936248
linear,identity,full_reconstruction,0,full,0.4216965034285823,,30,0.0031377847713353136,0.004913997827779798,0.0008971691526021272,0.0409435137339518,0.038881962679987905,0.0070988426799678,0.4996399968862534,0.01426794157027423,0.002604957815734959,0.5313333262999852,0.04049123513402815,0.007392654288050979,0.9929583399681605,0.011079274159187021,0.002022789459256938,0.9959619316718337,0.01108649952009925,0.0020241086236428524,0.0052207215727927865,0.056634347657973996,0.010339969913954077,0.9999919792016347,1.85659607452783e-07,3.389665167314784e-08,1.573135530948639,0.02112752678870217,0.0038573410021556205,5.3643545739704795e-11,2.193811342606486e-11,4.005333197520889e-12,9.587204476702028e-06,2.233413502030595e-06,4.0776365176625565e-07,2.1437727468764933e-07,4.9940845712147904e-08,9.11790924580952e-09,1985.9166799363209,22.158548318374063,4.04557891851388,1991.9238633436676,22.172999040198516,4.0482172472857085,-7.422672673874874,0.08639867142382761,0.01577416709243579,-1.5758567707079967,0.06654958535170581,0.012150236363248216,7.422672673874874,0.08639867142382761,0.01577416709243579,1.5758567707079967,0.06654958535170581,0.012150236363248216,7.447764291466741,0.07100411237287758,0.012963518007418906,1.5812062039061308,0.0697485722660895,0.012734288794638815,0.00011862301058139999,2.2023684611316454e-11,4.020956286999139e-12,-7.422554050864292,0.08639867141126537,0.01577416709014225,0.6981088002522786,0.005686463116252731,0.0010382013737309142,0.6869945486386617,0.008517147058658544,0.0015550111898720203
linear,identity,full_reconstruction,0,full,0.5623413251903491,,30,0.004818123955426487,0.005639488367458658,0.00102962499721503,0.054502937576552016,0.04371798829985033,0.00798177612019165,0.5092899998029073,0.01710562333036093,0.003123045252741775,0.5283333321412405,0.03895916125500052,0.007112937146948353,0.9936951349355192,0.01121211028047472,0.0020470419059505267,0.9960338395664737,0.011207967140665692,0.0020462854755730923,-0.018881804731790887,0.06823302579507314,0.01245758913159781,0.9999930202960968,1.520432188329053e-07,2.7759166890158843e-08,1.611660651365916,0.025425971583076756,0.004642126060845493,4.201214590336215e-11,1.9336719512868456e-11,3.530385821782787e-12,8.663304500563148e-06,1.7143537736712287e-06,3.129967444612794e-07,1.9371805611475187e-07,3.8334246601855386e-08,6.998843862933986e-09,1987.3902698710385,22.42422056094944,4.0940838119010525,1992.0676791329472,22.41593428133137,4.092570951146182,-6.3991354483008935,0.07970918165482146,0.014552838944207561,-1.609426276297398,0.06920720173240848,0.012635448510216913,6.3991354483008935,0.07970918165482146,0.014552838944207561,1.609426276297398,0.06920720173240848,0.012635448510216913,6.419176014609196,0.05056215420224063,0.009231344137540606,1.6148326177667298,0.07398482987495636,0.013507720078565238,8.888826847076417e-05,1.3514952780797632e-11,2.4674815005533454e-12,-6.3990465600324224,0.07970918164847328,0.014552838943048546,0.6951177994410197,0.005601074145213024,0.0010226115518640465,0.6900063276290893,0.004224218090821634,0.0007712331787214719
linear,identity,full_reconstruction,0,full,0.7498942093324559,,30,0.003111716869261687,0.0037413368047350937,0.0006830715210592373,0.04442976007190412,0.034306628833890115,0.006263504828092922,0.49869666596253714,0.0149695435629144,0.0027330522283214903,0.530999998251597,0.03487415869328672,0.006367121130109342,0.9937786399527619,0.011203542250957215,0.002045477604937157,0.9959838167473632,0.011122563257165905,0.002030692931075967,-0.007217294358027473,0.05633650308134602,0.010285591182870838,0.999993997812271,1.374877700950741e-07,2.5101717687385426e-08,1.6518519361813864,0.025530084695449238,0.0046611344275716525,2.900021120235315e-11,1.0976316300376904e-11,2.0039920120093605e-12,6.996293753521361e-06,1.105845390951792e-06,2.0189882191247197e-07,1.5644236460351141e-07,2.472752756336386e-08,4.514608212595047e-09,1987.5572799055237,22.407084501914483,4.090955209874323,1991.9676334947262,22.245126514331837,4.061385862151938,-5.5528084575529,0.06229257790808085,0.011373016695134618,-1.662550018939624,0.07700228607547037,0.014058629687667025,5.5528084575529,0.06229257790808085,0.011373016695134618,1.662550018939624,0.07700228607547037,0.014058629687667025,5.572237577137421,0.05167519273288336,0.00943455624107575,1.6681282073495618,0.08075319454794759,0.014743448748171364,6.666626652081809e-05,9.165851337733781e-12,1.673447845471898e-12,-5.55274179128638,0.06229257790180761,0.011373016693989286,0.6977743268013,0.006984188818172131,0.0012751325871960745,0.6884156068166097,0.00736095664129675,0.001343920665751898
linear,identity,full_reconstruction,0,full,1.0,,30,0.0048355879594168495,0.005946268315607414,0.0010856350964788095,0.05624778573930425,0.04158631935412148,0.007592588397955335,0.5079766650994618,0.016989035836520682,0.0031017593859753423,0.5366666644811631,0.03536346867999661,0.0064564565025538615,0.9942918994584854,0.011211597623433933,0.002046948308008692,0.9959456219025592,0.011208454938235255,0.0020463745348172076,-0.017118301265873007,0.06878256584986125,0.012557920959684502,0.9999948600927987,9.860528107618054e-08,1.8002778911520455e-08,1.7068134784698485,0.021270625152609513,0.003883467069440332,2.445511732932874e-11,1.138171707811675e-11,2.078007728942111e-12,6.253230488558378e-06,1.2313538652363927e-06,2.2481342942038289e-07,1.398268392923304e-07,2.7533977912756804e-08,5.026993600221971e-09,1988.5837989169709,22.42319524686791,4.093896616017392,1991.8912438051186,22.416909876470513,4.092749069634415,-4.917236270462536,0.05701205111838585,0.010408928815725855,-1.721355917669631,0.05658646772040806,0.010331228273335144,4.917236270462536,0.05701205111838585,0.010408928815725855,1.721355917669631,0.05658646772040806,0.010331228273335144,4.933386427412627,0.037255425635753646,0.006801879003386172,1.7269829681640112,0.0568144165352285,0.01037284584261305,4.9999743004639944e-05,4.930264054033003e-12,9.001389456169151e-13,-4.91718627071953,0.057012051116286516,0.01040892881534257,0.6970320483048756,0.009893144341045611,0.0018062327734150877,0.6880952954292298,0.007521135402979516,0.0013731651727541961
linear,identity,full_reconstruction,0,full,1.333521432163324,,30,0.00410764944562436,0.005417120365466897,0.0009890263402956164,0.05042854468081097,0.040231373848328617,0.007345210325384335,0.5073766688505809,0.013824583211103074,0.0025240120242761193,0.5403333346048991,0.045294696261290394,0.00826964229255122,0.9945688049313013,0.011335099971311128,0.002069496648621089,0.9959248235217639,0.011224784147321908,0.0020493558268715336,-0.014971285216355074,0.06381881753161188,0.011651668651789997,0.9999956528345744,1.1706618178919319e-07,2.1373262828980534e-08,1.7528189977010091,0.03280853309577842,0.005989991218404214,2.130951407807354e-11,8.210168211312134e-12,1.498964776749166e-12,5.535486176692454e-06,1.4608770313811065e-06,2.667184346095382e-07,1.2377749835460843e-07,3.266627718928763e-08,5.96401896209643e-09,1989.1376098626024,22.670199942622247,4.138993297242176,1991.849647043528,22.4495682946439,4.0987116537430826,-4.398848937710808,0.045961318717973106,0.00839135034483943,-1.7544145457620826,0.05003204874175347,0.009134560564685446,4.398848937710808,0.045961318717973106,0.00839135034483943,1.7544145457620826,0.05003204874175347,0.009134560564685446,4.413293879553826,0.035682935359538065,0.006514782871472571,1.760193323823208,0.051651572125914307,0.009430243727989444,3.74951500875356e-05,4.389433138711667e-12,8.013971815776943e-13,-4.39881144256072,0.04596131871528877,0.00839135034434934,0.6992599626382192,0.012246503060633473,0.00223589532562167,0.685293831427892,0.009822322622470424,0.0017933025558067835
linear,identity,full_reconstruction,0,full,1.7782794100389228,,30,0.009709415332117482,0.01595718854566412,0.0029133707069410974,0.07368106499430388,0.06654412065085752,0.012149238649940006,0.5115099996328354,0.02110666072714044,0.0038535313979544037,0.5423333277304967,0.030135706864142013,0.005502002145284617,0.9949115403537948,0.011299459078887854,0.0020629895417044746,0.9959353729018218,0.011198830507032555,0.002044617362126249,-0.0021253566160642856,0.10115504012260894,0.018468299093497686,0.9999964515368145,1.0585528147516566e-07,1.932644183166899e-08,1.814166514078776,0.03265894945933151,0.005962681107765672,4.004561520350632e-11,1.3732762508780949e-10,2.5072479343068542e-11,3.9348499876721976e-05,0.00018982231192690894,3.465665405338332e-05,8.798609118324899e-07,4.244564258366525e-06,7.74947863695844e-07,1989.8230807075895,22.598918157775696,4.125979083408947,1991.8707458036433,22.39766101406503,4.089234724252483,-3.9825678360521817,0.03197787655219697,0.00583833477625127,-1.8289021833997023,0.054617029523677633,0.009971659698014626,3.9825678360521817,0.03197787655219697,0.00583833477625127,1.8289021833997023,0.054617029523677633,0.009971659698014626,3.9952071044701145,0.034182761235628925,0.006240889802189043,1.8348341763962048,0.05597785473860645,0.010220111253694068,2.8113479098589106e-05,2.975970803461154e-12,5.433354465108157e-13,-3.9825397225730828,0.031977876551721435,0.005838334776164448,0.696473107735316,0.007496431927823141,0.0013686549558902244,0.6866116801897685,0.008365662732512089,0.001527354062359059
linear,identity,full_reconstruction,0,full,2.3713737056616555,,30,0.011652079731720682,0.012766230725011983,0.002330784180801531,0.09087602594547727,0.05925073234010668,0.010817654217125763,0.5158133417367935,0.021462329158681296,0.0039184672722702065,0.5233333309491476,0.04045715959026824,0.0073864329733921265,0.994893370577456,0.01122568164525619,0.0020495196868261737,0.9958721116648402,0.011239800769083779,0.0020520974743637,-0.010188383733232808,0.1092184799674609,0.019940475058201478,0.9999970614910125,8.736251510123391e-08,1.5950140067110512e-08,1.884768505891164,0.028623445286099277,0.005225902218903829,1.2155455432714494e-11,5.777010986550642e-12,1.0547330774296535e-12,4.0519458480048344e-06,9.445954663389882e-07,1.7245874821032522e-07,9.060439746614672e-08,2.1121831554839533e-08,3.85630119947001e-09,1989.7867411549119,22.451363290512347,4.099039373652342,1991.7442233296808,22.479601538167625,4.104194948727413,-3.6572297457412386,0.03625805689352964,0.006619785217297291,-1.8974464287265735,0.05519632123733826,0.010077423410997209,3.6572297457412386,0.03625805689352964,0.006619785217297291,1.8974464287265735,0.05519632123733826,0.010077423410997209,3.669529835164257,0.040889197069640316,0.007465311864438712,1.9037117689375107,0.058565555016984565,0.0106925585252041,2.1083640343474864e-05,1.841925260674053e-12,3.3628800483658737e-13,-3.657208662100895,0.03625805689256858,0.006619785217121826,0.694550218184789,0.005571684667888632,0.001017245791969428,0.6870424807071686,0.009466825353925797,0.0017283979314356621
linear,identity,full_reconstruction,0,full,3.1622776601683795,,30,0.007347323293402005,0.009678341686365487,0.0017670153536216556,0.06947922195761586,0.051057381609252314,0.00932175987817897,0.5097499946753185,0.017445018862126592,0.0031850101156299464,0.5259999930858612,0.04598350505968679,0.008395400998114465,0.995130905296065,0.011337701800586228,0.002069971675482672,0.9958562176601382,0.011207376654122811,0.0020461776679732793,-0.03326228119743368,0.08056356887557946,0.014708827995425326,0.9999976098537445,8.623338824096529e-08,1.5743990649892476e-08,1.9439109683036804,0.03309107731424237,0.0060415764990526715,1.2098821872026192e-11,5.972517480559012e-12,1.0904275163986977e-12,3.609372750664382e-06,6.671803948280087e-07,1.2180991739083447e-07,8.070812616741326e-08,1.491862454591292e-08,2.7237557302489238e-09,1990.26181059213,22.675403601172558,4.139943350965362,1991.7124353202764,22.41475330824574,4.092355335946579,-3.393249383493669,0.02868134521133474,0.005236473250613604,-1.958947921506933,0.05915917523281191,0.010800938252804006,3.393249383493669,0.02868134521133474,0.005236473250613604,1.958947921506933,0.05915917523281191,0.010800938252804006,3.4043553054355615,0.038599117215087006,0.007047202399496379,1.9654747057670081,0.06537515132043187,0.011935815026171394,1.5810238890968293e-05,1.3633737283238613e-12,2.4891684843763294e-13,-3.393233573254778,0.028681345211095655,0.005236473250569954,0.6959541777769724,0.006146516597334546,0.0011221952634800094,0.6868655602137248,0.007842976409865556,0.0014319250325547494
linear,identity,full_reconstruction,0,full,4.216965034285822,,30,0.018866183896019063,0.022384288586324932,0.004086793264145197,0.11142196085283586,0.0816932690579464,0.014915082086458685,0.5192966639995575,0.02719636678112809,0.004965354522736006,0.5409999847412109,0.029166586909948406,0.0053250658586712135,0.9952450255048112,0.011360001437477067,0.002074043013532434,0.9959178218118684,0.0111967397366864,0.002044235641432532,0.014910140412393958,0.13978807397284884,0.02552169379504337,0.9999980847040812,1.380065657503623e-07,2.5196436381764436e-08,1.9991897026697794,0.032816382423028416,0.005991424302936234,5.866409480588529e-11,2.3610933603759774e-10,4.3107469795119906e-11,7.133687614289701e-05,0.0003304342759108486,6.0328768896419234e-05,1.5951422104384014e-06,7.38874018492378e-06,1.3489932236092155e-06,1990.4900510096224,22.720002874954208,4.148086027064882,1991.835643623737,22.39347947337286,4.088471282865075,-3.176657883302405,0.022670608613606934,0.004139067910014479,-2.0155078316779806,0.043015948690013184,0.007853601810001673,3.176657883302405,0.022670608613606934,0.004139067910014479,2.0155078316779806,0.043015948690013184,0.007853601810001673,3.1870575233349614,0.0349994882795185,0.006390003077276654,2.0222141166069982,0.058370685554952575,0.010656980391829494,1.1856747506569614e-05,1.6363121379005765e-12,2.987483563492166e-13,-3.1766460265548986,0.022670608613488106,0.004139067909992784,0.6943667074044545,0.006495175973597544,0.0011858514652349848,0.6844719290733338,0.013521044139854053,0.0024685936254737
linear,identity,full_reconstruction,0,full,5.62341325190349,,30,0.026899343015975283,0.029373646951663394,0.0053628696772063,0.13449216572403266,0.09547269175276558,0.017430848966242384,0.5219266692797343,0.031144559125942224,0.005686192525610645,0.5553333282470703,0.04882998998099935,0.008915095665114867,0.9952870256627271,0.011363995078517678,0.0020747721492939413,0.9957359911791541,0.011239895147802693,0.002052114705481466,-0.04428556437293688,0.16125934415607804,0.029441793467590942,0.9999984661738078,5.8428349206103624e-08,1.0667508285990674e-08,2.0615391373634337,0.033933480437336995,0.00619537756339658,6.36531384603604e-12,1.6609651417645708e-12,3.032493584580738e-13,3.204694530722918e-06,2.5553586539505907e-06,4.665425257615921e-07,7.165920408169768e-08,5.7139602808398464e-08,1.0432216461681793e-08,1990.574051325454,22.72799015703526,4.149544298587865,1991.4719823583082,22.479790295605316,4.104229410962919,-3.0180999745545134,0.029157422113276252,0.005323392603380451,-2.093598191266875,0.038236760626328956,0.006981045440321911,3.0180999745545134,0.029157422113276252,0.005323392603380451,2.093598191266875,0.038236760626328956,0.006981045440321911,3.0280006033648705,0.03015565032373122,0.005505643306181852,2.100655838173937,0.04698982780724058,0.008579129554436392,8.891246253879327e-06,5.195016379240505e-13,9.484758858396124e-14,-3.018091083308259,0.029157422113067353,0.005323392603342312,0.696291470527649,0.009044093690002494,0.0016512180420681672,0.6798023362954457,0.017109181555529995,0.0031236948928050345
linear,identity,full_reconstruction,0,full,7.498942093324557,,30,0.024150206458508162,0.029803195960173015,0.0054412942377112,0.1278116608120316,0.08991021854574238,0.016415284949240813,0.5234500020742416,0.02461228476613205,0.004493567852717095,0.5409999916950862,0.040030167767804506,0.007308475289047583,0.9953091076857186,0.011288081291412917,0.0020609122514196336,0.9957363947213427,0.011305192243952265,0.0020640362696483674,0.020336454190934685,0.15755629351893122,0.028765712012407876,0.9999987721443175,3.073722212438557e-07,5.611823304190946e-08,2.130582404136658,0.030179818171627102,0.005510055731334828,3.512590960429394e-10,1.8674789434709455e-09,3.4095344766831724e-10,0.0003652723678593833,0.001953003859866364,0.00035656808964782197,8.167750046910822e-06,4.367055679160339e-05,7.973116351190536e-06,1990.618215371437,22.576162582825845,4.121824502839269,1991.4727894426856,22.610384487904632,4.128072539296753,-2.8816900082628023,0.023528055719307914,0.004295615617234461,-2.1534876173558524,0.037732030986210446,0.006888894837210454,2.8816900082628023,0.023528055719307914,0.004295615617234461,2.1534876173558524,0.037732030986210446,0.006888894837210454,2.8913786387926597,0.03508638301289369,0.006405867812475983,2.160680469972894,0.0469412908271836,0.0085702679548196,6.667547487293758e-06,2.049421397627532e-12,3.741714431047879e-13,-2.8816833407153153,0.023528055718825096,0.00429561561714631,0.6944384515285492,0.010815468072983725,0.001974625277850039,0.6849704643090566,0.0090210368244084,0.001647008453604417
linear,identity,full_reconstruction,0,full,10.0,,30,0.03909821821822935,0.05561285857949043,0.01015347237711054,0.15266815769997913,0.12780906493155983,0.023334635972219263,0.5290800005197525,0.03384963523083081,0.006180069593082542,0.5429999987284343,0.0424386004578009,0.007748192926562208,0.9954092742215579,0.011319069306048283,0.0020665698629623304,0.9957304871307847,0.01129219161855311,0.00206166269105077,0.029694430320523667,0.20043889636993306,0.03659496831441757,0.9999990880489349,7.692272673054563e-08,1.404410420504182e-08,2.1728039423624677,0.06439039185227606,0.011756023368029484,9.315095367510666e-12,1.380318373445223e-11,2.520105032249295e-12,8.030737069475435e-06,1.764350245127758e-05,3.2212480953208076e-06,1.795728233370634e-07,3.9452088444709786e-07,7.202932927285485e-08,1990.8185484431158,22.63813861209643,4.133139725924636,1991.4609742615692,22.58438323710615,4.123325382101528,-2.788747817091197,0.02201622218994395,0.004019593841492697,-2.213212938518636,0.04129930134434087,0.007540186318499643,2.788747817091197,0.02201622218994395,0.004019593841492697,2.213212938518636,0.04129930134434087,0.007540186318499643,2.797972866959493,0.03341357919110989,0.006100457016652036,2.2205839665074465,0.05188673938412693,0.009473179198692679,4.999995440244675e-06,3.846136336745179e-13,7.022052102918735e-14,-2.788742817095757,0.02201622218988507,0.004019593841481947,0.6923874080181122,0.013297368533184814,0.002427756233694902,0.6818113287289937,0.013127364334890196,0.0023967178556027206
relu,relu,full_reconstruction,0,full,0.1,,30,0.0019814783260019998,0.0037901135899949174,0.0006919769029157009,0.03483622219465617,0.028185028109335947,0.00514585855980016,0.5017566680908203,0.013964208799221453,0.002549504052348573,0.5226666639248531,0.03571277402381691,0.006520230641309687,0.9888654817451514,0.010945171319571585,0.0019983057424959806,0.9966352017621161,0.010798066427023967,0.001971448186506746,0.010287228179367952,0.044101034839315406,0.008051710530271422,0.9999833921591441,4.91406040059347e-05,8.971805767826388e-06,1.3842609961827597,0.028665018664595678,0.005233492444635222,1.5083981374369725e-08,3.326036386506915e-08,6.072483853242696e-09,0.001557366947054081,0.0034284405274640664,0.0006259447379856597,3.4824578837813256e-05,7.666654081305649e-05,1.3997331269733831e-05,1977.7309634903029,21.89034263914313,3.9966114849919543,1993.270403524232,21.596132854047873,3.942896373013481,-15.769154569720017,0.27390258259647693,0.05000754101567079,-0.7035012968492326,0.10613859847997358,0.019378168203155022,15.769154569720017,0.27390258259647693,0.05000754101567079,0.7035012968492326,0.10613859847997358,0.019378168203155022,15.821234434026898,0.25851436126070826,0.04719804903384319,0.7055856799250471,0.10647513298355474,0.019439610716151755,0.0004999916960795167,2.457030199738094e-08,4.48590288289326e-09,-15.768654578023934,0.2739025803072573,0.050007540597718364,0.6957390983899434,0.004655096141423321,0.0008499003880042706,0.6899358133474985,0.005081616035882726,0.0009277719104776503
relu,relu,full_reconstruction,0,full,0.1333521432163324,,30,0.0018616263076220317,0.003073503762859494,0.0005611424471650512,0.03355818184403926,0.027583254645510848,0.005035990259585152,0.5013533343871435,0.012221345782049194,0.0022313022559663194,0.5336666613817215,0.035280483733908644,0.0064413055935852856,0.9906746379610668,0.011143603195665078,0.002034534280717473,0.9968531908837199,0.010738820164999214,0.001960631348453806,-0.005063266745613267,0.043664806731936436,0.00797206653872834,0.9999849975109101,3.394019421694095e-07,6.196603326241649e-08,1.3956090370814005,0.02155406522761123,0.003935215910366797,1.1236177451430981e-10,8.816504805738924e-11,1.609666186818637e-11,1.5908611900764905e-05,8.791962881261695e-06,1.6051854649383817e-06,3.5573004405857013e-07,1.9659572485003939e-07,3.589330440314851e-08,1981.3492759221335,22.28720639133023,4.0690685614349595,1993.7063817674398,21.477640329998415,3.9212626969076108,-12.51167527157532,0.2460141737853759,0.04491583748274883,-0.7215366648267312,0.1032628006526145,0.01885312175619872,12.51167527157532,0.2460141737853759,0.04491583748274883,0.7215366648267312,0.1032628006526145,0.01885312175619872,12.550104985638821,0.1963957395917079,0.03585679225742962,0.7238865772133914,0.106188227958363,0.01938722926476539,0.00037452621629616666,1.271168315010543e-10,2.3208252017236908e-11,-12.511300745359025,0.24601417368862294,0.04491583746508423,0.6966225445270539,0.004210635044587429,0.000768753265114102,0.688562156756719,0.006912614473515638,0.0012620649594937377
relu,relu,full_reconstruction,0,full,0.1778279410038923,,30,0.0012283616440685523,0.0018345697582232464,0.0003349450799652236,0.025989195671188573,0.02391630562881628,0.004366500028363484,0.5020199964443842,0.011254220676983864,0.0020547301773083744,0.527333332101504,0.04193043307378964,0.007655414680158421,0.9920063687377202,0.011296929241625696,0.002062527658726041,0.9966097251589314,0.011768248060218079,0.0021485783082992854,-0.00339987562911119,0.03543670837347402,0.006469828179961308,0.9999862054983775,3.6632019816252555e-07,6.688061193445925e-08,1.4219039797782898,0.022773572624807434,0.004157866480529722,7.580857307639318e-11,4.119076374145523e-11,7.520370154020308e-12,1.127311179516255e-05,4.057230191136857e-06,7.407454988922176e-07,2.5207619008445666e-07,9.072304406411977e-08,1.656368590648452e-08,1984.0127374754404,22.59385848325147,4.125055317452096,1993.2194503178628,23.536496120436144,4.297156616598569,-10.184474152386,0.23677794673097496,0.04322954084810386,-0.7096390515195589,0.09546258637312445,0.01742900398478185,10.184474152386,0.23677794673097496,0.04322954084810386,0.7096390515195589,0.09546258637312445,0.01742900398478185,10.214148254137276,0.20869345299620767,0.03810203726988901,0.7118256326137163,0.0952601482412993,0.017392044007681903,0.0002808950015444433,1.0289894259546447e-10,1.8786690667655024e-11,-10.184193257384457,0.2367779466412413,0.043229540831720814,0.7017974734306336,0.01433446405072888,0.002617103103443695,0.6854720870653789,0.010683797060305159,0.0019505855499121723
relu,relu,full_reconstruction,0,full,0.2371373705661655,,30,0.0013850478668169875,0.0018609956932516597,0.00033976977353796623,0.029779210845607793,0.022703025809954088,0.004144986453244617,0.5028033345937729,0.012671325918038386,0.002313457012936494,0.5296666651964188,0.03978245570044727,0.007263249460028317,0.9927644862085953,0.011370859706557244,0.0020760254531693254,0.9966652396424152,0.011128033814030883,0.0020316917135416545,0.003583128983154887,0.03779251961606549,0.006899938499558516,0.9999871989091237,2.1386951097735433e-07,3.90470518416319e-08,1.4414892117182414,0.026086945012839164,0.004762802746642969,5.758265149424791e-11,3.02866086239773e-11,5.529552911227622e-12,9.708888455861597e-06,3.2662665441838935e-06,5.963359550246543e-07,2.1709874289399523e-07,7.30364148607353e-08,1.3334563979510088e-08,1985.5289724171905,22.741719413114527,4.152050906338658,1993.3304792848305,22.256067628061757,4.063383427083307,-8.251456158049397,0.11609204216048799,0.021195410079380018,-0.7286924990186872,0.08380048379469501,0.015299805101400195,8.251456158049397,0.11609204216048799,0.021195410079380018,0.7286924990186872,0.08380048379469501,0.015299805101400195,8.277712796370972,0.11637062606284611,0.0212462723085398,0.7307559661003863,0.08267692131223221,0.015094671595929733,0.00021096776348288333,4.512014469345769e-11,8.237773682167932e-12,-8.251245190285914,0.11609204212764423,0.021195410073383596,0.6979029754797618,0.00786731174651362,0.0014363680368302918,0.6882536093393962,0.007339042025890223,0.0013399196226861628
relu,relu,full_reconstruction,0,full,0.3162277660168379,,30,0.002089392632115009,0.0022478347700754507,0.0004103966030382543,0.03819046844827091,0.025546727001712045,0.0046641728830880014,0.5018633296092351,0.013281346985263148,0.002424831112627286,0.5303333282470704,0.035765843717302626,0.006529919797390358,0.9931778776385561,0.010942771542850248,0.001997867605214897,0.9964318591439175,0.011142615992870645,0.002034354042971025,0.0017442531495665459,0.04668897870052101,0.008524202273717864,0.9999882658322652,2.1560951436756054e-07,3.936473154394904e-08,1.4644990762074788,0.01768484550494732,0.003228796269684496,4.169036337218583e-11,2.242353536582224e-11,4.093958712958566e-12,8.412763160473938e-06,2.616625930722482e-06,4.777283489365512e-07,1.881162006611703e-07,5.8509868013271355e-08,1.0682391515839566e-08,1986.3557552771122,21.88554308570059,3.9957352104298103,1992.863718287835,22.285231985741074,4.068708085942011,-6.77661973855248,0.14003468007991104,0.025566717704262203,-0.7491457818976268,0.0651281256510679,0.01189071451570691,6.77661973855248,0.14003468007991104,0.025566717704262203,0.7491457818976268,0.0651281256510679,0.01189071451570691,6.800096570643524,0.12586373115445443,0.022979468241686816,0.7517960093608463,0.06767324267142288,0.01235538718355316,0.00015822599142911,3.411542289962336e-11,6.228595560317338e-12,-6.776461512561051,0.14003468005061306,0.02556671769891315,0.6979202687740326,0.007111771326681044,0.0012984258598138833,0.68752348224322,0.008812217121563022,0.0016088833663711042
relu,relu,full_reconstruction,0,full,0.4216965034285823,,30,0.0023679389293542884,0.0047348051905521295,0.0008644532027526492,0.03648567330941813,0.03274880212359567,0.005979085884788812,0.5039999961853028,0.012885809150433629,0.0023526161144663263,0.5366666644811631,0.037447283383637175,0.006836907275502155,0.9938728953022432,0.011073756361608537,0.002021782051856444,0.9963683304162221,0.01108708489312994,0.0020242154976473407,-0.0021463126768746124,0.04939693163060744,0.009018604575208047,0.9999893486499787,2.577513255219306e-07,4.7058738405072815e-08,1.4985454281171162,0.025442453122086664,0.0046451351644115355,3.8936040907637064e-11,1.792803035829208e-11,3.2731955462913326e-12,8.026934710869683e-06,2.5916286105950573e-06,4.7316448356622834e-07,1.7948867328717218e-07,5.795087947709601e-08,1.0580334638956223e-08,1987.7457906044865,22.147512723217073,4.043564103712887,1992.7366608324442,22.174169786259924,4.048430995294689,-5.593562005709379,0.09821784381255318,0.017932042868551528,-0.763059281931331,0.04344554693964298,0.007932035360664,5.593562005709379,0.09821784381255318,0.017932042868551528,0.763059281931331,0.04344554693964298,0.007932035360664,5.6121986779569175,0.0721060695028593,0.013164706933250454,0.7656733800359693,0.045020336893734164,0.008219551354393421,0.00011862269853494333,3.0575501356389526e-11,5.5822972666414496e-12,-5.593443383010845,0.09821784378789003,0.01793204286404867,0.6987589915593465,0.006846280254344858,0.0012499540434356283,0.6865347882111867,0.007208929672716258,0.001316164465738343
relu,relu,full_reconstruction,0,full,0.5623413251903491,,30,0.0017265888677683943,0.0016745943403825192,0.00030573769829933,0.03639588827047883,0.02039087485493397,0.0037228473751040724,0.5049799978733063,0.011367960766805576,0.0020754961816043796,0.5409999916950862,0.03507135429689876,0.006403123956889063,0.9945415942312579,0.011205748896732603,0.002045880481493025,0.9964518307983482,0.0112019036255891,0.002045178434244685,0.014799427303175103,0.039499650859706845,0.007211616596479923,0.9999904890855154,2.0208877504121314e-07,3.6896193569553146e-08,1.5244099537531535,0.019122451282400466,0.0034912659740547755,2.4564385479412346e-11,9.103086782492622e-12,1.6619886578994443e-12,6.010947223937061e-06,1.5293386306225642e-06,2.7921775535201317e-07,1.3440950586603624e-07,3.4197213535349e-08,6.243528419043879e-09,1989.0831884625156,22.41149779346512,4.091760962986034,1992.9036615966966,22.4038072511782,4.090356868489369,-4.706216856823586,0.09202255070229379,0.01680094227293639,-0.773443812548314,0.05361710355080869,0.009789099027622754,4.706216856823586,0.09202255070229379,0.01680094227293639,0.773443812548314,0.05361710355080869,0.009789099027622754,4.720633008448745,0.057642541834374936,0.010524040144874123,0.7759657500200653,0.05416655082456382,0.009889413916287886,8.888804347426804e-05,1.7963446671718622e-11,3.279661650880462e-12,-4.706127968780112,0.09202255068715867,0.01680094227017311,0.696895964940389,0.004671190714934021,0.0008528388416593492,0.6883343517780304,0.004052135849568002,0.0007398154036279184
relu,relu,full_reconstruction,0,full,0.7498942093324559,,30,0.0018904942285340686,0.0025781281150128493,0.000470699641576937,0.03440815213858674,0.02703586305852431,0.004936050686258126,0.5051566650470097,0.011038043240843476,0.0020152617579091334,0.5386666625738143,0.037941274196498946,0.00692709724597039,0.9945729104362366,0.011206931450431064,0.0020460963852717276,0.9964207098160132,0.011115894377649736,0.00202947536582787,-0.015355554005751995,0.04135498036784072,0.007550351870883218,0.9999915560086569,1.7593614854798487e-07,3.21213990801037e-08,1.5514631390571594,0.01908896865561375,0.0034851529107295717,2.1070751306945246e-11,9.218547018979266e-12,1.6830687165723163e-12,5.510580407038409e-06,1.7794856944653193e-06,3.2488815187213377e-07,1.2322084851727293e-07,3.9790674939343985e-08,7.26475008087807e-09,1989.1458208724732,22.413862900862096,4.092192770543449,1992.8414196320264,22.23178875529943,4.058950731655733,-3.9642674906034023,0.06830451530853397,0.012470641271313667,-0.7887638816396395,0.0562026244751797,0.010261148405349292,3.9642674906034023,0.06830451530853397,0.012470641271313667,0.7887638816396395,0.0562026244751797,0.010261148405349292,3.978085370373001,0.06016067703364238,0.010983786628702972,0.7912995477370455,0.05620973261585234,0.010262446168345398,6.666610373391046e-05,1.1729076571246366e-11,2.141426605592328e-12,-3.9642008244996685,0.0683045152988257,0.012470641269541184,0.6970703462759654,0.00792007584755419,0.0014460013996190925,0.6882847547531128,0.007528715449109306,0.0013745490935049348
relu,relu,full_reconstruction,0,full,1.0,,30,0.0034055214184111706,0.004901622245401515,0.0008949096907251775,0.04581226527213365,0.03676708285644387,0.006712720218045261,0.5034033308426539,0.014784064077479677,0.002699188462279141,0.5373333334922791,0.04346487651336581,0.007935564441848984,0.9950430862212761,0.011223853315089889,0.0020491858809346237,0.996410677573523,0.011214652349327186,0.0020475060221016015,-0.007258880208246396,0.058675569289981376,0.010712644291526728,0.999992601076762,1.0351478703621891e-07,1.889912796502681e-08,1.5964125990867615,0.018989387611918755,0.0034669719827523536,1.5019026994300688e-11,4.794408933497125e-12,8.753353075935537e-13,4.498493058235908e-06,7.226340909938405e-07,1.3193433081985574e-07,1.0058973908636895e-07,1.6158651678682185e-08,2.950152674427651e-09,1990.0861724425522,22.447706630179795,4.098371761869251,1992.821355147046,22.429304698654366,4.095012044203203,-3.4148627448811664,0.045999322472133355,0.008398288849313913,-0.7912445757421899,0.04657837384857075,0.00850400868292364,3.4148627448811664,0.045999322472133355,0.008398288849313913,0.7912445757421899,0.04657837384857075,0.00850400868292364,3.426195916682754,0.0453217550838905,0.00827458253505709,0.7939097265230084,0.048285989352036665,0.008815775193188246,4.9999630053838095e-05,5.175739353552235e-12,9.449563985692552e-13,-3.4148127452511123,0.045999322468525936,0.008398288848655292,0.6966053764025371,0.005763408495447363,0.0010522496136911438,0.6893377204736074,0.004367485527503803,0.0007973901143303941
relu,relu,full_reconstruction,0,full,1.333521432163324,,30,0.0036202459465129733,0.005037680778614498,0.0009197504666524497,0.04796775914259919,0.036943666752520934,0.006744959879103113,0.5034599979718526,0.016622659085752868,0.0030348684489950157,0.5349999974171321,0.038394510528224166,0.007009846500225988,0.9952868124055104,0.011336339259067064,0.0020697229105741443,0.9963881434464318,0.011222784705791283,0.0020489907804619547,-0.008850851841270912,0.06031331055906394,0.011011653570337947,0.9999936521053314,1.3350963285587933e-07,2.4375412519799328e-08,1.6441492120424905,0.020152085306390167,0.0036792505676927667,9.96208980470296e-12,2.498802822022038e-12,4.562168907930123e-13,3.677606734224052e-06,4.741660338234435e-07,8.657047757595252e-08,8.223405221959486e-08,1.0602708689959856e-08,1.935780906715687e-09,1990.5736248110209,22.672678518134163,4.1394458211482945,1992.7762868928635,22.445569411582497,4.097981560923897,-2.9628339892925264,0.04672708843486111,0.008531160127437399,-0.8277746964265706,0.03988842226254137,0.007282596218828388,2.9628339892925264,0.04672708843486111,0.008531160127437399,0.8277746964265706,0.03988842226254137,0.007282596218828388,2.9724696232672416,0.03503401892152502,0.006396307481127355,0.8304212288439583,0.03856813219876848,0.007041545335368939,3.749507506956624e-05,5.005985487125319e-12,9.139637246140082e-13,-2.9627964942174567,0.04672708843076735,0.008531160126689984,0.6979539891084036,0.007227222412158839,0.001319504247748765,0.6874423185984294,0.006376344129554382,0.001164155838057526
relu,relu,full_reconstruction,0,full,1.7782794100389228,,30,0.003276058154142408,0.005982648624582768,0.0010922772017704127,0.04182593454504206,0.03974031246397168,0.007255555192940333,0.5048433323701222,0.014712077094514544,0.0026860454974735595,0.5443333347638448,0.05076541092132599,0.009268453567543121,0.995601150232364,0.011295050868221367,0.0020621847162310514,0.9964235248125303,0.011199341326553265,0.0020447106245843516,0.00794769693942118,0.058171958385194206,0.010620697940607554,0.9999945362408957,1.0769105895598496e-07,1.9661607410603904e-08,1.6906189441680908,0.02726105030068538,0.004977164063656125,8.156062067041225e-12,1.990397944672744e-12,3.6339528423639383e-13,3.3304319534484723e-06,4.49212513263532e-07,8.201460887600837e-08,7.447092755796803e-08,1.0044727315573874e-08,1.8339079115760414e-09,1991.2023004647278,22.59010173644271,4.124369432462099,1992.8470496250607,22.398682653106594,4.089421249168714,-2.603348078913798,0.040521495876474384,0.007398179118465864,-0.8525983619822408,0.0346396960194176,0.0063243142983189764,2.603348078913798,0.040521495876474384,0.007398179118465864,0.8525983619822408,0.0346396960194176,0.0063243142983189764,2.611431888736278,0.027363145071653768,0.004995803933343695,0.8553361595633913,0.034320127044346414,0.006265969252877211,2.8113425252766252e-05,3.0275810797192323e-12,5.527581506793567e-13,-2.6033199654885455,0.040521495874042864,0.007398179118021931,0.6996468146642049,0.009524158525491098,0.0017388654885555385,0.6859026988347371,0.009456187026753776,0.0017264556475135836
relu,relu,full_reconstruction,0,full,2.3713737056616555,,30,0.003231392822222716,0.003238553122199227,0.0005912761995691003,0.04851878639339051,0.03012594578515859,0.005500220024236347,0.5017900009950002,0.01463367086118844,0.0026717305432596527,0.5343333264191945,0.03892374026571992,0.0071064701886689756,0.9955681981948564,0.011228403221501114,0.002050016576393279,0.9963798345393327,0.011241159985611537,0.0020523456322146293,-0.0033777455488840594,0.05773050019393524,0.010540099070758232,0.9999953567981721,7.232609921049838e-08,1.3204878677982183e-08,1.7427703380584716,0.030086706402022406,0.00549305592580759,6.004120695994134e-12,1.2579326843553572e-12,2.2966603568148503e-13,3.2012814396390845e-06,1.758995291615504e-06,3.2114713325439646e-07,7.158299363633583e-08,3.9332426177608795e-08,7.181085686294344e-09,1991.1363963897127,22.45680644300218,4.100033152786549,1992.7596690786654,22.482319971223095,4.104691264429262,-2.307574510940508,0.02590716693401945,0.004729979910271469,-0.8820006797419659,0.030569796335737823,0.005581255677140792,2.307574510940508,0.02590716693401945,0.004729979910271469,0.8820006797419659,0.030569796335737823,0.005581255677140792,2.315330579363543,0.028144023376286596,0.005138372154048292,0.884933805633037,0.032686774699380576,0.005967761278313295,2.10836044022385e-05,1.5249019440563694e-12,2.784077309143848e-13,-2.3075534273361056,0.02590716693316809,0.0047299799101160325,0.6992976625760396,0.008876814934251019,0.0016206772594293405,0.6869279325008393,0.007663196748163187,0.0013991019071897379
relu,relu,full_reconstruction,0,full,3.1622776601683795,,30,0.004102247001264879,0.005028971129823706,0.0009181603096155617,0.05016616858201755,0.040500351608505715,0.007394318720956407,0.5062266637881597,0.014969692009849505,0.002733079330899807,0.5459999958674113,0.040137697238297694,0.0073281073945761525,0.9957861166906629,0.011334811663246399,0.002069444011010901,0.9963835212925874,0.011203469419232674,0.002045464307744346,-0.0057847647073989115,0.0647147351533775,0.011815240082159133,0.999996171394984,9.86052811165568e-08,1.800277891889212e-08,1.7948398510615031,0.02967983639003625,0.005418771964628517,4.837809580021668e-12,8.702737952608422e-13,1.5888952962333193e-13,2.469692071827012e-06,2.4429681642818355e-07,4.4602292361471587e-08,5.5224099663557055e-08,5.462653818919608e-09,9.973395734880034e-10,1991.5722333813255,22.669623326492836,4.138888022021809,1992.767042585175,22.406938838465422,4.090928615488706,-2.0828265942980355,0.02674222928038204,0.00488244073828013,-0.9043406566083431,0.02876222623236479,0.005251240037177674,2.0828265942980355,0.02674222928038204,0.00488244073828013,0.9043406566083431,0.02876222623236479,0.005251240037177674,2.089532429071417,0.021954967801183355,0.004008410371335907,0.9073059509900894,0.030066011243536344,0.005489277524096269,1.5810216148537294e-05,1.5589767756659477e-12,2.8462891555297016e-13,-2.082810784081887,0.02674222927931038,0.004882440738084472,0.6991153915723165,0.009557778436533458,0.0017450036164419445,0.6850480437278748,0.010653482515148673,0.0019450508965112667
relu,relu,full_reconstruction,0,full,4.216965034285822,,30,0.005277979410978595,0.007557495754778499,0.0013798036343805717,0.05757749799534128,0.04506100618252036,0.008226976516682052,0.5083966692288716,0.01751598934605337,0.003197967493951198,0.5336666643619538,0.04072475824323755,0.007435289579588555,0.9958858408701075,0.011357502313779312,0.0020735867380580154,0.996456710977134,0.011190817559582083,0.00204315440476934,0.005445596932743993,0.07334504962232392,0.013390912719827527,0.9999968190987903,5.7477085509965705e-08,1.0493832091153847e-08,1.8633684198061624,0.032190234988052,0.0058771059447827075,4.612232058949506e-12,1.6324708040451685e-12,2.9804702794804487e-13,2.162426790164318e-06,2.3635301299824978e-07,4.315195891781771e-08,4.8353411112126805e-08,5.285022570314672e-09,9.64908692895093e-10,1991.771681740215,22.71500462755862,4.147173476116031,1992.913421954268,22.381635119164134,4.086308809538675,-1.8950271527097675,0.020074020994062764,0.003664998039426818,-0.9377295011468246,0.026117882165441853,0.0047684510720914595,1.8950271527097675,0.020074020994062764,0.003664998039426818,0.9377295011468246,0.026117882165441853,0.0047684510720914595,1.901138165256655,0.01706922013014388,0.003116398968100357,0.9408496491428718,0.03190290536567593,0.0058246469729111025,1.1856732500578498e-05,6.814925959886949e-13,1.2442295586525431e-13,-1.8950152959772668,0.020074020993881947,0.0036649980393938055,0.6957628468672434,0.004891877383725813,0.000893130530538661,0.6881092091401418,0.005746322662804837,0.0010491301817071206
relu,relu,full_reconstruction,0,full,5.62341325190349,,30,0.01459251766329236,0.01903542439314453,0.003475377110603115,0.09505037491291884,0.07582609794700136,0.013843888097722936,0.5111166665951411,0.027529307903341356,0.005026140977055104,0.5453333308299383,0.03910493026882486,0.007139550805967313,0.9959185248807473,0.011368125814853337,0.0020755263151173236,0.9962959725880859,0.011238677723433238,0.002051892435218397,-0.0170974559073026,0.12133878952857594,0.022153330708390893,0.9999974211057029,6.04887322346579e-08,1.1043681039937336e-08,1.9189724365870158,0.029577074083893238,0.0054000102202499236,3.0239014489734835e-12,5.620524660767451e-13,1.0261627139054683e-13,1.9035499046064312e-06,3.601953732408218e-07,6.576237701099693e-08,4.256472460421417e-08,8.054224414738111e-09,1.4704934650536358e-09,1991.8370497614949,22.736251629706683,4.151052630234648,1992.5919451761717,22.47735544686657,4.103784870436812,-1.7551015385140374,0.016917263681498273,0.0030886556432064985,-0.9736353734033787,0.02747519934681538,0.005016262151400663,1.7551015385140374,0.016917263681498273,0.0030886556432064985,0.9736353734033787,0.02747519934681538,0.005016262151400663,1.760874446983185,0.019046076598025756,0.0034773219282366536,0.9769128572353125,0.030119457367154212,0.005499035406601841,8.8912369619072e-06,5.378210390340481e-13,9.819223832660486e-14,-1.7550926472770754,0.016917263681231552,0.0030886556431578022,0.6953277786572775,0.0065456113568503746,0.0011950596642696493,0.6849894960721333,0.009780405401786164,0.0017856495533678865
relu,relu,full_reconstruction,0,full,7.498942093324557,,30,0.010026197316983548,0.012744437741258071,0.0023268053445357445,0.08311788669916058,0.05679012384678827,0.010368410624799332,0.506150002280871,0.023017862888668948,0.004202467576561669,0.5323333303133647,0.04141325144696053,0.0075609906657112475,0.9959338531861596,0.011287991991553684,0.002060895947570539,0.996315637385907,0.011303443026355144,0.0020637169076697247,-0.01503655629542967,0.1013124865755155,0.01849704475144972,0.9999978820482889,4.883451753078689e-08,8.915922278831155e-09,1.9785176793734232,0.02993930850122524,0.00546614487407575,1.1148418942926822e-11,4.557980371740269e-11,8.321695554226426e-12,2.4441625907909908e-05,0.00012302926530976984,2.246196794781625e-05,5.465319378098836e-07,2.7510208582760206e-06,5.022653934149997e-07,1991.8677063723192,22.57598398310733,4.1217918951410715,1992.631274771814,22.60688605271035,4.127433815339461,-1.6321990073806771,0.014908574020225758,0.0027219207637043763,-0.9950022882273436,0.02430392631424258,0.004437269559418017,1.6321990073806771,0.014908574020225758,0.0027219207637043763,0.9950022882273436,0.02430392631424258,0.004437269559418017,1.6376555941807351,0.018298397948027574,0.003340815107446982,0.9983085622196002,0.026980564368338525,0.004925954572919711,6.667541552528931e-06,3.2560686447354795e-13,5.944740818356324e-14,-1.6321923398391247,0.014908574020151189,0.0027219207636907617,0.697309285402298,0.006415797771494404,0.0011713590546129533,0.6867195864518484,0.00869619468467575,0.0015877006644178112
relu,relu,full_reconstruction,0,full,10.0,,30,0.02641105609141046,0.024069102075912164,0.004394396715290505,0.14115378425221553,0.08191668569885913,0.01495587219777533,0.5238500008980433,0.029881961347736526,0.00545567476421759,0.5413333306709925,0.034112729991736875,0.006228103904852436,0.99603049533279,0.011318447735547778,0.0020664563802342615,0.9963158459166687,0.011289966940640024,0.002061256522292043,-0.0013705856050364618,0.16575093580453168,0.0302618421559109,0.9999983330567679,5.304324547547031e-08,9.684327356732976e-09,2.047646474838257,0.04261879437856436,0.007781091684938023,2.3608776283760845e-12,8.063888333289379e-13,1.47225784711511e-13,1.4608205977613883e-06,2.703943797317169e-07,4.936703373389301e-08,3.2664969692082955e-08,6.0462073572061195e-09,1.103881385631829e-09,1992.06099066558,22.636895471095524,4.1329127604685185,1992.6316918333373,22.57993388128004,4.122513044584085,-1.5463055946268265,0.012953050390793332,0.0023648926291795387,-1.0424953667505086,0.016247886646503954,0.002966444676025727,1.5463055946268265,0.012953050390793332,0.0023648926291795387,1.0424953667505086,0.016247886646503954,0.002966444676025727,1.5513765242942603,0.014814976261947197,0.0027048322291906815,1.0459559031002597,0.021296679438325812,0.0038882239094424993,4.999991665283839e-06,2.652162274540108e-13,4.842163679766088e-14,-1.5463005946351613,0.012953050390675298,0.0023648926291579887,0.6929070234298706,0.005473857294834107,0.0009993850389816159,0.6856081048647563,0.00965349180214157,0.0017624784062413785
tanh,tanh,full_reconstruction,0,full,0.1,,30,0.0012761013834581654,0.0016022185013869709,0.00029252373842058877,0.030014670902324868,0.019701765562839858,0.0035970338071486183,0.5030699948469798,0.0116435560314299,0.002125812762663162,0.5426666627327601,0.04306637963741346,0.00786280919916417,0.9904327131169309,0.010970541522525929,0.00200293768664484,0.9991121392553519,0.010751532170211625,0.0019629522324557933,-0.00898228529840708,0.1317195619921874,0.02404859178927372,13.212054697672526,0.5044823594719957,0.09210545604874736,17.316337394714356,0.7582094492053417,0.13842947288111104,2.227009353343116e-06,1.0977733939791996e-06,2.0042508363713782e-07,0.08123212158679956,0.03989562511937243,0.007283911274550006,0.0005013154611029833,0.0002486627335203418,4.5399396119995736e-05,1980.8654262338619,21.94108304505197,4.0058753732897,1998.224278510704,21.503064340423247,3.925904464911586,-12.634691826160987,0.39678779650785434,0.07244320889670713,4.250373689622337,0.37899918196499405,0.06919546707941078,12.634691826160987,0.39678779650785434,0.07244320889670713,-4.250373689622337,0.37899918196499405,0.06919546707941078,12.676700633355495,0.40006295636164013,0.07304116854049174,-4.264845312088683,0.39621766497773486,0.07233911759677668,0.006606027348836227,0.00025224117973599367,4.605272802437291e-05,-12.628085798812151,0.3965572608120536,0.0724011190297404,0.7001576324303945,0.00986336932299902,0.0018007966237370075,0.685764882961909,0.009375738185909116,0.001711767765894996
tanh,tanh,full_reconstruction,0,full,0.1333521432163324,,30,0.001433237023714617,0.0017549596544306275,0.00032041033008104196,0.030953346883059594,0.02217004830501108,0.004047678519211247,0.5030900011459987,0.012234980023486533,0.00223379151649622,0.5293333321809769,0.026772778650439047,0.004888018264646062,0.9918091891978239,0.011114891237870277,0.0020292922183993566,0.9986448576488235,0.010782299403000416,0.0019685695349326046,-0.009556230592230939,0.1271381499955537,0.023212144224013367,10.975865618387859,0.3659904782301556,0.06682041358625322,14.554132588704427,0.6776674695353694,0.12372458651732225,1.1078976224136264e-06,6.033392381096378e-07,1.1015417018020973e-07,0.06385017273326711,0.037227453581164034,0.006796772028293341,0.00043122609458801835,0.00025280888137712296,4.615637568929932e-05,1983.6183783956478,22.22978247574056,4.058584436798714,1997.289715297647,21.56459880600093,3.9371390698652267,-10.242572798060932,0.3209739833390227,0.058601563682356694,2.8617968653802808,0.32284638538200844,0.05894341596091072,10.242572798060932,0.3209739833390227,0.058601563682356694,-2.8617968653802808,0.32284638538200844,0.05894341596091072,10.27309027232027,0.26359969604092437,0.04812649989103983,-2.8689671018197123,0.31501998884946686,0.05751451798595963,0.004110811093029107,0.00013707508547946317,2.502637212968361e-05,-10.238461986967902,0.32085072436810647,0.0585790597760948,0.6968028167883555,0.005966746442079157,0.0010893738737468156,0.6886356433232625,0.005465110321970794,0.0009977880675325751
tanh,tanh,full_reconstruction,0,full,0.1778279410038923,,30,0.0015443203304539071,0.0017710879725276484,0.0003233549446264943,0.03216832920749959,0.02295840901729437,0.004191612834400713,0.5058300018310546,0.009958055288196007,0.001818083836742854,0.5386666645606358,0.04023494538757815,0.0073458623962549974,0.9928974207906036,0.011343185245318929,0.002070972810940316,0.9978765727654739,0.011769691093992627,0.002148841769015806,-0.02435329077028048,0.12008768097140365,0.02192491058217389,9.344158426920574,0.20581201992831466,0.03757596197348024,12.495349184672039,0.3292011986833678,0.06010364082554018,6.865692546709212e-07,6.382605434599148e-07,1.165298990728339e-07,0.057775871862637926,0.054088865853631214,0.009875230645968246,0.0004222255009191378,0.0003959038772054625,7.228182804972904e-05,1985.794841581207,22.686370490637888,4.141945621880638,1995.753145530948,23.539382187985392,4.297683538031637,-8.402370046619172,0.1921202206960119,0.03507619287602553,1.8240561615654978,0.20588104234806712,0.03758856368557091,8.402370046619172,0.1921202206960119,0.03507619287602553,-1.8240561615654978,0.20588104234806712,0.03758856368557091,8.427662770463991,0.20670515207591003,0.037739024848170585,-1.8299049949888808,0.20787522041369516,0.037952649122313074,0.0026247636030675234,5.781236514839846e-05,1.0555045498167779e-05,-8.399745283016104,0.19207630155142658,0.035068174373960294,0.6985552708307902,0.00785843725579202,0.0014347477839120948,0.6865784446398417,0.007036478686729439,0.0012846793673753469
tanh,tanh,full_reconstruction,0,full,0.2371373705661655,,30,0.0016361812547377559,0.001967401303912805,0.0003591966912727067,0.032551127579217645,0.024423109775289022,0.0044590293827835754,0.5057966659466425,0.012097206373071791,0.0022086376044422253,0.5356666664282481,0.033598372518316835,0.006134195507914596,0.993325584691078,0.011343984682748715,0.0020711187675781857,0.9976192511128582,0.011172150352856368,0.002039746254699578,-0.024452001042664036,0.11472230401943416,0.020945331253469892,8.19391819636027,0.22264899590431508,0.040649959154222905,11.103033606211344,0.35525257521543163,0.06485994968576421,2.1468844156139847e-10,4.841869353669329e-11,8.840003551658836e-12,2.6430881068032856e-05,4.39270669263354e-06,8.019948480197673e-07,2.0624597804423199e-07,3.254948155936521e-08,5.942695095054253e-09,1986.651169382156,22.687969365497473,4.1422375351563785,1995.2385022257163,22.344300705712687,4.079492509399147,-7.129259193084009,0.16454735959137548,0.030042100208703466,1.1793304418672448,0.1921025268032603,0.03507296242796215,7.129259193084009,0.16454735959137548,0.030042100208703466,-1.1793304418672448,0.1921025268032603,0.03507296242796215,7.151261968957286,0.13142031597853426,0.02399395719196661,-1.1822265702019792,0.18833688785436223,0.03438545396271831,0.0017286747249704733,4.697236200512405e-05,8.575940749835012e-06,-7.127530518359038,0.16451107494360367,0.03003547556867822,0.6984812617301941,0.0070554986465962335,0.0012881519210626424,0.6875400602817535,0.00513660607040011,0.0009378116712587033
tanh,tanh,full_reconstruction,0,full,0.3162277660168379,,30,0.001689378336436637,0.001879835881692287,0.00034320950560349275,0.03423571464052739,0.02313291831603311,0.004223473727538585,0.5009266674518585,0.012491127057221298,0.0022805573526344094,0.5359999964634578,0.044303031791870034,0.008088589959425246,0.9935815343215556,0.010944292755444231,0.001998145339365725,0.9971007933691786,0.011146115807690185,0.002034993018812276,0.004221509156438216,0.11182709846981699,0.020416741457423403,7.117356316248576,0.17949267460439608,0.03277072892925413,9.759534168243409,0.30274309537954347,0.05527307415610466,9.571214446002507e-11,1.506385151852525e-11,2.7502704265349104e-12,1.5887853320843228e-05,1.8565323184548343e-06,3.3895487651835913e-07,1.3305084867927992e-07,1.4352945609384244e-08,2.620477358968161e-09,1987.1630686431115,21.88858551088853,3.9962906787314627,1994.201586738357,22.292231615380366,4.069986037624552,-5.969306372553428,0.15723750303602113,0.028707509099538606,0.5887226686245474,0.1260160598976407,0.023007279537953323,5.969306372553428,0.15723750303602113,0.028707509099538606,-0.5887226686245474,0.1260160598976407,0.023007279537953323,5.9899375491233435,0.14554602091942176,0.026572946270895365,-0.5904503200922543,0.12521501866117601,0.022861030086385473,0.0011261639740899065,2.840073965259611e-05,5.1852419191861084e-06,-5.968180208579337,0.1572167378741919,0.0287037179170239,0.6985842823982239,0.006671036289232206,0.001217959019182679,0.6876886546611786,0.0063325819264070955,0.001156165989447562
tanh,tanh,full_reconstruction,0,full,0.4216965034285823,,30,0.0016709023799800172,0.0017862181748451377,0.0003261173289961296,0.034986592080045655,0.021499978057836634,0.003925340989381079,0.4992033362388611,0.01173199386497827,0.002141959228120272,0.5279999931653341,0.04513580878068261,0.00824063354013987,0.9941006313740302,0.011090707773815456,0.002024876942138876,0.996838168892659,0.011090323409854849,0.002024806767201704,-0.028792003852625682,0.10118037836050187,0.01847292520165148,6.420672750473022,0.12435824942234518,0.022704606140157416,8.968024253845215,0.2567869180939364,0.04688266250409348,5.881587531823366e-11,6.066870018173325e-12,1.1076538541351024e-12,1.2543160331309385e-05,9.306190727001625e-07,1.6990701952080636e-07,1.1066951870475351e-07,7.818573118500032e-09,1.4274696215019933e-09,1988.2012627480603,22.181415547630984,4.049753884277766,1993.6763377853179,22.180646819709803,4.049613534403427,-5.1380898621356055,0.11627351411434933,0.021228542173608148,0.17661767094261638,0.11203756285974416,0.020455166822061627,5.1380898621356055,0.11627351411434933,0.021228542173608148,-0.17661767094261638,0.11203756285974416,0.020455166822061627,5.155515308661489,0.11480982458664417,0.020961310249772082,-0.17710984234404756,0.11232365953019861,0.02050740068873997,0.00076164564062546,1.4751868258870995e-05,2.6933103369093677e-06,-5.137328216494979,0.11626360854535667,0.02122673367241408,0.6991146604220072,0.008595655178094169,0.0015693447458594205,0.6873694360256195,0.008068258575663597,0.0014730557405584846
tanh,tanh,full_reconstruction,0,full,0.5623413251903491,,30,0.0029273046289972227,0.005559921656976866,0.0010150981698292432,0.038295270406038,0.03887349367556015,0.007097296458379569,0.5053599993387858,0.015084441463323396,0.0027540296189428205,0.5369999994834264,0.039229655104270275,0.00716232234125217,0.9946607116572381,0.011215655870762465,0.002047689239210616,0.9967683796402442,0.011230421984933025,0.002050385150483253,0.013703062501735985,0.13141145475326116,0.023992339360976875,5.746185191472372,0.13017503870818825,0.02376660170819429,8.215941794713338,0.2652186962602689,0.04842208753795344,3.7123284770309205e-11,4.512423469167679e-12,8.23852041026285e-13,9.735091680340702e-06,7.046218490182845e-07,1.286457604061046e-07,9.076876352764886e-08,5.7650685954522125e-09,1.0525527050979338e-09,1989.3214233144763,22.431311741524922,4.095378478421231,1993.5367592804885,22.460843969865984,4.100770300966495,-4.467982004863023,0.08025012309832852,0.014651600887840302,-0.14034612875635974,0.09295845409700634,0.0169718140732463,4.467982004863023,0.08025012309832852,0.014651600887840302,0.14034612875635974,0.09295845409700634,0.0169718140732463,4.481848184308827,0.058325582150705366,0.01064874567452067,0.14140922664331124,0.09438871819687836,0.017232943376809542,0.0005107720170197166,1.1571114551841225e-05,2.1125868185065733e-06,-4.4674712328460044,0.08024079470412011,0.014649897763862553,0.6988125801086426,0.00816115105504144,0.0014900155093510942,0.6858063876628876,0.012428410343478212,0.0022691068996845156
tanh,tanh,full_reconstruction,0,full,0.7498942093324559,,30,0.0016665053366868774,0.0020097798509403,0.0003669339199931242,0.03279679552876374,0.024723481921905766,0.004513869582899655,0.5005799978971481,0.012991836644119308,0.0023719739978021208,0.5376666635274887,0.03729504215881638,0.006809111957829966,0.9945642842671207,0.011217742088839884,0.0020480701287775753,0.9966142158476003,0.011110888477541379,0.0020285614176912153,0.0026523623460282804,0.09493996916701099,0.01733358757387229,5.249515612920125,0.10296224647568247,0.018798248322046025,7.7484588623046875,0.18691348605334576,0.03412557753778158,2.3466136788348932e-11,1.841440114219543e-12,3.361994296176444e-13,7.759733716738992e-06,4.677442372805204e-07,8.539802330052996e-08,7.570981992444104e-08,4.03487474206436e-09,7.366639709788296e-10,1989.1285685342414,22.435484177679818,4.0961402575551595,1993.2284316952005,22.221776955082774,4.057122835382433,-3.9815198288352436,0.0614352504356393,0.011216490829859576,-0.40175181846528624,0.07328127742081073,0.013379269562057344,3.9815198288352436,0.0614352504356393,0.011216490829859576,0.40175181846528624,0.07328127742081073,0.013379269562057344,3.995632436948397,0.06840549512499976,0.01248907757909068,0.40289737597663705,0.07268446737486906,0.013270307453821361,0.00034996770752796,6.864149765046972e-06,1.2532165548033375e-06,-3.9811698611277158,0.06143020664017047,0.011215569963008336,0.6986415644486745,0.009107964054287817,0.0016628791218265481,0.6868559877077739,0.010880727430080896,0.001986539951840174
tanh,tanh,full_reconstruction,0,full,1.0,,30,0.00365029371235623,0.004075371129046975,0.0007440575658614419,0.04931610439283385,0.03549961961726333,0.006481314149076011,0.5032433370749155,0.0158138654470778,0.0028872036089053433,0.5340000003576278,0.04753220240436774,0.008678153154924501,0.9949266200241789,0.011223646521750586,0.002049148125809064,0.9964799590468307,0.011221471720751273,0.0020487510632872614,-0.025865103645871072,0.13347119521768736,0.024368394799301005,4.889066886901856,0.08783399551285184,0.016036220219398833,7.555525239308675,0.1803692429470149,0.03293076768073654,1.6387030447873042e-11,1.2056995540316344e-12,2.20129614439015e-13,6.460114991568844e-06,2.693552101625736e-07,4.91773081958621e-08,6.532136917295854e-08,2.3531539775410036e-09,4.296251715940709e-10,1989.8532400483575,22.447293043501077,4.098296251618112,1992.9599180936614,22.442943441502436,4.097502126574502,-3.6477951390756607,0.061284173915936276,0.011188908157276004,-0.6526816291265811,0.05283973151978487,0.009647170961967636,3.6477951390756607,0.061284173915936276,0.011188908157276004,0.6526816291265811,0.05283973151978487,0.009647170961967636,3.6599112012316803,0.06114063617732231,0.011162701871511953,0.655034337869161,0.05575859251639293,0.010180079631989051,0.00024445334434504,4.391699775646424e-06,8.018110109706411e-07,-3.6475506857313156,0.061281091429915696,0.011188345374900448,0.700329210360845,0.010511197902843487,0.0019190733992627913,0.6860850234826406,0.007768303238832064,0.001418291639149588
tanh,tanh,full_reconstruction,0,full,1.333521432163324,,30,0.004016987834705268,0.00667874998648434,0.0012193673411782654,0.0485734808954218,0.04140970386533277,0.007560342968883875,0.5039166659116745,0.016206361892249565,0.0029588633278257313,0.5399999936421712,0.03503692811679024,0.006396838625084338,0.9950684801020827,0.011347050547208602,0.00207167851528583,0.9963620721150892,0.011239090376733391,0.0020519677750587047,-0.024737632416266312,0.13347788823041082,0.024369616770649777,4.469083007176717,0.07394622915774642,0.013500672584047984,7.302736377716064,0.19995351728154795,0.036506350622534295,4.230458708632164e-09,2.311414697235372e-08,4.22004656474929e-09,0.005410932705459951,0.029609981111427375,0.0054060181940102205,5.7200262530916366e-05,0.0003130140396136816,5.7148283437409694e-05,1990.1369602041655,22.694101094417256,4.14335703057167,1992.7241442301784,22.478180753466795,4.103935550117412,-3.3994985961479234,0.04997944018166213,0.009124955599658814,-0.8799173591116861,0.053594799561945135,0.009785026895015116,3.3994985961479234,0.04997944018166213,0.009124955599658814,0.8799173591116861,0.053594799561945135,0.009785026895015116,3.410840926624085,0.05724562290913468,0.010451572995255858,0.883097410110123,0.059099853106791965,0.01079010756394391,0.00016756966656076,2.7726370137888145e-06,5.062119454086319e-07,-3.399331026481363,0.04997726050768247,0.009124557647456594,0.6970217029253641,0.004487147394808531,0.0008192372823290573,0.688219408194224,0.00633710662496505,0.0011569920826029296
tanh,tanh,full_reconstruction,0,full,1.7782794100389228,,30,0.003397581842652125,0.003502411459149357,0.0006394499206135622,0.04951011183917151,0.03128838059625483,0.0057124506134585695,0.4988466650247574,0.01524669633536926,0.002783653170104365,0.5296666632095973,0.046124515648605174,0.008421145891580361,0.995335672288873,0.011299224966242404,0.002062946798778838,0.996299907782952,0.011208524869943738,0.002046387302541948,-0.010127174357573175,0.11786614362966842,0.021519315210704413,4.016830722490947,0.062274186269508716,0.011369658856696137,6.903624725341797,0.17089692791989367,0.03120136747668673,8.087327444562579e-09,2.888504319090439e-08,5.273663243389778e-09,0.01091148420332501,0.037194358070944296,0.006790729642460175,0.00012184832123468324,0.00041434544894615883,7.564878299580546e-05,1990.6713445777461,22.598449932484844,4.125893597557683,1992.599815565904,22.417049739887567,4.092774605083912,-3.134303965895639,0.03909705354497133,0.0071381127195227064,-1.0998324211389674,0.05598918953395401,0.010222180694726257,3.134303965895639,0.03909705354497133,0.0071381127195227064,1.0998324211389674,0.05598918953395401,0.010222180694726257,3.144194840470623,0.035550896002161464,0.0064906758933013535,1.103585715293631,0.060369192926289,0.011021856248036598,0.00011292748727829666,1.7507502465480754e-06,3.1964180086403733e-07,-3.134191038408361,0.039095539326583204,0.007137836262333317,0.7008316874504089,0.015145582453402444,0.0027651923854276517,0.6866792221864064,0.012579532694920187,0.002296697939960513
tanh,tanh,full_reconstruction,0,full,2.3713737056616555,,30,0.008863944336007951,0.013931092546136425,0.002543457879403666,0.0710145339570123,0.06286998326768478,0.011478436008561101,0.5129166662693023,0.019993481364574302,0.0036502935821455047,0.5329999963442484,0.03621297268362999,0.006611554004380845,0.9952598109277043,0.011229464779734013,0.002050210389523367,0.9961743488670948,0.011245381887587327,0.002053116442530534,-0.04083770559324572,0.17863594491224494,0.032614312203228926,3.6580683469772337,0.032759498186692,0.005981038709800264,6.596389023462931,0.1451193383674846,0.026495045051365417,2.0007454764059874e-08,3.59179125110424e-08,6.557683633598315e-09,0.039097537950798726,0.06884025603530372,0.012568453698322334,0.0004565048439928734,0.00080459033429973,0.00014689742521552826,1990.5196218554086,22.45892955946808,4.100420779046743,1992.3486977341893,22.49076377517471,4.106232885061079,-2.924349045244691,0.029999951122970582,0.0054772166513678095,-1.2929720242178595,0.03743944347425106,0.006835475910428964,2.924349045244691,0.029999951122970582,0.0054772166513678095,1.2929720242178595,0.03743944347425106,0.006835475910428964,2.9342320788712386,0.037691592930448166,0.006881511892102904,1.2973584320738587,0.0435683112270136,0.00795444895048031,7.712562401385694e-05,6.906915072041312e-07,1.2610243959098154e-07,-2.9242719196206775,0.02999938647799185,0.005477113561770532,0.6955709338188172,0.004852689833798899,0.0008859758955158841,0.6866864860057831,0.011001992195137825,0.002008679767590922
tanh,tanh,full_reconstruction,0,full,3.1622776601683795,,30,0.011849707773823518,0.014382324300684172,0.0026258411496131446,0.08789249407933535,0.0653210949055475,0.011925945720234718,0.5176600029071172,0.02041192471067532,0.0037266905353779945,0.5383333275715511,0.029952071018889453,0.0054684749803474994,0.9954701609515567,0.011335723442432256,0.0020696104783534206,0.9961210006695872,0.011203908487998848,0.002045544470366856,-0.06590327285230159,0.19130273954809188,0.03492694192100852,3.354159156481425,0.033846876220958805,0.0061795658691014485,6.281777381896973,0.14172322306919838,0.02587500206577883,4.030220430344469e-09,1.4164706865208746e-08,2.586109823507706e-09,0.008828286914808787,0.02780968824046437,0.005077331188829496,0.00010802013478899618,0.0003408744013613372,6.223486630055802e-05,1990.9403219031133,22.67144688486457,4.139220956706851,1992.2420013391745,22.40781697599775,4.091088940733721,-2.714738072510421,0.028566274727683114,0.005215464350747262,-1.4293819026088979,0.03527852244156886,0.0064409475122331646,2.714738072510421,0.028566274727683114,0.005215464350747262,1.4293819026088979,0.03527852244156886,0.0064409475122331646,2.7235545425479275,0.029245884926367316,0.005339543629457231,1.4340890101605033,0.03859967673099617,0.007047304552657958,5.3030184292196445e-05,5.351284778017238e-07,9.770064615180222e-08,-2.714685042326129,0.028565842455601658,0.005215385429023931,0.6954176942507426,0.008278546633890115,0.001511448911580026,0.6853283782800038,0.00814526548372326,0.0014871152141011526
tanh,tanh,full_reconstruction,0,full,4.216965034285822,,30,0.012107822135615313,0.015061471366478852,0.0027498358722128752,0.09000491857416093,0.06438250539902808,0.011754583505248611,0.5152266651391983,0.02020453668990428,0.003688826836333779,0.5399999956289927,0.04059896735925622,0.0074123234113601935,0.9955584145939854,0.011357766653360631,0.002073634999641859,0.996157335136553,0.01119530807364378,0.002043974256718135,0.015719567037497967,0.19761052600220091,0.036078580897288874,3.1278643290201824,0.020944551782267014,0.003823934489327558,6.0996307849884035,0.14344835053145044,0.026189965807661197,4.934234653936748e-09,1.0781531291544928e-08,1.9684292976089883e-09,0.011501987973603392,0.0247532417397792,0.004519302957418496,0.0001454087794520146,0.00031318603498571655,5.7179685352426363e-05,1991.116829187971,22.715533306721255,4.147269999283717,1992.314670273106,22.390616147287577,4.087948513436274,-2.5498797049537583,0.021914574480901165,0.004001035593772212,-1.5364811823089461,0.03991614833736435,0.007287658284365595,2.5498797049537583,0.021914574480901165,0.004001035593772212,1.5364811823089461,0.03991614833736435,0.007287658284365595,2.558159166452493,0.024050302385302983,0.004390964377083582,1.5416193715568127,0.050820478794948935,0.009278507539735498,3.708636861536854e-05,2.483347377551209e-07,4.5339512560203184e-08,-2.549842618585143,0.02191435599787959,0.004000995704412429,0.6966340323289235,0.008436974979044097,0.0015403738377097096,0.6855898519357045,0.00959969173268857,0.0017526559023631277
tanh,tanh,full_reconstruction,0,full,5.62341325190349,,30,0.020534099404782517,0.024629695352145722,0.004496746576283453,0.11466832181520269,0.08740675056902363,0.01595821632162725,0.5139433314402898,0.030220838844501375,0.0055175450472872535,0.5373333295186361,0.04982267946004969,0.009096335138539509,0.9955838968750115,0.011366603251287124,0.00207524833431384,0.995972690708019,0.011241667680509616,0.0020524383241972985,-0.06569128536308803,0.24242004177588536,0.04425964175733238,2.969829495747884,0.02123058027037179,0.0038761559076689197,5.963830121358236,0.13164460495173172,0.024034906568639918,7.427988706694596e-09,2.0934097960315658e-08,3.822025891295925e-09,0.016738229548195687,0.0458009835442918,0.008362077281043843,0.00021743159526299783,0.0005957931369976112,0.00010877644691345248,1991.167793750023,22.733206502574195,4.15049666862767,1991.945381416038,22.483335361019225,4.104876648394596,-2.424357549985883,0.02224803323328314,0.0040619165539979235,-1.6201991335371242,0.03135909428848659,0.005725361108245175,2.424357549985883,0.02224803323328314,0.0040619165539979235,1.6201991335371242,0.03135909428848659,0.005725361108245175,2.4323323933506042,0.025371823811110947,0.004632240075464053,1.6257089330394825,0.04003701965107633,0.007309726266057375,2.640552588021592e-05,1.8876660683179357e-07,3.446390955516071e-08,-2.424331144460003,0.022247863622413603,0.004061885587431509,0.6946922381718953,0.005524262467605511,0.0010085877223622302,0.6856988847255707,0.011575708452650475,0.002113425546206629
tanh,tanh,full_reconstruction,0,full,7.498942093324557,,30,0.01711675941581533,0.02355497620378907,0.0043005306027708926,0.10233061741766142,0.08291169474560586,0.015137535164383629,0.51676999827226,0.02394732788064034,0.0043721638907330326,0.5386666645606358,0.030931891219598717,0.005647364855756733,0.9955908469690422,0.011289104355524238,0.002061099036516815,0.9959660683847359,0.01130973948966681,0.0020648664793324924,-0.002114133831734454,0.22591341292897962,0.04124595743472713,2.8414860010147094,0.01802648453048588,0.00329117073662168,5.92772053082784,0.14046686140526654,0.0256456228578721,8.509543506566725e-09,1.2879856127203766e-08,2.351529246096877e-09,0.01928270104016289,0.029190343952400673,0.005329403281354785,0.00025584578112925594,0.00038733021512020043,7.071649867488744e-05,1991.1816939380844,22.578208711048532,4.1221980730336405,1991.9321367694718,22.619478979333657,4.129732958664992,-2.318211441615299,0.017549644446051713,0.003204112046432593,-1.694140290569486,0.03418124551891707,0.006240613071444418,2.318211441615299,0.017549644446051713,0.003204112046432593,1.694140290569486,0.03418124551891707,0.006240613071444418,2.326015057319249,0.0280958648786644,0.00512957965555388,1.6999076996828824,0.04515073135519555,0.008243358017032135,1.894576610891259e-05,1.201925892151348e-07,2.194406411936049e-08,-2.31819249584919,0.017549534026776167,0.0032040918867232595,0.6948101699352265,0.006788941167152735,0.0012394854062750013,0.6845395505428314,0.009454451833605744,0.0017261388460373152
tanh,tanh,full_reconstruction,0,full,10.0,,30,0.030467742728796973,0.04866475945752401,0.008884928836816257,0.13226236159777413,0.11585250923737708,0.021151677550962353,0.518613334496816,0.03540397049410711,0.006463851088289929,0.5523333311080932,0.037936734689566674,0.006926268449188137,0.9956812890983826,0.011319809677333535,0.0020667050356469505,0.9959578953409938,0.011290388372347897,0.0020613334648429934,0.026172672398388386,0.29557688806528815,0.053964709690179274,2.7574659903844196,0.01592438192699015,0.0029073810652466966,5.905315669377645,0.18803175329411262,0.0343297442688106,3.4110862270998626e-09,9.994661225400714e-09,1.8247671359247324e-09,0.006740974367763382,0.019363917919846953,0.003535351548792897,9.101837482158736e-05,0.00026210742302390164,4.785404935991329e-05,1991.3625781967653,22.63961935466715,4.133410071293917,1991.915790681988,22.580776744695736,4.122666929685976,-2.2447180634415025,0.0169091086702266,0.003087166748663097,-1.7583965181001027,0.02753315130740975,0.005026842683423726,2.2447180634415025,0.0169091086702266,0.003087166748663097,1.7583965181001027,0.02753315130740975,0.005026842683423726,2.252146762293779,0.026641645738586753,0.004864076780028448,1.7642279649827453,0.03588980616944866,0.006552552141165036,1.37873299519221e-05,7.962190963495094e-08,1.4536905326233518e-08,-2.2447042761115505,0.016909032279327992,0.0030871528016569788,0.6925210853417715,0.010471756951673052,0.0019118724997142886,0.684249895811081,0.01131097817085869,0.002065092630542609
