case_id,panel,kind,method,alpha,cosine,sd,sem,num_seeds,num_converged,num_resolved,d,beta,rho,lambda_r,epochs,status,plot_eligible,zero_imputed,archived_nonconverged,noise_discretization,gamma_truncation,warm_start
original_bounded,bounded,simulation,amp,0.1,0.034510108451589624,0.02391693214371732,0.0075631980217840305,10,10,0,4000.0,1.0,,,,all_seeds_including_nonconverged,True,False,False,,,
original_bounded,bounded,simulation,amp,0.1333521432163324,0.05131778487069473,0.05019034671530987,0.015871581217392978,10,10,0,4000.0,1.0,,,,all_seeds_including_nonconverged,True,False,False,,,
original_bounded,bounded,simulation,amp,0.1778279410038923,0.0637724861455947,0.05437328274148223,0.017194341732340815,10,10,0,4000.0,1.0,,,,all_seeds_including_nonconverged,True,False,False,,,
original_bounded,bounded,simulation,amp,0.2371373705661655,0.0751216599712636,0.05647939710958867,0.01786035357394308,10,10,0,4000.0,1.0,,,,all_seeds_including_nonconverged,True,False,False,,,
original_bounded,bounded,simulation,amp,0.3162277660168379,0.09130808012357348,0.06016040562765472,0.019024390674300055,10,10,4,4000.0,1.0,,,,all_seeds_including_nonconverged,True,False,False,,,
original_bounded,bounded,simulation,amp,0.4216965034285823,0.20370335124427563,0.08277146812067362,0.026174636453734537,10,10,4,4000.0,1.0,,,,all_seeds_including_nonconverged,True,False,False,,,
original_bounded,bounded,simulation,amp,0.5623413251903491,0.32052655478386943,0.06953583334280902,0.021989161236115648,10,10,6,4000.0,1.0,,,,all_seeds_including_nonconverged,True,False,False,,,
original_bounded,bounded,simulation,amp,0.7498942093324559,0.4594806939198154,0.04704042645624765,0.014875488970738553,10,10,10,4000.0,1.0,,,,all_seeds_including_nonconverged,True,False,False,,,
original_bounded,bounded,simulation,amp,1.0,0.5483773771173027,0.01891744725547644,0.005982222084340676,10,10,10,4000.0,1.0,,,,all_seeds_including_nonconverged,True,False,False,,,
original_bounded,bounded,simulation,amp,1.333521432163324,0.6162646796913985,0.014311307290552454,0.0045256327332718884,10,10,10,4000.0,1.0,,,,all_seeds_including_nonconverged,True,False,False,,,
original_bounded,bounded,simulation,amp,1.7782794100389228,0.6877835419010296,0.015397283652639007,0.004869048612201611,10,10,10,4000.0,1.0,,,,all_seeds_including_nonconverged,True,False,False,,,
original_bounded,bounded,simulation,amp,2.3713737056616555,0.7494670664850543,0.011642961958382698,0.0036818278499183886,10,10,10,4000.0,1.0,,,,all_seeds_including_nonconverged,True,False,False,,,
original_bounded,bounded,simulation,amp,3.1622776601683795,0.7985669589362223,0.011219451325832566,0.0035479020287026825,10,10,10,4000.0,1.0,,,,all_seeds_including_nonconverged,True,False,False,,,
original_bounded,bounded,simulation,amp,4.216965034285822,0.8377649566276567,0.007564118646693826,0.002391984341530296,10,10,10,4000.0,1.0,,,,all_seeds_including_nonconverged,True,False,False,,,
original_bounded,bounded,simulation,amp,5.62341325190349,0.8741531443423574,0.0037211193776760707,0.00117672126788447,10,10,10,4000.0,1.0,,,,all_seeds_including_nonconverged,True,False,False,,,
original_bounded,bounded,simulation,amp,7.498942093324557,0.9028857044417714,0.003603332880384223,0.0011394739069789206,10,10,10,4000.0,1.0,,,,all_seeds_including_nonconverged,True,False,False,,,
original_bounded,bounded,simulation,amp,10.0,0.924378648232447,0.0032723993042952067,0.0010348235215123277,10,10,10,4000.0,1.0,,,,all_seeds_including_nonconverged,True,False,False,,,
original_bounded,bounded,simulation,diagonal_deletion_pca,0.1,0.028416151032820424,0.021352317786707396,0.0047745234048255595,20.0,20.0,,2000.0,1.0,,,,converged,True,False,False,,,
original_bounded,bounded,simulation,diagonal_deletion_pca,0.1333521432163324,0.03669212677595814,0.022614409420262056,0.005056735673471756,20.0,20.0,,2000.0,1.0,,,,converged,True,False,False,,,
original_bounded,bounded,simulation,diagonal_deletion_pca,0.1778279410038923,0.032305353378072416,0.023097104130412542,0.005164669491899361,20.0,20.0,,2000.0,1.0,,,,converged,True,False,False,,,
original_bounded,bounded,simulation,diagonal_deletion_pca,0.2371373705661655,0.0474654948451408,0.03195105567452064,0.007144473244110854,20.0,20.0,,2000.0,1.0,,,,converged,True,False,False,,,
original_bounded,bounded,simulation,diagonal_deletion_pca,0.3162277660168379,0.05307999879822554,0.04083609888053371,0.009131229303277644,20.0,20.0,,2000.0,1.0,,,,converged,True,False,False,,,
original_bounded,bounded,simulation,diagonal_deletion_pca,0.4216965034285823,0.04001952130914474,0.04048331348283354,0.009052344090204955,20.0,20.0,,2000.0,1.0,,,,converged,True,False,False,,,
original_bounded,bounded,simulation,diagonal_deletion_pca,0.5623413251903491,0.06173249362196391,0.04952572139155766,0.01107428796662384,20.0,20.0,,2000.0,1.0,,,,converged,True,False,False,,,
original_bounded,bounded,simulation,diagonal_deletion_pca,0.7498942093324559,0.06491710892838345,0.0424925160494719,0.009501615442162,20.0,20.0,,2000.0,1.0,,,,converged,True,False,False,,,
original_bounded,bounded,simulation,diagonal_deletion_pca,1.0,0.07967171971279201,0.07035601438420555,0.015732083078903662,20.0,20.0,,2000.0,1.0,,,,converged,True,False,False,,,
original_bounded,bounded,simulation,diagonal_deletion_pca,1.333521432163324,0.10560522295078993,0.0650507794095352,0.014545796474906433,20.0,20.0,,2000.0,1.0,,,,converged,True,False,False,,,
original_bounded,bounded,simulation,diagonal_deletion_pca,1.7782794100389228,0.21053164870154478,0.12908968273036572,0.028865330577897842,20.0,20.0,,2000.0,1.0,,,,converged,True,False,False,,,
original_bounded,bounded,simulation,diagonal_deletion_pca,2.3713737056616555,0.3560404135749039,0.1378296867427034,0.030819654887418637,20.0,20.0,,2000.0,1.0,,,,converged,True,False,False,,,
original_bounded,bounded,simulation,diagonal_deletion_pca,3.1622776601683795,0.582111596120639,0.1094761218710178,0.024479605041664725,20.0,20.0,,2000.0,1.0,,,,converged,True,False,False,,,
original_bounded,bounded,simulation,diagonal_deletion_pca,4.216965034285822,0.7124727663394642,0.037013283569504556,0.008276421813188824,20.0,20.0,,2000.0,1.0,,,,converged,True,False,False,,,
original_bounded,bounded,simulation,diagonal_deletion_pca,5.62341325190349,0.7978299478957563,0.01939702659602966,0.004337307003009367,20.0,20.0,,2000.0,1.0,,,,converged,True,False,False,,,
original_bounded,bounded,simulation,diagonal_deletion_pca,7.498942093324557,0.8538880510375476,0.012232956100809983,0.0027353721407181895,20.0,20.0,,2000.0,1.0,,,,converged,True,False,False,,,
original_bounded,bounded,simulation,diagonal_deletion_pca,10.0,0.8933780547194135,0.0070788977111263685,0.001582889648784623,20.0,20.0,,2000.0,1.0,,,,converged,True,False,False,,,
original_bounded,bounded,simulation,dynamic,0.1,0.0336321821277028,0.022778908860805,0.0050935188666032,20.0,,,2000.0,1.0,0.75,,,all_seeds,True,False,False,,,
original_bounded,bounded,simulation,dynamic,0.1333521432163324,0.0390264581734765,0.028051441611571,0.0062724930310339,20.0,,,2000.0,1.0,0.75,,,all_seeds,True,False,False,,,
original_bounded,bounded,simulation,dynamic,0.1778279410038923,0.0359509028127316,0.028947600942761,0.006472880349355,20.0,,,2000.0,1.0,0.75,,,all_seeds,True,False,False,,,
original_bounded,bounded,simulation,dynamic,0.2371373705661655,0.0510257570282521,0.0365279771415671,0.0081679039969102,20.0,,,2000.0,1.0,0.75,,,all_seeds,True,False,False,,,
original_bounded,bounded,simulation,dynamic,0.3162277660168379,0.0593900783975363,0.045307012649302,0.0101309560141282,20.0,,,2000.0,1.0,0.75,,,all_seeds,True,False,False,,,
original_bounded,bounded,simulation,dynamic,0.4216965034285823,0.0580682348332807,0.0420733467784147,0.0094078863437457,20.0,,,2000.0,1.0,0.75,,,all_seeds,True,False,False,,,
original_bounded,bounded,simulation,dynamic,0.5623413251903491,0.0969726483387951,0.0670051222616402,0.0149828008217712,20.0,,,2000.0,1.0,0.75,,,all_seeds,True,False,False,,,
original_bounded,bounded,simulation,dynamic,0.7498942093324559,0.0799538871046936,0.0517924289637918,0.0115811391882867,20.0,,,2000.0,1.0,0.75,,,all_seeds,True,False,False,,,
original_bounded,bounded,simulation,dynamic,1.0,0.1549707411829885,0.1009748446362591,0.0225786616624155,20.0,,,2000.0,1.0,0.75,,,all_seeds,True,False,False,,,
original_bounded,bounded,simulation,dynamic,1.333521432163324,0.2948682659593605,0.1222517570252033,0.0273363239077142,20.0,,,2000.0,1.0,0.75,,,all_seeds,True,False,False,,,
original_bounded,bounded,simulation,dynamic,1.7782794100389228,0.5055084379875046,0.1059527127676759,0.0236917468149033,20.0,,,2000.0,1.0,0.75,,,all_seeds,True,False,False,,,
original_bounded,bounded,simulation,dynamic,2.3713737056616555,0.6599697093974505,0.034356926015366,0.0076824422068289,20.0,,,2000.0,1.0,0.75,,,all_seeds,True,False,False,,,
original_bounded,bounded,simulation,dynamic,3.1622776601683795,0.7515052285381966,0.017572450977787,0.0039293194917614,20.0,,,2000.0,1.0,0.75,,,all_seeds,True,False,False,,,
original_bounded,bounded,simulation,dynamic,4.216965034285822,0.8086257863604767,0.0174804567692757,0.0039087489613846,20.0,,,2000.0,1.0,0.75,,,all_seeds,True,False,False,,,
original_bounded,bounded,simulation,dynamic,5.62341325190349,0.852303870671965,0.0090549811892855,0.0020247553474224,20.0,,,2000.0,1.0,0.75,,,all_seeds,True,False,False,,,
original_bounded,bounded,simulation,dynamic,7.498942093324557,0.8818688964330221,0.0067155294488415,0.0015016380352511,20.0,,,2000.0,1.0,0.75,,,all_seeds,True,False,False,,,
original_bounded,bounded,simulation,dynamic,10.0,0.9047675660609183,0.004823505660207,0.0010785686546077,20.0,,,2000.0,1.0,0.75,,,all_seeds,True,False,False,,,
original_bounded,bounded,simulation,estimated_whitening_pca,0.1,0.03675196821560025,0.03167341110308359,0.0070823900305791495,20.0,20.0,,2000.0,1.0,,,,converged,True,False,False,,,
original_bounded,bounded,simulation,estimated_whitening_pca,0.1333521432163324,0.05285202553774716,0.031347533107359785,0.007009521495498169,20.0,20.0,,2000.0,1.0,,,,converged,True,False,False,,,
original_bounded,bounded,simulation,estimated_whitening_pca,0.1778279410038923,0.037001117017288386,0.024299617679086862,0.00543355969576939,20.0,20.0,,2000.0,1.0,,,,converged,True,False,False,,,
original_bounded,bounded,simulation,estimated_whitening_pca,0.2371373705661655,0.07989146398762981,0.056433061459786694,0.012618816160250656,20.0,20.0,,2000.0,1.0,,,,converged,True,False,False,,,
original_bounded,bounded,simulation,estimated_whitening_pca,0.3162277660168379,0.11949673085814538,0.06005606457709801,0.013428944285550831,20.0,20.0,,2000.0,1.0,,,,converged,True,False,False,,,
original_bounded,bounded,simulation,estimated_whitening_pca,0.4216965034285823,0.12270162627598162,0.08078156161024526,0.018063306308909576,20.0,20.0,,2000.0,1.0,,,,converged,True,False,False,,,
original_bounded,bounded,simulation,estimated_whitening_pca,0.5623413251903491,0.22923956422289032,0.12062174546902207,0.026971842243341062,20.0,20.0,,2000.0,1.0,,,,converged,True,False,False,,,
original_bounded,bounded,simulation,estimated_whitening_pca,0.7498942093324559,0.29271901748772033,0.08180949734456408,0.018293159726753383,20.0,20.0,,2000.0,1.0,,,,converged,True,False,False,,,
original_bounded,bounded,simulation,estimated_whitening_pca,1.0,0.47106557360175405,0.05297058707251515,0.011844583350221547,20.0,20.0,,2000.0,1.0,,,,converged,True,False,False,,,
original_bounded,bounded,simulation,estimated_whitening_pca,1.333521432163324,0.5670891627823471,0.027913596147943476,0.006241669848327789,20.0,20.0,,2000.0,1.0,,,,converged,True,False,False,,,
original_bounded,bounded,simulation,estimated_whitening_pca,1.7782794100389228,0.6547715959220801,0.02889423509244928,0.006460947382457651,20.0,20.0,,2000.0,1.0,,,,converged,True,False,False,,,
original_bounded,bounded,simulation,estimated_whitening_pca,2.3713737056616555,0.7236137037640626,0.016835008287927312,0.0037644222933577824,20.0,20.0,,2000.0,1.0,,,,converged,True,False,False,,,
original_bounded,bounded,simulation,estimated_whitening_pca,3.1622776601683795,0.7816651157739368,0.011730199041949555,0.002622952244740211,20.0,20.0,,2000.0,1.0,,,,converged,True,False,False,,,
original_bounded,bounded,simulation,estimated_whitening_pca,4.216965034285822,0.8270727054371703,0.013650725436921071,0.0030523950019141033,20.0,20.0,,2000.0,1.0,,,,converged,True,False,False,,,
original_bounded,bounded,simulation,estimated_whitening_pca,5.62341325190349,0.8665552095052436,0.007711267561388051,0.0017242918459952714,20.0,20.0,,2000.0,1.0,,,,converged,True,False,False,,,
original_bounded,bounded,simulation,estimated_whitening_pca,7.498942093324557,0.8964171253363258,0.007583503525209643,0.001695722938997805,20.0,20.0,,2000.0,1.0,,,,converged,True,False,False,,,
original_bounded,bounded,simulation,estimated_whitening_pca,10.0,0.9209149502921082,0.004838464079480344,0.0010819134588408996,20.0,20.0,,2000.0,1.0,,,,converged,True,False,False,,,
original_bounded,bounded,simulation,heteropca,0.1,0.02838022129845219,0.021200124068133496,0.0047404918547775884,20.0,20.0,,2000.0,1.0,,,,converged,True,False,False,,,
original_bounded,bounded,simulation,heteropca,0.1333521432163324,0.03667574186683026,0.022494611100967156,0.005029947954918395,20.0,20.0,,2000.0,1.0,,,,converged,True,False,False,,,
original_bounded,bounded,simulation,heteropca,0.1778279410038923,0.03226682324616203,0.0230221093582333,0.005147900151044372,20.0,20.0,,2000.0,1.0,,,,converged,True,False,False,,,
original_bounded,bounded,simulation,heteropca,0.2371373705661655,0.04720574733935627,0.031773306687786676,0.00710472736238397,20.0,20.0,,2000.0,1.0,,,,converged,True,False,False,,,
original_bounded,bounded,simulation,heteropca,0.3162277660168379,0.05306057113215361,0.04083182415737366,0.009130273446120557,20.0,20.0,,2000.0,1.0,,,,converged,True,False,False,,,
original_bounded,bounded,simulation,heteropca,0.4216965034285823,0.03996359126000402,0.04056362208319924,0.009070301639164512,20.0,20.0,,2000.0,1.0,,,,converged,True,False,False,,,
original_bounded,bounded,simulation,heteropca,0.5623413251903491,0.06165715690410195,0.04961408168631894,0.011094045929183656,20.0,20.0,,2000.0,1.0,,,,converged,True,False,False,,,
original_bounded,bounded,simulation,heteropca,0.7498942093324559,0.06491195518418147,0.04235370471108759,0.009470576283294493,20.0,20.0,,2000.0,1.0,,,,converged,True,False,False,,,
original_bounded,bounded,simulation,heteropca,1.0,0.07899116282397148,0.06954195035032042,0.015550052827123175,20.0,20.0,,2000.0,1.0,,,,converged,True,False,False,,,
original_bounded,bounded,simulation,heteropca,1.333521432163324,0.10493584570848298,0.06417824382347807,0.014350691586585298,20.0,20.0,,2000.0,1.0,,,,converged,True,False,False,,,
original_bounded,bounded,simulation,heteropca,1.7782794100389228,0.20740584380973207,0.12929801849153041,0.028911915870308683,20.0,20.0,,2000.0,1.0,,,,converged,True,False,False,,,
original_bounded,bounded,simulation,heteropca,2.3713737056616555,0.35083720606075525,0.13967251724918162,0.031231724315768202,20.0,20.0,,2000.0,1.0,,,,converged,True,False,False,,,
original_bounded,bounded,simulation,heteropca,3.1622776601683795,0.5804807343165301,0.11007440852466162,0.02461338600442257,20.0,20.0,,2000.0,1.0,,,,converged,True,False,False,,,
original_bounded,bounded,simulation,heteropca,4.216965034285822,0.7117339006468046,0.03728446628165606,0.008337060111058179,20.0,20.0,,2000.0,1.0,,,,converged,True,False,False,,,
original_bounded,bounded,simulation,heteropca,5.62341325190349,0.7975064936622911,0.019478044764316537,0.0043554232161795645,20.0,20.0,,2000.0,1.0,,,,converged,True,False,False,,,
original_bounded,bounded,simulation,heteropca,7.498942093324557,0.8537324820845855,0.012266869406982918,0.0027429553865126336,20.0,20.0,,2000.0,1.0,,,,converged,True,False,False,,,
original_bounded,bounded,simulation,heteropca,10.0,0.8932913118979708,0.007080315173476857,0.0015832066030017468,20.0,20.0,,2000.0,1.0,,,,converged,True,False,False,,,
original_bounded,bounded,simulation,pca,0.1,0.0276408950136047,0.0208517403363159,0.0046625908841176,20.0,,,2000.0,1.0,,,,all_seeds,True,False,False,,,
original_bounded,bounded,simulation,pca,0.1333521432163324,0.0343385531752745,0.0219038717979475,0.0048978546310651,20.0,,,2000.0,1.0,,,,all_seeds,True,False,False,,,
original_bounded,bounded,simulation,pca,0.1778279410038923,0.0295102183738322,0.0213826327379444,0.0047813020339956,20.0,,,2000.0,1.0,,,,all_seeds,True,False,False,,,
original_bounded,bounded,simulation,pca,0.2371373705661655,0.0403931740675111,0.0262200814689177,0.0058629884540082,20.0,,,2000.0,1.0,,,,all_seeds,True,False,False,,,
original_bounded,bounded,simulation,pca,0.3162277660168379,0.0480001701556903,0.036240789977563,0.0081036869948123,20.0,,,2000.0,1.0,,,,all_seeds,True,False,False,,,
original_bounded,bounded,simulation,pca,0.4216965034285823,0.0354784212595044,0.0375010365239143,0.0083854866894174,20.0,,,2000.0,1.0,,,,all_seeds,True,False,False,,,
original_bounded,bounded,simulation,pca,0.5623413251903491,0.0562007749213677,0.0431482163781159,0.0096482344929337,20.0,,,2000.0,1.0,,,,all_seeds,True,False,False,,,
original_bounded,bounded,simulation,pca,0.7498942093324559,0.0449361256992005,0.0327123765439861,0.0073147097657922,20.0,,,2000.0,1.0,,,,all_seeds,True,False,False,,,
original_bounded,bounded,simulation,pca,1.0,0.0555470369534359,0.0434434667421939,0.0097142544813796,20.0,,,2000.0,1.0,,,,all_seeds,True,False,False,,,
original_bounded,bounded,simulation,pca,1.333521432163324,0.0528766834882601,0.0416152475137354,0.0093054522341191,20.0,,,2000.0,1.0,,,,all_seeds,True,False,False,,,
original_bounded,bounded,simulation,pca,1.7782794100389228,0.0798729814594575,0.0748787990977275,0.0167434084856068,20.0,,,2000.0,1.0,,,,all_seeds,True,False,False,,,
original_bounded,bounded,simulation,pca,2.3713737056616555,0.0794117639306279,0.0626718792198978,0.0140138582213348,20.0,,,2000.0,1.0,,,,all_seeds,True,False,False,,,
original_bounded,bounded,simulation,pca,3.1622776601683795,0.0648823404835214,0.0486484015766547,0.0108781132922107,20.0,,,2000.0,1.0,,,,all_seeds,True,False,False,,,
original_bounded,bounded,simulation,pca,4.216965034285822,0.106584904215107,0.0848561268128501,0.0189744067860875,20.0,,,2000.0,1.0,,,,all_seeds,True,False,False,,,
original_bounded,bounded,simulation,pca,5.62341325190349,0.1428498151093191,0.0959522967727642,0.0214555858181134,20.0,,,2000.0,1.0,,,,all_seeds,True,False,False,,,
original_bounded,bounded,simulation,pca,7.498942093324557,0.138114768075509,0.0913222907264436,0.0204202849925326,20.0,,,2000.0,1.0,,,,all_seeds,True,False,False,,,
original_bounded,bounded,simulation,pca,10.0,0.182506867032845,0.1367568063769325,0.0305797515444597,20.0,,,2000.0,1.0,,,,all_seeds,True,False,False,,,
original_bounded,bounded,theory,bayes,0.0899999999999999,1.3281954231769669e-06,,,,,,,1.0,,,,converged,True,False,False,archived; original quadrature not changed by this export,,
original_bounded,bounded,theory,bayes,0.0944323418170058,1.3290856542393183e-06,,,,,,,1.0,,,,converged,True,False,False,archived; original quadrature not changed by this export,,
original_bounded,bounded,theory,bayes,0.0990829686782647,1.3477328000951531e-06,,,,,,,1.0,,,,converged,True,False,False,archived; original quadrature not changed by this export,,
original_bounded,bounded,theory,bayes,0.1039626307385509,1.3859198120609176e-06,,,,,,,1.0,,,,converged,True,False,False,archived; original quadrature not changed by this export,,
original_bounded,bounded,theory,bayes,0.1090826075788666,1.4464138707456128e-06,,,,,,,1.0,,,,converged,True,False,False,archived; original quadrature not changed by this export,,
original_bounded,bounded,theory,bayes,0.1144547342797539,1.42236659885866e-06,,,,,,,1.0,,,,converged,True,False,False,archived; original quadrature not changed by this export,,
original_bounded,bounded,theory,bayes,0.1200914287786699,1.4268171700362173e-06,,,,,,,1.0,,,,converged,True,False,False,archived; original quadrature not changed by this export,,
original_bounded,bounded,theory,bayes,0.1260057205746664,1.461663881635679e-06,,,,,,,1.0,,,,converged,True,False,False,archived; original quadrature not changed by this export,,
original_bounded,bounded,theory,bayes,0.1322112808467225,1.4279275799666117e-06,,,,,,,1.0,,,,converged,True,False,False,archived; original quadrature not changed by this export,,
original_bounded,bounded,theory,bayes,0.138722454055354,1.534018853427585e-06,,,,,,,1.0,,,,converged,True,False,False,archived; original quadrature not changed by this export,,
original_bounded,bounded,theory,bayes,0.1455542911005453,1.4815531569783602e-06,,,,,,,1.0,,,,converged,True,False,False,archived; original quadrature not changed by this export,,
original_bounded,bounded,theory,bayes,0.1527225841126518,1.5784827029292614e-06,,,,,,,1.0,,,,converged,True,False,False,archived; original quadrature not changed by this export,,
original_bounded,bounded,theory,bayes,0.160243902956693,1.6336624406730564e-06,,,,,,,1.0,,,,converged,True,False,False,archived; original quadrature not changed by this export,,
original_bounded,bounded,theory,bayes,0.1681356335344172,1.6569850334049548e-06,,,,,,,1.0,,,,converged,True,False,False,archived; original quadrature not changed by this export,,
original_bounded,bounded,theory,bayes,0.1764160179726768,1.6628308000782382e-06,,,,,,,1.0,,,,converged,True,False,False,archived; original quadrature not changed by this export,,
original_bounded,bounded,theory,bayes,0.1851041967910096,1.6680701382869566e-06,,,,,,,1.0,,,,converged,True,False,False,archived; original quadrature not changed by this export,,
original_bounded,bounded,theory,bayes,0.1942202531458993,1.7800569201112602e-06,,,,,,,1.0,,,,converged,True,False,False,archived; original quadrature not changed by this export,,
original_bounded,bounded,theory,bayes,0.2037852592539886,1.8409552610736824e-06,,,,,,,1.0,,,,converged,True,False,False,archived; original quadrature not changed by this export,,
original_bounded,bounded,theory,bayes,0.2138213251015534,1.8846815892257124e-06,,,,,,,1.0,,,,converged,True,False,False,archived; original quadrature not changed by this export,,
original_bounded,bounded,theory,bayes,0.2243516495528336,1.9540573258714323e-06,,,,,,,1.0,,,,converged,True,False,False,archived; original quadrature not changed by this export,,
original_bounded,bounded,theory,bayes,0.2354005739753588,2.022062254731836e-06,,,,,,,1.0,,,,converged,True,False,False,archived; original quadrature not changed by this export,,
original_bounded,bounded,theory,bayes,0.2469936385062272,2.089362925875388e-06,,,,,,,1.0,,,,converged,True,False,False,archived; original quadrature not changed by this export,,
original_bounded,bounded,theory,bayes,0.2591576410894004,2.2651481537947645e-06,,,,,,,1.0,,,,converged,True,False,False,archived; original quadrature not changed by this export,,
original_bounded,bounded,theory,bayes,0.2719206994204797,2.4212731821418174e-06,,,,,,,1.0,,,,converged,True,False,False,archived; original quadrature not changed by this export,,
original_bounded,bounded,theory,bayes,0.2853123159421561,2.5561230243074057e-06,,,,,,,1.0,,,,converged,True,False,False,archived; original quadrature not changed by this export,,
original_bounded,bounded,theory,bayes,0.2993634460405695,2.803515296330208e-06,,,,,,,1.0,,,,converged,True,False,False,archived; original quadrature not changed by this export,,
original_bounded,bounded,theory,bayes,0.3141065696002205,3.106257228324491e-06,,,,,,,1.0,,,,converged,True,False,False,archived; original quadrature not changed by this export,,
original_bounded,bounded,theory,bayes,0.3295757660828352,3.601261506308047e-06,,,,,,,1.0,,,,converged,True,False,False,archived; original quadrature not changed by this export,,
original_bounded,bounded,theory,bayes,0.33,3.649980447883461e-06,,,,,,,1.0,,,,converged,True,False,False,archived; original quadrature not changed by this export,,
original_bounded,bounded,theory,bayes,0.33235,3.7161494906985706e-06,,,,,,,1.0,,,,converged,True,False,False,archived; original quadrature not changed by this export,,
original_bounded,bounded,theory,bayes,0.3347,3.858235850080228e-06,,,,,,,1.0,,,,converged,True,False,False,archived; original quadrature not changed by this export,,
original_bounded,bounded,theory,bayes,0.33705,3.967746088525452e-06,,,,,,,1.0,,,,converged,True,False,False,archived; original quadrature not changed by this export,,
original_bounded,bounded,theory,bayes,0.3394,4.0799509465496e-06,,,,,,,1.0,,,,converged,True,False,False,archived; original quadrature not changed by this export,,
original_bounded,bounded,theory,bayes,0.34175,4.193799547983735e-06,,,,,,,1.0,,,,converged,True,False,False,archived; original quadrature not changed by this export,,
original_bounded,bounded,theory,bayes,0.3441,4.358137495017199e-06,,,,,,,1.0,,,,converged,True,False,False,archived; original quadrature not changed by this export,,
original_bounded,bounded,theory,bayes,0.3458067933037317,4.459727632106487e-06,,,,,,,1.0,,,,converged,True,False,False,archived; original quadrature not changed by this export,,
original_bounded,bounded,theory,bayes,0.34645,4.515136852987819e-06,,,,,,,1.0,,,,converged,True,False,False,archived; original quadrature not changed by this export,,
original_bounded,bounded,theory,bayes,0.3488,4.706330284096084e-06,,,,,,,1.0,,,,converged,True,False,False,archived; original quadrature not changed by this export,,
original_bounded,bounded,theory,bayes,0.35115,4.922349789066673e-06,,,,,,,1.0,,,,converged,True,False,False,archived; original quadrature not changed by this export,,
original_bounded,bounded,theory,bayes,0.3535,5.157154774604772e-06,,,,,,,1.0,,,,converged,True,False,False,archived; original quadrature not changed by this export,,
original_bounded,bounded,theory,bayes,0.35585,5.425633375320671e-06,,,,,,,1.0,,,,converged,True,False,False,archived; original quadrature not changed by this export,,
original_bounded,bounded,theory,bayes,0.3582,5.726900140118485e-06,,,,,,,1.0,,,,converged,True,False,False,archived; original quadrature not changed by this export,,
original_bounded,bounded,theory,bayes,0.36055,6.124753131236816e-06,,,,,,,1.0,,,,converged,True,False,False,archived; original quadrature not changed by this export,,
original_bounded,bounded,theory,bayes,0.3628371700877854,6.563067632715414e-06,,,,,,,1.0,,,,converged,True,False,False,archived; original quadrature not changed by this export,,
original_bounded,bounded,theory,bayes,0.3629,6.57555283996046e-06,,,,,,,1.0,,,,converged,True,False,False,archived; original quadrature not changed by this export,,
original_bounded,bounded,theory,bayes,0.36525,7.177130344361249e-06,,,,,,,1.0,,,,converged,True,False,False,archived; original quadrature not changed by this export,,
original_bounded,bounded,theory,bayes,0.3676,7.958508825256696e-06,,,,,,,1.0,,,,converged,True,False,False,archived; original quadrature not changed by this export,,
original_bounded,bounded,theory,bayes,0.36995,9.064270479017012e-06,,,,,,,1.0,,,,converged,True,False,False,archived; original quadrature not changed by this export,,
original_bounded,bounded,theory,bayes,0.3723,1.0787349494319888e-05,,,,,,,1.0,,,,converged,True,False,False,archived; original quadrature not changed by this export,,
original_bounded,bounded,theory,bayes,0.37465,1.4135998438100371e-05,,,,,,,1.0,,,,converged,True,False,False,archived; original quadrature not changed by this export,,
original_bounded,bounded,theory,bayes,0.377,2.6418551472626923e-05,,,,,,,1.0,,,,converged,True,False,False,archived; original quadrature not changed by this export,,
original_bounded,bounded,theory,bayes,0.37935,0.0318743118582075,,,,,,,1.0,,,,converged,True,False,False,archived; original quadrature not changed by this export,,
original_bounded,bounded,theory,bayes,0.3807062629960537,0.0446519803402745,,,,,,,1.0,,,,converged,True,False,False,archived; original quadrature not changed by this export,,
original_bounded,bounded,theory,bayes,0.3817,0.0520455870727116,,,,,,,1.0,,,,converged,True,False,False,archived; original quadrature not changed by this export,,
original_bounded,bounded,theory,bayes,0.38405,0.0662901636086931,,,,,,,1.0,,,,converged,True,False,False,archived; original quadrature not changed by this export,,
original_bounded,bounded,theory,bayes,0.3864,0.0779291577670065,,,,,,,1.0,,,,converged,True,False,False,archived; original quadrature not changed by this export,,
original_bounded,bounded,theory,bayes,0.38875,0.0880028395973658,,,,,,,1.0,,,,converged,True,False,False,archived; original quadrature not changed by this export,,
original_bounded,bounded,theory,bayes,0.3911,0.0970003955700124,,,,,,,1.0,,,,converged,True,False,False,archived; original quadrature not changed by this export,,
original_bounded,bounded,theory,bayes,0.39345,0.1051985571856443,,,,,,,1.0,,,,converged,True,False,False,archived; original quadrature not changed by this export,,
original_bounded,bounded,theory,bayes,0.3958,0.1127720274977267,,,,,,,1.0,,,,converged,True,False,False,archived; original quadrature not changed by this export,,
original_bounded,bounded,theory,bayes,0.39815,0.1198395124788993,,,,,,,1.0,,,,converged,True,False,False,archived; original quadrature not changed by this export,,
original_bounded,bounded,theory,bayes,0.3994553773235364,0.1235790423024784,,,,,,,1.0,,,,converged,True,False,False,archived; original quadrature not changed by this export,,
original_bounded,bounded,theory,bayes,0.4005,0.1264860558311628,,,,,,,1.0,,,,converged,True,False,False,archived; original quadrature not changed by this export,,
original_bounded,bounded,theory,bayes,0.40285,0.1327750749373159,,,,,,,1.0,,,,converged,True,False,False,archived; original quadrature not changed by this export,,
original_bounded,bounded,theory,bayes,0.4052,0.1387553690874917,,,,,,,1.0,,,,converged,True,False,False,archived; original quadrature not changed by this export,,
original_bounded,bounded,theory,bayes,0.40755,0.1444654513808514,,,,,,,1.0,,,,converged,True,False,False,archived; original quadrature not changed by this export,,
original_bounded,bounded,theory,bayes,0.4099,0.1499363568784802,,,,,,,1.0,,,,converged,True,False,False,archived; original quadrature not changed by this export,,
original_bounded,bounded,theory,bayes,0.41225,0.1551935351543074,,,,,,,1.0,,,,converged,True,False,False,archived; original quadrature not changed by this export,,
original_bounded,bounded,theory,bayes,0.4146,0.1602581677617637,,,,,,,1.0,,,,converged,True,False,False,archived; original quadrature not changed by this export,,
original_bounded,bounded,theory,bayes,0.41695,0.1651481108594179,,,,,,,1.0,,,,converged,True,False,False,archived; original quadrature not changed by this export,,
original_bounded,bounded,theory,bayes,0.4191278525784138,0.1695371748573371,,,,,,,1.0,,,,converged,True,False,False,archived; original quadrature not changed by this export,,
original_bounded,bounded,theory,bayes,0.4193,0.1698785856858716,,,,,,,1.0,,,,converged,True,False,False,archived; original quadrature not changed by this export,,
original_bounded,bounded,theory,bayes,0.42165,0.1744626947688538,,,,,,,1.0,,,,converged,True,False,False,archived; original quadrature not changed by this export,,
original_bounded,bounded,theory,bayes,0.424,0.1789118148060488,,,,,,,1.0,,,,converged,True,False,False,archived; original quadrature not changed by this export,,
original_bounded,bounded,theory,bayes,0.42635,0.1832359004406689,,,,,,,1.0,,,,converged,True,False,False,archived; original quadrature not changed by this export,,
original_bounded,bounded,theory,bayes,0.4287,0.1874437224752762,,,,,,,1.0,,,,converged,True,False,False,archived; original quadrature not changed by this export,,
original_bounded,bounded,theory,bayes,0.43105,0.1915430570302242,,,,,,,1.0,,,,converged,True,False,False,archived; original quadrature not changed by this export,,
original_bounded,bounded,theory,bayes,0.4334,0.1955408374675649,,,,,,,1.0,,,,converged,True,False,False,archived; original quadrature not changed by this export,,
original_bounded,bounded,theory,bayes,0.43575,0.1994432776775339,,,,,,,1.0,,,,converged,True,False,False,archived; original quadrature not changed by this export,,
original_bounded,bounded,theory,bayes,0.4381,0.2032559730530507,,,,,,,1.0,,,,converged,True,False,False,archived; original quadrature not changed by this export,,
original_bounded,bounded,theory,bayes,0.4397691626634711,0.2059123475723769,,,,,,,1.0,,,,converged,True,False,False,archived; original quadrature not changed by this export,,
original_bounded,bounded,theory,bayes,0.44045,0.2069839839098479,,,,,,,1.0,,,,converged,True,False,False,archived; original quadrature not changed by this export,,
original_bounded,bounded,theory,bayes,0.4428,0.2106319049515601,,,,,,,1.0,,,,converged,True,False,False,archived; original quadrature not changed by this export,,
original_bounded,bounded,theory,bayes,0.44515,0.2142039235165068,,,,,,,1.0,,,,converged,True,False,False,archived; original quadrature not changed by this export,,
original_bounded,bounded,theory,bayes,0.4475,0.2177038687675327,,,,,,,1.0,,,,converged,True,False,False,archived; original quadrature not changed by this export,,
original_bounded,bounded,theory,bayes,0.44985,0.2211352534753781,,,,,,,1.0,,,,converged,True,False,False,archived; original quadrature not changed by this export,,
original_bounded,bounded,theory,bayes,0.4522,0.2245013097195916,,,,,,,1.0,,,,converged,True,False,False,archived; original quadrature not changed by this export,,
original_bounded,bounded,theory,bayes,0.45455,0.227805019558049,,,,,,,1.0,,,,converged,True,False,False,archived; original quadrature not changed by this export,,
original_bounded,bounded,theory,bayes,0.4569,0.2310491415117793,,,,,,,1.0,,,,converged,True,False,False,archived; original quadrature not changed by this export,,
original_bounded,bounded,theory,bayes,0.45925,0.2342362335270432,,,,,,,1.0,,,,converged,True,False,False,archived; original quadrature not changed by this export,,
original_bounded,bounded,theory,bayes,0.4614270209912817,0.2371399141051484,,,,,,,1.0,,,,converged,True,False,False,archived; original quadrature not changed by this export,,
original_bounded,bounded,theory,bayes,0.4616,0.2373686729930631,,,,,,,1.0,,,,converged,True,False,False,archived; original quadrature not changed by this export,,
original_bounded,bounded,theory,bayes,0.46395,0.2404486742461078,,,,,,,1.0,,,,converged,True,False,False,archived; original quadrature not changed by this export,,
original_bounded,bounded,theory,bayes,0.4663,0.2434783039467965,,,,,,,1.0,,,,converged,True,False,False,archived; original quadrature not changed by this export,,
original_bounded,bounded,theory,bayes,0.46865,0.2464594946346562,,,,,,,1.0,,,,converged,True,False,False,archived; original quadrature not changed by this export,,
original_bounded,bounded,theory,bayes,0.471,0.2493940567174636,,,,,,,1.0,,,,converged,True,False,False,archived; original quadrature not changed by this export,,
original_bounded,bounded,theory,bayes,0.47335,0.2522836891149012,,,,,,,1.0,,,,converged,True,False,False,archived; original quadrature not changed by this export,,
original_bounded,bounded,theory,bayes,0.4757,0.2551299887288836,,,,,,,1.0,,,,converged,True,False,False,archived; original quadrature not changed by this export,,
original_bounded,bounded,theory,bayes,0.47805,0.257934458905814,,,,,,,1.0,,,,converged,True,False,False,archived; original quadrature not changed by this export,,
original_bounded,bounded,theory,bayes,0.4804,0.260698517007836,,,,,,,1.0,,,,converged,True,False,False,archived; original quadrature not changed by this export,,
original_bounded,bounded,theory,bayes,0.48275,0.263423501216566,,,,,,,1.0,,,,converged,True,False,False,archived; original quadrature not changed by this export,,
original_bounded,bounded,theory,bayes,0.4841514907761273,0.2650305486991024,,,,,,,1.0,,,,converged,True,False,False,archived; original quadrature not changed by this export,,
original_bounded,bounded,theory,bayes,0.4851,0.2661106766512424,,,,,,,1.0,,,,converged,True,False,False,archived; original quadrature not changed by this export,,
original_bounded,bounded,theory,bayes,0.48745,0.2687612408952561,,,,,,,1.0,,,,converged,True,False,False,archived; original quadrature not changed by this export,,
original_bounded,bounded,theory,bayes,0.4898,0.2713763289884383,,,,,,,1.0,,,,converged,True,False,False,archived; original quadrature not changed by this export,,
original_bounded,bounded,theory,bayes,0.49215,0.2739570179574181,,,,,,,1.0,,,,converged,True,False,False,archived; original quadrature not changed by this export,,
original_bounded,bounded,theory,bayes,0.4945,0.2765043309286589,,,,,,,1.0,,,,converged,True,False,False,archived; original quadrature not changed by this export,,
original_bounded,bounded,theory,bayes,0.49685,0.2790192408699191,,,,,,,1.0,,,,converged,True,False,False,archived; original quadrature not changed by this export,,
original_bounded,bounded,theory,bayes,0.4992,0.2815026740068441,,,,,,,1.0,,,,converged,True,False,False,archived; original quadrature not changed by this export,,
original_bounded,bounded,theory,bayes,0.50155,0.2839555129425902,,,,,,,1.0,,,,converged,True,False,False,archived; original quadrature not changed by this export,,
original_bounded,bounded,theory,bayes,0.5039,0.2863785995111355,,,,,,,1.0,,,,converged,True,False,False,archived; original quadrature not changed by this export,,
original_bounded,bounded,theory,bayes,0.5062500000000001,0.2887727373979329,,,,,,,1.0,,,,converged,True,False,False,archived; original quadrature not changed by this export,,
original_bounded,bounded,theory,bayes,0.5079951007576022,0.2905323398676544,,,,,,,1.0,,,,converged,True,False,False,archived; original quadrature not changed by this export,,
original_bounded,bounded,theory,bayes,0.5086,0.2911386945440241,,,,,,,1.0,,,,converged,True,False,False,archived; original quadrature not changed by this export,,
original_bounded,bounded,theory,bayes,0.51095,0.2934772053591252,,,,,,,1.0,,,,converged,True,False,False,archived; original quadrature not changed by this export,,
original_bounded,bounded,theory,bayes,0.5133000000000001,0.2957889727577898,,,,,,,1.0,,,,converged,True,False,False,archived; original quadrature not changed by this export,,
original_bounded,bounded,theory,bayes,0.51565,0.2980746700424796,,,,,,,1.0,,,,converged,True,False,False,archived; original quadrature not changed by this export,,
original_bounded,bounded,theory,bayes,0.518,0.3003349426408371,,,,,,,1.0,,,,converged,True,False,False,archived; original quadrature not changed by this export,,
original_bounded,bounded,theory,bayes,0.5203500000000001,0.3025704097139394,,,,,,,1.0,,,,converged,True,False,False,archived; original quadrature not changed by this export,,
original_bounded,bounded,theory,bayes,0.5227,0.3047816656471825,,,,,,,1.0,,,,converged,True,False,False,archived; original quadrature not changed by this export,,
original_bounded,bounded,theory,bayes,0.52505,0.3069692814299989,,,,,,,1.0,,,,converged,True,False,False,archived; original quadrature not changed by this export,,
original_bounded,bounded,theory,bayes,0.5274000000000001,0.3091338059450904,,,,,,,1.0,,,,converged,True,False,False,archived; original quadrature not changed by this export,,
original_bounded,bounded,theory,bayes,0.52975,0.3112757671579591,,,,,,,1.0,,,,converged,True,False,False,archived; original quadrature not changed by this export,,
original_bounded,bounded,theory,bayes,0.5321,0.3133956732319701,,,,,,,1.0,,,,converged,True,False,False,archived; original quadrature not changed by this export,,
original_bounded,bounded,theory,bayes,0.5330129666234025,0.3142134063139495,,,,,,,1.0,,,,converged,True,False,False,archived; original quadrature not changed by this export,,
original_bounded,bounded,theory,bayes,0.5344500000000001,0.3154940135651677,,,,,,,1.0,,,,converged,True,False,False,archived; original quadrature not changed by this export,,
original_bounded,bounded,theory,bayes,0.5368,0.317571259755107,,,,,,,1.0,,,,converged,True,False,False,archived; original quadrature not changed by this export,,
original_bounded,bounded,theory,bayes,0.53915,0.3196278665069615,,,,,,,1.0,,,,converged,True,False,False,archived; original quadrature not changed by this export,,
original_bounded,bounded,theory,bayes,0.5415000000000001,0.3216642724768643,,,,,,,1.0,,,,converged,True,False,False,archived; original quadrature not changed by this export,,
original_bounded,bounded,theory,bayes,0.5438500000000001,0.3236809010618537,,,,,,,1.0,,,,converged,True,False,False,archived; original quadrature not changed by this export,,
original_bounded,bounded,theory,bayes,0.5462,0.3256781611435633,,,,,,,1.0,,,,converged,True,False,False,archived; original quadrature not changed by this export,,
original_bounded,bounded,theory,bayes,0.5485500000000001,0.3276564477830445,,,,,,,1.0,,,,converged,True,False,False,archived; original quadrature not changed by this export,,
original_bounded,bounded,theory,bayes,0.5509000000000001,0.3296161428737303,,,,,,,1.0,,,,converged,True,False,False,archived; original quadrature not changed by this export,,
original_bounded,bounded,theory,bayes,0.55325,0.3315576157549796,,,,,,,1.0,,,,converged,True,False,False,archived; original quadrature not changed by this export,,
original_bounded,bounded,theory,bayes,0.5556000000000001,0.3334812237890835,,,,,,,1.0,,,,converged,True,False,False,archived; original quadrature not changed by this export,,
original_bounded,bounded,theory,bayes,0.5579500000000001,0.3353873129050576,,,,,,,1.0,,,,converged,True,False,False,archived; original quadrature not changed by this export,,
original_bounded,bounded,theory,bayes,0.559262918411972,0.3364447202418662,,,,,,,1.0,,,,converged,True,False,False,archived; original quadrature not changed by this export,,
original_bounded,bounded,theory,bayes,0.5603,0.3372762181075148,,,,,,,1.0,,,,converged,True,False,False,archived; original quadrature not changed by this export,,
original_bounded,bounded,theory,bayes,0.56265,0.3391482639637681,,,,,,,1.0,,,,converged,True,False,False,archived; original quadrature not changed by this export,,
original_bounded,bounded,theory,bayes,0.5650000000000001,0.3410037650541519,,,,,,,1.0,,,,converged,True,False,False,archived; original quadrature not changed by this export,,
original_bounded,bounded,theory,bayes,0.56735,0.3428430264037933,,,,,,,1.0,,,,converged,True,False,False,archived; original quadrature not changed by this export,,
original_bounded,bounded,theory,bayes,0.5697,0.3446663438905945,,,,,,,1.0,,,,converged,True,False,False,archived; original quadrature not changed by this export,,
original_bounded,bounded,theory,bayes,0.5720500000000001,0.3464740046252003,,,,,,,1.0,,,,converged,True,False,False,archived; original quadrature not changed by this export,,
original_bounded,bounded,theory,bayes,0.5744,0.3482662873169794,,,,,,,1.0,,,,converged,True,False,False,archived; original quadrature not changed by this export,,
original_bounded,bounded,theory,bayes,0.57675,0.3500434626173842,,,,,,,1.0,,,,converged,True,False,False,archived; original quadrature not changed by this export,,
original_bounded,bounded,theory,bayes,0.5791000000000001,0.3518057934459354,,,,,,,1.0,,,,converged,True,False,False,archived; original quadrature not changed by this export,,
original_bounded,bounded,theory,bayes,0.58145,0.3535535352993132,,,,,,,1.0,,,,converged,True,False,False,archived; original quadrature not changed by this export,,
original_bounded,bounded,theory,bayes,0.5838000000000001,0.3552869365446147,,,,,,,1.0,,,,converged,True,False,False,archived; original quadrature not changed by this export,,
original_bounded,bounded,theory,bayes,0.58615,0.3570062386984263,,,,,,,1.0,,,,converged,True,False,False,archived; original quadrature not changed by this export,,
original_bounded,bounded,theory,bayes,0.5868056341895066,0.3574834289367679,,,,,,,1.0,,,,converged,True,False,False,archived; original quadrature not changed by this export,,
original_bounded,bounded,theory,bayes,0.5885,0.3587116766886593,,,,,,,1.0,,,,converged,True,False,False,archived; original quadrature not changed by this export,,
original_bounded,bounded,theory,bayes,0.5908500000000001,0.3604034791098727,,,,,,,1.0,,,,converged,True,False,False,archived; original quadrature not changed by this export,,
original_bounded,bounded,theory,bayes,0.5932,0.3620818684604096,,,,,,,1.0,,,,converged,True,False,False,archived; original quadrature not changed by this export,,
original_bounded,bounded,theory,bayes,0.59555,0.3637470613679125,,,,,,,1.0,,,,converged,True,False,False,archived; original quadrature not changed by this export,,
original_bounded,bounded,theory,bayes,0.5979000000000001,0.3653992688105529,,,,,,,1.0,,,,converged,True,False,False,archived; original quadrature not changed by this export,,
original_bounded,bounded,theory,bayes,0.60025,0.3670386963181453,,,,,,,1.0,,,,converged,True,False,False,archived; original quadrature not changed by this export,,
original_bounded,bounded,theory,bayes,0.6026,0.3686655441740956,,,,,,,1.0,,,,converged,True,False,False,archived; original quadrature not changed by this export,,
original_bounded,bounded,theory,bayes,0.6049500000000001,0.3702800075983733,,,,,,,1.0,,,,converged,True,False,False,archived; original quadrature not changed by this export,,
original_bounded,bounded,theory,bayes,0.6073,0.3718822769291391,,,,,,,1.0,,,,converged,True,False,False,archived; original quadrature not changed by this export,,
original_bounded,bounded,theory,bayes,0.60965,0.3734725377922959,,,,,,,1.0,,,,converged,True,False,False,archived; original quadrature not changed by this export,,
original_bounded,bounded,theory,bayes,0.6120000000000001,0.3750509712672231,,,,,,,1.0,,,,converged,True,False,False,archived; original quadrature not changed by this export,,
original_bounded,bounded,theory,bayes,0.61435,0.3766177540388539,,,,,,,1.0,,,,converged,True,False,False,archived; original quadrature not changed by this export,,
original_bounded,bounded,theory,bayes,0.6157047803103154,0.3775157809065546,,,,,,,1.0,,,,converged,True,False,False,archived; original quadrature not changed by this export,,
original_bounded,bounded,theory,bayes,0.6167,0.3781730585493152,,,,,,,1.0,,,,converged,True,False,False,archived; original quadrature not changed by this export,,
original_bounded,bounded,theory,bayes,0.6190500000000001,0.3797170531398454,,,,,,,1.0,,,,converged,True,False,False,archived; original quadrature not changed by this export,,
original_bounded,bounded,theory,bayes,0.6214,0.3812499021872087,,,,,,,1.0,,,,converged,True,False,False,archived; original quadrature not changed by this export,,
original_bounded,bounded,theory,bayes,0.62375,0.3827717662342831,,,,,,,1.0,,,,converged,True,False,False,archived; original quadrature not changed by this export,,
original_bounded,bounded,theory,bayes,0.6261000000000001,0.3842828021151203,,,,,,,1.0,,,,converged,True,False,False,archived; original quadrature not changed by this export,,
original_bounded,bounded,theory,bayes,0.62845,0.3857831630747672,,,,,,,1.0,,,,converged,True,False,False,archived; original quadrature not changed by this export,,
original_bounded,bounded,theory,bayes,0.6308,0.3872729988841132,,,,,,,1.0,,,,converged,True,False,False,archived; original quadrature not changed by this export,,
original_bounded,bounded,theory,bayes,0.6331500000000001,0.3887524559500153,,,,,,,1.0,,,,converged,True,False,False,archived; original quadrature not changed by this export,,
original_bounded,bounded,theory,bayes,0.6355,0.3902216774209374,,,,,,,1.0,,,,converged,True,False,False,archived; original quadrature not changed by this export,,
original_bounded,bounded,theory,bayes,0.63785,0.3916808032889742,,,,,,,1.0,,,,converged,True,False,False,archived; original quadrature not changed by this export,,
original_bounded,bounded,theory,bayes,0.6402000000000001,0.3931299704846012,,,,,,,1.0,,,,converged,True,False,False,archived; original quadrature not changed by this export,,
original_bounded,bounded,theory,bayes,0.64255,0.3945693129739821,,,,,,,1.0,,,,converged,True,False,False,archived; original quadrature not changed by this export,,
original_bounded,bounded,theory,bayes,0.6449,0.3959989618468526,,,,,,,1.0,,,,converged,True,False,False,archived; original quadrature not changed by this export,,
original_bounded,bounded,theory,bayes,0.6460271585847579,0.3966812793833202,,,,,,,1.0,,,,converged,True,False,False,archived; original quadrature not changed by this export,,
original_bounded,bounded,theory,bayes,0.6472500000000001,0.3974190454009303,,,,,,,1.0,,,,converged,True,False,False,archived; original quadrature not changed by this export,,
original_bounded,bounded,theory,bayes,0.6496,0.398829689228654,,,,,,,1.0,,,,converged,True,False,False,archived; original quadrature not changed by this export,,
original_bounded,bounded,theory,bayes,0.65195,0.4002310162951307,,,,,,,1.0,,,,converged,True,False,False,archived; original quadrature not changed by this export,,
original_bounded,bounded,theory,bayes,0.6543000000000001,0.4016231470129939,,,,,,,1.0,,,,converged,True,False,False,archived; original quadrature not changed by this export,,
original_bounded,bounded,theory,bayes,0.65665,0.4030061993200708,,,,,,,1.0,,,,converged,True,False,False,archived; original quadrature not changed by this export,,
original_bounded,bounded,theory,bayes,0.659,0.4043802887486832,,,,,,,1.0,,,,converged,True,False,False,archived; original quadrature not changed by this export,,
original_bounded,bounded,theory,bayes,0.6613500000000001,0.4057455284921759,,,,,,,1.0,,,,converged,True,False,False,archived; original quadrature not changed by this export,,
original_bounded,bounded,theory,bayes,0.6637,0.4071020294754406,,,,,,,1.0,,,,converged,True,False,False,archived; original quadrature not changed by this export,,
original_bounded,bounded,theory,bayes,0.66605,0.408449900414003,,,,,,,1.0,,,,converged,True,False,False,archived; original quadrature not changed by this export,,
original_bounded,bounded,theory,bayes,0.6684000000000001,0.4097892478773293,,,,,,,1.0,,,,converged,True,False,False,archived; original quadrature not changed by this export,,
original_bounded,bounded,theory,bayes,0.67075,0.4111201763497424,,,,,,,1.0,,,,converged,True,False,False,archived; original quadrature not changed by this export,,
original_bounded,bounded,theory,bayes,0.6731,0.4124427882831242,,,,,,,1.0,,,,converged,True,False,False,archived; original quadrature not changed by this export,,
original_bounded,bounded,theory,bayes,0.6754500000000001,0.4137571841569252,,,,,,,1.0,,,,converged,True,False,False,archived; original quadrature not changed by this export,,
original_bounded,bounded,theory,bayes,0.6778,0.4150634625268758,,,,,,,1.0,,,,converged,True,False,False,archived; original quadrature not changed by this export,,
original_bounded,bounded,theory,bayes,0.6778428606949434,0.4150872124379449,,,,,,,1.0,,,,converged,True,False,False,archived; original quadrature not changed by this export,,
original_bounded,bounded,theory,bayes,0.68015,0.4163617200781757,,,,,,,1.0,,,,converged,True,False,False,archived; original quadrature not changed by this export,,
original_bounded,bounded,theory,bayes,0.6825000000000001,0.4176520516768309,,,,,,,1.0,,,,converged,True,False,False,archived; original quadrature not changed by this export,,
original_bounded,bounded,theory,bayes,0.68485,0.4189345504137493,,,,,,,1.0,,,,converged,True,False,False,archived; original quadrature not changed by this export,,
original_bounded,bounded,theory,bayes,0.6872,0.4202093076528364,,,,,,,1.0,,,,converged,True,False,False,archived; original quadrature not changed by this export,,
original_bounded,bounded,theory,bayes,0.6895500000000001,0.4214764130775114,,,,,,,1.0,,,,converged,True,False,False,archived; original quadrature not changed by this export,,
original_bounded,bounded,theory,bayes,0.6919,0.4227359547301243,,,,,,,1.0,,,,converged,True,False,False,archived; original quadrature not changed by this export,,
original_bounded,bounded,theory,bayes,0.69425,0.4239880190562256,,,,,,,1.0,,,,converged,True,False,False,archived; original quadrature not changed by this export,,
original_bounded,bounded,theory,bayes,0.6966000000000001,0.4252326909436885,,,,,,,1.0,,,,converged,True,False,False,archived; original quadrature not changed by this export,,
original_bounded,bounded,theory,bayes,0.69895,0.4264700537642791,,,,,,,1.0,,,,converged,True,False,False,archived; original quadrature not changed by this export,,
original_bounded,bounded,theory,bayes,0.7013,0.4277001894076916,,,,,,,1.0,,,,converged,True,False,False,archived; original quadrature not changed by this export,,
original_bounded,bounded,theory,bayes,0.7036500000000001,0.4289231783206693,,,,,,,1.0,,,,converged,True,False,False,archived; original quadrature not changed by this export,,
original_bounded,bounded,theory,bayes,0.706,0.4301390995417999,,,,,,,1.0,,,,converged,True,False,False,archived; original quadrature not changed by this export,,
original_bounded,bounded,theory,bayes,0.70835,0.4313480307358292,,,,,,,1.0,,,,converged,True,False,False,archived; original quadrature not changed by this export,,
original_bounded,bounded,theory,bayes,0.7107000000000001,0.4325500482268959,,,,,,,1.0,,,,converged,True,False,False,archived; original quadrature not changed by this export,,
original_bounded,bounded,theory,bayes,0.7112254302151331,0.4328178660129204,,,,,,,1.0,,,,converged,True,False,False,archived; original quadrature not changed by this export,,
original_bounded,bounded,theory,bayes,0.71305,0.4337452270307345,,,,,,,1.0,,,,converged,True,False,False,archived; original quadrature not changed by this export,,
original_bounded,bounded,theory,bayes,0.7154,0.4349336408852626,,,,,,,1.0,,,,converged,True,False,False,archived; original quadrature not changed by this export,,
original_bounded,bounded,theory,bayes,0.7177500000000001,0.4361153622833118,,,,,,,1.0,,,,converged,True,False,False,archived; original quadrature not changed by this export,,
original_bounded,bounded,theory,bayes,0.7201,0.4372904624982259,,,,,,,1.0,,,,converged,True,False,False,archived; original quadrature not changed by this export,,
original_bounded,bounded,theory,bayes,0.72245,0.4384590116147929,,,,,,,1.0,,,,converged,True,False,False,archived; original quadrature not changed by this export,,
original_bounded,bounded,theory,bayes,0.7248000000000001,0.4396210785562057,,,,,,,1.0,,,,converged,True,False,False,archived; original quadrature not changed by this export,,
original_bounded,bounded,theory,bayes,0.72715,0.440776731110825,,,,,,,1.0,,,,converged,True,False,False,archived; original quadrature not changed by this export,,
original_bounded,bounded,theory,bayes,0.7295,0.4419260359581488,,,,,,,1.0,,,,converged,True,False,False,archived; original quadrature not changed by this export,,
original_bounded,bounded,theory,bayes,0.7318500000000001,0.4430690586940163,,,,,,,1.0,,,,converged,True,False,False,archived; original quadrature not changed by this export,,
original_bounded,bounded,theory,bayes,0.7342,0.4442058638550764,,,,,,,1.0,,,,converged,True,False,False,archived; original quadrature not changed by this export,,
original_bounded,bounded,theory,bayes,0.73655,0.4453365149425448,,,,,,,1.0,,,,converged,True,False,False,archived; original quadrature not changed by this export,,
original_bounded,bounded,theory,bayes,0.7389000000000001,0.446461074445275,,,,,,,1.0,,,,converged,True,False,False,archived; original quadrature not changed by this export,,
original_bounded,bounded,theory,bayes,0.74125,0.4475796038621694,,,,,,,1.0,,,,converged,True,False,False,archived; original quadrature not changed by this export,,
original_bounded,bounded,theory,bayes,0.7436,0.4486921637245784,,,,,,,1.0,,,,converged,True,False,False,archived; original quadrature not changed by this export,,
original_bounded,bounded,theory,bayes,0.7459500000000001,0.4497988136149545,,,,,,,1.0,,,,converged,True,False,False,archived; original quadrature not changed by this export,,
original_bounded,bounded,theory,bayes,0.746252032611361,0.449940619684232,,,,,,,1.0,,,,converged,True,False,False,archived; original quadrature not changed by this export,,
original_bounded,bounded,theory,bayes,0.7483,0.4508996121911593,,,,,,,1.0,,,,converged,True,False,False,archived; original quadrature not changed by this export,,
original_bounded,bounded,theory,bayes,0.75065,0.4519946172039596,,,,,,,1.0,,,,converged,True,False,False,archived; original quadrature not changed by this export,,
original_bounded,bounded,theory,bayes,0.7530000000000001,0.4530838855170811,,,,,,,1.0,,,,converged,True,False,False,archived; original quadrature not changed by this export,,
original_bounded,bounded,theory,bayes,0.75535,0.4541674731261066,,,,,,,1.0,,,,converged,True,False,False,archived; original quadrature not changed by this export,,
original_bounded,bounded,theory,bayes,0.7577,0.4552454351768557,,,,,,,1.0,,,,converged,True,False,False,archived; original quadrature not changed by this export,,
original_bounded,bounded,theory,bayes,0.7600500000000001,0.4563178259832625,,,,,,,1.0,,,,converged,True,False,False,archived; original quadrature not changed by this export,,
original_bounded,bounded,theory,bayes,0.7624,0.4573846990454006,,,,,,,1.0,,,,converged,True,False,False,archived; original quadrature not changed by this export,,
original_bounded,bounded,theory,bayes,0.76475,0.458446107063908,,,,,,,1.0,,,,converged,True,False,False,archived; original quadrature not changed by this export,,
original_bounded,bounded,theory,bayes,0.7671000000000001,0.4595021019601993,,,,,,,1.0,,,,converged,True,False,False,archived; original quadrature not changed by this export,,
original_bounded,bounded,theory,bayes,0.76945,0.4605527348900221,,,,,,,1.0,,,,converged,True,False,False,archived; original quadrature not changed by this export,,
original_bounded,bounded,theory,bayes,0.7718,0.4615980562596894,,,,,,,1.0,,,,converged,True,False,False,archived; original quadrature not changed by this export,,
original_bounded,bounded,theory,bayes,0.7741500000000001,0.4626381157419104,,,,,,,1.0,,,,converged,True,False,False,archived; original quadrature not changed by this export,,
original_bounded,bounded,theory,bayes,0.7765,0.4636729622881072,,,,,,,1.0,,,,converged,True,False,False,archived; original quadrature not changed by this export,,
original_bounded,bounded,theory,bayes,0.77885,0.4647026441465544,,,,,,,1.0,,,,converged,True,False,False,archived; original quadrature not changed by this export,,
original_bounded,bounded,theory,bayes,0.7812000000000001,0.4657272088739679,,,,,,,1.0,,,,converged,True,False,False,archived; original quadrature not changed by this export,,
original_bounded,bounded,theory,bayes,0.7830036336132382,0.4665101245536902,,,,,,,1.0,,,,converged,True,False,False,archived; original quadrature not changed by this export,,
original_bounded,bounded,theory,bayes,0.78355,0.4667467033504313,,,,,,,1.0,,,,converged,True,False,False,archived; original quadrature not changed by this export,,
original_bounded,bounded,theory,bayes,0.7859,0.467761173790269,,,,,,,1.0,,,,converged,True,False,False,archived; original quadrature not changed by this export,,
original_bounded,bounded,theory,bayes,0.78825,0.468770665758733,,,,,,,1.0,,,,converged,True,False,False,archived; original quadrature not changed by this export,,
original_bounded,bounded,theory,bayes,0.7906,0.4697752241822422,,,,,,,1.0,,,,converged,True,False,False,archived; original quadrature not changed by this export,,
original_bounded,bounded,theory,bayes,0.79295,0.4707748933619764,,,,,,,1.0,,,,converged,True,False,False,archived; original quadrature not changed by this export,,
original_bounded,bounded,theory,bayes,0.7953,0.4717697169834408,,,,,,,1.0,,,,converged,True,False,False,archived; original quadrature not changed by this export,,
original_bounded,bounded,theory,bayes,0.79765,0.4727597381319244,,,,,,,1.0,,,,converged,True,False,False,archived; original quadrature not changed by this export,,
original_bounded,bounded,theory,bayes,0.8,0.473744999301515,,,,,,,1.0,,,,converged,True,False,False,archived; original quadrature not changed by this export,,
original_bounded,bounded,theory,bayes,0.8215651863702547,0.4825712530230184,,,,,,,1.0,,,,converged,True,False,False,archived; original quadrature not changed by this export,,
original_bounded,bounded,theory,bayes,0.8620258278252001,0.4981612350733934,,,,,,,1.0,,,,converged,True,False,False,archived; original quadrature not changed by this export,,
original_bounded,bounded,theory,bayes,0.9044790847586306,0.5133112398776158,,,,,,,1.0,,,,converged,True,False,False,archived; original quadrature not changed by this export,,
original_bounded,bounded,theory,bayes,0.949023089980662,0.5280475696072013,,,,,,,1.0,,,,converged,True,False,False,archived; original quadrature not changed by this export,,
original_bounded,bounded,theory,bayes,0.9957608091698334,0.5423925760730138,,,,,,,1.0,,,,converged,True,False,False,archived; original quadrature not changed by this export,,
original_bounded,bounded,theory,bayes,1.044800278883378,0.5563653753706304,,,,,,,1.0,,,,converged,True,False,False,archived; original quadrature not changed by this export,,
original_bounded,bounded,theory,bayes,1.0962548562890913,0.5699824127523853,,,,,,,1.0,,,,converged,True,False,False,archived; original quadrature not changed by this export,,
original_bounded,bounded,theory,bayes,1.1502434811960451,0.5832579146812095,,,,,,,1.0,,,,converged,True,False,False,archived; original quadrature not changed by this export,,
original_bounded,bounded,theory,bayes,1.2068909509898635,0.5962042546996604,,,,,,,1.0,,,,converged,True,False,False,archived; original quadrature not changed by this export,,
original_bounded,bounded,theory,bayes,1.2663282091080668,0.6088322525956015,,,,,,,1.0,,,,converged,True,False,False,archived; original quadrature not changed by this export,,
original_bounded,bounded,theory,bayes,1.3286926477223318,0.6211514213120071,,,,,,,1.0,,,,converged,True,False,False,archived; original quadrature not changed by this export,,
original_bounded,bounded,theory,bayes,1.3941284253273083,0.6331701724715445,,,,,,,1.0,,,,converged,True,False,False,archived; original quadrature not changed by this export,,
original_bounded,bounded,theory,bayes,1.4627867999701392,0.6448959887663956,,,,,,,1.0,,,,converged,True,False,False,archived; original quadrature not changed by this export,,
original_bounded,bounded,theory,bayes,1.534826478890937,0.6563355695571357,,,,,,,1.0,,,,converged,True,False,False,archived; original quadrature not changed by this export,,
original_bounded,bounded,theory,bayes,1.6104139853824502,0.667494954607784,,,,,,,1.0,,,,converged,True,False,False,archived; original quadrature not changed by this export,,
original_bounded,bounded,theory,bayes,1.6897240437169128,0.6783796298031214,,,,,,,1.0,,,,converged,True,False,False,archived; original quadrature not changed by this export,,
original_bounded,bounded,theory,bayes,1.7729399830298769,0.6889946178932019,,,,,,,1.0,,,,converged,True,False,False,archived; original quadrature not changed by this export,,
original_bounded,bounded,theory,bayes,1.860254161094598,0.6993445566808609,,,,,,,1.0,,,,converged,True,False,False,archived; original quadrature not changed by this export,,
original_bounded,bounded,theory,bayes,1.9518684089665843,0.7094337665978974,,,,,,,1.0,,,,converged,True,False,False,archived; original quadrature not changed by this export,,
original_bounded,bounded,theory,bayes,2.047994497526088,0.7192663092299002,,,,,,,1.0,,,,converged,True,False,False,archived; original quadrature not changed by this export,,
original_bounded,bounded,theory,bayes,2.148854626997007,0.7288460380665951,,,,,,,1.0,,,,converged,True,False,False,archived; original quadrature not changed by this export,,
original_bounded,bounded,theory,bayes,2.2546819405737337,0.7381766425204976,,,,,,,1.0,,,,converged,True,False,False,archived; original quadrature not changed by this export,,
original_bounded,bounded,theory,bayes,2.365721063343209,0.7472616860749894,,,,,,,1.0,,,,converged,True,False,False,archived; original quadrature not changed by this export,,
original_bounded,bounded,theory,bayes,2.482228667747961,0.7561046392785451,,,,,,,1.0,,,,converged,True,False,False,archived; original quadrature not changed by this export,,
original_bounded,bounded,theory,bayes,2.6044740668971835,0.7647089081829032,,,,,,,1.0,,,,converged,True,False,False,archived; original quadrature not changed by this export,,
original_bounded,bounded,theory,bayes,2.7327398370973586,0.7730778587381003,,,,,,,1.0,,,,converged,True,False,False,archived; original quadrature not changed by this export,,
original_bounded,bounded,theory,bayes,2.8673224710414065,0.7812148375751983,,,,,,,1.0,,,,converged,True,False,False,archived; original quadrature not changed by this export,,
original_bounded,bounded,theory,bayes,3.008533063166267,0.7891231895463144,,,,,,,1.0,,,,converged,True,False,False,archived; original quadrature not changed by this export,,
original_bounded,bounded,theory,bayes,3.156698028763117,0.7968062723563358,,,,,,,1.0,,,,converged,True,False,False,archived; original quadrature not changed by this export,,
original_bounded,bounded,theory,bayes,3.3121598585025254,0.8042674685656815,,,,,,,1.0,,,,converged,True,False,False,archived; original quadrature not changed by this export,,
original_bounded,bounded,theory,bayes,3.475277910118624,0.8115101952218923,,,,,,,1.0,,,,converged,True,False,False,archived; original quadrature not changed by this export,,
original_bounded,bounded,theory,bayes,3.646429239082352,0.8185379113486514,,,,,,,1.0,,,,converged,True,False,False,archived; original quadrature not changed by this export,,
original_bounded,bounded,theory,bayes,3.82600947018388,0.8253541235001869,,,,,,,1.0,,,,converged,True,False,False,archived; original quadrature not changed by this export,,
original_bounded,bounded,theory,bayes,4.014433712038952,0.8319623895715647,,,,,,,1.0,,,,converged,True,False,False,archived; original quadrature not changed by this export,,
original_bounded,bounded,theory,bayes,4.212137516633042,0.838366321040793,,,,,,,1.0,,,,converged,True,False,False,archived; original quadrature not changed by this export,,
original_bounded,bounded,theory,bayes,4.419577886121397,0.8445695838067125,,,,,,,1.0,,,,converged,True,False,False,archived; original quadrature not changed by this export,,
original_bounded,bounded,theory,bayes,4.637234329212179,0.8505758977732933,,,,,,,1.0,,,,converged,True,False,False,archived; original quadrature not changed by this export,,
original_bounded,bounded,theory,bayes,4.865609969574646,0.8563890353297063,,,,,,,1.0,,,,converged,True,False,False,archived; original quadrature not changed by this export,,
original_bounded,bounded,theory,bayes,5.105232708834495,0.8620128188540683,,,,,,,1.0,,,,converged,True,False,False,archived; original quadrature not changed by this export,,
original_bounded,bounded,theory,bayes,5.3566564468446405,0.867451117371866,,,,,,,1.0,,,,converged,True,False,False,archived; original quadrature not changed by this export,,
original_bounded,bounded,theory,bayes,5.620462362052236,0.872707842492691,,,,,,,1.0,,,,converged,True,False,False,archived; original quadrature not changed by this export,,
original_bounded,bounded,theory,bayes,5.897260254921474,0.8777869437298014,,,,,,,1.0,,,,converged,True,False,False,archived; original quadrature not changed by this export,,
original_bounded,bounded,theory,bayes,6.187689957517644,0.8826924033195351,,,,,,,1.0,,,,converged,True,False,False,archived; original quadrature not changed by this export,,
original_bounded,bounded,theory,bayes,6.492422812510671,0.8874282306298678,,,,,,,1.0,,,,converged,True,False,False,archived; original quadrature not changed by this export,,
original_bounded,bounded,theory,bayes,6.812163225017048,0.8919984562614833,,,,,,,1.0,,,,converged,True,False,False,archived; original quadrature not changed by this export,,
original_bounded,bounded,theory,bayes,7.147650290867185,0.8964071259180865,,,,,,,1.0,,,,converged,True,False,False,archived; original quadrature not changed by this export,,
original_bounded,bounded,theory,bayes,7.499659505062127,0.9006582941356566,,,,,,,1.0,,,,converged,True,False,False,archived; original quadrature not changed by this export,,
original_bounded,bounded,theory,bayes,7.869004554368707,0.9047560179346408,,,,,,,1.0,,,,converged,True,False,False,archived; original quadrature not changed by this export,,
original_bounded,bounded,theory,bayes,8.256539198196908,0.9087043504714224,,,,,,,1.0,,,,converged,True,False,False,archived; original quadrature not changed by this export,,
original_bounded,bounded,theory,bayes,8.663159242107085,0.9125073347405726,,,,,,,1.0,,,,converged,True,False,False,archived; original quadrature not changed by this export,,
original_bounded,bounded,theory,bayes,9.089804608509002,0.9161689973893656,,,,,,,1.0,,,,converged,True,False,False,archived; original quadrature not changed by this export,,
original_bounded,bounded,theory,bayes,9.537461509339078,0.919693342689321,,,,,,,1.0,,,,converged,True,False,False,archived; original quadrature not changed by this export,,
original_bounded,bounded,theory,bayes,10.007164725738267,0.9230843467043152,,,,,,,1.0,,,,converged,True,False,False,archived; original quadrature not changed by this export,,
original_bounded,bounded,theory,bayes,10.5,0.9263459516977994,,,,,,,1.0,,,,converged,True,False,False,archived; original quadrature not changed by this export,,
original_bounded,bounded,theory,dynamic,0.0899999999999999,2.3652866310097242e-07,,,,,,,1.0,0.75,,,converged,True,False,False,archived; original quadrature not changed by this export,,
original_bounded,bounded,theory,dynamic,0.0944323418170058,2.408325778903601e-07,,,,,,,1.0,0.75,,,converged,True,False,False,archived; original quadrature not changed by this export,,
original_bounded,bounded,theory,dynamic,0.0990829686782647,2.462635581747195e-07,,,,,,,1.0,0.75,,,converged,True,False,False,archived; original quadrature not changed by this export,,
original_bounded,bounded,theory,dynamic,0.1039626307385509,2.474765862407806e-07,,,,,,,1.0,0.75,,,converged,True,False,False,archived; original quadrature not changed by this export,,
original_bounded,bounded,theory,dynamic,0.1090826075788666,2.553747841476508e-07,,,,,,,1.0,0.75,,,converged,True,False,False,archived; original quadrature not changed by this export,,
original_bounded,bounded,theory,dynamic,0.1144547342797539,2.5916250291823504e-07,,,,,,,1.0,0.75,,,converged,True,False,False,archived; original quadrature not changed by this export,,
original_bounded,bounded,theory,dynamic,0.1200914287786699,2.6438483062855185e-07,,,,,,,1.0,0.75,,,converged,True,False,False,archived; original quadrature not changed by this export,,
original_bounded,bounded,theory,dynamic,0.1260057205746664,2.6556469124467624e-07,,,,,,,1.0,0.75,,,converged,True,False,False,archived; original quadrature not changed by this export,,
original_bounded,bounded,theory,dynamic,0.1322112808467225,2.739524763652052e-07,,,,,,,1.0,0.75,,,converged,True,False,False,archived; original quadrature not changed by this export,,
original_bounded,bounded,theory,dynamic,0.138722454055354,2.784820350420824e-07,,,,,,,1.0,0.75,,,converged,True,False,False,archived; original quadrature not changed by this export,,
original_bounded,bounded,theory,dynamic,0.1455542911005453,2.848914924516157e-07,,,,,,,1.0,0.75,,,converged,True,False,False,archived; original quadrature not changed by this export,,
original_bounded,bounded,theory,dynamic,0.1527225841126518,2.875861231382213e-07,,,,,,,1.0,0.75,,,converged,True,False,False,archived; original quadrature not changed by this export,,
original_bounded,bounded,theory,dynamic,0.160243902956693,2.98212849093729e-07,,,,,,,1.0,0.75,,,converged,True,False,False,archived; original quadrature not changed by this export,,
original_bounded,bounded,theory,dynamic,0.1681356335344172,3.054156464186006e-07,,,,,,,1.0,0.75,,,converged,True,False,False,archived; original quadrature not changed by this export,,
original_bounded,bounded,theory,dynamic,0.1764160179726768,3.09250293850935e-07,,,,,,,1.0,0.75,,,converged,True,False,False,archived; original quadrature not changed by this export,,
original_bounded,bounded,theory,dynamic,0.1851041967910096,3.157965589184177e-07,,,,,,,1.0,0.75,,,converged,True,False,False,archived; original quadrature not changed by this export,,
original_bounded,bounded,theory,dynamic,0.1942202531458993,3.253054557291706e-07,,,,,,,1.0,0.75,,,converged,True,False,False,archived; original quadrature not changed by this export,,
original_bounded,bounded,theory,dynamic,0.2037852592539886,3.320261921728829e-07,,,,,,,1.0,0.75,,,converged,True,False,False,archived; original quadrature not changed by this export,,
original_bounded,bounded,theory,dynamic,0.2138213251015534,3.422399963784677e-07,,,,,,,1.0,0.75,,,converged,True,False,False,archived; original quadrature not changed by this export,,
original_bounded,bounded,theory,dynamic,0.2243516495528336,3.501561097803384e-07,,,,,,,1.0,0.75,,,converged,True,False,False,archived; original quadrature not changed by this export,,
original_bounded,bounded,theory,dynamic,0.2354005739753588,3.560522330899827e-07,,,,,,,1.0,0.75,,,converged,True,False,False,archived; original quadrature not changed by this export,,
original_bounded,bounded,theory,dynamic,0.2469936385062272,3.664441724898773e-07,,,,,,,1.0,0.75,,,converged,True,False,False,archived; original quadrature not changed by this export,,
original_bounded,bounded,theory,dynamic,0.2591576410894004,3.7557726877592746e-07,,,,,,,1.0,0.75,,,converged,True,False,False,archived; original quadrature not changed by this export,,
original_bounded,bounded,theory,dynamic,0.2719206994204797,3.838839885048314e-07,,,,,,,1.0,0.75,,,converged,True,False,False,archived; original quadrature not changed by this export,,
original_bounded,bounded,theory,dynamic,0.2853123159421561,3.9814945045707403e-07,,,,,,,1.0,0.75,,,converged,True,False,False,archived; original quadrature not changed by this export,,
original_bounded,bounded,theory,dynamic,0.2993634460405695,4.063952709104545e-07,,,,,,,1.0,0.75,,,converged,True,False,False,archived; original quadrature not changed by this export,,
original_bounded,bounded,theory,dynamic,0.3141065696002205,4.2192170241445734e-07,,,,,,,1.0,0.75,,,converged,True,False,False,archived; original quadrature not changed by this export,,
original_bounded,bounded,theory,dynamic,0.3295757660828352,4.328062311162873e-07,,,,,,,1.0,0.75,,,converged,True,False,False,archived; original quadrature not changed by this export,,
original_bounded,bounded,theory,dynamic,0.3458067933037317,4.462990071010446e-07,,,,,,,1.0,0.75,,,converged,True,False,False,archived; original quadrature not changed by this export,,
original_bounded,bounded,theory,dynamic,0.3628371700877854,4.634593762764924e-07,,,,,,,1.0,0.75,,,converged,True,False,False,archived; original quadrature not changed by this export,,
original_bounded,bounded,theory,dynamic,0.3807062629960537,4.790392195592095e-07,,,,,,,1.0,0.75,,,converged,True,False,False,archived; original quadrature not changed by this export,,
original_bounded,bounded,theory,dynamic,0.3994553773235364,5.031009643788896e-07,,,,,,,1.0,0.75,,,converged,True,False,False,archived; original quadrature not changed by this export,,
original_bounded,bounded,theory,dynamic,0.4191278525784138,5.235899795584478e-07,,,,,,,1.0,0.75,,,converged,True,False,False,archived; original quadrature not changed by this export,,
original_bounded,bounded,theory,dynamic,0.4397691626634711,5.409441376039236e-07,,,,,,,1.0,0.75,,,converged,True,False,False,archived; original quadrature not changed by this export,,
original_bounded,bounded,theory,dynamic,0.4614270209912817,5.683894807760201e-07,,,,,,,1.0,0.75,,,converged,True,False,False,archived; original quadrature not changed by this export,,
original_bounded,bounded,theory,dynamic,0.4841514907761273,5.939958156594004e-07,,,,,,,1.0,0.75,,,converged,True,False,False,archived; original quadrature not changed by this export,,
original_bounded,bounded,theory,dynamic,0.5079951007576022,6.258513481786595e-07,,,,,,,1.0,0.75,,,converged,True,False,False,archived; original quadrature not changed by this export,,
original_bounded,bounded,theory,dynamic,0.5330129666234025,6.570142881526323e-07,,,,,,,1.0,0.75,,,converged,True,False,False,archived; original quadrature not changed by this export,,
original_bounded,bounded,theory,dynamic,0.559262918411972,7.011811455327509e-07,,,,,,,1.0,0.75,,,converged,True,False,False,archived; original quadrature not changed by this export,,
original_bounded,bounded,theory,dynamic,0.5868056341895066,7.454674445760748e-07,,,,,,,1.0,0.75,,,converged,True,False,False,archived; original quadrature not changed by this export,,
original_bounded,bounded,theory,dynamic,0.6157047803103154,7.922541244553958e-07,,,,,,,1.0,0.75,,,converged,True,False,False,archived; original quadrature not changed by this export,,
original_bounded,bounded,theory,dynamic,0.6460271585847579,8.464741436327385e-07,,,,,,,1.0,0.75,,,converged,True,False,False,archived; original quadrature not changed by this export,,
original_bounded,bounded,theory,dynamic,0.6778428606949434,9.167424567321216e-07,,,,,,,1.0,0.75,,,converged,True,False,False,archived; original quadrature not changed by this export,,
original_bounded,bounded,theory,dynamic,0.7112254302151331,9.95479293959868e-07,,,,,,,1.0,0.75,,,converged,True,False,False,archived; original quadrature not changed by this export,,
original_bounded,bounded,theory,dynamic,0.746252032611361,1.0898936322168276e-06,,,,,,,1.0,0.75,,,converged,True,False,False,archived; original quadrature not changed by this export,,
original_bounded,bounded,theory,dynamic,0.7830036336132382,1.197279362930722e-06,,,,,,,1.0,0.75,,,converged,True,False,False,archived; original quadrature not changed by this export,,
original_bounded,bounded,theory,dynamic,0.8215651863702547,1.3413439748028109e-06,,,,,,,1.0,0.75,,,converged,True,False,False,archived; original quadrature not changed by this export,,
original_bounded,bounded,theory,dynamic,0.8620258278252001,1.518565319864349e-06,,,,,,,1.0,0.75,,,converged,True,False,False,archived; original quadrature not changed by this export,,
original_bounded,bounded,theory,dynamic,0.9044790847586306,1.7517379011757518e-06,,,,,,,1.0,0.75,,,converged,True,False,False,archived; original quadrature not changed by this export,,
original_bounded,bounded,theory,dynamic,0.949023089980662,2.073960489627432e-06,,,,,,,1.0,0.75,,,converged,True,False,False,archived; original quadrature not changed by this export,,
original_bounded,bounded,theory,dynamic,0.9957608091698334,2.5499284797679938e-06,,,,,,,1.0,0.75,,,converged,True,False,False,archived; original quadrature not changed by this export,,
original_bounded,bounded,theory,dynamic,1.044800278883378,3.2976059993835334e-06,,,,,,,1.0,0.75,,,converged,True,False,False,archived; original quadrature not changed by this export,,
original_bounded,bounded,theory,dynamic,1.0962548562890913,4.676460985757909e-06,,,,,,,1.0,0.75,,,converged,True,False,False,archived; original quadrature not changed by this export,,
original_bounded,bounded,theory,dynamic,1.1,4.819911077296968e-06,,,,,,,1.0,0.75,,,converged,True,False,False,archived; original quadrature not changed by this export,,
original_bounded,bounded,theory,dynamic,1.1058333333333334,5.0586374588937285e-06,,,,,,,1.0,0.75,,,converged,True,False,False,archived; original quadrature not changed by this export,,
original_bounded,bounded,theory,dynamic,1.1116666666666668,5.317905593222544e-06,,,,,,,1.0,0.75,,,converged,True,False,False,archived; original quadrature not changed by this export,,
original_bounded,bounded,theory,dynamic,1.1175000000000002,5.609778674179213e-06,,,,,,,1.0,0.75,,,converged,True,False,False,archived; original quadrature not changed by this export,,
original_bounded,bounded,theory,dynamic,1.1233333333333335,5.936447122743003e-06,,,,,,,1.0,0.75,,,converged,True,False,False,archived; original quadrature not changed by this export,,
original_bounded,bounded,theory,dynamic,1.1291666666666669,6.299768684171276e-06,,,,,,,1.0,0.75,,,converged,True,False,False,archived; original quadrature not changed by this export,,
original_bounded,bounded,theory,dynamic,1.135,6.70353633804155e-06,,,,,,,1.0,0.75,,,converged,True,False,False,archived; original quadrature not changed by this export,,
original_bounded,bounded,theory,dynamic,1.1408333333333334,7.164591803593375e-06,,,,,,,1.0,0.75,,,converged,True,False,False,archived; original quadrature not changed by this export,,
original_bounded,bounded,theory,dynamic,1.1466666666666667,7.68553364051144e-06,,,,,,,1.0,0.75,,,converged,True,False,False,archived; original quadrature not changed by this export,,
original_bounded,bounded,theory,dynamic,1.1502434811960451,8.044055969067425e-06,,,,,,,1.0,0.75,,,converged,True,False,False,archived; original quadrature not changed by this export,,
original_bounded,bounded,theory,dynamic,1.1525,8.292918533499018e-06,,,,,,,1.0,0.75,,,converged,True,False,False,archived; original quadrature not changed by this export,,
original_bounded,bounded,theory,dynamic,1.1583333333333334,8.999091227780468e-06,,,,,,,1.0,0.75,,,converged,True,False,False,archived; original quadrature not changed by this export,,
original_bounded,bounded,theory,dynamic,1.1641666666666668,9.82457378067458e-06,,,,,,,1.0,0.75,,,converged,True,False,False,archived; original quadrature not changed by this export,,
original_bounded,bounded,theory,dynamic,1.1700000000000002,1.0820917682145345e-05,,,,,,,1.0,0.75,,,converged,True,False,False,archived; original quadrature not changed by this export,,
original_bounded,bounded,theory,dynamic,1.1758333333333335,1.2028189656388224e-05,,,,,,,1.0,0.75,,,converged,True,False,False,archived; original quadrature not changed by this export,,
original_bounded,bounded,theory,dynamic,1.1816666666666666,1.35387296886687e-05,,,,,,,1.0,0.75,,,converged,True,False,False,archived; original quadrature not changed by this export,,
original_bounded,bounded,theory,dynamic,1.1875,1.546868394524966e-05,,,,,,,1.0,0.75,,,converged,True,False,False,archived; original quadrature not changed by this export,,
original_bounded,bounded,theory,dynamic,1.1933333333333334,1.802160063531101e-05,,,,,,,1.0,0.75,,,converged,True,False,False,archived; original quadrature not changed by this export,,
original_bounded,bounded,theory,dynamic,1.1991666666666667,2.1569461013771205e-05,,,,,,,1.0,0.75,,,converged,True,False,False,archived; original quadrature not changed by this export,,
original_bounded,bounded,theory,dynamic,1.205,2.6825027180928296e-05,,,,,,,1.0,0.75,,,converged,True,False,False,archived; original quadrature not changed by this export,,
original_bounded,bounded,theory,dynamic,1.2068909509898635,2.9111829157689072e-05,,,,,,,1.0,0.75,,,converged,True,False,False,archived; original quadrature not changed by this export,,
original_bounded,bounded,theory,dynamic,1.2108333333333334,3.541573683019732e-05,,,,,,,1.0,0.75,,,converged,True,False,False,archived; original quadrature not changed by this export,,
original_bounded,bounded,theory,dynamic,1.2166666666666668,5.198338341357707e-05,,,,,,,1.0,0.75,,,converged,True,False,False,archived; original quadrature not changed by this export,,
original_bounded,bounded,theory,dynamic,1.2225,9.731122431323066e-05,,,,,,,1.0,0.75,,,converged,True,False,False,archived; original quadrature not changed by this export,,
original_bounded,bounded,theory,dynamic,1.2283333333333335,0.0007365829030638,,,,,,,1.0,0.75,,,converged,True,False,False,archived; original quadrature not changed by this export,,
original_bounded,bounded,theory,dynamic,1.2341666666666669,0.0582686456634843,,,,,,,1.0,0.75,,,converged,True,False,False,archived; original quadrature not changed by this export,,
original_bounded,bounded,theory,dynamic,1.24,0.0859316430957907,,,,,,,1.0,0.75,,,converged,True,False,False,archived; original quadrature not changed by this export,,
original_bounded,bounded,theory,dynamic,1.2458333333333331,0.1064944240015273,,,,,,,1.0,0.75,,,converged,True,False,False,archived; original quadrature not changed by this export,,
original_bounded,bounded,theory,dynamic,1.2516666666666667,0.1235599521784689,,,,,,,1.0,0.75,,,converged,True,False,False,archived; original quadrature not changed by this export,,
original_bounded,bounded,theory,dynamic,1.2575,0.1384297867243253,,,,,,,1.0,0.75,,,converged,True,False,False,archived; original quadrature not changed by this export,,
original_bounded,bounded,theory,dynamic,1.2633333333333334,0.1517525189876286,,,,,,,1.0,0.75,,,converged,True,False,False,archived; original quadrature not changed by this export,,
original_bounded,bounded,theory,dynamic,1.2663282091080668,0.1581208952574566,,,,,,,1.0,0.75,,,converged,True,False,False,archived; original quadrature not changed by this export,,
original_bounded,bounded,theory,dynamic,1.2691666666666668,0.163906639386283,,,,,,,1.0,0.75,,,converged,True,False,False,archived; original quadrature not changed by this export,,
original_bounded,bounded,theory,dynamic,1.275,0.1751363084847694,,,,,,,1.0,0.75,,,converged,True,False,False,archived; original quadrature not changed by this export,,
original_bounded,bounded,theory,dynamic,1.2808333333333335,0.1856103045036833,,,,,,,1.0,0.75,,,converged,True,False,False,archived; original quadrature not changed by this export,,
original_bounded,bounded,theory,dynamic,1.2866666666666666,0.1954509761614113,,,,,,,1.0,0.75,,,converged,True,False,False,archived; original quadrature not changed by this export,,
original_bounded,bounded,theory,dynamic,1.2925,0.204750421084942,,,,,,,1.0,0.75,,,converged,True,False,False,archived; original quadrature not changed by this export,,
original_bounded,bounded,theory,dynamic,1.2983333333333331,0.2135800531603266,,,,,,,1.0,0.75,,,converged,True,False,False,archived; original quadrature not changed by this export,,
original_bounded,bounded,theory,dynamic,1.3041666666666667,0.2219966056763658,,,,,,,1.0,0.75,,,converged,True,False,False,archived; original quadrature not changed by this export,,
original_bounded,bounded,theory,dynamic,1.31,0.2300460536115529,,,,,,,1.0,0.75,,,converged,True,False,False,archived; original quadrature not changed by this export,,
original_bounded,bounded,theory,dynamic,1.3158333333333334,0.2377662836255344,,,,,,,1.0,0.75,,,converged,True,False,False,archived; original quadrature not changed by this export,,
original_bounded,bounded,theory,dynamic,1.3216666666666668,0.2451889729477931,,,,,,,1.0,0.75,,,converged,True,False,False,archived; original quadrature not changed by this export,,
original_bounded,bounded,theory,dynamic,1.3275,0.2523409221457079,,,,,,,1.0,0.75,,,converged,True,False,False,archived; original quadrature not changed by this export,,
original_bounded,bounded,theory,dynamic,1.3286926477223318,0.2537719656608359,,,,,,,1.0,0.75,,,converged,True,False,False,archived; original quadrature not changed by this export,,
original_bounded,bounded,theory,dynamic,1.3333333333333337,0.2592450709698028,,,,,,,1.0,0.75,,,converged,True,False,False,archived; original quadrature not changed by this export,,
original_bounded,bounded,theory,dynamic,1.3391666666666668,0.2659212269775186,,,,,,,1.0,0.75,,,converged,True,False,False,archived; original quadrature not changed by this export,,
original_bounded,bounded,theory,dynamic,1.345,0.2723866424658751,,,,,,,1.0,0.75,,,converged,True,False,False,archived; original quadrature not changed by this export,,
original_bounded,bounded,theory,dynamic,1.350833333333333,0.2786564582675819,,,,,,,1.0,0.75,,,converged,True,False,False,archived; original quadrature not changed by this export,,
original_bounded,bounded,theory,dynamic,1.356666666666667,0.2847440528882957,,,,,,,1.0,0.75,,,converged,True,False,False,archived; original quadrature not changed by this export,,
original_bounded,bounded,theory,dynamic,1.3625,0.2906613079050872,,,,,,,1.0,0.75,,,converged,True,False,False,archived; original quadrature not changed by this export,,
original_bounded,bounded,theory,dynamic,1.3683333333333334,0.2964188578846056,,,,,,,1.0,0.75,,,converged,True,False,False,archived; original quadrature not changed by this export,,
original_bounded,bounded,theory,dynamic,1.3741666666666668,0.3020262428393244,,,,,,,1.0,0.75,,,converged,True,False,False,archived; original quadrature not changed by this export,,
original_bounded,bounded,theory,dynamic,1.38,0.3074920791903089,,,,,,,1.0,0.75,,,converged,True,False,False,archived; original quadrature not changed by this export,,
original_bounded,bounded,theory,dynamic,1.3858333333333337,0.3128241792452895,,,,,,,1.0,0.75,,,converged,True,False,False,archived; original quadrature not changed by this export,,
original_bounded,bounded,theory,dynamic,1.3916666666666666,0.3180296387409892,,,,,,,1.0,0.75,,,converged,True,False,False,archived; original quadrature not changed by this export,,
original_bounded,bounded,theory,dynamic,1.3941284253273083,0.3201900208956026,,,,,,,1.0,0.75,,,converged,True,False,False,archived; original quadrature not changed by this export,,
original_bounded,bounded,theory,dynamic,1.3975,0.3231149517896524,,,,,,,1.0,0.75,,,converged,True,False,False,archived; original quadrature not changed by this export,,
original_bounded,bounded,theory,dynamic,1.403333333333333,0.3280860566311309,,,,,,,1.0,0.75,,,converged,True,False,False,archived; original quadrature not changed by this export,,
original_bounded,bounded,theory,dynamic,1.409166666666667,0.3329484179440743,,,,,,,1.0,0.75,,,converged,True,False,False,archived; original quadrature not changed by this export,,
original_bounded,bounded,theory,dynamic,1.415,0.337707068751417,,,,,,,1.0,0.75,,,converged,True,False,False,archived; original quadrature not changed by this export,,
original_bounded,bounded,theory,dynamic,1.4208333333333334,0.3423666641947781,,,,,,,1.0,0.75,,,converged,True,False,False,archived; original quadrature not changed by this export,,
original_bounded,bounded,theory,dynamic,1.4266666666666667,0.3469315138721871,,,,,,,1.0,0.75,,,converged,True,False,False,archived; original quadrature not changed by this export,,
original_bounded,bounded,theory,dynamic,1.4325,0.3514056203227886,,,,,,,1.0,0.75,,,converged,True,False,False,archived; original quadrature not changed by this export,,
original_bounded,bounded,theory,dynamic,1.4383333333333337,0.3557927164810778,,,,,,,1.0,0.75,,,converged,True,False,False,archived; original quadrature not changed by this export,,
original_bounded,bounded,theory,dynamic,1.4441666666666668,0.3600962775161401,,,,,,,1.0,0.75,,,converged,True,False,False,archived; original quadrature not changed by this export,,
original_bounded,bounded,theory,dynamic,1.4500000000000002,0.36431955510949,,,,,,,1.0,0.75,,,converged,True,False,False,archived; original quadrature not changed by this export,,
original_bounded,bounded,theory,dynamic,1.455833333333333,0.3684655943361229,,,,,,,1.0,0.75,,,converged,True,False,False,archived; original quadrature not changed by this export,,
original_bounded,bounded,theory,dynamic,1.461666666666667,0.3725372448968718,,,,,,,1.0,0.75,,,converged,True,False,False,archived; original quadrature not changed by this export,,
original_bounded,bounded,theory,dynamic,1.4627867999701392,0.3733108113727009,,,,,,,1.0,0.75,,,converged,True,False,False,archived; original quadrature not changed by this export,,
original_bounded,bounded,theory,dynamic,1.4675,0.3765371983876623,,,,,,,1.0,0.75,,,converged,True,False,False,archived; original quadrature not changed by this export,,
original_bounded,bounded,theory,dynamic,1.4733333333333334,0.3804679746398923,,,,,,,1.0,0.75,,,converged,True,False,False,archived; original quadrature not changed by this export,,
original_bounded,bounded,theory,dynamic,1.4791666666666667,0.3843319590767508,,,,,,,1.0,0.75,,,converged,True,False,False,archived; original quadrature not changed by this export,,
original_bounded,bounded,theory,dynamic,1.485,0.3881314003132872,,,,,,,1.0,0.75,,,converged,True,False,False,archived; original quadrature not changed by this export,,
original_bounded,bounded,theory,dynamic,1.4908333333333337,0.3918684206664952,,,,,,,1.0,0.75,,,converged,True,False,False,archived; original quadrature not changed by this export,,
original_bounded,bounded,theory,dynamic,1.4966666666666666,0.3955450323463385,,,,,,,1.0,0.75,,,converged,True,False,False,archived; original quadrature not changed by this export,,
original_bounded,bounded,theory,dynamic,1.5025,0.3991631424622095,,,,,,,1.0,0.75,,,converged,True,False,False,archived; original quadrature not changed by this export,,
original_bounded,bounded,theory,dynamic,1.5083333333333333,0.4027245606845455,,,,,,,1.0,0.75,,,converged,True,False,False,archived; original quadrature not changed by this export,,
original_bounded,bounded,theory,dynamic,1.5141666666666669,0.406231002898504,,,,,,,1.0,0.75,,,converged,True,False,False,archived; original quadrature not changed by this export,,
original_bounded,bounded,theory,dynamic,1.52,0.4096841107303406,,,,,,,1.0,0.75,,,converged,True,False,False,archived; original quadrature not changed by this export,,
original_bounded,bounded,theory,dynamic,1.5258333333333334,0.4130854341984408,,,,,,,1.0,0.75,,,converged,True,False,False,archived; original quadrature not changed by this export,,
original_bounded,bounded,theory,dynamic,1.5316666666666667,0.4164364600392117,,,,,,,1.0,0.75,,,converged,True,False,False,archived; original quadrature not changed by this export,,
original_bounded,bounded,theory,dynamic,1.534826478890937,0.4182311501461839,,,,,,,1.0,0.75,,,converged,True,False,False,archived; original quadrature not changed by this export,,
original_bounded,bounded,theory,dynamic,1.5375,0.4197386001184823,,,,,,,1.0,0.75,,,converged,True,False,False,archived; original quadrature not changed by this export,,
original_bounded,bounded,theory,dynamic,1.5433333333333334,0.4229932056261478,,,,,,,1.0,0.75,,,converged,True,False,False,archived; original quadrature not changed by this export,,
original_bounded,bounded,theory,dynamic,1.5491666666666668,0.4262015710394172,,,,,,,1.0,0.75,,,converged,True,False,False,archived; original quadrature not changed by this export,,
original_bounded,bounded,theory,dynamic,1.5550000000000002,0.4293649282266944,,,,,,,1.0,0.75,,,converged,True,False,False,archived; original quadrature not changed by this export,,
original_bounded,bounded,theory,dynamic,1.5608333333333333,0.4324844595127997,,,,,,,1.0,0.75,,,converged,True,False,False,archived; original quadrature not changed by this export,,
original_bounded,bounded,theory,dynamic,1.5666666666666669,0.4355612976066693,,,,,,,1.0,0.75,,,converged,True,False,False,archived; original quadrature not changed by this export,,
original_bounded,bounded,theory,dynamic,1.5725,0.4385965285171587,,,,,,,1.0,0.75,,,converged,True,False,False,archived; original quadrature not changed by this export,,
original_bounded,bounded,theory,dynamic,1.5783333333333334,0.4415911973790044,,,,,,,1.0,0.75,,,converged,True,False,False,archived; original quadrature not changed by this export,,
original_bounded,bounded,theory,dynamic,1.5841666666666667,0.4445462984232591,,,,,,,1.0,0.75,,,converged,True,False,False,archived; original quadrature not changed by this export,,
original_bounded,bounded,theory,dynamic,1.59,0.4474627960907328,,,,,,,1.0,0.75,,,converged,True,False,False,archived; original quadrature not changed by this export,,
original_bounded,bounded,theory,dynamic,1.5958333333333334,0.4503416146422219,,,,,,,1.0,0.75,,,converged,True,False,False,archived; original quadrature not changed by this export,,
original_bounded,bounded,theory,dynamic,1.6016666666666666,0.4531836432927618,,,,,,,1.0,0.75,,,converged,True,False,False,archived; original quadrature not changed by this export,,
original_bounded,bounded,theory,dynamic,1.6075,0.455989738070781,,,,,,,1.0,0.75,,,converged,True,False,False,archived; original quadrature not changed by this export,,
original_bounded,bounded,theory,dynamic,1.6104139853824502,0.4573782927375196,,,,,,,1.0,0.75,,,converged,True,False,False,archived; original quadrature not changed by this export,,
original_bounded,bounded,theory,dynamic,1.6133333333333333,0.4587607205001615,,,,,,,1.0,0.75,,,converged,True,False,False,archived; original quadrature not changed by this export,,
original_bounded,bounded,theory,dynamic,1.6191666666666666,0.4614973884010175,,,,,,,1.0,0.75,,,converged,True,False,False,archived; original quadrature not changed by this export,,
original_bounded,bounded,theory,dynamic,1.625,0.4642005081986095,,,,,,,1.0,0.75,,,converged,True,False,False,archived; original quadrature not changed by this export,,
original_bounded,bounded,theory,dynamic,1.6308333333333334,0.4668708194025851,,,,,,,1.0,0.75,,,converged,True,False,False,archived; original quadrature not changed by this export,,
original_bounded,bounded,theory,dynamic,1.6366666666666667,0.4695090329189392,,,,,,,1.0,0.75,,,converged,True,False,False,archived; original quadrature not changed by this export,,
original_bounded,bounded,theory,dynamic,1.6425,0.472115841358643,,,,,,,1.0,0.75,,,converged,True,False,False,archived; original quadrature not changed by this export,,
original_bounded,bounded,theory,dynamic,1.6483333333333334,0.4746919081076248,,,,,,,1.0,0.75,,,converged,True,False,False,archived; original quadrature not changed by this export,,
original_bounded,bounded,theory,dynamic,1.6541666666666668,0.4772378804751602,,,,,,,1.0,0.75,,,converged,True,False,False,archived; original quadrature not changed by this export,,
original_bounded,bounded,theory,dynamic,1.66,0.4797543816785045,,,,,,,1.0,0.75,,,converged,True,False,False,archived; original quadrature not changed by this export,,
original_bounded,bounded,theory,dynamic,1.6658333333333335,0.4822420118479333,,,,,,,1.0,0.75,,,converged,True,False,False,archived; original quadrature not changed by this export,,
original_bounded,bounded,theory,dynamic,1.6716666666666669,0.4847013578798779,,,,,,,1.0,0.75,,,converged,True,False,False,archived; original quadrature not changed by this export,,
original_bounded,bounded,theory,dynamic,1.6775,0.48713298237663,,,,,,,1.0,0.75,,,converged,True,False,False,archived; original quadrature not changed by this export,,
original_bounded,bounded,theory,dynamic,1.6833333333333331,0.4895374363198271,,,,,,,1.0,0.75,,,converged,True,False,False,archived; original quadrature not changed by this export,,
original_bounded,bounded,theory,dynamic,1.6891666666666667,0.4919152480077766,,,,,,,1.0,0.75,,,converged,True,False,False,archived; original quadrature not changed by this export,,
original_bounded,bounded,theory,dynamic,1.6897240437169128,0.4921410727156403,,,,,,,1.0,0.75,,,converged,True,False,False,archived; original quadrature not changed by this export,,
original_bounded,bounded,theory,dynamic,1.695,0.4942669326275371,,,,,,,1.0,0.75,,,converged,True,False,False,archived; original quadrature not changed by this export,,
original_bounded,bounded,theory,dynamic,1.7008333333333332,0.4965929929004258,,,,,,,1.0,0.75,,,converged,True,False,False,archived; original quadrature not changed by this export,,
original_bounded,bounded,theory,dynamic,1.7066666666666666,0.4988939109419715,,,,,,,1.0,0.75,,,converged,True,False,False,archived; original quadrature not changed by this export,,
original_bounded,bounded,theory,dynamic,1.7125,0.5011701605801235,,,,,,,1.0,0.75,,,converged,True,False,False,archived; original quadrature not changed by this export,,
original_bounded,bounded,theory,dynamic,1.7183333333333333,0.5034221962351688,,,,,,,1.0,0.75,,,converged,True,False,False,archived; original quadrature not changed by this export,,
original_bounded,bounded,theory,dynamic,1.7241666666666666,0.5056504651323047,,,,,,,1.0,0.75,,,converged,True,False,False,archived; original quadrature not changed by this export,,
original_bounded,bounded,theory,dynamic,1.73,0.5078553961851742,,,,,,,1.0,0.75,,,converged,True,False,False,archived; original quadrature not changed by this export,,
original_bounded,bounded,theory,dynamic,1.7358333333333331,0.5100374092068323,,,,,,,1.0,0.75,,,converged,True,False,False,archived; original quadrature not changed by this export,,
original_bounded,bounded,theory,dynamic,1.7416666666666667,0.5121969124519365,,,,,,,1.0,0.75,,,converged,True,False,False,archived; original quadrature not changed by this export,,
original_bounded,bounded,theory,dynamic,1.7475,0.514334305945419,,,,,,,1.0,0.75,,,converged,True,False,False,archived; original quadrature not changed by this export,,
original_bounded,bounded,theory,dynamic,1.7533333333333334,0.5164499732679523,,,,,,,1.0,0.75,,,converged,True,False,False,archived; original quadrature not changed by this export,,
original_bounded,bounded,theory,dynamic,1.7591666666666668,0.5185442934588496,,,,,,,1.0,0.75,,,converged,True,False,False,archived; original quadrature not changed by this export,,
original_bounded,bounded,theory,dynamic,1.765,0.5206176299160455,,,,,,,1.0,0.75,,,converged,True,False,False,archived; original quadrature not changed by this export,,
original_bounded,bounded,theory,dynamic,1.7708333333333337,0.5226703393719295,,,,,,,1.0,0.75,,,converged,True,False,False,archived; original quadrature not changed by this export,,
original_bounded,bounded,theory,dynamic,1.7729399830298769,0.5234066526950382,,,,,,,1.0,0.75,,,converged,True,False,False,archived; original quadrature not changed by this export,,
original_bounded,bounded,theory,dynamic,1.7766666666666668,0.5247027693531756,,,,,,,1.0,0.75,,,converged,True,False,False,archived; original quadrature not changed by this export,,
original_bounded,bounded,theory,dynamic,1.7825,0.5267152613468146,,,,,,,1.0,0.75,,,converged,True,False,False,archived; original quadrature not changed by this export,,
original_bounded,bounded,theory,dynamic,1.788333333333333,0.5287081397863123,,,,,,,1.0,0.75,,,converged,True,False,False,archived; original quadrature not changed by this export,,
original_bounded,bounded,theory,dynamic,1.794166666666667,0.5306817350024147,,,,,,,1.0,0.75,,,converged,True,False,False,archived; original quadrature not changed by this export,,
original_bounded,bounded,theory,dynamic,1.8,0.5326363523848696,,,,,,,1.0,0.75,,,converged,True,False,False,archived; original quadrature not changed by this export,,
original_bounded,bounded,theory,dynamic,1.8058333333333327,0.5345723009318045,,,,,,,1.0,0.75,,,converged,True,False,False,archived; original quadrature not changed by this export,,
original_bounded,bounded,theory,dynamic,1.8116666666666663,0.5364898822056283,,,,,,,1.0,0.75,,,converged,True,False,False,archived; original quadrature not changed by this export,,
original_bounded,bounded,theory,dynamic,1.8175,0.5383893849352583,,,,,,,1.0,0.75,,,converged,True,False,False,archived; original quadrature not changed by this export,,
original_bounded,bounded,theory,dynamic,1.8233333333333333,0.5402710965334192,,,,,,,1.0,0.75,,,converged,True,False,False,archived; original quadrature not changed by this export,,
original_bounded,bounded,theory,dynamic,1.8291666666666664,0.5421352892846498,,,,,,,1.0,0.75,,,converged,True,False,False,archived; original quadrature not changed by this export,,
original_bounded,bounded,theory,dynamic,1.835,0.5439822401746796,,,,,,,1.0,0.75,,,converged,True,False,False,archived; original quadrature not changed by this export,,
original_bounded,bounded,theory,dynamic,1.840833333333333,0.5458122115053586,,,,,,,1.0,0.75,,,converged,True,False,False,archived; original quadrature not changed by this export,,
original_bounded,bounded,theory,dynamic,1.846666666666667,0.5476254622916065,,,,,,,1.0,0.75,,,converged,True,False,False,archived; original quadrature not changed by this export,,
original_bounded,bounded,theory,dynamic,1.8525,0.5494222456494872,,,,,,,1.0,0.75,,,converged,True,False,False,archived; original quadrature not changed by this export,,
original_bounded,bounded,theory,dynamic,1.8583333333333327,0.5512028117591375,,,,,,,1.0,0.75,,,converged,True,False,False,archived; original quadrature not changed by this export,,
original_bounded,bounded,theory,dynamic,1.860254161094598,0.551785614477251,,,,,,,1.0,0.75,,,converged,True,False,False,archived; original quadrature not changed by this export,,
original_bounded,bounded,theory,dynamic,1.8641666666666667,0.5529673969457076,,,,,,,1.0,0.75,,,converged,True,False,False,archived; original quadrature not changed by this export,,
original_bounded,bounded,theory,dynamic,1.87,0.5547162432621623,,,,,,,1.0,0.75,,,converged,True,False,False,archived; original quadrature not changed by this export,,
original_bounded,bounded,theory,dynamic,1.8758333333333328,0.5564495792448175,,,,,,,1.0,0.75,,,converged,True,False,False,archived; original quadrature not changed by this export,,
original_bounded,bounded,theory,dynamic,1.8816666666666668,0.5581676311630763,,,,,,,1.0,0.75,,,converged,True,False,False,archived; original quadrature not changed by this export,,
original_bounded,bounded,theory,dynamic,1.8875,0.5598706231512602,,,,,,,1.0,0.75,,,converged,True,False,False,archived; original quadrature not changed by this export,,
original_bounded,bounded,theory,dynamic,1.893333333333333,0.5615587663308353,,,,,,,1.0,0.75,,,converged,True,False,False,archived; original quadrature not changed by this export,,
original_bounded,bounded,theory,dynamic,1.899166666666667,0.5632322782290654,,,,,,,1.0,0.75,,,converged,True,False,False,archived; original quadrature not changed by this export,,
original_bounded,bounded,theory,dynamic,1.905,0.5648913636465495,,,,,,,1.0,0.75,,,converged,True,False,False,archived; original quadrature not changed by this export,,
original_bounded,bounded,theory,dynamic,1.9108333333333327,0.5665362257976622,,,,,,,1.0,0.75,,,converged,True,False,False,archived; original quadrature not changed by this export,,
original_bounded,bounded,theory,dynamic,1.9166666666666663,0.5681670636767588,,,,,,,1.0,0.75,,,converged,True,False,False,archived; original quadrature not changed by this export,,
original_bounded,bounded,theory,dynamic,1.9225,0.5697840721781989,,,,,,,1.0,0.75,,,converged,True,False,False,archived; original quadrature not changed by this export,,
original_bounded,bounded,theory,dynamic,1.9283333333333328,0.5713874422119626,,,,,,,1.0,0.75,,,converged,True,False,False,archived; original quadrature not changed by this export,,
original_bounded,bounded,theory,dynamic,1.9341666666666664,0.5729773635489471,,,,,,,1.0,0.75,,,converged,True,False,False,archived; original quadrature not changed by this export,,
original_bounded,bounded,theory,dynamic,1.94,0.5745540140086758,,,,,,,1.0,0.75,,,converged,True,False,False,archived; original quadrature not changed by this export,,
original_bounded,bounded,theory,dynamic,1.9458333333333333,0.5761175786623991,,,,,,,1.0,0.75,,,converged,True,False,False,archived; original quadrature not changed by this export,,
original_bounded,bounded,theory,dynamic,1.9516666666666669,0.5776682308353283,,,,,,,1.0,0.75,,,converged,True,False,False,archived; original quadrature not changed by this export,,
original_bounded,bounded,theory,dynamic,1.9518684089665843,0.5777216310490653,,,,,,,1.0,0.75,,,converged,True,False,False,archived; original quadrature not changed by this export,,
original_bounded,bounded,theory,dynamic,1.9575,0.5792061431207505,,,,,,,1.0,0.75,,,converged,True,False,False,archived; original quadrature not changed by this export,,
original_bounded,bounded,theory,dynamic,1.9633333333333327,0.5807314847392043,,,,,,,1.0,0.75,,,converged,True,False,False,archived; original quadrature not changed by this export,,
original_bounded,bounded,theory,dynamic,1.9691666666666667,0.582244424334348,,,,,,,1.0,0.75,,,converged,True,False,False,archived; original quadrature not changed by this export,,
original_bounded,bounded,theory,dynamic,1.975,0.5837451192437466,,,,,,,1.0,0.75,,,converged,True,False,False,archived; original quadrature not changed by this export,,
original_bounded,bounded,theory,dynamic,1.9808333333333328,0.5852337317980476,,,,,,,1.0,0.75,,,converged,True,False,False,archived; original quadrature not changed by this export,,
original_bounded,bounded,theory,dynamic,1.9866666666666668,0.5867104213053317,,,,,,,1.0,0.75,,,converged,True,False,False,archived; original quadrature not changed by this export,,
original_bounded,bounded,theory,dynamic,1.9925,0.5881753387063422,,,,,,,1.0,0.75,,,converged,True,False,False,archived; original quadrature not changed by this export,,
original_bounded,bounded,theory,dynamic,1.9983333333333333,0.5896286347784513,,,,,,,1.0,0.75,,,converged,True,False,False,archived; original quadrature not changed by this export,,
original_bounded,bounded,theory,dynamic,2.0041666666666664,0.5910704548117264,,,,,,,1.0,0.75,,,converged,True,False,False,archived; original quadrature not changed by this export,,
original_bounded,bounded,theory,dynamic,2.01,0.5925009494145422,,,,,,,1.0,0.75,,,converged,True,False,False,archived; original quadrature not changed by this export,,
original_bounded,bounded,theory,dynamic,2.015833333333333,0.5939202611531231,,,,,,,1.0,0.75,,,converged,True,False,False,archived; original quadrature not changed by this export,,
original_bounded,bounded,theory,dynamic,2.0216666666666665,0.5953285246458155,,,,,,,1.0,0.75,,,converged,True,False,False,archived; original quadrature not changed by this export,,
original_bounded,bounded,theory,dynamic,2.0275,0.5967258800143059,,,,,,,1.0,0.75,,,converged,True,False,False,archived; original quadrature not changed by this export,,
original_bounded,bounded,theory,dynamic,2.033333333333333,0.5981124622277539,,,,,,,1.0,0.75,,,converged,True,False,False,archived; original quadrature not changed by this export,,
original_bounded,bounded,theory,dynamic,2.0391666666666666,0.5994884065234578,,,,,,,1.0,0.75,,,converged,True,False,False,archived; original quadrature not changed by this export,,
original_bounded,bounded,theory,dynamic,2.045,0.6008538377592916,,,,,,,1.0,0.75,,,converged,True,False,False,archived; original quadrature not changed by this export,,
original_bounded,bounded,theory,dynamic,2.047994497526088,0.6015507322877051,,,,,,,1.0,0.75,,,converged,True,False,False,archived; original quadrature not changed by this export,,
original_bounded,bounded,theory,dynamic,2.0508333333333333,0.6022088891908517,,,,,,,1.0,0.75,,,converged,True,False,False,archived; original quadrature not changed by this export,,
original_bounded,bounded,theory,dynamic,2.056666666666666,0.6035536838096336,,,,,,,1.0,0.75,,,converged,True,False,False,archived; original quadrature not changed by this export,,
original_bounded,bounded,theory,dynamic,2.0625,0.6048883450978673,,,,,,,1.0,0.75,,,converged,True,False,False,archived; original quadrature not changed by this export,,
original_bounded,bounded,theory,dynamic,2.0683333333333334,0.6062129943997445,,,,,,,1.0,0.75,,,converged,True,False,False,archived; original quadrature not changed by this export,,
original_bounded,bounded,theory,dynamic,2.0741666666666667,0.6075277509713672,,,,,,,1.0,0.75,,,converged,True,False,False,archived; original quadrature not changed by this export,,
original_bounded,bounded,theory,dynamic,2.08,0.6088327320291984,,,,,,,1.0,0.75,,,converged,True,False,False,archived; original quadrature not changed by this export,,
original_bounded,bounded,theory,dynamic,2.085833333333333,0.6101280527970706,,,,,,,1.0,0.75,,,converged,True,False,False,archived; original quadrature not changed by this export,,
original_bounded,bounded,theory,dynamic,2.091666666666667,0.6114138265518052,,,,,,,1.0,0.75,,,converged,True,False,False,archived; original quadrature not changed by this export,,
original_bounded,bounded,theory,dynamic,2.0975,0.6126901646674929,,,,,,,1.0,0.75,,,converged,True,False,False,archived; original quadrature not changed by this export,,
original_bounded,bounded,theory,dynamic,2.103333333333333,0.613957179299561,,,,,,,1.0,0.75,,,converged,True,False,False,archived; original quadrature not changed by this export,,
original_bounded,bounded,theory,dynamic,2.109166666666667,0.6152149728736571,,,,,,,1.0,0.75,,,converged,True,False,False,archived; original quadrature not changed by this export,,
original_bounded,bounded,theory,dynamic,2.115,0.616463656574275,,,,,,,1.0,0.75,,,converged,True,False,False,archived; original quadrature not changed by this export,,
original_bounded,bounded,theory,dynamic,2.1208333333333336,0.6177033293313943,,,,,,,1.0,0.75,,,converged,True,False,False,archived; original quadrature not changed by this export,,
original_bounded,bounded,theory,dynamic,2.126666666666667,0.6189340988809042,,,,,,,1.0,0.75,,,converged,True,False,False,archived; original quadrature not changed by this export,,
original_bounded,bounded,theory,dynamic,2.1325000000000003,0.6201560607921133,,,,,,,1.0,0.75,,,converged,True,False,False,archived; original quadrature not changed by this export,,
original_bounded,bounded,theory,dynamic,2.1383333333333336,0.6213693195191616,,,,,,,1.0,0.75,,,converged,True,False,False,archived; original quadrature not changed by this export,,
original_bounded,bounded,theory,dynamic,2.1441666666666666,0.6225739700346336,,,,,,,1.0,0.75,,,converged,True,False,False,archived; original quadrature not changed by this export,,
original_bounded,bounded,theory,dynamic,2.148854626997007,0.6235359141695698,,,,,,,1.0,0.75,,,converged,True,False,False,archived; original quadrature not changed by this export,,
original_bounded,bounded,theory,dynamic,2.15,0.623770108388953,,,,,,,1.0,0.75,,,converged,True,False,False,archived; original quadrature not changed by this export,,
original_bounded,bounded,theory,dynamic,2.1558333333333333,0.6249578291086835,,,,,,,1.0,0.75,,,converged,True,False,False,archived; original quadrature not changed by this export,,
original_bounded,bounded,theory,dynamic,2.161666666666666,0.6261372252288783,,,,,,,1.0,0.75,,,converged,True,False,False,archived; original quadrature not changed by this export,,
original_bounded,bounded,theory,dynamic,2.1675,0.6273083883245543,,,,,,,1.0,0.75,,,converged,True,False,False,archived; original quadrature not changed by this export,,
original_bounded,bounded,theory,dynamic,2.1733333333333333,0.6284714085413164,,,,,,,1.0,0.75,,,converged,True,False,False,archived; original quadrature not changed by this export,,
original_bounded,bounded,theory,dynamic,2.1791666666666667,0.6296263746251635,,,,,,,1.0,0.75,,,converged,True,False,False,archived; original quadrature not changed by this export,,
original_bounded,bounded,theory,dynamic,2.185,0.6307733739514997,,,,,,,1.0,0.75,,,converged,True,False,False,archived; original quadrature not changed by this export,,
original_bounded,bounded,theory,dynamic,2.1908333333333334,0.6319124951634268,,,,,,,1.0,0.75,,,converged,True,False,False,archived; original quadrature not changed by this export,,
original_bounded,bounded,theory,dynamic,2.1966666666666663,0.633043817768619,,,,,,,1.0,0.75,,,converged,True,False,False,archived; original quadrature not changed by this export,,
original_bounded,bounded,theory,dynamic,2.2025,0.6341674277996483,,,,,,,1.0,0.75,,,converged,True,False,False,archived; original quadrature not changed by this export,,
original_bounded,bounded,theory,dynamic,2.208333333333333,0.6352834100347478,,,,,,,1.0,0.75,,,converged,True,False,False,archived; original quadrature not changed by this export,,
original_bounded,bounded,theory,dynamic,2.2141666666666664,0.6363918402005523,,,,,,,1.0,0.75,,,converged,True,False,False,archived; original quadrature not changed by this export,,
original_bounded,bounded,theory,dynamic,2.22,0.6374928032213374,,,,,,,1.0,0.75,,,converged,True,False,False,archived; original quadrature not changed by this export,,
original_bounded,bounded,theory,dynamic,2.225833333333333,0.6385863750245444,,,,,,,1.0,0.75,,,converged,True,False,False,archived; original quadrature not changed by this export,,
original_bounded,bounded,theory,dynamic,2.2316666666666665,0.6396726304060038,,,,,,,1.0,0.75,,,converged,True,False,False,archived; original quadrature not changed by this export,,
original_bounded,bounded,theory,dynamic,2.2375,0.6407516507652963,,,,,,,1.0,0.75,,,converged,True,False,False,archived; original quadrature not changed by this export,,
original_bounded,bounded,theory,dynamic,2.243333333333333,0.6418235086239598,,,,,,,1.0,0.75,,,converged,True,False,False,archived; original quadrature not changed by this export,,
original_bounded,bounded,theory,dynamic,2.2491666666666665,0.6428882754190505,,,,,,,1.0,0.75,,,converged,True,False,False,archived; original quadrature not changed by this export,,
original_bounded,bounded,theory,dynamic,2.2546819405737337,0.6438885348457003,,,,,,,1.0,0.75,,,converged,True,False,False,archived; original quadrature not changed by this export,,
original_bounded,bounded,theory,dynamic,2.255,0.643946029256893,,,,,,,1.0,0.75,,,converged,True,False,False,archived; original quadrature not changed by this export,,
original_bounded,bounded,theory,dynamic,2.2608333333333333,0.6449968394343423,,,,,,,1.0,0.75,,,converged,True,False,False,archived; original quadrature not changed by this export,,
original_bounded,bounded,theory,dynamic,2.2666666666666666,0.6460407768018883,,,,,,,1.0,0.75,,,converged,True,False,False,archived; original quadrature not changed by this export,,
original_bounded,bounded,theory,dynamic,2.2725,0.6470779111949417,,,,,,,1.0,0.75,,,converged,True,False,False,archived; original quadrature not changed by this export,,
original_bounded,bounded,theory,dynamic,2.2783333333333333,0.6481083114530981,,,,,,,1.0,0.75,,,converged,True,False,False,archived; original quadrature not changed by this export,,
original_bounded,bounded,theory,dynamic,2.2841666666666667,0.6491320454389387,,,,,,,1.0,0.75,,,converged,True,False,False,archived; original quadrature not changed by this export,,
original_bounded,bounded,theory,dynamic,2.29,0.6501491800563822,,,,,,,1.0,0.75,,,converged,True,False,False,archived; original quadrature not changed by this export,,
original_bounded,bounded,theory,dynamic,2.2958333333333334,0.651159781268597,,,,,,,1.0,0.75,,,converged,True,False,False,archived; original quadrature not changed by this export,,
original_bounded,bounded,theory,dynamic,2.3016666666666667,0.6521639141154899,,,,,,,1.0,0.75,,,converged,True,False,False,archived; original quadrature not changed by this export,,
original_bounded,bounded,theory,dynamic,2.3075,0.65316164529972,,,,,,,1.0,0.75,,,converged,True,False,False,archived; original quadrature not changed by this export,,
original_bounded,bounded,theory,dynamic,2.313333333333333,0.6541530329346801,,,,,,,1.0,0.75,,,converged,True,False,False,archived; original quadrature not changed by this export,,
original_bounded,bounded,theory,dynamic,2.319166666666667,0.6551381419546961,,,,,,,1.0,0.75,,,converged,True,False,False,archived; original quadrature not changed by this export,,
original_bounded,bounded,theory,dynamic,2.325,0.6561170364319437,,,,,,,1.0,0.75,,,converged,True,False,False,archived; original quadrature not changed by this export,,
original_bounded,bounded,theory,dynamic,2.330833333333333,0.6570897719325093,,,,,,,1.0,0.75,,,converged,True,False,False,archived; original quadrature not changed by this export,,
original_bounded,bounded,theory,dynamic,2.336666666666667,0.6580564108505056,,,,,,,1.0,0.75,,,converged,True,False,False,archived; original quadrature not changed by this export,,
original_bounded,bounded,theory,dynamic,2.3425,0.659017014779585,,,,,,,1.0,0.75,,,converged,True,False,False,archived; original quadrature not changed by this export,,
original_bounded,bounded,theory,dynamic,2.3483333333333336,0.6599716368512134,,,,,,,1.0,0.75,,,converged,True,False,False,archived; original quadrature not changed by this export,,
original_bounded,bounded,theory,dynamic,2.3541666666666665,0.6609203396205428,,,,,,,1.0,0.75,,,converged,True,False,False,archived; original quadrature not changed by this export,,
original_bounded,bounded,theory,dynamic,2.36,0.6618631746783484,,,,,,,1.0,0.75,,,converged,True,False,False,archived; original quadrature not changed by this export,,
original_bounded,bounded,theory,dynamic,2.365721063343209,0.6627822230697753,,,,,,,1.0,0.75,,,converged,True,False,False,archived; original quadrature not changed by this export,,
original_bounded,bounded,theory,dynamic,2.365833333333333,0.6628002030483703,,,,,,,1.0,0.75,,,converged,True,False,False,archived; original quadrature not changed by this export,,
original_bounded,bounded,theory,dynamic,2.3716666666666666,0.6637314748248656,,,,,,,1.0,0.75,,,converged,True,False,False,archived; original quadrature not changed by this export,,
original_bounded,bounded,theory,dynamic,2.3775,0.6646570495631112,,,,,,,1.0,0.75,,,converged,True,False,False,archived; original quadrature not changed by this export,,
original_bounded,bounded,theory,dynamic,2.3833333333333333,0.6655769784505982,,,,,,,1.0,0.75,,,converged,True,False,False,archived; original quadrature not changed by this export,,
original_bounded,bounded,theory,dynamic,2.3891666666666667,0.6664913119912378,,,,,,,1.0,0.75,,,converged,True,False,False,archived; original quadrature not changed by this export,,
original_bounded,bounded,theory,dynamic,2.395,0.6674001076137708,,,,,,,1.0,0.75,,,converged,True,False,False,archived; original quadrature not changed by this export,,
original_bounded,bounded,theory,dynamic,2.4008333333333334,0.668303414436829,,,,,,,1.0,0.75,,,converged,True,False,False,archived; original quadrature not changed by this export,,
original_bounded,bounded,theory,dynamic,2.4066666666666667,0.6692012834580128,,,,,,,1.0,0.75,,,converged,True,False,False,archived; original quadrature not changed by this export,,
original_bounded,bounded,theory,dynamic,2.4125,0.6700937650174432,,,,,,,1.0,0.75,,,converged,True,False,False,archived; original quadrature not changed by this export,,
original_bounded,bounded,theory,dynamic,2.418333333333333,0.6709809088088763,,,,,,,1.0,0.75,,,converged,True,False,False,archived; original quadrature not changed by this export,,
original_bounded,bounded,theory,dynamic,2.4241666666666664,0.6718627638905769,,,,,,,1.0,0.75,,,converged,True,False,False,archived; original quadrature not changed by this export,,
original_bounded,bounded,theory,dynamic,2.43,0.6727393786959663,,,,,,,1.0,0.75,,,converged,True,False,False,archived; original quadrature not changed by this export,,
original_bounded,bounded,theory,dynamic,2.435833333333333,0.6736108010440425,,,,,,,1.0,0.75,,,converged,True,False,False,archived; original quadrature not changed by this export,,
original_bounded,bounded,theory,dynamic,2.4416666666666664,0.6744770781495814,,,,,,,1.0,0.75,,,converged,True,False,False,archived; original quadrature not changed by this export,,
original_bounded,bounded,theory,dynamic,2.4475,0.675338256633128,,,,,,,1.0,0.75,,,converged,True,False,False,archived; original quadrature not changed by this export,,
original_bounded,bounded,theory,dynamic,2.453333333333333,0.6761943849998799,,,,,,,1.0,0.75,,,converged,True,False,False,archived; original quadrature not changed by this export,,
original_bounded,bounded,theory,dynamic,2.4591666666666665,0.6770455037729985,,,,,,,1.0,0.75,,,converged,True,False,False,archived; original quadrature not changed by this export,,
original_bounded,bounded,theory,dynamic,2.465,0.6778916603181514,,,,,,,1.0,0.75,,,converged,True,False,False,archived; original quadrature not changed by this export,,
original_bounded,bounded,theory,dynamic,2.470833333333333,0.6787328989747594,,,,,,,1.0,0.75,,,converged,True,False,False,archived; original quadrature not changed by this export,,
original_bounded,bounded,theory,dynamic,2.4766666666666666,0.6795692659739757,,,,,,,1.0,0.75,,,converged,True,False,False,archived; original quadrature not changed by this export,,
original_bounded,bounded,theory,dynamic,2.482228667747961,0.6803622278199655,,,,,,,1.0,0.75,,,converged,True,False,False,archived; original quadrature not changed by this export,,
original_bounded,bounded,theory,dynamic,2.4825,0.6804007996952887,,,,,,,1.0,0.75,,,converged,True,False,False,archived; original quadrature not changed by this export,,
original_bounded,bounded,theory,dynamic,2.4883333333333333,0.6812275477100812,,,,,,,1.0,0.75,,,converged,True,False,False,archived; original quadrature not changed by this export,,
original_bounded,bounded,theory,dynamic,2.494166666666666,0.682049547403394,,,,,,,1.0,0.75,,,converged,True,False,False,archived; original quadrature not changed by this export,,
original_bounded,bounded,theory,dynamic,2.5,0.6828668428713591,,,,,,,1.0,0.75,,,converged,True,False,False,archived; original quadrature not changed by this export,,
original_bounded,bounded,theory,dynamic,2.6044740668971835,0.6967519427776092,,,,,,,1.0,0.75,,,converged,True,False,False,archived; original quadrature not changed by this export,,
original_bounded,bounded,theory,dynamic,2.7327398370973586,0.7120575615569715,,,,,,,1.0,0.75,,,converged,True,False,False,archived; original quadrature not changed by this export,,
original_bounded,bounded,theory,dynamic,2.8673224710414065,0.7263715068718258,,,,,,,1.0,0.75,,,converged,True,False,False,archived; original quadrature not changed by this export,,
original_bounded,bounded,theory,dynamic,3.008533063166267,0.7397749861595126,,,,,,,1.0,0.75,,,converged,True,False,False,archived; original quadrature not changed by this export,,
original_bounded,bounded,theory,dynamic,3.156698028763117,0.7523399283784976,,,,,,,1.0,0.75,,,converged,True,False,False,archived; original quadrature not changed by this export,,
original_bounded,bounded,theory,dynamic,3.3121598585025254,0.7641304970080812,,,,,,,1.0,0.75,,,converged,True,False,False,archived; original quadrature not changed by this export,,
original_bounded,bounded,theory,dynamic,3.475277910118624,0.7752042767602811,,,,,,,1.0,0.75,,,converged,True,False,False,archived; original quadrature not changed by this export,,
original_bounded,bounded,theory,dynamic,3.646429239082352,0.7856132229313745,,,,,,,1.0,0.75,,,converged,True,False,False,archived; original quadrature not changed by this export,,
original_bounded,bounded,theory,dynamic,3.82600947018388,0.7954044205145424,,,,,,,1.0,0.75,,,converged,True,False,False,archived; original quadrature not changed by this export,,
original_bounded,bounded,theory,dynamic,4.014433712038952,0.8046207143835942,,,,,,,1.0,0.75,,,converged,True,False,False,archived; original quadrature not changed by this export,,
original_bounded,bounded,theory,dynamic,4.212137516633042,0.8133012241975737,,,,,,,1.0,0.75,,,converged,True,False,False,archived; original quadrature not changed by this export,,
original_bounded,bounded,theory,dynamic,4.419577886121397,0.8214817802684545,,,,,,,1.0,0.75,,,converged,True,False,False,archived; original quadrature not changed by this export,,
original_bounded,bounded,theory,dynamic,4.637234329212179,0.8291952839748159,,,,,,,1.0,0.75,,,converged,True,False,False,archived; original quadrature not changed by this export,,
original_bounded,bounded,theory,dynamic,4.865609969574646,0.8364720225783879,,,,,,,1.0,0.75,,,converged,True,False,False,archived; original quadrature not changed by this export,,
original_bounded,bounded,theory,dynamic,5.105232708834495,0.8433399312007022,,,,,,,1.0,0.75,,,converged,True,False,False,archived; original quadrature not changed by this export,,
original_bounded,bounded,theory,dynamic,5.3566564468446405,0.8498248287944986,,,,,,,1.0,0.75,,,converged,True,False,False,archived; original quadrature not changed by this export,,
original_bounded,bounded,theory,dynamic,5.620462362052236,0.8559506153750724,,,,,,,1.0,0.75,,,converged,True,False,False,archived; original quadrature not changed by this export,,
original_bounded,bounded,theory,dynamic,5.897260254921474,0.8617394490006262,,,,,,,1.0,0.75,,,converged,True,False,False,archived; original quadrature not changed by this export,,
original_bounded,bounded,theory,dynamic,6.187689957517644,0.867211900988467,,,,,,,1.0,0.75,,,converged,True,False,False,archived; original quadrature not changed by this export,,
original_bounded,bounded,theory,dynamic,6.492422812510671,0.8723870929541433,,,,,,,1.0,0.75,,,converged,True,False,False,archived; original quadrature not changed by this export,,
original_bounded,bounded,theory,dynamic,6.812163225017048,0.8772828210075174,,,,,,,1.0,0.75,,,converged,True,False,False,archived; original quadrature not changed by this export,,
original_bounded,bounded,theory,dynamic,7.147650290867185,0.8819156630930916,,,,,,,1.0,0.75,,,converged,True,False,False,archived; original quadrature not changed by this export,,
original_bounded,bounded,theory,dynamic,7.499659505062127,0.8863010794255517,,,,,,,1.0,0.75,,,converged,True,False,False,archived; original quadrature not changed by this export,,
original_bounded,bounded,theory,dynamic,7.869004554368707,0.8904534992509532,,,,,,,1.0,0.75,,,converged,True,False,False,archived; original quadrature not changed by this export,,
original_bounded,bounded,theory,dynamic,8.256539198196908,0.8943864023565791,,,,,,,1.0,0.75,,,converged,True,False,False,archived; original quadrature not changed by this export,,
original_bounded,bounded,theory,dynamic,8.663159242107085,0.8981123915334092,,,,,,,1.0,0.75,,,converged,True,False,False,archived; original quadrature not changed by this export,,
original_bounded,bounded,theory,dynamic,9.089804608509002,0.9016432578601288,,,,,,,1.0,0.75,,,converged,True,False,False,archived; original quadrature not changed by this export,,
original_bounded,bounded,theory,dynamic,9.537461509339078,0.9049900407307688,,,,,,,1.0,0.75,,,converged,True,False,False,archived; original quadrature not changed by this export,,
original_bounded,bounded,theory,dynamic,10.007164725738267,0.9081630843869104,,,,,,,1.0,0.75,,,converged,True,False,False,archived; original quadrature not changed by this export,,
original_bounded,bounded,theory,dynamic,10.5,0.9111720861398426,,,,,,,1.0,0.75,,,converged,True,False,False,archived; original quadrature not changed by this export,,
original_bounded,bounded,theory,full_reconstruction,0.0899999999999999,1.6118002052452222e-151,,,,,,,1.0,,,,converged,True,False,False,archived; original quadrature not changed by this export,,
original_bounded,bounded,theory,full_reconstruction,0.0944323418170058,3.67514914750138e-148,,,,,,,1.0,,,,converged,True,False,False,archived; original quadrature not changed by this export,,
original_bounded,bounded,theory,full_reconstruction,0.0990829686782647,8.159073201072401e-145,,,,,,,1.0,,,,converged,True,False,False,archived; original quadrature not changed by this export,,
original_bounded,bounded,theory,full_reconstruction,0.1039626307385509,1.7615679373128536e-141,,,,,,,1.0,,,,converged,True,False,False,archived; original quadrature not changed by this export,,
original_bounded,bounded,theory,full_reconstruction,0.1090826075788666,3.694322699414127e-138,,,,,,,1.0,,,,converged,True,False,False,archived; original quadrature not changed by this export,,
original_bounded,bounded,theory,full_reconstruction,0.1144547342797539,7.516660929675058e-135,,,,,,,1.0,,,,converged,True,False,False,archived; original quadrature not changed by this export,,
original_bounded,bounded,theory,full_reconstruction,0.1200914287786699,1.4819769545427365e-131,,,,,,,1.0,,,,converged,True,False,False,archived; original quadrature not changed by this export,,
original_bounded,bounded,theory,full_reconstruction,0.1260057205746664,2.838262209620235e-128,,,,,,,1.0,,,,converged,True,False,False,archived; original quadrature not changed by this export,,
original_bounded,bounded,theory,full_reconstruction,0.1322112808467225,5.254162475585854e-125,,,,,,,1.0,,,,converged,True,False,False,archived; original quadrature not changed by this export,,
original_bounded,bounded,theory,full_reconstruction,0.138722454055354,9.423819981399078e-122,,,,,,,1.0,,,,converged,True,False,False,archived; original quadrature not changed by this export,,
original_bounded,bounded,theory,full_reconstruction,0.1455542911005453,1.629598230201234e-118,,,,,,,1.0,,,,converged,True,False,False,archived; original quadrature not changed by this export,,
original_bounded,bounded,theory,full_reconstruction,0.1527225841126518,2.723084790139475e-115,,,,,,,1.0,,,,converged,True,False,False,archived; original quadrature not changed by this export,,
original_bounded,bounded,theory,full_reconstruction,0.160243902956693,4.375627390359313e-112,,,,,,,1.0,,,,converged,True,False,False,archived; original quadrature not changed by this export,,
original_bounded,bounded,theory,full_reconstruction,0.1681356335344172,6.776096633884444e-109,,,,,,,1.0,,,,converged,True,False,False,archived; original quadrature not changed by this export,,
original_bounded,bounded,theory,full_reconstruction,0.1764160179726768,1.0099073089503507e-105,,,,,,,1.0,,,,converged,True,False,False,archived; original quadrature not changed by this export,,
original_bounded,bounded,theory,full_reconstruction,0.1851041967910096,1.4465849091520009e-102,,,,,,,1.0,,,,converged,True,False,False,archived; original quadrature not changed by this export,,
original_bounded,bounded,theory,full_reconstruction,0.1942202531458993,1.9886585830598274e-99,,,,,,,1.0,,,,converged,True,False,False,archived; original quadrature not changed by this export,,
original_bounded,bounded,theory,full_reconstruction,0.2037852592539886,2.6201111520823828e-96,,,,,,,1.0,,,,converged,True,False,False,archived; original quadrature not changed by this export,,
original_bounded,bounded,theory,full_reconstruction,0.2138213251015534,3.303756035143849e-93,,,,,,,1.0,,,,converged,True,False,False,archived; original quadrature not changed by this export,,
original_bounded,bounded,theory,full_reconstruction,0.2243516495528336,3.981138012641853e-90,,,,,,,1.0,,,,converged,True,False,False,archived; original quadrature not changed by this export,,
original_bounded,bounded,theory,full_reconstruction,0.2354005739753588,4.593351058737079e-87,,,,,,,1.0,,,,converged,True,False,False,archived; original quadrature not changed by this export,,
original_bounded,bounded,theory,full_reconstruction,0.2469936385062272,5.0501555614439975e-84,,,,,,,1.0,,,,converged,True,False,False,archived; original quadrature not changed by this export,,
original_bounded,bounded,theory,full_reconstruction,0.2591576410894004,5.300427685379308e-81,,,,,,,1.0,,,,converged,True,False,False,archived; original quadrature not changed by this export,,
original_bounded,bounded,theory,full_reconstruction,0.2719206994204797,5.302632272926007e-78,,,,,,,1.0,,,,converged,True,False,False,archived; original quadrature not changed by this export,,
original_bounded,bounded,theory,full_reconstruction,0.2853123159421561,5.048802147987918e-75,,,,,,,1.0,,,,converged,True,False,False,archived; original quadrature not changed by this export,,
original_bounded,bounded,theory,full_reconstruction,0.2993634460405695,4.568169414442942e-72,,,,,,,1.0,,,,converged,True,False,False,archived; original quadrature not changed by this export,,
original_bounded,bounded,theory,full_reconstruction,0.3141065696002205,3.9218715608337577e-69,,,,,,,1.0,,,,converged,True,False,False,archived; original quadrature not changed by this export,,
original_bounded,bounded,theory,full_reconstruction,0.3295757660828352,3.1899384951893355e-66,,,,,,,1.0,,,,converged,True,False,False,archived; original quadrature not changed by this export,,
original_bounded,bounded,theory,full_reconstruction,0.3458067933037317,2.461852752432061e-63,,,,,,,1.0,,,,converged,True,False,False,archived; original quadrature not changed by this export,,
original_bounded,bounded,theory,full_reconstruction,0.3628371700877854,1.7945172822675543e-60,,,,,,,1.0,,,,converged,True,False,False,archived; original quadrature not changed by this export,,
original_bounded,bounded,theory,full_reconstruction,0.3807062629960537,1.2372669717245816e-57,,,,,,,1.0,,,,converged,True,False,False,archived; original quadrature not changed by this export,,
original_bounded,bounded,theory,full_reconstruction,0.3994553773235364,8.056091974727504e-55,,,,,,,1.0,,,,converged,True,False,False,archived; original quadrature not changed by this export,,
original_bounded,bounded,theory,full_reconstruction,0.4191278525784138,4.9459400300444135e-52,,,,,,,1.0,,,,converged,True,False,False,archived; original quadrature not changed by this export,,
original_bounded,bounded,theory,full_reconstruction,0.4397691626634711,2.858636577173038e-49,,,,,,,1.0,,,,converged,True,False,False,archived; original quadrature not changed by this export,,
original_bounded,bounded,theory,full_reconstruction,0.4614270209912817,1.5573818755439435e-46,,,,,,,1.0,,,,converged,True,False,False,archived; original quadrature not changed by this export,,
original_bounded,bounded,theory,full_reconstruction,0.4841514907761273,7.984656904367645e-44,,,,,,,1.0,,,,converged,True,False,False,archived; original quadrature not changed by this export,,
original_bounded,bounded,theory,full_reconstruction,0.5079951007576022,3.8463388521764477e-41,,,,,,,1.0,,,,converged,True,False,False,archived; original quadrature not changed by this export,,
original_bounded,bounded,theory,full_reconstruction,0.5330129666234025,1.738126529726616e-38,,,,,,,1.0,,,,converged,True,False,False,archived; original quadrature not changed by this export,,
original_bounded,bounded,theory,full_reconstruction,0.559262918411972,7.356623392178246e-36,,,,,,,1.0,,,,converged,True,False,False,archived; original quadrature not changed by this export,,
original_bounded,bounded,theory,full_reconstruction,0.5868056341895066,2.919414763440332e-33,,,,,,,1.0,,,,converged,True,False,False,archived; original quadrature not changed by this export,,
original_bounded,bounded,theory,full_reconstruction,0.6157047803103154,1.0845219842678938e-30,,,,,,,1.0,,,,converged,True,False,False,archived; original quadrature not changed by this export,,
original_bounded,bounded,theory,full_reconstruction,0.6460271585847579,3.765499774404591e-28,,,,,,,1.0,,,,converged,True,False,False,archived; original quadrature not changed by this export,,
original_bounded,bounded,theory,full_reconstruction,0.6778428606949434,1.2200497134115168e-25,,,,,,,1.0,,,,converged,True,False,False,archived; original quadrature not changed by this export,,
original_bounded,bounded,theory,full_reconstruction,0.7112254302151331,3.692333180203037e-23,,,,,,,1.0,,,,converged,True,False,False,archived; original quadrature not changed by this export,,
original_bounded,bounded,theory,full_reconstruction,0.746252032611361,1.042111329544258e-20,,,,,,,1.0,,,,converged,True,False,False,archived; original quadrature not changed by this export,,
original_bounded,bounded,theory,full_reconstruction,0.7830036336132382,2.738765295070839e-18,,,,,,,1.0,,,,converged,True,False,False,archived; original quadrature not changed by this export,,
original_bounded,bounded,theory,full_reconstruction,0.8215651863702547,6.707774068114686e-16,,,,,,,1.0,,,,converged,True,False,False,archived; original quadrature not changed by this export,,
original_bounded,bounded,theory,full_reconstruction,0.8620258278252001,1.5287001101794474e-13,,,,,,,1.0,,,,converged,True,False,False,archived; original quadrature not changed by this export,,
original_bounded,bounded,theory,full_reconstruction,0.9044790847586306,3.237010829542853e-11,,,,,,,1.0,,,,converged,True,False,False,archived; original quadrature not changed by this export,,
original_bounded,bounded,theory,full_reconstruction,0.949023089980662,6.3733596718577695e-09,,,,,,,1.0,,,,converged,True,False,False,archived; original quadrature not changed by this export,,
original_bounded,bounded,theory,full_reconstruction,0.9957608091698334,1.165094596100933e-06,,,,,,,1.0,,,,converged,True,False,False,archived; original quadrature not changed by this export,,
original_bounded,bounded,theory,full_reconstruction,1.044800278883378,8.426529631457403e-09,,,,,,,1.0,,,,converged,True,False,False,archived; original quadrature not changed by this export,,
original_bounded,bounded,theory,full_reconstruction,1.0962548562890913,6.58642821782191e-11,,,,,,,1.0,,,,converged,True,False,False,archived; original quadrature not changed by this export,,
original_bounded,bounded,theory,full_reconstruction,1.1502434811960451,5.569924670494022e-13,,,,,,,1.0,,,,converged,True,False,False,archived; original quadrature not changed by this export,,
original_bounded,bounded,theory,full_reconstruction,1.2068909509898635,5.101521331658751e-15,,,,,,,1.0,,,,converged,True,False,False,archived; original quadrature not changed by this export,,
original_bounded,bounded,theory,full_reconstruction,1.2663282091080668,5.06547962908422e-17,,,,,,,1.0,,,,converged,True,False,False,archived; original quadrature not changed by this export,,
original_bounded,bounded,theory,full_reconstruction,1.3286926477223318,5.447542686607736e-19,,,,,,,1.0,,,,converged,True,False,False,archived; original quadrature not changed by this export,,
original_bounded,bounded,theory,full_reconstruction,1.3941284253273083,6.35073729053403e-21,,,,,,,1.0,,,,converged,True,False,False,archived; original quadrature not changed by this export,,
original_bounded,bounded,theory,full_reconstruction,1.4627867999701392,8.032231009347835e-23,,,,,,,1.0,,,,converged,True,False,False,archived; original quadrature not changed by this export,,
original_bounded,bounded,theory,full_reconstruction,1.534826478890937,1.1010341125471472e-24,,,,,,,1.0,,,,converged,True,False,False,archived; original quadrature not changed by this export,,
original_bounded,bounded,theory,full_reconstruction,1.6104139853824502,1.6368753312810164e-26,,,,,,,1.0,,,,converged,True,False,False,archived; original quadrature not changed by this export,,
original_bounded,bounded,theory,full_reconstruction,1.6897240437169128,2.636511144224232e-28,,,,,,,1.0,,,,converged,True,False,False,archived; original quadrature not changed by this export,,
original_bounded,bounded,theory,full_reconstruction,1.7729399830298769,4.6107309366195135e-30,,,,,,,1.0,,,,converged,True,False,False,archived; original quadrature not changed by this export,,
original_bounded,bounded,theory,full_reconstruction,1.860254161094598,8.730859713824354e-32,,,,,,,1.0,,,,converged,True,False,False,archived; original quadrature not changed by this export,,
original_bounded,bounded,theory,full_reconstruction,1.9518684089665843,1.7935657470757536e-33,,,,,,,1.0,,,,converged,True,False,False,archived; original quadrature not changed by this export,,
original_bounded,bounded,theory,full_reconstruction,2.047994497526088,3.992136803304543e-35,,,,,,,1.0,,,,converged,True,False,False,archived; original quadrature not changed by this export,,
original_bounded,bounded,theory,full_reconstruction,2.148854626997007,9.615523514841391e-37,,,,,,,1.0,,,,converged,True,False,False,archived; original quadrature not changed by this export,,
original_bounded,bounded,theory,full_reconstruction,2.2546819405737337,2.5064729497394036e-38,,,,,,,1.0,,,,converged,True,False,False,archived; original quadrature not changed by this export,,
original_bounded,bounded,theory,full_reconstruction,2.365721063343209,7.070639645935457e-40,,,,,,,1.0,,,,converged,True,False,False,archived; original quadrature not changed by this export,,
original_bounded,bounded,theory,full_reconstruction,2.482228667747961,2.1553450836369406e-41,,,,,,,1.0,,,,converged,True,False,False,archived; original quadrature not changed by this export,,
original_bounded,bounded,theory,full_reconstruction,2.6044740668971835,7.097865376037764e-43,,,,,,,1.0,,,,converged,True,False,False,archived; original quadrature not changed by this export,,
original_bounded,bounded,theory,full_reconstruction,2.7327398370973586,2.521066150704276e-44,,,,,,,1.0,,,,converged,True,False,False,archived; original quadrature not changed by this export,,
original_bounded,bounded,theory,full_reconstruction,2.8673224710414065,9.653286362366538e-46,,,,,,,1.0,,,,converged,True,False,False,archived; original quadrature not changed by this export,,
original_bounded,bounded,theory,full_reconstruction,3.008533063166267,3.982173464644919e-47,,,,,,,1.0,,,,converged,True,False,False,archived; original quadrature not changed by this export,,
original_bounded,bounded,theory,full_reconstruction,3.156698028763117,1.7663744109551763e-48,,,,,,,1.0,,,,converged,True,False,False,archived; original quadrature not changed by this export,,
original_bounded,bounded,theory,full_reconstruction,3.3121598585025254,8.408131789644801e-50,,,,,,,1.0,,,,converged,True,False,False,archived; original quadrature not changed by this export,,
original_bounded,bounded,theory,full_reconstruction,3.475277910118624,4.2952677683080463e-51,,,,,,,1.0,,,,converged,True,False,False,archived; original quadrature not changed by this export,,
original_bounded,bounded,theory,full_reconstruction,3.646429239082352,2.347095813211804e-52,,,,,,,1.0,,,,converged,True,False,False,archived; original quadrature not changed by this export,,
original_bounded,bounded,theory,full_reconstruction,3.82600947018388,1.3714894132409102e-53,,,,,,,1.0,,,,converged,True,False,False,archived; original quadrature not changed by this export,,
original_bounded,bounded,theory,full_reconstruction,4.014433712038952,8.548696756017075e-55,,,,,,,1.0,,,,converged,True,False,False,archived; original quadrature not changed by this export,,
original_bounded,bounded,theory,full_reconstruction,4.212137516633042,5.669473709202929e-56,,,,,,,1.0,,,,converged,True,False,False,archived; original quadrature not changed by this export,,
original_bounded,bounded,theory,full_reconstruction,4.419577886121397,3.9936044803833796e-57,,,,,,,1.0,,,,converged,True,False,False,archived; original quadrature not changed by this export,,
original_bounded,bounded,theory,full_reconstruction,4.637234329212179,2.9848155247012685e-58,,,,,,,1.0,,,,converged,True,False,False,archived; original quadrature not changed by this export,,
original_bounded,bounded,theory,full_reconstruction,4.865609969574646,2.3579877775840384e-59,,,,,,,1.0,,,,converged,True,False,False,archived; original quadrature not changed by this export,,
original_bounded,bounded,theory,full_reconstruction,5.105232708834495,1.9614468682095478e-60,,,,,,,1.0,,,,converged,True,False,False,archived; original quadrature not changed by this export,,
original_bounded,bounded,theory,full_reconstruction,5.3566564468446405,1.7114216774592067e-61,,,,,,,1.0,,,,converged,True,False,False,archived; original quadrature not changed by this export,,
original_bounded,bounded,theory,full_reconstruction,5.620462362052236,1.5603087850189829e-62,,,,,,,1.0,,,,converged,True,False,False,archived; original quadrature not changed by this export,,
original_bounded,bounded,theory,full_reconstruction,5.897260254921474,1.4806625436967793e-63,,,,,,,1.0,,,,converged,True,False,False,archived; original quadrature not changed by this export,,
original_bounded,bounded,theory,full_reconstruction,6.187689957517644,1.4546660034140892e-64,,,,,,,1.0,,,,converged,True,False,False,archived; original quadrature not changed by this export,,
original_bounded,bounded,theory,full_reconstruction,6.492422812510671,1.473886660071222e-65,,,,,,,1.0,,,,converged,True,False,False,archived; original quadrature not changed by this export,,
original_bounded,bounded,theory,full_reconstruction,6.812163225017048,1.5331112247092894e-66,,,,,,,1.0,,,,converged,True,False,False,archived; original quadrature not changed by this export,,
original_bounded,bounded,theory,full_reconstruction,7.147650290867185,1.629735265952885e-67,,,,,,,1.0,,,,converged,True,False,False,archived; original quadrature not changed by this export,,
original_bounded,bounded,theory,full_reconstruction,7.499659505062127,1.762496443246957e-68,,,,,,,1.0,,,,converged,True,False,False,archived; original quadrature not changed by this export,,
original_bounded,bounded,theory,full_reconstruction,7.869004554368707,1.9304124179004519e-69,,,,,,,1.0,,,,converged,True,False,False,archived; original quadrature not changed by this export,,
original_bounded,bounded,theory,full_reconstruction,8.256539198196908,2.1317459096384803e-70,,,,,,,1.0,,,,converged,True,False,False,archived; original quadrature not changed by this export,,
original_bounded,bounded,theory,full_reconstruction,8.663159242107085,2.358452194633855e-71,,,,,,,1.0,,,,converged,True,False,False,archived; original quadrature not changed by this export,,
original_bounded,bounded,theory,full_reconstruction,9.089804608509002,2.4386083842908847e-72,,,,,,,1.0,,,,converged,True,False,False,archived; original quadrature not changed by this export,,
original_bounded,bounded,theory,full_reconstruction,9.537461509339078,2.3989360715621978e-73,,,,,,,1.0,,,,converged,True,False,False,archived; original quadrature not changed by this export,,
original_bounded,bounded,theory,full_reconstruction,10.007164725738267,2.270699550382571e-74,,,,,,,1.0,,,,converged,True,False,False,archived; original quadrature not changed by this export,,
original_bounded,bounded,theory,full_reconstruction,10.5,2.077724380589874e-75,,,,,,,1.0,,,,converged,True,False,False,archived; original quadrature not changed by this export,,
original_unbounded,unbounded,simulation,amp,0.5,0.05988493395001776,0.02014257086511094,0.006369640186509879,10,10,0,4000.0,1.0,,,,all_seeds_including_nonconverged,True,False,False,,,
original_unbounded,unbounded,simulation,amp,0.6029542755153482,0.07389060549834518,0.04981765762702434,0.015753726579585594,10,10,0,4000.0,1.0,,,,all_seeds_including_nonconverged,True,False,False,,,
original_unbounded,unbounded,simulation,amp,0.7271077167244768,0.12851452071251737,0.11604916545164304,0.03669796833889148,10,9,2,4000.0,1.0,,,,all_seeds_including_nonconverged,True,False,True,,,
original_unbounded,unbounded,simulation,amp,0.8768254131184519,0.13109228649859767,0.0711191988969355,0.02248986538808508,10,9,7,4000.0,1.0,,,,all_seeds_including_nonconverged,True,False,True,,,
original_unbounded,unbounded,simulation,amp,1.057371263440564,0.3032883925154706,0.09892627123863536,0.03128323375416942,10,10,6,4000.0,1.0,,,,all_seeds_including_nonconverged,True,False,False,,,
original_unbounded,unbounded,simulation,amp,1.2750930481971074,0.43897580562208693,0.06695558148764635,0.021173213956196757,10,10,9,4000.0,1.0,,,,all_seeds_including_nonconverged,True,False,False,,,
original_unbounded,unbounded,simulation,amp,1.537645610180688,0.46333642594452495,0.16061075231205138,0.05078957940192369,10,10,9,4000.0,1.0,,,,all_seeds_including_nonconverged,True,False,False,,,
original_unbounded,unbounded,simulation,amp,1.8542599897717045,0.5806708885566334,0.012661574688324583,0.004003941477944224,10,10,10,4000.0,1.0,,,,all_seeds_including_nonconverged,True,False,False,,,
original_unbounded,unbounded,simulation,amp,2.23606797749979,0.6501031920162296,0.02149561546365359,0.006797510457228171,10,10,10,4000.0,1.0,,,,all_seeds_including_nonconverged,True,False,False,,,
original_unbounded,unbounded,simulation,amp,2.696493494752912,0.6960660864915521,0.011322517383972485,0.0035804943780204305,10,10,10,4000.0,1.0,,,,all_seeds_including_nonconverged,True,False,False,,,
original_unbounded,unbounded,simulation,amp,3.251724563121181,0.7478673798777079,0.01094277572001864,0.0034604095199647898,10,10,10,4000.0,1.0,,,,all_seeds_including_nonconverged,True,False,False,,,
original_unbounded,unbounded,simulation,amp,3.9212824562643886,0.7880347592837221,0.005346235818386415,0.001690628209447537,10,10,10,4000.0,1.0,,,,all_seeds_including_nonconverged,True,False,False,,,
original_unbounded,unbounded,simulation,amp,4.728708045015879,0.8202871680569361,0.009604718964702497,0.003037278821427427,10,10,10,4000.0,1.0,,,,all_seeds_including_nonconverged,True,False,False,,,
original_unbounded,unbounded,simulation,amp,5.702389466812296,0.8466407192863906,0.006993962547318439,0.0022116851519439432,10,10,10,4000.0,1.0,,,,all_seeds_including_nonconverged,True,False,False,,,
original_unbounded,unbounded,simulation,amp,6.876560219336321,0.8725545526737337,0.004443915664498469,0.0014052895229515825,10,10,10,4000.0,1.0,,,,all_seeds_including_nonconverged,True,False,False,,,
original_unbounded,unbounded,simulation,amp,8.29250277017519,0.892380741473176,0.005709158252844842,0.0018053943601337179,10,10,10,4000.0,1.0,,,,all_seeds_including_nonconverged,True,False,False,,,
original_unbounded,unbounded,simulation,amp,10.0,0.9100964252073005,0.002498065626259394,0.0007899577123554613,10,10,10,4000.0,1.0,,,,all_seeds_including_nonconverged,True,False,False,,,
original_unbounded,unbounded,simulation,diagonal_deletion_pca,0.5,0.03877372311954048,0.035908235661878715,0.008029325589204297,20.0,20.0,,2000.0,1.0,,,,converged,True,False,False,,,
original_unbounded,unbounded,simulation,diagonal_deletion_pca,0.6029542755153482,0.06150672669773485,0.044993430404198786,0.010060836892469432,20.0,20.0,,2000.0,1.0,,,,converged,True,False,False,,,
original_unbounded,unbounded,simulation,diagonal_deletion_pca,0.7271077167244768,0.07256213134713614,0.05278259705774497,0.011802547505009815,20.0,20.0,,2000.0,1.0,,,,converged,True,False,False,,,
original_unbounded,unbounded,simulation,diagonal_deletion_pca,0.8768254131184519,0.08336656396197692,0.048121923695441826,0.010760389259106582,20.0,20.0,,2000.0,1.0,,,,converged,True,False,False,,,
original_unbounded,unbounded,simulation,diagonal_deletion_pca,1.057371263440564,0.07986988497333443,0.058828835834653474,0.013154527596346074,20.0,20.0,,2000.0,1.0,,,,converged,True,False,False,,,
original_unbounded,unbounded,simulation,diagonal_deletion_pca,1.2750930481971074,0.0679391335817308,0.05591079893434819,0.012502034709352535,20.0,20.0,,2000.0,1.0,,,,converged,True,False,False,,,
original_unbounded,unbounded,simulation,diagonal_deletion_pca,1.537645610180688,0.09596662847789178,0.09975644717080732,0.022306219706779176,20.0,20.0,,2000.0,1.0,,,,converged,True,False,False,,,
original_unbounded,unbounded,simulation,diagonal_deletion_pca,1.8542599897717045,0.12320444546914688,0.09683374866306182,0.021652684452673564,20.0,20.0,,2000.0,1.0,,,,converged,True,False,False,,,
original_unbounded,unbounded,simulation,diagonal_deletion_pca,2.23606797749979,0.1789114708254545,0.14605792504673515,0.0326595449057069,20.0,20.0,,2000.0,1.0,,,,converged,True,False,False,,,
original_unbounded,unbounded,simulation,diagonal_deletion_pca,2.696493494752912,0.26063150277580616,0.18099484161806595,0.04047167694348035,20.0,20.0,,2000.0,1.0,,,,converged,True,False,False,,,
original_unbounded,unbounded,simulation,diagonal_deletion_pca,3.251724563121181,0.4138997665112843,0.23801888786504943,0.053222641319515034,20.0,20.0,,2000.0,1.0,,,,converged,True,False,False,,,
original_unbounded,unbounded,simulation,diagonal_deletion_pca,3.9212824562643886,0.4607230108285861,0.3019680963732791,0.06752211905268597,20.0,20.0,,2000.0,1.0,,,,converged,True,False,False,,,
original_unbounded,unbounded,simulation,diagonal_deletion_pca,4.728708045015879,0.6359564057549575,0.24175845798792478,0.05405883461965268,20.0,20.0,,2000.0,1.0,,,,converged,True,False,False,,,
original_unbounded,unbounded,simulation,diagonal_deletion_pca,5.702389466812296,0.7086637204423061,0.24511519287916061,0.05480942335957755,20.0,20.0,,2000.0,1.0,,,,converged,True,False,False,,,
original_unbounded,unbounded,simulation,diagonal_deletion_pca,6.876560219336321,0.7975237610440808,0.1453919023334885,0.032510617699569054,20.0,20.0,,2000.0,1.0,,,,converged,True,False,False,,,
original_unbounded,unbounded,simulation,diagonal_deletion_pca,8.29250277017519,0.8352923179530217,0.18435952332394334,0.04122404264517952,20.0,20.0,,2000.0,1.0,,,,converged,True,False,False,,,
original_unbounded,unbounded,simulation,diagonal_deletion_pca,10.0,0.8624385638266947,0.16154499572524464,0.036122559186655995,20.0,20.0,,2000.0,1.0,,,,converged,True,False,False,,,
original_unbounded,unbounded,simulation,dynamic,0.5,0.0731610291969072,0.0570352331727689,0.0127534658486862,20.0,,,2000.0,1.0,0.75,,,all_seeds,True,False,False,,,
original_unbounded,unbounded,simulation,dynamic,0.6029542755153482,0.1103491840747128,0.0636951739328563,0.0142426738752539,20.0,,,2000.0,1.0,0.75,,,all_seeds,True,False,False,,,
original_unbounded,unbounded,simulation,dynamic,0.7271077167244768,0.1344058469510758,0.0887886134115818,0.0198537375216246,20.0,,,2000.0,1.0,0.75,,,all_seeds,True,False,False,,,
original_unbounded,unbounded,simulation,dynamic,0.8768254131184519,0.1601236464126998,0.0975231672225343,0.0218068431290666,20.0,,,2000.0,1.0,0.75,,,all_seeds,True,False,False,,,
original_unbounded,unbounded,simulation,dynamic,1.057371263440564,0.2771322158384839,0.1242592594050302,0.0277852150863427,20.0,,,2000.0,1.0,0.75,,,all_seeds,True,False,False,,,
original_unbounded,unbounded,simulation,dynamic,1.2750930481971074,0.297750355019538,0.1269143881805424,0.0283789199294488,20.0,,,2000.0,1.0,0.75,,,all_seeds,True,False,False,,,
original_unbounded,unbounded,simulation,dynamic,1.537645610180688,0.4540747443793487,0.06030981554922,0.0134856847278529,20.0,,,2000.0,1.0,0.75,,,all_seeds,True,False,False,,,
original_unbounded,unbounded,simulation,dynamic,1.8542599897717045,0.5153441097667605,0.0617291381566549,0.0138030549110756,20.0,,,2000.0,1.0,0.75,,,all_seeds,True,False,False,,,
original_unbounded,unbounded,simulation,dynamic,2.23606797749979,0.6122206969859996,0.0302905171121495,0.0067731655336387,20.0,,,2000.0,1.0,0.75,,,all_seeds,True,False,False,,,
original_unbounded,unbounded,simulation,dynamic,2.696493494752912,0.6692966898645537,0.0399402651318619,0.0089309147874208,20.0,,,2000.0,1.0,0.75,,,all_seeds,True,False,False,,,
original_unbounded,unbounded,simulation,dynamic,3.251724563121181,0.7273104311132352,0.0200576658159814,0.0044850304234508,20.0,,,2000.0,1.0,0.75,,,all_seeds,True,False,False,,,
original_unbounded,unbounded,simulation,dynamic,3.9212824562643886,0.7686147592553644,0.0155387991028448,0.0034745811082673,20.0,,,2000.0,1.0,0.75,,,all_seeds,True,False,False,,,
original_unbounded,unbounded,simulation,dynamic,4.728708045015879,0.8122099758861451,0.0140927780892869,0.0031512409799465,20.0,,,2000.0,1.0,0.75,,,all_seeds,True,False,False,,,
original_unbounded,unbounded,simulation,dynamic,5.702389466812296,0.8360598243090347,0.0101024934963797,0.0022589862200154,20.0,,,2000.0,1.0,0.75,,,all_seeds,True,False,False,,,
original_unbounded,unbounded,simulation,dynamic,6.876560219336321,0.8611428913606607,0.0075450343519451,0.001687120970352,20.0,,,2000.0,1.0,0.75,,,all_seeds,True,False,False,,,
original_unbounded,unbounded,simulation,dynamic,8.29250277017519,0.8856423972148088,0.005972891315483,0.0013355791003638,20.0,,,2000.0,1.0,0.75,,,all_seeds,True,False,False,,,
original_unbounded,unbounded,simulation,dynamic,10.0,0.901098802745999,0.0048402358052035,0.0010823096287563,20.0,,,2000.0,1.0,0.75,,,all_seeds,True,False,False,,,
original_unbounded,unbounded,simulation,estimated_whitening_pca,0.5,0.08855180459649001,0.06450394469873492,0.01442352051632585,20.0,20.0,,2000.0,1.0,,,,converged,True,False,False,,,
original_unbounded,unbounded,simulation,estimated_whitening_pca,0.6029542755153482,0.1226479276635118,0.0636991095289022,0.014243553901282993,20.0,20.0,,2000.0,1.0,,,,converged,True,False,False,,,
original_unbounded,unbounded,simulation,estimated_whitening_pca,0.7271077167244768,0.13246381053451092,0.10260058373417731,0.022942187976077968,20.0,20.0,,2000.0,1.0,,,,converged,True,False,False,,,
original_unbounded,unbounded,simulation,estimated_whitening_pca,0.8768254131184519,0.1863693835773041,0.11377071631580608,0.025439905553098684,20.0,20.0,,2000.0,1.0,,,,converged,True,False,False,,,
original_unbounded,unbounded,simulation,estimated_whitening_pca,1.057371263440564,0.32211921249461495,0.12136024467769806,0.02713697568653399,20.0,20.0,,2000.0,1.0,,,,converged,True,False,False,,,
original_unbounded,unbounded,simulation,estimated_whitening_pca,1.2750930481971074,0.3901420046813918,0.08555001615785236,0.019129565160516324,20.0,20.0,,2000.0,1.0,,,,converged,True,False,False,,,
original_unbounded,unbounded,simulation,estimated_whitening_pca,1.537645610180688,0.49988049451651273,0.051709368797530096,0.011562566370488386,20.0,20.0,,2000.0,1.0,,,,converged,True,False,False,,,
original_unbounded,unbounded,simulation,estimated_whitening_pca,1.8542599897717045,0.5521464032524266,0.0435318574222227,0.009734019238291872,20.0,20.0,,2000.0,1.0,,,,converged,True,False,False,,,
original_unbounded,unbounded,simulation,estimated_whitening_pca,2.23606797749979,0.6326332474036807,0.02626106019476679,0.005872151575671241,20.0,20.0,,2000.0,1.0,,,,converged,True,False,False,,,
original_unbounded,unbounded,simulation,estimated_whitening_pca,2.696493494752912,0.6835660494208667,0.030524791383391262,0.0068255508532262706,20.0,20.0,,2000.0,1.0,,,,converged,True,False,False,,,
original_unbounded,unbounded,simulation,estimated_whitening_pca,3.251724563121181,0.7377716595813012,0.01914747966320795,0.004281506612472775,20.0,20.0,,2000.0,1.0,,,,converged,True,False,False,,,
original_unbounded,unbounded,simulation,estimated_whitening_pca,3.9212824562643886,0.7765793378347278,0.015782272428176373,0.0035290233988823035,20.0,20.0,,2000.0,1.0,,,,converged,True,False,False,,,
original_unbounded,unbounded,simulation,estimated_whitening_pca,4.728708045015879,0.8192567819693958,0.014552185589146413,0.0032539676198524207,20.0,20.0,,2000.0,1.0,,,,converged,True,False,False,,,
original_unbounded,unbounded,simulation,estimated_whitening_pca,5.702389466812296,0.8420061649920877,0.010102089369323731,0.002258895854458584,20.0,20.0,,2000.0,1.0,,,,converged,True,False,False,,,
original_unbounded,unbounded,simulation,estimated_whitening_pca,6.876560219336321,0.8666480702755374,0.007980101524876727,0.0017844049476974091,20.0,20.0,,2000.0,1.0,,,,converged,True,False,False,,,
original_unbounded,unbounded,simulation,estimated_whitening_pca,8.29250277017519,0.892408701883288,0.006084187536152988,0.0013604656918695041,20.0,20.0,,2000.0,1.0,,,,converged,True,False,False,,,
original_unbounded,unbounded,simulation,estimated_whitening_pca,10.0,0.9075317339989697,0.004719033691415594,0.0010552080122117036,20.0,20.0,,2000.0,1.0,,,,converged,True,False,False,,,
original_unbounded,unbounded,simulation,heteropca,0.5,0.03156802092918962,0.03582628224137883,0.00801100024728166,20.0,20.0,,2000.0,1.0,,,,converged,True,False,False,,,
original_unbounded,unbounded,simulation,heteropca,0.6029542755153482,0.05057351077157477,0.03901346181062489,0.008723675264614929,20.0,20.0,,2000.0,1.0,,,,converged,True,False,False,,,
original_unbounded,unbounded,simulation,heteropca,0.7271077167244768,0.0513292351260811,0.04998110828646272,0.011176115571930866,20.0,20.0,,2000.0,1.0,,,,converged,True,False,False,,,
original_unbounded,unbounded,simulation,heteropca,0.8768254131184519,0.05265725731903483,0.04590297914015754,0.010264218172714713,20.0,20.0,,2000.0,1.0,,,,converged,True,False,False,,,
original_unbounded,unbounded,simulation,heteropca,1.057371263440564,0.045084944792955155,0.04878890026750298,0.010909529754559433,20.0,20.0,,2000.0,1.0,,,,converged,True,False,False,,,
original_unbounded,unbounded,simulation,heteropca,1.2750930481971074,0.03933014143976445,0.03319447165778642,0.007422509510400056,20.0,20.0,,2000.0,1.0,,,,converged,True,False,False,,,
original_unbounded,unbounded,simulation,heteropca,1.537645610180688,0.04928940888619473,0.05047765864452304,0.01128714760741834,20.0,20.0,,2000.0,1.0,,,,converged,True,False,False,,,
original_unbounded,unbounded,simulation,heteropca,1.8542599897717045,0.0490808557695601,0.05614637937151981,0.012554712096521021,20.0,20.0,,2000.0,1.0,,,,converged,True,False,False,,,
original_unbounded,unbounded,simulation,heteropca,2.23606797749979,0.0812255211192339,0.14442066306825885,0.03229344199762201,20.0,20.0,,2000.0,1.0,,,,converged,True,False,False,,,
original_unbounded,unbounded,simulation,heteropca,2.696493494752912,0.09693762306118983,0.15642152995132094,0.034976917411567304,20.0,20.0,,2000.0,1.0,,,,converged,True,False,False,,,
original_unbounded,unbounded,simulation,heteropca,3.251724563121181,0.2461969301399579,0.2995520507060767,0.06698187481782514,20.0,20.0,,2000.0,1.0,,,,converged,True,False,False,,,
original_unbounded,unbounded,simulation,heteropca,3.9212824562643886,0.3736897433116029,0.35302221046189614,0.07893816601600372,20.0,20.0,,2000.0,1.0,,,,converged,True,False,False,,,
original_unbounded,unbounded,simulation,heteropca,4.728708045015879,0.4831703122200909,0.37873829307114826,0.08468845689893252,20.0,20.0,,2000.0,1.0,,,,converged,True,False,False,,,
original_unbounded,unbounded,simulation,heteropca,5.702389466812296,0.5780647846696849,0.36913171983921345,0.0825403618211889,20.0,20.0,,2000.0,1.0,,,,converged,True,False,False,,,
original_unbounded,unbounded,simulation,heteropca,6.876560219336321,0.685836392122229,0.3351712902815856,0.074946578917594,20.0,20.0,,2000.0,1.0,,,,converged,True,False,False,,,
original_unbounded,unbounded,simulation,heteropca,8.29250277017519,0.7935524184699638,0.2659977805600058,0.059478911919624504,20.0,20.0,,2000.0,1.0,,,,converged,True,False,False,,,
original_unbounded,unbounded,simulation,heteropca,10.0,0.8538713841302575,0.19933091224048463,0.04457174697867685,20.0,20.0,,2000.0,1.0,,,,converged,True,False,False,,,
original_unbounded,unbounded,simulation,pca,0.5,0.0228716276820064,0.0190358826200189,0.0042565527550069,20.0,,,2000.0,1.0,,,,all_seeds,True,False,False,,,
original_unbounded,unbounded,simulation,pca,0.6029542755153482,0.0391025998779618,0.0288344409244725,0.0064475770000322,20.0,,,2000.0,1.0,,,,all_seeds,True,False,False,,,
original_unbounded,unbounded,simulation,pca,0.7271077167244768,0.0274765945653631,0.020693566416147,0.0046272221203411,20.0,,,2000.0,1.0,,,,all_seeds,True,False,False,,,
original_unbounded,unbounded,simulation,pca,0.8768254131184519,0.0364644873048069,0.0246042203179667,0.0055016709164355,20.0,,,2000.0,1.0,,,,all_seeds,True,False,False,,,
original_unbounded,unbounded,simulation,pca,1.057371263440564,0.0313241978601973,0.026665005186441,0.0059624764217266,20.0,,,2000.0,1.0,,,,all_seeds,True,False,False,,,
original_unbounded,unbounded,simulation,pca,1.2750930481971074,0.0286177649352083,0.0216121336999217,0.0048326200091839,20.0,,,2000.0,1.0,,,,all_seeds,True,False,False,,,
original_unbounded,unbounded,simulation,pca,1.537645610180688,0.028454052143182,0.0209776155325115,0.0046907374336551,20.0,,,2000.0,1.0,,,,all_seeds,True,False,False,,,
original_unbounded,unbounded,simulation,pca,1.8542599897717045,0.0303617458517638,0.0263658202285111,0.005895576631349,20.0,,,2000.0,1.0,,,,all_seeds,True,False,False,,,
original_unbounded,unbounded,simulation,pca,2.23606797749979,0.0287530361533908,0.0249286555591233,0.0055742168417877,20.0,,,2000.0,1.0,,,,all_seeds,True,False,False,,,
original_unbounded,unbounded,simulation,pca,2.696493494752912,0.0326660010756291,0.0233328737624711,0.0052173891843306,20.0,,,2000.0,1.0,,,,all_seeds,True,False,False,,,
original_unbounded,unbounded,simulation,pca,3.251724563121181,0.0313679821835081,0.0251175241626113,0.0056164491454092,20.0,,,2000.0,1.0,,,,all_seeds,True,False,False,,,
original_unbounded,unbounded,simulation,pca,3.9212824562643886,0.0292010512221518,0.0230928053979036,0.0051637082660886,20.0,,,2000.0,1.0,,,,all_seeds,True,False,False,,,
original_unbounded,unbounded,simulation,pca,4.728708045015879,0.0328156861998282,0.0227921986237631,0.0050964905479411,20.0,,,2000.0,1.0,,,,all_seeds,True,False,False,,,
original_unbounded,unbounded,simulation,pca,5.702389466812296,0.0318096851963421,0.0215457379936893,0.0048177734779289,20.0,,,2000.0,1.0,,,,all_seeds,True,False,False,,,
original_unbounded,unbounded,simulation,pca,6.876560219336321,0.0290761349884963,0.021151105615947,0.0047295309956535,20.0,,,2000.0,1.0,,,,all_seeds,True,False,False,,,
original_unbounded,unbounded,simulation,pca,8.29250277017519,0.0295819289771207,0.0233584563014318,0.0052231096139459,20.0,,,2000.0,1.0,,,,all_seeds,True,False,False,,,
original_unbounded,unbounded,simulation,pca,10.0,0.0275377080067855,0.0212472672782723,0.0047510333970323,20.0,,,2000.0,1.0,,,,all_seeds,True,False,False,,,
original_unbounded,unbounded,theory,bayes,0.3,0.00022390727745295817,,,,,,,1.0,,,,converged,True,False,False,archived; original quadrature not changed by this export,,
original_unbounded,unbounded,theory,bayes,0.3111157347726084,0.0002318710480902897,,,,,,,1.0,,,,converged,True,False,False,archived; original quadrature not changed by this export,,
original_unbounded,unbounded,theory,bayes,0.3226433347436668,0.00022601549437912283,,,,,,,1.0,,,,converged,True,False,False,archived; original quadrature not changed by this export,,
original_unbounded,unbounded,theory,bayes,0.3345980605275352,0.00023753491237371084,,,,,,,1.0,,,,converged,True,False,False,archived; original quadrature not changed by this export,,
original_unbounded,unbounded,theory,bayes,0.34699573818171275,0.0002358717478998907,,,,,,,1.0,,,,converged,True,False,False,archived; original quadrature not changed by this export,,
original_unbounded,unbounded,theory,bayes,0.3598527801578908,0.00023674472612521757,,,,,,,1.0,,,,converged,True,False,False,archived; original quadrature not changed by this export,,
original_unbounded,unbounded,theory,bayes,0.3731862070292938,0.00024029699430368431,,,,,,,1.0,,,,converged,True,False,False,archived; original quadrature not changed by this export,,
original_unbounded,unbounded,theory,bayes,0.3870136700230717,0.000246770179877097,,,,,,,1.0,,,,converged,True,False,False,archived; original quadrature not changed by this export,,
original_unbounded,unbounded,theory,bayes,0.4013534743875726,0.0002565260752871073,,,,,,,1.0,,,,converged,True,False,False,archived; original quadrature not changed by this export,,
original_unbounded,unbounded,theory,bayes,0.41622460362542973,0.00025566191265268673,,,,,,,1.0,,,,converged,True,False,False,archived; original quadrature not changed by this export,,
original_unbounded,unbounded,theory,bayes,0.4316467446245443,0.00025922138290021074,,,,,,,1.0,,,,converged,True,False,False,archived; original quadrature not changed by this export,,
original_unbounded,unbounded,theory,bayes,0.44764031372023194,0.0002675895353155969,,,,,,,1.0,,,,converged,True,False,False,archived; original quadrature not changed by this export,,
original_unbounded,unbounded,theory,bayes,0.4642264837230364,0.00026806421905465,,,,,,,1.0,,,,converged,True,False,False,archived; original quadrature not changed by this export,,
original_unbounded,unbounded,theory,bayes,0.48142721194798943,0.0002750272477062869,,,,,,,1.0,,,,converged,True,False,False,archived; original quadrature not changed by this export,,
original_unbounded,unbounded,theory,bayes,0.4992652692824235,0.00028928562004965015,,,,,,,1.0,,,,converged,True,False,False,archived; original quadrature not changed by this export,,
original_unbounded,unbounded,theory,bayes,0.517764270330818,0.0002994586639953385,,,,,,,1.0,,,,converged,True,False,False,archived; original quadrature not changed by this export,,
original_unbounded,unbounded,theory,bayes,0.5369487046765863,0.0003076183860961735,,,,,,,1.0,,,,converged,True,False,False,archived; original quadrature not changed by this export,,
original_unbounded,unbounded,theory,bayes,0.5568439693021884,0.00031635509001121554,,,,,,,1.0,,,,converged,True,False,False,archived; original quadrature not changed by this export,,
original_unbounded,unbounded,theory,bayes,0.5774764022104871,0.00032875360276624874,,,,,,,1.0,,,,converged,True,False,False,archived; original quadrature not changed by this export,,
original_unbounded,unbounded,theory,bayes,0.5988733172918602,0.0003486411736402141,,,,,,,1.0,,,,converged,True,False,False,archived; original quadrature not changed by this export,,
original_unbounded,unbounded,theory,bayes,0.6210630404832219,0.0003596719329742209,,,,,,,1.0,,,,converged,True,False,False,archived; original quadrature not changed by this export,,
original_unbounded,unbounded,theory,bayes,0.6440749472668262,0.000381048841615551,,,,,,,1.0,,,,converged,True,False,False,archived; original quadrature not changed by this export,,
original_unbounded,unbounded,theory,bayes,0.6679395015584924,0.0004038978583048421,,,,,,,1.0,,,,converged,True,False,False,archived; original quadrature not changed by this export,,
original_unbounded,unbounded,theory,bayes,0.692688296036734,0.0004367277413419872,,,,,,,1.0,,,,converged,True,False,False,archived; original quadrature not changed by this export,,
original_unbounded,unbounded,theory,bayes,0.718354093966182,0.0004730732898494645,,,,,,,1.0,,,,converged,True,False,False,archived; original quadrature not changed by this export,,
original_unbounded,unbounded,theory,bayes,0.7449708725706671,0.0005244207318301715,,,,,,,1.0,,,,converged,True,False,False,archived; original quadrature not changed by this export,,
original_unbounded,unbounded,theory,bayes,0.7725738680133811,0.0005975118091064022,,,,,,,1.0,,,,converged,True,False,False,archived; original quadrature not changed by this export,,
original_unbounded,unbounded,theory,bayes,0.8011996220436644,0.0007197152861150621,,,,,,,1.0,,,,converged,True,False,False,archived; original quadrature not changed by this export,,
original_unbounded,unbounded,theory,bayes,0.8308860303721695,0.0009820244603835312,,,,,,,1.0,,,,converged,True,False,False,archived; original quadrature not changed by this export,,
original_unbounded,unbounded,theory,bayes,0.8616723928384445,0.0027248466729726303,,,,,,,1.0,,,,converged,True,False,False,archived; original quadrature not changed by this export,,
original_unbounded,unbounded,theory,bayes,0.8935994654373478,0.11996523809936374,,,,,,,1.0,,,,converged,True,False,False,archived; original quadrature not changed by this export,,
original_unbounded,unbounded,theory,bayes,0.9267095142731687,0.17693667356528597,,,,,,,1.0,,,,converged,True,False,False,archived; original quadrature not changed by this export,,
original_unbounded,unbounded,theory,bayes,0.9610463715128799,0.2196145178510724,,,,,,,1.0,,,,converged,True,False,False,archived; original quadrature not changed by this export,,
original_unbounded,unbounded,theory,bayes,0.9966554934125963,0.25525135207315125,,,,,,,1.0,,,,converged,True,False,False,archived; original quadrature not changed by this export,,
original_unbounded,unbounded,theory,bayes,1.033584020494055,0.286468459546418,,,,,,,1.0,,,,converged,True,False,False,archived; original quadrature not changed by this export,,
original_unbounded,unbounded,theory,bayes,1.0718808399507824,0.31456753361585726,,,,,,,1.0,,,,converged,True,False,False,archived; original quadrature not changed by this export,,
original_unbounded,unbounded,theory,bayes,1.1115966503665613,0.3403063469850508,,,,,,,1.0,,,,converged,True,False,False,archived; original quadrature not changed by this export,,
original_unbounded,unbounded,theory,bayes,1.152784028831877,0.3641713546825005,,,,,,,1.0,,,,converged,True,False,False,archived; original quadrature not changed by this export,,
original_unbounded,unbounded,theory,bayes,1.1954975005471906,0.38649645853893605,,,,,,,1.0,,,,converged,True,False,False,archived; original quadrature not changed by this export,,
original_unbounded,unbounded,theory,bayes,1.2397936110051868,0.40752232541578814,,,,,,,1.0,,,,converged,True,False,False,archived; original quadrature not changed by this export,,
original_unbounded,unbounded,theory,bayes,1.2857310008475475,0.427429008373844,,,,,,,1.0,,,,converged,True,False,False,archived; original quadrature not changed by this export,,
original_unbounded,unbounded,theory,bayes,1.3333704834953533,0.44635527031597233,,,,,,,1.0,,,,converged,True,False,False,archived; original quadrature not changed by this export,,
original_unbounded,unbounded,theory,bayes,1.3827751256558836,0.4644106224640989,,,,,,,1.0,,,,converged,True,False,False,archived; original quadrature not changed by this export,,
original_unbounded,unbounded,theory,bayes,1.4340103308123873,0.48168326492127095,,,,,,,1.0,,,,converged,True,False,False,archived; original quadrature not changed by this export,,
original_unbounded,unbounded,theory,bayes,1.4871439258073573,0.4982454346221324,,,,,,,1.0,,,,converged,True,False,False,archived; original quadrature not changed by this export,,
original_unbounded,unbounded,theory,bayes,1.542246250633925,0.514157157362227,,,,,,,1.0,,,,converged,True,False,False,archived; original quadrature not changed by this export,,
original_unbounded,unbounded,theory,bayes,1.5993902515542469,0.5294689673339051,,,,,,,1.0,,,,converged,True,False,False,archived; original quadrature not changed by this export,,
original_unbounded,unbounded,theory,bayes,1.6586515776681552,0.544223886941035,,,,,,,1.0,,,,converged,True,False,False,archived; original quadrature not changed by this export,,
original_unbounded,unbounded,theory,bayes,1.7201086810599147,0.5584589180316155,,,,,,,1.0,,,,converged,True,False,False,archived; original quadrature not changed by this export,,
original_unbounded,unbounded,theory,bayes,1.7838429206556587,0.5722061794164498,,,,,,,1.0,,,,converged,True,False,False,archived; original quadrature not changed by this export,,
original_unbounded,unbounded,theory,bayes,1.8499386699290037,0.5854937812017791,,,,,,,1.0,,,,converged,True,False,False,archived; original quadrature not changed by this export,,
original_unbounded,unbounded,theory,bayes,1.9184834285974133,0.5983465372761121,,,,,,,1.0,,,,converged,True,False,False,archived; original quadrature not changed by this export,,
original_unbounded,unbounded,theory,bayes,1.9895679384571912,0.6107864868508367,,,,,,,1.0,,,,converged,True,False,False,archived; original quadrature not changed by this export,,
original_unbounded,unbounded,theory,bayes,2.063286303510443,0.6228333559764663,,,,,,,1.0,,,,converged,True,False,False,archived; original quadrature not changed by this export,,
original_unbounded,unbounded,theory,bayes,2.1397361145430356,0.6345049151447196,,,,,,,1.0,,,,converged,True,False,False,archived; original quadrature not changed by this export,,
original_unbounded,unbounded,theory,bayes,2.219018578318476,0.6458172573263341,,,,,,,1.0,,,,converged,True,False,False,archived; original quadrature not changed by this export,,
original_unbounded,unbounded,theory,bayes,2.301238651558739,0.656785033117613,,,,,,,1.0,,,,converged,True,False,False,archived; original quadrature not changed by this export,,
original_unbounded,unbounded,theory,bayes,2.386505179889413,0.6674216889700575,,,,,,,1.0,,,,converged,True,False,False,archived; original quadrature not changed by this export,,
original_unbounded,unbounded,theory,bayes,2.4749310419331025,0.6777395885221206,,,,,,,1.0,,,,converged,True,False,False,archived; original quadrature not changed by this export,,
original_unbounded,unbounded,theory,bayes,2.566633298741848,0.6877501783071492,,,,,,,1.0,,,,converged,True,False,False,archived; original quadrature not changed by this export,,
original_unbounded,unbounded,theory,bayes,2.6617333487663797,0.6974641054268507,,,,,,,1.0,,,,converged,True,False,False,archived; original quadrature not changed by this export,,
original_unbounded,unbounded,theory,bayes,2.7603570885673596,0.7068912929871269,,,,,,,1.0,,,,converged,True,False,False,archived; original quadrature not changed by this export,,
original_unbounded,unbounded,theory,bayes,2.862635079481375,0.71604106802167,,,,,,,1.0,,,,converged,True,False,False,archived; original quadrature not changed by this export,,
original_unbounded,unbounded,theory,bayes,2.9687027204623075,0.7249221914922833,,,,,,,1.0,,,,converged,True,False,False,archived; original quadrature not changed by this export,,
original_unbounded,unbounded,theory,bayes,3.0787004273269085,0.7335429450884884,,,,,,,1.0,,,,converged,True,False,False,archived; original quadrature not changed by this export,,
original_unbounded,unbounded,theory,bayes,3.1927738186418493,0.7419111785286755,,,,,,,1.0,,,,converged,True,False,False,archived; original quadrature not changed by this export,,
original_unbounded,unbounded,theory,bayes,3.311073908498353,0.7500343612855587,,,,,,,1.0,,,,converged,True,False,False,archived; original quadrature not changed by this export,,
original_unbounded,unbounded,theory,bayes,3.433757306429592,0.757919600482182,,,,,,,1.0,,,,converged,True,False,False,archived; original quadrature not changed by this export,,
original_unbounded,unbounded,theory,bayes,3.560986424735518,0.7655737081049625,,,,,,,1.0,,,,converged,True,False,False,archived; original quadrature not changed by this export,,
original_unbounded,unbounded,theory,bayes,3.692929693489582,0.773003214959545,,,,,,,1.0,,,,converged,True,False,False,archived; original quadrature not changed by this export,,
original_unbounded,unbounded,theory,bayes,3.8297617835119837,0.7802143851545688,,,,,,,1.0,,,,converged,True,False,False,archived; original quadrature not changed by this export,,
original_unbounded,unbounded,theory,bayes,3.9716638376046207,0.787213250824389,,,,,,,1.0,,,,converged,True,False,False,archived; original quadrature not changed by this export,,
original_unbounded,unbounded,theory,bayes,4.1188237103538645,0.7940056461398716,,,,,,,1.0,,,,converged,True,False,False,archived; original quadrature not changed by this export,,
original_unbounded,unbounded,theory,bayes,4.271436216818614,0.8005971939290764,,,,,,,1.0,,,,converged,True,False,False,archived; original quadrature not changed by this export,,
original_unbounded,unbounded,theory,bayes,4.429703390432846,0.8069933414429915,,,,,,,1.0,,,,converged,True,False,False,archived; original quadrature not changed by this export,,
original_unbounded,unbounded,theory,bayes,4.593834750464097,0.8131993682139389,,,,,,,1.0,,,,converged,True,False,False,archived; original quadrature not changed by this export,,
original_unbounded,unbounded,theory,bayes,4.764047579381933,0.8192203975596687,,,,,,,1.0,,,,converged,True,False,False,archived; original quadrature not changed by this export,,
original_unbounded,unbounded,theory,bayes,4.94056721050359,0.8250614066636746,,,,,,,1.0,,,,converged,True,False,False,archived; original quadrature not changed by this export,,
original_unbounded,unbounded,theory,bayes,5.123627326297603,0.8307272354180905,,,,,,,1.0,,,,converged,True,False,False,archived; original quadrature not changed by this export,,
original_unbounded,unbounded,theory,bayes,5.313470267740314,0.836222598496349,,,,,,,1.0,,,,converged,True,False,False,archived; original quadrature not changed by this export,,
original_unbounded,unbounded,theory,bayes,5.510347355134788,0.8415520750568595,,,,,,,1.0,,,,converged,True,False,False,archived; original quadrature not changed by this export,,
original_unbounded,unbounded,theory,bayes,5.714519220816864,0.8467201403463848,,,,,,,1.0,,,,converged,True,False,False,archived; original quadrature not changed by this export,,
original_unbounded,unbounded,theory,bayes,5.926256154188775,0.8517311579050504,,,,,,,1.0,,,,converged,True,False,False,archived; original quadrature not changed by this export,,
original_unbounded,unbounded,theory,bayes,6.145838459537112,0.8565893730641044,,,,,,,1.0,,,,converged,True,False,False,archived; original quadrature not changed by this export,,
original_unbounded,unbounded,theory,bayes,6.373556827108816,0.8612989400571165,,,,,,,1.0,,,,converged,True,False,False,archived; original quadrature not changed by this export,,
original_unbounded,unbounded,theory,bayes,6.609712717936447,0.8658639142921625,,,,,,,1.0,,,,converged,True,False,False,archived; original quadrature not changed by this export,,
original_unbounded,unbounded,theory,bayes,6.8546187629221755,0.8702882446743222,,,,,,,1.0,,,,converged,True,False,False,archived; original quadrature not changed by this export,,
original_unbounded,unbounded,theory,bayes,7.108599176708804,0.8745758018791655,,,,,,,1.0,,,,converged,True,False,False,archived; original quadrature not changed by this export,,
original_unbounded,unbounded,theory,bayes,7.37199018688573,0.8787303528606024,,,,,,,1.0,,,,converged,True,False,False,archived; original quadrature not changed by this export,,
original_unbounded,unbounded,theory,bayes,7.6451404790980435,0.8827555905073954,,,,,,,1.0,,,,converged,True,False,False,archived; original quadrature not changed by this export,,
original_unbounded,unbounded,theory,bayes,7.928411658647999,0.8866551093000105,,,,,,,1.0,,,,converged,True,False,False,archived; original quadrature not changed by this export,,
original_unbounded,unbounded,theory,bayes,8.222178729199959,0.8904324332338283,,,,,,,1.0,,,,converged,True,False,False,archived; original quadrature not changed by this export,,
original_unbounded,unbounded,theory,bayes,8.526830589222524,0.8940909921782989,,,,,,,1.0,,,,converged,True,False,False,archived; original quadrature not changed by this export,,
original_unbounded,unbounded,theory,bayes,8.842770546825065,0.897634148698305,,,,,,,1.0,,,,converged,True,False,False,archived; original quadrature not changed by this export,,
original_unbounded,unbounded,theory,bayes,9.170416853670202,0.9010651776782609,,,,,,,1.0,,,,converged,True,False,False,archived; original quadrature not changed by this export,,
original_unbounded,unbounded,theory,bayes,9.510203258669058,0.9043872778618556,,,,,,,1.0,,,,converged,True,False,False,archived; original quadrature not changed by this export,,
original_unbounded,unbounded,theory,bayes,9.862579582192264,0.9076035809051554,,,,,,,1.0,,,,converged,True,False,False,archived; original quadrature not changed by this export,,
original_unbounded,unbounded,theory,bayes,10.2280123115569,0.9107171332113025,,,,,,,1.0,,,,converged,True,False,False,archived; original quadrature not changed by this export,,
original_unbounded,unbounded,theory,bayes,10.606985218577703,0.9137309197769568,,,,,,,1.0,,,,converged,True,False,False,archived; original quadrature not changed by this export,,
original_unbounded,unbounded,theory,bayes,11.0,0.9166478454521686,,,,,,,1.0,,,,converged,True,False,False,archived; original quadrature not changed by this export,,
original_unbounded,unbounded,theory,dynamic,0.3,2.548327216548243e-07,,,,,,,1.0,0.75,,,converged,True,False,False,archived; original quadrature not changed by this export,,
original_unbounded,unbounded,theory,dynamic,0.3111157347726084,2.622410231361396e-07,,,,,,,1.0,0.75,,,converged,True,False,False,archived; original quadrature not changed by this export,,
original_unbounded,unbounded,theory,dynamic,0.3226433347436668,2.734930227988933e-07,,,,,,,1.0,0.75,,,converged,True,False,False,archived; original quadrature not changed by this export,,
original_unbounded,unbounded,theory,dynamic,0.3345980605275352,2.7643768752458787e-07,,,,,,,1.0,0.75,,,converged,True,False,False,archived; original quadrature not changed by this export,,
original_unbounded,unbounded,theory,dynamic,0.34699573818171275,2.9025331805226544e-07,,,,,,,1.0,0.75,,,converged,True,False,False,archived; original quadrature not changed by this export,,
original_unbounded,unbounded,theory,dynamic,0.3598527801578908,2.9651568474441514e-07,,,,,,,1.0,0.75,,,converged,True,False,False,archived; original quadrature not changed by this export,,
original_unbounded,unbounded,theory,dynamic,0.3731862070292938,3.0840371082867535e-07,,,,,,,1.0,0.75,,,converged,True,False,False,archived; original quadrature not changed by this export,,
original_unbounded,unbounded,theory,dynamic,0.3870136700230717,3.137189238924255e-07,,,,,,,1.0,0.75,,,converged,True,False,False,archived; original quadrature not changed by this export,,
original_unbounded,unbounded,theory,dynamic,0.4013534743875726,3.259309917341674e-07,,,,,,,1.0,0.75,,,converged,True,False,False,archived; original quadrature not changed by this export,,
original_unbounded,unbounded,theory,dynamic,0.41622460362542973,3.3944828127392055e-07,,,,,,,1.0,0.75,,,converged,True,False,False,archived; original quadrature not changed by this export,,
original_unbounded,unbounded,theory,dynamic,0.4316467446245443,3.486684478507846e-07,,,,,,,1.0,0.75,,,converged,True,False,False,archived; original quadrature not changed by this export,,
original_unbounded,unbounded,theory,dynamic,0.44764031372023194,3.6766658196694803e-07,,,,,,,1.0,0.75,,,converged,True,False,False,archived; original quadrature not changed by this export,,
original_unbounded,unbounded,theory,dynamic,0.4642264837230364,3.806871680858274e-07,,,,,,,1.0,0.75,,,converged,True,False,False,archived; original quadrature not changed by this export,,
original_unbounded,unbounded,theory,dynamic,0.48142721194798943,3.9827083768018297e-07,,,,,,,1.0,0.75,,,converged,True,False,False,archived; original quadrature not changed by this export,,
original_unbounded,unbounded,theory,dynamic,0.4992652692824235,4.1873271559802103e-07,,,,,,,1.0,0.75,,,converged,True,False,False,archived; original quadrature not changed by this export,,
original_unbounded,unbounded,theory,dynamic,0.517764270330818,4.339259251954669e-07,,,,,,,1.0,0.75,,,converged,True,False,False,archived; original quadrature not changed by this export,,
original_unbounded,unbounded,theory,dynamic,0.5369487046765863,4.582317269081023e-07,,,,,,,1.0,0.75,,,converged,True,False,False,archived; original quadrature not changed by this export,,
original_unbounded,unbounded,theory,dynamic,0.5568439693021884,4.856759765391269e-07,,,,,,,1.0,0.75,,,converged,True,False,False,archived; original quadrature not changed by this export,,
original_unbounded,unbounded,theory,dynamic,0.5774764022104871,5.085027954017983e-07,,,,,,,1.0,0.75,,,converged,True,False,False,archived; original quadrature not changed by this export,,
original_unbounded,unbounded,theory,dynamic,0.5988733172918602,5.395553148334641e-07,,,,,,,1.0,0.75,,,converged,True,False,False,archived; original quadrature not changed by this export,,
original_unbounded,unbounded,theory,dynamic,0.6210630404832219,5.788881530114521e-07,,,,,,,1.0,0.75,,,converged,True,False,False,archived; original quadrature not changed by this export,,
original_unbounded,unbounded,theory,dynamic,0.6440749472668262,6.140335966665254e-07,,,,,,,1.0,0.75,,,converged,True,False,False,archived; original quadrature not changed by this export,,
original_unbounded,unbounded,theory,dynamic,0.6679395015584924,6.626294415802579e-07,,,,,,,1.0,0.75,,,converged,True,False,False,archived; original quadrature not changed by this export,,
original_unbounded,unbounded,theory,dynamic,0.692688296036734,7.177171388944752e-07,,,,,,,1.0,0.75,,,converged,True,False,False,archived; original quadrature not changed by this export,,
original_unbounded,unbounded,theory,dynamic,0.718354093966182,7.84148355773676e-07,,,,,,,1.0,0.75,,,converged,True,False,False,archived; original quadrature not changed by this export,,
original_unbounded,unbounded,theory,dynamic,0.7449708725706671,8.598722938109794e-07,,,,,,,1.0,0.75,,,converged,True,False,False,archived; original quadrature not changed by this export,,
original_unbounded,unbounded,theory,dynamic,0.7725738680133811,9.5427146267195e-07,,,,,,,1.0,0.75,,,converged,True,False,False,archived; original quadrature not changed by this export,,
original_unbounded,unbounded,theory,dynamic,0.8011996220436644,1.073763226970976e-06,,,,,,,1.0,0.75,,,converged,True,False,False,archived; original quadrature not changed by this export,,
original_unbounded,unbounded,theory,dynamic,0.8308860303721695,1.227543946072573e-06,,,,,,,1.0,0.75,,,converged,True,False,False,archived; original quadrature not changed by this export,,
original_unbounded,unbounded,theory,dynamic,0.8616723928384445,1.4392346504185527e-06,,,,,,,1.0,0.75,,,converged,True,False,False,archived; original quadrature not changed by this export,,
original_unbounded,unbounded,theory,dynamic,0.8935994654373478,1.7231436561954213e-06,,,,,,,1.0,0.75,,,converged,True,False,False,archived; original quadrature not changed by this export,,
original_unbounded,unbounded,theory,dynamic,0.9267095142731687,2.160773810599876e-06,,,,,,,1.0,0.75,,,converged,True,False,False,archived; original quadrature not changed by this export,,
original_unbounded,unbounded,theory,dynamic,0.9610463715128799,2.896036784998868e-06,,,,,,,1.0,0.75,,,converged,True,False,False,archived; original quadrature not changed by this export,,
original_unbounded,unbounded,theory,dynamic,0.9966554934125963,4.391195743985261e-06,,,,,,,1.0,0.75,,,converged,True,False,False,archived; original quadrature not changed by this export,,
original_unbounded,unbounded,theory,dynamic,1.033584020494055,9.079877149804026e-06,,,,,,,1.0,0.75,,,converged,True,False,False,archived; original quadrature not changed by this export,,
original_unbounded,unbounded,theory,dynamic,1.0718808399507824,0.0381610223206437,,,,,,,1.0,0.75,,,converged,True,False,False,archived; original quadrature not changed by this export,,
original_unbounded,unbounded,theory,dynamic,1.1115966503665613,0.1533640126093065,,,,,,,1.0,0.75,,,converged,True,False,False,archived; original quadrature not changed by this export,,
original_unbounded,unbounded,theory,dynamic,1.152784028831877,0.2127841832513077,,,,,,,1.0,0.75,,,converged,True,False,False,archived; original quadrature not changed by this export,,
original_unbounded,unbounded,theory,dynamic,1.1954975005471906,0.2583334824678989,,,,,,,1.0,0.75,,,converged,True,False,False,archived; original quadrature not changed by this export,,
original_unbounded,unbounded,theory,dynamic,1.2397936110051868,0.29648320903396813,,,,,,,1.0,0.75,,,converged,True,False,False,archived; original quadrature not changed by this export,,
original_unbounded,unbounded,theory,dynamic,1.2857310008475475,0.32981581560160234,,,,,,,1.0,0.75,,,converged,True,False,False,archived; original quadrature not changed by this export,,
original_unbounded,unbounded,theory,dynamic,1.3333704834953533,0.35967571063764475,,,,,,,1.0,0.75,,,converged,True,False,False,archived; original quadrature not changed by this export,,
original_unbounded,unbounded,theory,dynamic,1.3827751256558836,0.3868690800462896,,,,,,,1.0,0.75,,,converged,True,False,False,archived; original quadrature not changed by this export,,
original_unbounded,unbounded,theory,dynamic,1.4340103308123873,0.4119246179194316,,,,,,,1.0,0.75,,,converged,True,False,False,archived; original quadrature not changed by this export,,
original_unbounded,unbounded,theory,dynamic,1.4871439258073573,0.4352112823697741,,,,,,,1.0,0.75,,,converged,True,False,False,archived; original quadrature not changed by this export,,
original_unbounded,unbounded,theory,dynamic,1.542246250633925,0.45699864614597935,,,,,,,1.0,0.75,,,converged,True,False,False,archived; original quadrature not changed by this export,,
original_unbounded,unbounded,theory,dynamic,1.5993902515542469,0.4774907647658282,,,,,,,1.0,0.75,,,converged,True,False,False,archived; original quadrature not changed by this export,,
original_unbounded,unbounded,theory,dynamic,1.6586515776681552,0.4968465143757179,,,,,,,1.0,0.75,,,converged,True,False,False,archived; original quadrature not changed by this export,,
original_unbounded,unbounded,theory,dynamic,1.7201086810599147,0.5151924715206301,,,,,,,1.0,0.75,,,converged,True,False,False,archived; original quadrature not changed by this export,,
original_unbounded,unbounded,theory,dynamic,1.7838429206556587,0.532631450148277,,,,,,,1.0,0.75,,,converged,True,False,False,archived; original quadrature not changed by this export,,
original_unbounded,unbounded,theory,dynamic,1.8499386699290037,0.5492483344721865,,,,,,,1.0,0.75,,,converged,True,False,False,archived; original quadrature not changed by this export,,
original_unbounded,unbounded,theory,dynamic,1.9184834285974133,0.5651142161703019,,,,,,,1.0,0.75,,,converged,True,False,False,archived; original quadrature not changed by this export,,
original_unbounded,unbounded,theory,dynamic,1.9895679384571912,0.5802893673285748,,,,,,,1.0,0.75,,,converged,True,False,False,archived; original quadrature not changed by this export,,
original_unbounded,unbounded,theory,dynamic,2.063286303510443,0.5948254664878848,,,,,,,1.0,0.75,,,converged,True,False,False,archived; original quadrature not changed by this export,,
original_unbounded,unbounded,theory,dynamic,2.1397361145430356,0.608767252661271,,,,,,,1.0,0.75,,,converged,True,False,False,archived; original quadrature not changed by this export,,
original_unbounded,unbounded,theory,dynamic,2.219018578318476,0.622153813076455,,,,,,,1.0,0.75,,,converged,True,False,False,archived; original quadrature not changed by this export,,
original_unbounded,unbounded,theory,dynamic,2.301238651558739,0.6350195716216498,,,,,,,1.0,0.75,,,converged,True,False,False,archived; original quadrature not changed by this export,,
original_unbounded,unbounded,theory,dynamic,2.386505179889413,0.6473950760915835,,,,,,,1.0,0.75,,,converged,True,False,False,archived; original quadrature not changed by this export,,
original_unbounded,unbounded,theory,dynamic,2.4749310419331025,0.6593076227308619,,,,,,,1.0,0.75,,,converged,True,False,False,archived; original quadrature not changed by this export,,
original_unbounded,unbounded,theory,dynamic,2.566633298741848,0.6707817507728551,,,,,,,1.0,0.75,,,converged,True,False,False,archived; original quadrature not changed by this export,,
original_unbounded,unbounded,theory,dynamic,2.6617333487663797,0.6818396632933472,,,,,,,1.0,0.75,,,converged,True,False,False,archived; original quadrature not changed by this export,,
original_unbounded,unbounded,theory,dynamic,2.7603570885673596,0.6925015518391269,,,,,,,1.0,0.75,,,converged,True,False,False,archived; original quadrature not changed by this export,,
original_unbounded,unbounded,theory,dynamic,2.862635079481375,0.7027858791140428,,,,,,,1.0,0.75,,,converged,True,False,False,archived; original quadrature not changed by this export,,
original_unbounded,unbounded,theory,dynamic,2.9687027204623075,0.7127096068263701,,,,,,,1.0,0.75,,,converged,True,False,False,archived; original quadrature not changed by this export,,
original_unbounded,unbounded,theory,dynamic,3.0787004273269085,0.7222883902156306,,,,,,,1.0,0.75,,,converged,True,False,False,archived; original quadrature not changed by this export,,
original_unbounded,unbounded,theory,dynamic,3.1927738186418493,0.7315367311720987,,,,,,,1.0,0.75,,,converged,True,False,False,archived; original quadrature not changed by this export,,
original_unbounded,unbounded,theory,dynamic,3.311073908498353,0.7404681281073808,,,,,,,1.0,0.75,,,converged,True,False,False,archived; original quadrature not changed by this export,,
original_unbounded,unbounded,theory,dynamic,3.433757306429592,0.7490951814288234,,,,,,,1.0,0.75,,,converged,True,False,False,archived; original quadrature not changed by this export,,
original_unbounded,unbounded,theory,dynamic,3.560986424735518,0.7574297039003206,,,,,,,1.0,0.75,,,converged,True,False,False,archived; original quadrature not changed by this export,,
original_unbounded,unbounded,theory,dynamic,3.692929693489582,0.7654827901554324,,,,,,,1.0,0.75,,,converged,True,False,False,archived; original quadrature not changed by this export,,
original_unbounded,unbounded,theory,dynamic,3.8297617835119837,0.7732649033396725,,,,,,,1.0,0.75,,,converged,True,False,False,archived; original quadrature not changed by this export,,
original_unbounded,unbounded,theory,dynamic,3.9716638376046207,0.7807859361914625,,,,,,,1.0,0.75,,,converged,True,False,False,archived; original quadrature not changed by this export,,
original_unbounded,unbounded,theory,dynamic,4.1188237103538645,0.7880552613558767,,,,,,,1.0,0.75,,,converged,True,False,False,archived; original quadrature not changed by this export,,
original_unbounded,unbounded,theory,dynamic,4.271436216818614,0.7950817766861011,,,,,,,1.0,0.75,,,converged,True,False,False,archived; original quadrature not changed by this export,,
original_unbounded,unbounded,theory,dynamic,4.429703390432846,0.801873962909422,,,,,,,1.0,0.75,,,converged,True,False,False,archived; original quadrature not changed by this export,,
original_unbounded,unbounded,theory,dynamic,4.593834750464097,0.8084398946240773,,,,,,,1.0,0.75,,,converged,True,False,False,archived; original quadrature not changed by this export,,
original_unbounded,unbounded,theory,dynamic,4.764047579381933,0.8147872976607808,,,,,,,1.0,0.75,,,converged,True,False,False,archived; original quadrature not changed by this export,,
original_unbounded,unbounded,theory,dynamic,4.94056721050359,0.8209235609090099,,,,,,,1.0,0.75,,,converged,True,False,False,archived; original quadrature not changed by this export,,
original_unbounded,unbounded,theory,dynamic,5.123627326297603,0.826855761013384,,,,,,,1.0,0.75,,,converged,True,False,False,archived; original quadrature not changed by this export,,
original_unbounded,unbounded,theory,dynamic,5.313470267740314,0.8325906983481179,,,,,,,1.0,0.75,,,converged,True,False,False,archived; original quadrature not changed by this export,,
original_unbounded,unbounded,theory,dynamic,5.510347355134788,0.8381349000454311,,,,,,,1.0,0.75,,,converged,True,False,False,archived; original quadrature not changed by this export,,
original_unbounded,unbounded,theory,dynamic,5.714519220816864,0.8434946490507044,,,,,,,1.0,0.75,,,converged,True,False,False,archived; original quadrature not changed by this export,,
original_unbounded,unbounded,theory,dynamic,5.926256154188775,0.8486759877542113,,,,,,,1.0,0.75,,,converged,True,False,False,archived; original quadrature not changed by this export,,
original_unbounded,unbounded,theory,dynamic,6.145838459537112,0.853684748340698,,,,,,,1.0,0.75,,,converged,True,False,False,archived; original quadrature not changed by this export,,
original_unbounded,unbounded,theory,dynamic,6.373556827108816,0.858526548662779,,,,,,,1.0,0.75,,,converged,True,False,False,archived; original quadrature not changed by this export,,
original_unbounded,unbounded,theory,dynamic,6.609712717936447,0.8632068128762503,,,,,,,1.0,0.75,,,converged,True,False,False,archived; original quadrature not changed by this export,,
original_unbounded,unbounded,theory,dynamic,6.8546187629221755,0.8677307815517202,,,,,,,1.0,0.75,,,converged,True,False,False,archived; original quadrature not changed by this export,,
original_unbounded,unbounded,theory,dynamic,7.108599176708804,0.8721035113385706,,,,,,,1.0,0.75,,,converged,True,False,False,archived; original quadrature not changed by this export,,
original_unbounded,unbounded,theory,dynamic,7.37199018688573,0.8763298998856626,,,,,,,1.0,0.75,,,converged,True,False,False,archived; original quadrature not changed by this export,,
original_unbounded,unbounded,theory,dynamic,7.6451404790980435,0.8804146768661392,,,,,,,1.0,0.75,,,converged,True,False,False,archived; original quadrature not changed by this export,,
original_unbounded,unbounded,theory,dynamic,7.928411658647999,0.8843624204353537,,,,,,,1.0,0.75,,,converged,True,False,False,archived; original quadrature not changed by this export,,
original_unbounded,unbounded,theory,dynamic,8.222178729199959,0.8881775612517766,,,,,,,1.0,0.75,,,converged,True,False,False,archived; original quadrature not changed by this export,,
original_unbounded,unbounded,theory,dynamic,8.526830589222524,0.8918643883908579,,,,,,,1.0,0.75,,,converged,True,False,False,archived; original quadrature not changed by this export,,
original_unbounded,unbounded,theory,dynamic,8.842770546825065,0.8954270548219159,,,,,,,1.0,0.75,,,converged,True,False,False,archived; original quadrature not changed by this export,,
original_unbounded,unbounded,theory,dynamic,9.170416853670202,0.8988695848990041,,,,,,,1.0,0.75,,,converged,True,False,False,archived; original quadrature not changed by this export,,
original_unbounded,unbounded,theory,dynamic,9.510203258669058,0.902195869567682,,,,,,,1.0,0.75,,,converged,True,False,False,archived; original quadrature not changed by this export,,
original_unbounded,unbounded,theory,dynamic,9.862579582192264,0.9054096874657729,,,,,,,1.0,0.75,,,converged,True,False,False,archived; original quadrature not changed by this export,,
original_unbounded,unbounded,theory,dynamic,10.2280123115569,0.9085146900507581,,,,,,,1.0,0.75,,,converged,True,False,False,archived; original quadrature not changed by this export,,
original_unbounded,unbounded,theory,dynamic,10.606985218577703,0.9115144246590491,,,,,,,1.0,0.75,,,converged,True,False,False,archived; original quadrature not changed by this export,,
original_unbounded,unbounded,theory,dynamic,11.0,0.9144123214093869,,,,,,,1.0,0.75,,,converged,True,False,False,archived; original quadrature not changed by this export,,
original_unbounded,unbounded,theory,full_reconstruction,0.2999999999999999,0.0,,,,,,,1.0,,,,"failed: non-positive coordinate precision somewhere on the actual gamma support: inf=-inf, support=(0.75, inf)",False,True,False,archived; original quadrature not changed by this export,,
original_unbounded,unbounded,theory,full_reconstruction,0.3111157347726084,0.0,,,,,,,1.0,,,,"failed: non-positive coordinate precision somewhere on the actual gamma support: inf=-inf, support=(0.75, inf)",False,True,False,archived; original quadrature not changed by this export,,
original_unbounded,unbounded,theory,full_reconstruction,0.3226433347436668,0.0,,,,,,,1.0,,,,"failed: non-positive coordinate precision somewhere on the actual gamma support: inf=-inf, support=(0.75, inf)",False,True,False,archived; original quadrature not changed by this export,,
original_unbounded,unbounded,theory,full_reconstruction,0.3345980605275352,0.0,,,,,,,1.0,,,,"failed: non-positive coordinate precision somewhere on the actual gamma support: inf=-inf, support=(0.75, inf)",False,True,False,archived; original quadrature not changed by this export,,
original_unbounded,unbounded,theory,full_reconstruction,0.3469957381817127,0.0,,,,,,,1.0,,,,"failed: non-positive coordinate precision somewhere on the actual gamma support: inf=-inf, support=(0.75, inf)",False,True,False,archived; original quadrature not changed by this export,,
original_unbounded,unbounded,theory,full_reconstruction,0.3598527801578908,0.0,,,,,,,1.0,,,,"failed: non-positive coordinate precision somewhere on the actual gamma support: inf=-inf, support=(0.75, inf)",False,True,False,archived; original quadrature not changed by this export,,
original_unbounded,unbounded,theory,full_reconstruction,0.3731862070292938,0.0,,,,,,,1.0,,,,"failed: non-positive coordinate precision somewhere on the actual gamma support: inf=-inf, support=(0.75, inf)",False,True,False,archived; original quadrature not changed by this export,,
original_unbounded,unbounded,theory,full_reconstruction,0.3870136700230717,0.0,,,,,,,1.0,,,,"failed: non-positive coordinate precision somewhere on the actual gamma support: inf=-inf, support=(0.75, inf)",False,True,False,archived; original quadrature not changed by this export,,
original_unbounded,unbounded,theory,full_reconstruction,0.4013534743875726,0.0,,,,,,,1.0,,,,"failed: non-positive coordinate precision somewhere on the actual gamma support: inf=-inf, support=(0.75, inf)",False,True,False,archived; original quadrature not changed by this export,,
original_unbounded,unbounded,theory,full_reconstruction,0.4162246036254297,0.0,,,,,,,1.0,,,,"failed: non-positive coordinate precision somewhere on the actual gamma support: inf=-inf, support=(0.75, inf)",False,True,False,archived; original quadrature not changed by this export,,
original_unbounded,unbounded,theory,full_reconstruction,0.4316467446245443,0.0,,,,,,,1.0,,,,"failed: non-positive coordinate precision somewhere on the actual gamma support: inf=-inf, support=(0.75, inf)",False,True,False,archived; original quadrature not changed by this export,,
original_unbounded,unbounded,theory,full_reconstruction,0.4476403137202319,0.0,,,,,,,1.0,,,,"failed: non-positive coordinate precision somewhere on the actual gamma support: inf=-inf, support=(0.75, inf)",False,True,False,archived; original quadrature not changed by this export,,
original_unbounded,unbounded,theory,full_reconstruction,0.4642264837230364,0.0,,,,,,,1.0,,,,"failed: non-positive coordinate precision somewhere on the actual gamma support: inf=-inf, support=(0.75, inf)",False,True,False,archived; original quadrature not changed by this export,,
original_unbounded,unbounded,theory,full_reconstruction,0.4814272119479894,0.0,,,,,,,1.0,,,,"failed: non-positive coordinate precision somewhere on the actual gamma support: inf=-inf, support=(0.75, inf)",False,True,False,archived; original quadrature not changed by this export,,
original_unbounded,unbounded,theory,full_reconstruction,0.4992652692824235,0.0,,,,,,,1.0,,,,"failed: non-positive coordinate precision somewhere on the actual gamma support: inf=-inf, support=(0.75, inf)",False,True,False,archived; original quadrature not changed by this export,,
original_unbounded,unbounded,theory,full_reconstruction,0.517764270330818,0.0,,,,,,,1.0,,,,"failed: non-positive coordinate precision somewhere on the actual gamma support: inf=-inf, support=(0.75, inf)",False,True,False,archived; original quadrature not changed by this export,,
original_unbounded,unbounded,theory,full_reconstruction,0.5369487046765863,0.0,,,,,,,1.0,,,,"failed: non-positive coordinate precision somewhere on the actual gamma support: inf=-inf, support=(0.75, inf)",False,True,False,archived; original quadrature not changed by this export,,
original_unbounded,unbounded,theory,full_reconstruction,0.5568439693021884,0.0,,,,,,,1.0,,,,"failed: non-positive coordinate precision somewhere on the actual gamma support: inf=-inf, support=(0.75, inf)",False,True,False,archived; original quadrature not changed by this export,,
original_unbounded,unbounded,theory,full_reconstruction,0.5774764022104871,0.0,,,,,,,1.0,,,,"failed: non-positive coordinate precision somewhere on the actual gamma support: inf=-inf, support=(0.75, inf)",False,True,False,archived; original quadrature not changed by this export,,
original_unbounded,unbounded,theory,full_reconstruction,0.5988733172918602,0.0,,,,,,,1.0,,,,"failed: non-positive coordinate precision somewhere on the actual gamma support: inf=-inf, support=(0.75, inf)",False,True,False,archived; original quadrature not changed by this export,,
original_unbounded,unbounded,theory,full_reconstruction,0.6210630404832219,0.0,,,,,,,1.0,,,,"failed: non-positive coordinate precision somewhere on the actual gamma support: inf=-inf, support=(0.75, inf)",False,True,False,archived; original quadrature not changed by this export,,
original_unbounded,unbounded,theory,full_reconstruction,0.6440749472668262,0.0,,,,,,,1.0,,,,"failed: non-positive coordinate precision somewhere on the actual gamma support: inf=-inf, support=(0.75, inf)",False,True,False,archived; original quadrature not changed by this export,,
original_unbounded,unbounded,theory,full_reconstruction,0.6679395015584924,0.0,,,,,,,1.0,,,,"failed: non-positive coordinate precision somewhere on the actual gamma support: inf=-inf, support=(0.75, inf)",False,True,False,archived; original quadrature not changed by this export,,
original_unbounded,unbounded,theory,full_reconstruction,0.692688296036734,0.0,,,,,,,1.0,,,,"failed: non-positive coordinate precision somewhere on the actual gamma support: inf=-inf, support=(0.75, inf)",False,True,False,archived; original quadrature not changed by this export,,
original_unbounded,unbounded,theory,full_reconstruction,0.718354093966182,0.0,,,,,,,1.0,,,,"failed: non-positive coordinate precision somewhere on the actual gamma support: inf=-inf, support=(0.75, inf)",False,True,False,archived; original quadrature not changed by this export,,
original_unbounded,unbounded,theory,full_reconstruction,0.7449708725706671,0.0,,,,,,,1.0,,,,"failed: non-positive coordinate precision somewhere on the actual gamma support: inf=-inf, support=(0.75, inf)",False,True,False,archived; original quadrature not changed by this export,,
original_unbounded,unbounded,theory,full_reconstruction,0.7725738680133811,0.0,,,,,,,1.0,,,,"failed: non-positive coordinate precision somewhere on the actual gamma support: inf=-inf, support=(0.75, inf)",False,True,False,archived; original quadrature not changed by this export,,
original_unbounded,unbounded,theory,full_reconstruction,0.8011996220436644,0.0,,,,,,,1.0,,,,"failed: non-positive coordinate precision somewhere on the actual gamma support: inf=-inf, support=(0.75, inf)",False,True,False,archived; original quadrature not changed by this export,,
original_unbounded,unbounded,theory,full_reconstruction,0.8308860303721695,0.0,,,,,,,1.0,,,,"failed: non-positive coordinate precision somewhere on the actual gamma support: inf=-inf, support=(0.75, inf)",False,True,False,archived; original quadrature not changed by this export,,
original_unbounded,unbounded,theory,full_reconstruction,0.8616723928384445,0.0,,,,,,,1.0,,,,"failed: non-positive coordinate precision somewhere on the actual gamma support: inf=-inf, support=(0.75, inf)",False,True,False,archived; original quadrature not changed by this export,,
original_unbounded,unbounded,theory,full_reconstruction,0.8935994654373478,0.0,,,,,,,1.0,,,,"failed: non-positive coordinate precision somewhere on the actual gamma support: inf=-inf, support=(0.75, inf)",False,True,False,archived; original quadrature not changed by this export,,
original_unbounded,unbounded,theory,full_reconstruction,0.9267095142731688,0.0,,,,,,,1.0,,,,"failed: non-positive coordinate precision somewhere on the actual gamma support: inf=-inf, support=(0.75, inf)",False,True,False,archived; original quadrature not changed by this export,,
original_unbounded,unbounded,theory,full_reconstruction,0.96104637151288,0.0,,,,,,,1.0,,,,"failed: non-positive coordinate precision somewhere on the actual gamma support: inf=-inf, support=(0.75, inf)",False,True,False,archived; original quadrature not changed by this export,,
original_unbounded,unbounded,theory,full_reconstruction,0.9966554934125964,0.0,,,,,,,1.0,,,,"failed: non-positive coordinate precision somewhere on the actual gamma support: inf=-inf, support=(0.75, inf)",False,True,False,archived; original quadrature not changed by this export,,
original_unbounded,unbounded,theory,full_reconstruction,1.033584020494055,0.0,,,,,,,1.0,,,,"failed: non-positive coordinate precision somewhere on the actual gamma support: inf=-inf, support=(0.75, inf)",False,True,False,archived; original quadrature not changed by this export,,
original_unbounded,unbounded,theory,full_reconstruction,1.0718808399507824,0.0,,,,,,,1.0,,,,"failed: non-positive coordinate precision somewhere on the actual gamma support: inf=-inf, support=(0.75, inf)",False,True,False,archived; original quadrature not changed by this export,,
original_unbounded,unbounded,theory,full_reconstruction,1.1115966503665613,0.0,,,,,,,1.0,,,,"failed: non-positive coordinate precision somewhere on the actual gamma support: inf=-inf, support=(0.75, inf)",False,True,False,archived; original quadrature not changed by this export,,
original_unbounded,unbounded,theory,full_reconstruction,1.152784028831877,0.0,,,,,,,1.0,,,,"failed: non-positive coordinate precision somewhere on the actual gamma support: inf=-inf, support=(0.75, inf)",False,True,False,archived; original quadrature not changed by this export,,
original_unbounded,unbounded,theory,full_reconstruction,1.1954975005471906,0.0,,,,,,,1.0,,,,"failed: non-positive coordinate precision somewhere on the actual gamma support: inf=-inf, support=(0.75, inf)",False,True,False,archived; original quadrature not changed by this export,,
original_unbounded,unbounded,theory,full_reconstruction,1.2397936110051868,0.0,,,,,,,1.0,,,,"failed: non-positive coordinate precision somewhere on the actual gamma support: inf=-inf, support=(0.75, inf)",False,True,False,archived; original quadrature not changed by this export,,
original_unbounded,unbounded,theory,full_reconstruction,1.2857310008475475,0.0,,,,,,,1.0,,,,"failed: non-positive coordinate precision somewhere on the actual gamma support: inf=-inf, support=(0.75, inf)",False,True,False,archived; original quadrature not changed by this export,,
original_unbounded,unbounded,theory,full_reconstruction,1.3333704834953533,0.0,,,,,,,1.0,,,,"failed: non-positive coordinate precision somewhere on the actual gamma support: inf=-inf, support=(0.75, inf)",False,True,False,archived; original quadrature not changed by this export,,
original_unbounded,unbounded,theory,full_reconstruction,1.3827751256558836,0.0,,,,,,,1.0,,,,"failed: non-positive coordinate precision somewhere on the actual gamma support: inf=-inf, support=(0.75, inf)",False,True,False,archived; original quadrature not changed by this export,,
original_unbounded,unbounded,theory,full_reconstruction,1.4340103308123873,0.0,,,,,,,1.0,,,,"failed: non-positive coordinate precision somewhere on the actual gamma support: inf=-inf, support=(0.75, inf)",False,True,False,archived; original quadrature not changed by this export,,
original_unbounded,unbounded,theory,full_reconstruction,1.487143925807357,0.0,,,,,,,1.0,,,,"failed: non-positive coordinate precision somewhere on the actual gamma support: inf=-inf, support=(0.75, inf)",False,True,False,archived; original quadrature not changed by this export,,
original_unbounded,unbounded,theory,full_reconstruction,1.542246250633925,0.0,,,,,,,1.0,,,,"failed: non-positive coordinate precision somewhere on the actual gamma support: inf=-inf, support=(0.75, inf)",False,True,False,archived; original quadrature not changed by this export,,
original_unbounded,unbounded,theory,full_reconstruction,1.5993902515542469,0.0,,,,,,,1.0,,,,"failed: non-positive coordinate precision somewhere on the actual gamma support: inf=-inf, support=(0.75, inf)",False,True,False,archived; original quadrature not changed by this export,,
original_unbounded,unbounded,theory,full_reconstruction,1.6586515776681552,0.0,,,,,,,1.0,,,,"failed: non-positive coordinate precision somewhere on the actual gamma support: inf=-inf, support=(0.75, inf)",False,True,False,archived; original quadrature not changed by this export,,
original_unbounded,unbounded,theory,full_reconstruction,1.7201086810599149,0.0,,,,,,,1.0,,,,"failed: non-positive coordinate precision somewhere on the actual gamma support: inf=-inf, support=(0.75, inf)",False,True,False,archived; original quadrature not changed by this export,,
original_unbounded,unbounded,theory,full_reconstruction,1.7838429206556587,0.0,,,,,,,1.0,,,,"failed: non-positive coordinate precision somewhere on the actual gamma support: inf=-inf, support=(0.75, inf)",False,True,False,archived; original quadrature not changed by this export,,
original_unbounded,unbounded,theory,full_reconstruction,1.849938669929004,0.0,,,,,,,1.0,,,,"failed: non-positive coordinate precision somewhere on the actual gamma support: inf=-inf, support=(0.75, inf)",False,True,False,archived; original quadrature not changed by this export,,
original_unbounded,unbounded,theory,full_reconstruction,1.9184834285974133,0.0,,,,,,,1.0,,,,"failed: non-positive coordinate precision somewhere on the actual gamma support: inf=-inf, support=(0.75, inf)",False,True,False,archived; original quadrature not changed by this export,,
original_unbounded,unbounded,theory,full_reconstruction,1.9895679384571912,0.0,,,,,,,1.0,,,,"failed: non-positive coordinate precision somewhere on the actual gamma support: inf=-inf, support=(0.75, inf)",False,True,False,archived; original quadrature not changed by this export,,
original_unbounded,unbounded,theory,full_reconstruction,2.063286303510443,0.0,,,,,,,1.0,,,,"failed: non-positive coordinate precision somewhere on the actual gamma support: inf=-inf, support=(0.75, inf)",False,True,False,archived; original quadrature not changed by this export,,
original_unbounded,unbounded,theory,full_reconstruction,2.139736114543036,0.0,,,,,,,1.0,,,,"failed: non-positive coordinate precision somewhere on the actual gamma support: inf=-inf, support=(0.75, inf)",False,True,False,archived; original quadrature not changed by this export,,
original_unbounded,unbounded,theory,full_reconstruction,2.219018578318476,0.0,,,,,,,1.0,,,,"failed: non-positive coordinate precision somewhere on the actual gamma support: inf=-inf, support=(0.75, inf)",False,True,False,archived; original quadrature not changed by this export,,
original_unbounded,unbounded,theory,full_reconstruction,2.301238651558739,0.0,,,,,,,1.0,,,,"failed: non-positive coordinate precision somewhere on the actual gamma support: inf=-inf, support=(0.75, inf)",False,True,False,archived; original quadrature not changed by this export,,
original_unbounded,unbounded,theory,full_reconstruction,2.386505179889413,0.0,,,,,,,1.0,,,,"failed: non-positive coordinate precision somewhere on the actual gamma support: inf=-inf, support=(0.75, inf)",False,True,False,archived; original quadrature not changed by this export,,
original_unbounded,unbounded,theory,full_reconstruction,2.4749310419331025,0.0,,,,,,,1.0,,,,"failed: non-positive coordinate precision somewhere on the actual gamma support: inf=-inf, support=(0.75, inf)",False,True,False,archived; original quadrature not changed by this export,,
original_unbounded,unbounded,theory,full_reconstruction,2.566633298741848,0.0,,,,,,,1.0,,,,"failed: non-positive coordinate precision somewhere on the actual gamma support: inf=-inf, support=(0.75, inf)",False,True,False,archived; original quadrature not changed by this export,,
original_unbounded,unbounded,theory,full_reconstruction,2.66173334876638,0.0,,,,,,,1.0,,,,"failed: non-positive coordinate precision somewhere on the actual gamma support: inf=-inf, support=(0.75, inf)",False,True,False,archived; original quadrature not changed by this export,,
original_unbounded,unbounded,theory,full_reconstruction,2.76035708856736,0.0,,,,,,,1.0,,,,"failed: non-positive coordinate precision somewhere on the actual gamma support: inf=-inf, support=(0.75, inf)",False,True,False,archived; original quadrature not changed by this export,,
original_unbounded,unbounded,theory,full_reconstruction,2.862635079481375,0.0,,,,,,,1.0,,,,"failed: non-positive coordinate precision somewhere on the actual gamma support: inf=-inf, support=(0.75, inf)",False,True,False,archived; original quadrature not changed by this export,,
original_unbounded,unbounded,theory,full_reconstruction,2.9687027204623075,0.0,,,,,,,1.0,,,,"failed: non-positive coordinate precision somewhere on the actual gamma support: inf=-inf, support=(0.75, inf)",False,True,False,archived; original quadrature not changed by this export,,
original_unbounded,unbounded,theory,full_reconstruction,3.0787004273269085,0.0,,,,,,,1.0,,,,"failed: non-positive coordinate precision somewhere on the actual gamma support: inf=-inf, support=(0.75, inf)",False,True,False,archived; original quadrature not changed by this export,,
original_unbounded,unbounded,theory,full_reconstruction,3.1927738186418493,0.0,,,,,,,1.0,,,,"failed: non-positive coordinate precision somewhere on the actual gamma support: inf=-inf, support=(0.75, inf)",False,True,False,archived; original quadrature not changed by this export,,
original_unbounded,unbounded,theory,full_reconstruction,3.311073908498353,0.0,,,,,,,1.0,,,,"failed: non-positive coordinate precision somewhere on the actual gamma support: inf=-inf, support=(0.75, inf)",False,True,False,archived; original quadrature not changed by this export,,
original_unbounded,unbounded,theory,full_reconstruction,3.433757306429592,0.0,,,,,,,1.0,,,,"failed: non-positive coordinate precision somewhere on the actual gamma support: inf=-inf, support=(0.75, inf)",False,True,False,archived; original quadrature not changed by this export,,
original_unbounded,unbounded,theory,full_reconstruction,3.560986424735518,0.0,,,,,,,1.0,,,,"failed: non-positive coordinate precision somewhere on the actual gamma support: inf=-inf, support=(0.75, inf)",False,True,False,archived; original quadrature not changed by this export,,
original_unbounded,unbounded,theory,full_reconstruction,3.692929693489582,0.0,,,,,,,1.0,,,,"failed: non-positive coordinate precision somewhere on the actual gamma support: inf=-inf, support=(0.75, inf)",False,True,False,archived; original quadrature not changed by this export,,
original_unbounded,unbounded,theory,full_reconstruction,3.829761783511984,0.0,,,,,,,1.0,,,,"failed: non-positive coordinate precision somewhere on the actual gamma support: inf=-inf, support=(0.75, inf)",False,True,False,archived; original quadrature not changed by this export,,
original_unbounded,unbounded,theory,full_reconstruction,3.9716638376046207,0.0,,,,,,,1.0,,,,"failed: non-positive coordinate precision somewhere on the actual gamma support: inf=-inf, support=(0.75, inf)",False,True,False,archived; original quadrature not changed by this export,,
original_unbounded,unbounded,theory,full_reconstruction,4.1188237103538645,0.0,,,,,,,1.0,,,,"failed: non-positive coordinate precision somewhere on the actual gamma support: inf=-inf, support=(0.75, inf)",False,True,False,archived; original quadrature not changed by this export,,
original_unbounded,unbounded,theory,full_reconstruction,4.271436216818614,0.0,,,,,,,1.0,,,,"failed: non-positive coordinate precision somewhere on the actual gamma support: inf=-inf, support=(0.75, inf)",False,True,False,archived; original quadrature not changed by this export,,
original_unbounded,unbounded,theory,full_reconstruction,4.429703390432846,0.0,,,,,,,1.0,,,,"failed: non-positive coordinate precision somewhere on the actual gamma support: inf=-inf, support=(0.75, inf)",False,True,False,archived; original quadrature not changed by this export,,
original_unbounded,unbounded,theory,full_reconstruction,4.593834750464097,0.0,,,,,,,1.0,,,,"failed: non-positive coordinate precision somewhere on the actual gamma support: inf=-inf, support=(0.75, inf)",False,True,False,archived; original quadrature not changed by this export,,
original_unbounded,unbounded,theory,full_reconstruction,4.764047579381933,0.0,,,,,,,1.0,,,,"failed: non-positive coordinate precision somewhere on the actual gamma support: inf=-inf, support=(0.75, inf)",False,True,False,archived; original quadrature not changed by this export,,
original_unbounded,unbounded,theory,full_reconstruction,4.94056721050359,0.0,,,,,,,1.0,,,,"failed: non-positive coordinate precision somewhere on the actual gamma support: inf=-inf, support=(0.75, inf)",False,True,False,archived; original quadrature not changed by this export,,
original_unbounded,unbounded,theory,full_reconstruction,5.123627326297603,0.0,,,,,,,1.0,,,,"failed: non-positive coordinate precision somewhere on the actual gamma support: inf=-inf, support=(0.75, inf)",False,True,False,archived; original quadrature not changed by this export,,
original_unbounded,unbounded,theory,full_reconstruction,5.313470267740314,0.0,,,,,,,1.0,,,,"failed: non-positive coordinate precision somewhere on the actual gamma support: inf=-inf, support=(0.75, inf)",False,True,False,archived; original quadrature not changed by this export,,
original_unbounded,unbounded,theory,full_reconstruction,5.510347355134788,0.0,,,,,,,1.0,,,,"failed: non-positive coordinate precision somewhere on the actual gamma support: inf=-inf, support=(0.75, inf)",False,True,False,archived; original quadrature not changed by this export,,
original_unbounded,unbounded,theory,full_reconstruction,5.714519220816864,0.0,,,,,,,1.0,,,,"failed: non-positive coordinate precision somewhere on the actual gamma support: inf=-inf, support=(0.75, inf)",False,True,False,archived; original quadrature not changed by this export,,
original_unbounded,unbounded,theory,full_reconstruction,5.926256154188775,0.0,,,,,,,1.0,,,,"failed: non-positive coordinate precision somewhere on the actual gamma support: inf=-inf, support=(0.75, inf)",False,True,False,archived; original quadrature not changed by this export,,
original_unbounded,unbounded,theory,full_reconstruction,6.145838459537112,0.0,,,,,,,1.0,,,,"failed: non-positive coordinate precision somewhere on the actual gamma support: inf=-inf, support=(0.75, inf)",False,True,False,archived; original quadrature not changed by this export,,
original_unbounded,unbounded,theory,full_reconstruction,6.373556827108816,0.0,,,,,,,1.0,,,,"failed: non-positive coordinate precision somewhere on the actual gamma support: inf=-inf, support=(0.75, inf)",False,True,False,archived; original quadrature not changed by this export,,
original_unbounded,unbounded,theory,full_reconstruction,6.609712717936447,0.0,,,,,,,1.0,,,,"failed: non-positive coordinate precision somewhere on the actual gamma support: inf=-inf, support=(0.75, inf)",False,True,False,archived; original quadrature not changed by this export,,
original_unbounded,unbounded,theory,full_reconstruction,6.854618762922176,0.0,,,,,,,1.0,,,,"failed: non-positive coordinate precision somewhere on the actual gamma support: inf=-inf, support=(0.75, inf)",False,True,False,archived; original quadrature not changed by this export,,
original_unbounded,unbounded,theory,full_reconstruction,7.108599176708804,0.0,,,,,,,1.0,,,,"failed: non-positive coordinate precision somewhere on the actual gamma support: inf=-inf, support=(0.75, inf)",False,True,False,archived; original quadrature not changed by this export,,
original_unbounded,unbounded,theory,full_reconstruction,7.37199018688573,0.0,,,,,,,1.0,,,,"failed: non-positive coordinate precision somewhere on the actual gamma support: inf=-inf, support=(0.75, inf)",False,True,False,archived; original quadrature not changed by this export,,
original_unbounded,unbounded,theory,full_reconstruction,7.6451404790980435,0.0,,,,,,,1.0,,,,"failed: non-positive coordinate precision somewhere on the actual gamma support: inf=-inf, support=(0.75, inf)",False,True,False,archived; original quadrature not changed by this export,,
original_unbounded,unbounded,theory,full_reconstruction,7.928411658647999,0.0,,,,,,,1.0,,,,"failed: non-positive coordinate precision somewhere on the actual gamma support: inf=-inf, support=(0.75, inf)",False,True,False,archived; original quadrature not changed by this export,,
original_unbounded,unbounded,theory,full_reconstruction,8.222178729199959,0.0,,,,,,,1.0,,,,"failed: non-positive coordinate precision somewhere on the actual gamma support: inf=-inf, support=(0.75, inf)",False,True,False,archived; original quadrature not changed by this export,,
original_unbounded,unbounded,theory,full_reconstruction,8.526830589222524,0.0,,,,,,,1.0,,,,"failed: non-positive coordinate precision somewhere on the actual gamma support: inf=-inf, support=(0.75, inf)",False,True,False,archived; original quadrature not changed by this export,,
original_unbounded,unbounded,theory,full_reconstruction,8.842770546825065,0.0,,,,,,,1.0,,,,"failed: non-positive coordinate precision somewhere on the actual gamma support: inf=-inf, support=(0.75, inf)",False,True,False,archived; original quadrature not changed by this export,,
original_unbounded,unbounded,theory,full_reconstruction,9.170416853670202,0.0,,,,,,,1.0,,,,"failed: non-positive coordinate precision somewhere on the actual gamma support: inf=-inf, support=(0.75, inf)",False,True,False,archived; original quadrature not changed by this export,,
original_unbounded,unbounded,theory,full_reconstruction,9.510203258669058,0.0,,,,,,,1.0,,,,"failed: non-positive coordinate precision somewhere on the actual gamma support: inf=-inf, support=(0.75, inf)",False,True,False,archived; original quadrature not changed by this export,,
original_unbounded,unbounded,theory,full_reconstruction,9.862579582192264,0.0,,,,,,,1.0,,,,"failed: non-positive coordinate precision somewhere on the actual gamma support: inf=-inf, support=(0.75, inf)",False,True,False,archived; original quadrature not changed by this export,,
original_unbounded,unbounded,theory,full_reconstruction,10.2280123115569,0.0,,,,,,,1.0,,,,"failed: non-positive coordinate precision somewhere on the actual gamma support: inf=-inf, support=(0.75, inf)",False,True,False,archived; original quadrature not changed by this export,,
original_unbounded,unbounded,theory,full_reconstruction,10.606985218577703,0.0,,,,,,,1.0,,,,"failed: non-positive coordinate precision somewhere on the actual gamma support: inf=-inf, support=(0.75, inf)",False,True,False,archived; original quadrature not changed by this export,,
original_unbounded,unbounded,theory,full_reconstruction,11.000000000000002,0.0,,,,,,,1.0,,,,"failed: non-positive coordinate precision somewhere on the actual gamma support: inf=-inf, support=(0.75, inf)",False,True,False,archived; original quadrature not changed by this export,,
